  0.431015 -0.00631134   0.0360552    0.163657 -0.248637 -0.134227    0.9845
  0.497092 -0.00844187   0.0206088    0.153004 -0.276836 -0.130931  0.989947
  0.497125 -0.0127029   0.013152   0.146613 -0.272304 -0.124477  0.979327
  0.497133 -0.0100398  0.0211415   0.145548 -0.263103 -0.100993  0.961383
  0.497138 -0.0143008   0.029131   0.149276  -0.275004 -0.0647386    0.96738
  0.497177 -0.0233556  0.0301962   0.150341  -0.288554 -0.0456498   0.977542
  0.497182 -0.0190945   0.029131   0.150874  -0.287913 -0.0540727   0.970675
  0.497186 -0.0105724  0.0243373   0.151407  -0.287044 -0.0660661   0.973788
   0.49719 -0.00151765    0.017413    0.144482  -0.288051 -0.0729783   0.983447
  0.497217 0.00487394 0.00942357   0.138623  -0.286998 -0.0729325   0.979327
  0.497224  0.00647184 -0.00442487    0.133297 -0.283748 -0.065883  0.969668
  0.497228 0.000612882  -0.0150775    0.130101  -0.278255 -0.0701402   0.961337
  0.497232 -0.00151765  -0.0209365    0.131699 -0.274043 -0.079799   0.95415
  0.497236  0.0059392 -0.0209365   0.134895  -0.266032 -0.0778764   0.953052
  0.497241 0.00380867 -0.0124144   0.138091  -0.258937 -0.0734361   0.955066
  0.537426  -0.00311554 -0.000163814     0.140221  -0.260631 -0.0768693   0.945956
   0.53746 -0.00631134    0.013152    0.145548  -0.263927 -0.0791124   0.929339
   0.53747 -0.0073766  0.0238046   0.151407 -0.270198 -0.078975  0.920505
  0.537476 -0.0137682  0.0307289    0.15407  -0.281001 -0.0758165   0.920413
  0.537482 -0.0228229  0.0408489   0.157265 -0.286906 -0.067714   0.91817
   0.53752 -0.0260187  0.0509689    0.16419  -0.289653 -0.0673936   0.910937
  0.597869 -0.0260187  0.0541647   0.173777  -0.291576 -0.0691789   0.912082
  0.597966 -0.0254861  0.0562952   0.181767  -0.288783 -0.0645097   0.911624
  0.597976 -0.0302798   0.059491   0.190821  -0.283702 -0.0638688   0.904941
  0.597982 -0.0340082  0.0616215   0.197213  -0.273494 -0.0622209   0.903476
  0.597986 -0.0345408  0.0632194   0.199876  -0.260631 -0.0564073   0.906588
  0.598008 -0.0334756  0.0648173   0.199876  -0.252574 -0.0574144   0.911395
  0.598605 -0.0313451  0.0648173    0.19455  -0.244609 -0.0647843   0.907092
  0.598626 -0.0345408    0.06535   0.188691  -0.237147 -0.0664781   0.903338
   0.59863 -0.0478567  0.0722742   0.183897  -0.233668 -0.0598863   0.912768
  0.598635 -0.067564 0.0818616  0.179103  -0.229961 -0.0613053   0.916888
   0.59866 -0.089402 0.0941121  0.178038  -0.228358 -0.0752214   0.912997
  0.598664 -0.104316  0.111156  0.179636  -0.230739 -0.0919297   0.914142
  0.598666 -0.112838  0.132994  0.180169  -0.22932 -0.102596  0.918582
   0.59867 -0.124556  0.165485  0.185495 -0.233348  -0.10374  0.921054
  0.598672 -0.120295  0.212356  0.202007  -0.24818 -0.104289  0.908832
  0.598675 -0.114436  0.236858  0.219051 -0.278575 -0.101131  0.926776
  0.598678 -0.127751  0.219281  0.227573  -0.319362 -0.0844224   0.979876
   0.59868 -0.128284   0.19691  0.235562  -0.334193 -0.0885423   0.989032
  0.598686 -0.0952609   0.188921   0.250476 -0.315974 -0.120998  0.955707
  0.598689 -0.0553135   0.182529   0.266988 -0.304256 -0.115276  0.946643
  0.697337 -0.0340082   0.173474   0.281369   -0.31103 -0.0790208   0.968387
  0.697369 -0.0292145   0.171876   0.295217 -0.307323 -0.063228  0.969165
  0.697376 -0.0356061   0.177203   0.301609  -0.289882 -0.0592912   0.948977
  0.697381 -0.0366714   0.198508   0.311729  -0.271342 -0.0598405   0.919406
  0.697386 -0.0334756   0.217683   0.316523  -0.274867 -0.0700944   0.917437
  0.697393 -0.0451935   0.206497   0.304272  -0.301555 -0.0739396   0.956988
  0.697451 -0.057444  0.193714  0.290956  -0.312633 -0.0817216   0.964724
  0.697455 -0.0590419   0.193714    0.28563  -0.301967 -0.0932115   0.954745
  0.697459 -0.0585093   0.196377   0.280304  -0.308925 -0.0865281   0.963305
  0.697464 -0.067564  0.198508  0.279238 -0.323253 -0.080211  0.967791
  0.697468 -0.0771514   0.197975   0.283499  -0.332362 -0.0834153   0.972415
  0.697472 -0.0760862    0.20703   0.285097  -0.357127 -0.0750383   0.993609
  0.697476 -0.0739556   0.206498   0.290956  -0.380611 -0.0694078    1.00272
   0.69748 -0.073423  0.181996   0.29575  -0.380611 -0.0814012   0.985461
  0.697484 -0.0723577    0.15643   0.292554  -0.376079 -0.0830033   0.981433
  0.697488 -0.0654335   0.128201   0.289891  -0.370311 -0.0886338   0.979327
  0.697492 -0.0569114   0.102102   0.282434 -0.343028 -0.104793  0.956119
  0.697496 -0.0590419  0.0930468    0.26539 -0.329295 -0.106212  0.956073
    0.6975 -0.0707598  0.0850573   0.246215 -0.331676 -0.111751  0.973834
  0.697503 -0.0803472  0.0722742   0.224377 -0.318034 -0.137019  0.970218
  0.697506 -0.0744883  0.0605563   0.203072 -0.304668 -0.146724  0.973651
   0.69751 -0.0590419  0.0483057   0.183364 -0.299998 -0.144023  0.990725
  0.796986 -0.0547809  0.0376531   0.163657 -0.287547 -0.163982  0.988666
  0.797015 -0.0414651  0.0461752   0.147678 -0.284618 -0.182613  0.987979
  0.797019 -0.0132356  0.0589584   0.133297 -0.313182 -0.161739   1.02391
  0.797024 -0.00844187   0.0397836    0.114122 -0.323299 -0.154323   1.02194
  0.797027 -0.011105 0.0243373  0.100806  -0.30833 -0.175472  0.976993
  0.797031 0.0107329  0.029131 0.0986759 -0.308787 -0.164531  0.967929
  0.797037  0.035234 0.0285983  0.102404  -0.32577 -0.136287   0.99068
  0.797041  0.045354 0.0270004  0.107198 -0.341197 -0.124065   1.01187
  0.797082 0.0501477 0.0275331  0.111992 -0.336391 -0.120403  0.998141
  0.797085 0.0623982 0.0339247  0.122644 -0.333186 -0.119716  0.980563
  0.797088 0.0751814 0.0467078  0.132232 -0.338222 -0.120677  0.982943
  0.797092 0.0842361 0.0589584   0.13596 -0.338313  -0.11816  0.966052
  0.797095 0.0975519 0.0674805  0.140754 -0.326869  -0.12704    0.9276
  0.797097  0.115129 0.0765352  0.144482 -0.325725  -0.12173   0.94472
    0.7971   0.11939 0.0664152  0.138091  -0.341334 -0.0939897   0.988482
  0.797103 0.0954214 0.0365878  0.124775 -0.325999 -0.103465  0.970675
  0.797106 0.0789098 0.0222067  0.110926 -0.296062 -0.134639  0.954791
  0.797109 0.0900951 0.0190109 0.0997412 -0.294551 -0.145534  0.982211
  0.797112   0.10927 0.0152825 0.0933496 -0.297938 -0.145442   1.00267
  0.797115  0.125781 0.0152825 0.0885559 -0.29803 -0.14178  1.00098
  0.892943  0.133238 0.0211415 0.0832296 -0.301463 -0.135005  0.985644
  0.893039  0.135901  0.029131 0.0779033 -0.307551 -0.123744  0.958819
  0.893047  0.143358 0.0344573 0.0752401 -0.322429 -0.105617   0.93854
  0.893054  0.150283 0.0365878 0.0736422  -0.336207 -0.0784257   0.930346
  0.893061  0.148152 0.0259352 0.0715117  -0.343165 -0.0483506   0.923343
  0.893071   0.135901 0.00303198  0.0661854   -0.34312 -0.0285752   0.914142
  0.893077    0.11939 -0.0156101  0.0619243 -0.335979 -0.019832  0.909701
  0.893081   0.108737 -0.0267954  0.0576632  -0.326091 -0.0189164   0.906863
  0.893085  0.0996825 -0.0358502  0.0491411  -0.313411 -0.0231736   0.905948
   0.89309   0.081573 -0.0411765  0.0395537   -0.30508 -0.0281633   0.920688
  0.893094  0.0581372 -0.0486333  0.0273032  -0.303615 -0.0418046   0.941607
  0.893101  0.0341687 -0.0528944  0.0150527  -0.295009 -0.0686753   0.942157
  0.893106  0.0256466 -0.0454376 0.00759581  -0.281962 -0.0877183   0.935061
  0.893111  0.0299077 -0.0342523 0.00120422  -0.276424 -0.0818132   0.937991
  0.893115   0.0277771  -0.0225344 -0.00305684   -0.26974 -0.0725663    0.92586
  0.893121   0.0197876  -0.0166754 -0.00944842  -0.255595 -0.0670732   0.894137
  0.893125 0.00487394 -0.0156101 -0.0206337 -0.250789 -0.053798  0.874911
  0.893129 -0.0121703 -0.0145449 -0.0291558  -0.249827 -0.0478471   0.870242
  0.893133 -0.0260187 -0.0150775 -0.0398085 -0.240855 -0.049907  0.867862
  0.893137 -0.0403998 -0.0166754 -0.0547222 -0.241359 -0.043773  0.879626
   1.00015 -0.0611725 -0.0118817  -0.072299  -0.244929 -0.0417131   0.900683
   1.00017   -0.083543 -0.00122908  -0.0898759  -0.242412 -0.0609849   0.905581
   1.00018 -0.0973915  0.0099562  -0.109583  -0.246257 -0.0841478    0.90105
   1.00018 -0.102185 0.0136846  -0.13515 -0.249324 -0.099254  0.900409
   1.00019 -0.105381 0.0067604 -0.171369 -0.243693 -0.112346  0.895877
   1.00019   -0.112305 -0.00229434   -0.212381 -0.236003 -0.109691  0.896014
    1.0002   -0.124556 -0.00921856   -0.250731  -0.232249 -0.0971025   0.906726
    1.0002  -0.140002 -0.0081533  -0.284287 -0.231517 -0.100398  0.912082
    1.0002  -0.148524 0.00090145  -0.312516 -0.237376 -0.104884   0.91199
   1.00021 -0.147459 0.0126194 -0.334354  -0.253169 -0.0971025   0.923297
   1.00021 -0.146926 0.0227394 -0.343941  -0.270564 -0.0884507   0.938266
   1.00022 -0.149057  0.033392 -0.347137  -0.295238 -0.0751756   0.952136
   1.00022 -0.144796 0.0461752  -0.33755  -0.346461 -0.0548967    1.01274
   1.00022 -0.116566  0.059491 -0.303461  -0.374614 -0.0463365    1.04062
   1.00025 -0.0638356   0.102102  -0.244872 -0.388713 -0.028621  0.972278
   1.00025 -0.0366714    0.15643  -0.178293    -0.46136 -0.00591594    0.941012
   1.00025 -0.0654335   0.155897   -0.13515  -0.501781 -0.0456956   0.929797
   1.00026 -0.103783  0.107428 -0.118105 -0.451976  -0.14352  0.843692
   1.00026 -0.093663 0.0573605 -0.101061 -0.403545 -0.195064  0.799243
   1.00026 -0.0542482  0.0104888 -0.0829517 -0.382167 -0.156246   0.88956
   1.09613 -0.0403998 -0.0177407 -0.0664401   -0.34756 -0.0956376   0.996951
   1.09616  -0.0579767 -0.00602277  -0.0472653  -0.309062 -0.0708726    1.04016
   1.09667 -0.0771514  0.0270004   -0.02596  -0.285396 -0.0862535    1.05051
    1.0967  -0.0718251    0.059491 -0.00358947 -0.282283 -0.125621   1.04273
    1.0967  -0.047324  0.0749373 0.00812844 -0.302104 -0.162837   1.03064
    1.0967 -0.0164314    0.06535 0.00386738 -0.324077 -0.163249   1.01851
   1.09671 0.00700447  0.0349899 -0.0121116 -0.338451 -0.147823  0.995074
   1.09674   0.0155266 0.000901451  -0.0302211 -0.336986 -0.142558  0.980975
   1.09674  0.0224508 -0.0156101 -0.0371453  -0.32458 -0.130519  0.981753
   1.09674    0.039495 -0.00975119  -0.0328842 -0.322887 -0.110515  0.985736
   1.09675  0.0565393  0.0126194 -0.0174379  -0.334651 -0.0899613   0.986194
   1.09675  0.0666593  0.0376531 0.00759581  -0.354381 -0.0765947   0.979098
   1.09675 0.0687898 0.0488384 0.0294337   -0.37466 -0.0826371   0.971728
   1.09676 0.0677245  0.043512 0.0486085 -0.378871 -0.108547  0.956897
   1.09676 0.0906277 0.0355225 0.0699138 -0.367931 -0.121455  0.944674
   1.09676  0.131108 0.0285983 0.0917517 -0.362254 -0.101451  0.949984
   1.09677  0.151348 0.0163478  0.109861  -0.349116 -0.0812638   0.960193
   1.09679    0.15188 0.00942357   0.117318    -0.3157 -0.0839189   0.957721
   1.09679   0.152413 0.00622777   0.119449  -0.295512 -0.0909227   0.951129
   1.09679    0.166262 0.000368818    0.119449  -0.271846 -0.0979264   0.940921
    1.0968    0.179577 -0.00229434    0.117318  -0.240306 -0.0957292   0.928103
   1.19622     0.189697 -0.000163814     0.115188  -0.232432 -0.0865281   0.925494
   1.19624   0.195556 0.00303198  0.0997412 -0.232387 -0.071605  0.926089
   1.19674   0.181708 0.00356461  0.0720443  -0.227077 -0.0562242   0.913958
   1.19676   0.164131 0.00462988  0.0374232 -0.217052 -0.058101  0.893313
   1.19676     0.144956    0.0083583 -0.000393676   -0.21133 -0.0583299   0.881045
   1.19676  0.125781 0.0179457 -0.031819  -0.216457 -0.0574601   0.868136
   1.19679    0.10927   0.029131 -0.0595159  -0.232524 -0.0605729   0.856509
    1.1968  0.0922256  0.0301962 -0.0840169  -0.250468 -0.0724748   0.863833
    1.1968 0.0826382 0.0243373 -0.102659   -0.26443 -0.0891832   0.887225
    1.1968 0.0842361 0.0206088 -0.117573 -0.272304 -0.108043  0.910891
   1.19681 0.0991498 0.0312615 -0.124497 -0.283656 -0.114818  0.942798
   1.19681  0.114064 0.0520341 -0.118105 -0.308879 -0.106349  0.983905
   1.19681  0.125249 0.0781331 -0.102659 -0.333186 -0.108684    0.9948
   1.19681   0.153478   0.108493 -0.0818864 -0.347835 -0.111568  0.965045
   1.19682   0.191295   0.130864 -0.0552548  -0.362483 -0.0936235   0.931674
   1.19682   0.223253   0.132994 -0.0286232  -0.374019 -0.0644181   0.898898
   1.19682   0.237102   0.118081 -0.0142421  -0.367427 -0.0475724   0.862185
   1.19683   0.233906   0.101036 -0.0137095  -0.344264 -0.0466569   0.843326
   1.19685    0.23071  0.0935795 -0.0190358  -0.316661 -0.0516465   0.857013
   1.19685   0.226449  0.0983731 -0.0232969  -0.294139 -0.0624498   0.883243
   1.23092  0.24083 0.146843 -0.01584  -0.26205 -0.129787  0.872897
   1.29649   0.313268   0.221944 0.00173685 -0.299495 -0.183574  0.942614
   1.29652  0.383043  0.241119 0.0150527 -0.392924 -0.142192   1.09061
   1.29668  0.381978  0.201171 0.0166506  -0.413844 -0.0986131    1.13593
   1.29669  0.346291  0.152169 0.0107916  -0.369304 -0.0788835    1.05783
   1.29669   0.330845   0.125005 0.00972634  -0.330669 -0.0790208   0.955935
    1.2973   0.3399 0.114885 0.010259  -0.343211 -0.0833238   0.930301
   1.29733     0.32978   0.0946447 0.000138958  -0.350398 -0.0412095   0.953006
   1.29733   0.286636  0.0749373 -0.0137095   -0.317165 -0.00930339    0.934466
   1.29736   0.245624  0.0770679 -0.0254274  -0.287501 -0.0182298   0.881045
   1.29736   0.211535  0.0786658 -0.0430043  -0.303752 -0.0170396   0.880404
   1.29736   0.175849  0.0552299 -0.0754948  -0.324718 -0.0396989   0.920779
   1.29737  0.158805 0.0254025 -0.117573  -0.307643 -0.0869859   0.956439
   1.29737  0.159337  0.017413 -0.150063  -0.305446 -0.0956376   0.989032
   1.29737  0.163598 0.0238046 -0.174032  -0.322703 -0.0834153    1.00601
   1.29738  0.155609 0.0349899 -0.192141  -0.330577 -0.0766862   0.989032
   1.29738   0.13963 0.0557626  -0.19587 -0.349849 -0.063823  0.960193
   1.29738  0.130575 0.0765352 -0.189478  -0.389262 -0.0403398   0.956027
   1.29739  0.124184 0.0807963 -0.173499  -0.425746 -0.0236772   0.956256
   1.29739  0.125249 0.0717415   -0.1474  -0.422633 -0.0241807   0.944766
   1.29739  0.135369  0.059491 -0.120236  -0.393016 -0.0304521   0.929019
   1.39372   0.150815  0.0589584 -0.0946696 -0.376216 -0.027202  0.923892
   1.39392   0.161468    0.06535 -0.0765601  -0.373561 -0.0244096   0.911075
   1.39393  0.152413 0.0610889 -0.072299  -0.368205 -0.0380052   0.869555
   1.39394   0.135369  0.0477731 -0.0786906  -0.336207 -0.0645555    0.84035
   1.39395   0.124716  0.0365878 -0.0999959  -0.298442 -0.0792039   0.851932
   1.39396  0.123118 0.0275331 -0.130889  -0.282512 -0.0695451   0.896197
   1.39398  0.114064 0.0259352 -0.161781   -0.28242 -0.0575975   0.953967
   1.39398  0.101813 0.0413815 -0.187348  -0.284663 -0.0639146   0.985827
   1.39399  0.102346 0.0701436 -0.201196  -0.288509 -0.0808519   0.964999
   1.39411  0.106074 0.0877205 -0.217175  -0.306132 -0.0807603   0.931033
    1.3942  0.106607 0.0807963 -0.236882  -0.331401 -0.0868028   0.903933
    1.3942  0.106607 0.0578931 -0.255525 -0.346278 -0.091884  0.893268
   1.39421  0.111933 0.0424468  -0.26884  -0.335109 -0.0747636   0.890201
   1.39422  0.118857 0.0499036 -0.273101  -0.314509 -0.0566819   0.887225
   1.39422  0.120455 0.0637521 -0.273634  -0.311076 -0.0418962   0.895419
   1.39422  0.109802 0.0813289  -0.26671  -0.325542 -0.0395158   0.935702
   1.39423  0.106607  0.112754 -0.251796  -0.335429 -0.0773271   0.949664
   1.39423   0.12951  0.142582 -0.236882 -0.338313 -0.117976  0.909198
   1.39424 0.156141 0.150571 -0.23635 -0.352641 -0.119579  0.891299
   1.39424  0.175316  0.136723 -0.247002 -0.366374 -0.116145  0.898623
   1.49813  0.199817  0.128201 -0.250731 -0.360332  -0.10818  0.909656
   1.49815   0.22059   0.14631 -0.242741  -0.354793 -0.0807145   0.913638
   1.49816  0.224318   0.17454 -0.227295  -0.369624 -0.0551255   0.925311
   1.49816  0.221655  0.195845 -0.210783  -0.379832 -0.0608476   0.927646
   1.49816  0.229645  0.206498 -0.193739   -0.37736 -0.0849717   0.900912
   1.49817 0.244558   0.2049 -0.17776  -0.382075 -0.0913346   0.889193
   1.49817  0.258407  0.191584 -0.172967  -0.387523 -0.0869401   0.914966
   1.49817  0.267462  0.181464 -0.174032  -0.383311 -0.0895036   0.940463
   1.49818  0.268527  0.178268 -0.179891  -0.373012 -0.0930741   0.939227
   1.49818  0.272255  0.172942 -0.199598  -0.357036 -0.0957749   0.914554
   1.49819 0.273321 0.152702 -0.22836   -0.35287 -0.0832322   0.917437
   1.49819  0.264798  0.125537 -0.260851  -0.352183 -0.0717424   0.945361
   1.49819  0.255744  0.112754 -0.293874  -0.339229 -0.0745347   0.935656
   1.49819  0.251483  0.113287 -0.319973 -0.335475 -0.043773  0.924762
    1.4982  0.230177  0.113287 -0.343409   -0.346095 -0.00916606    0.929706
    1.4982  0.195024  0.103167 -0.369508   -0.35287 -0.0178178   0.918353
    1.4982  0.178512 0.0893184 -0.392411  -0.346599 -0.0318711   0.891391
   1.49821  0.176382 0.0786658 -0.407325     -0.339 -0.0214799   0.861407
   1.49821  0.167327 0.0770679 -0.423304   -0.33575 0.00342244   0.853213
   1.49821  0.143891 0.0712089 -0.448337 -0.334056 0.0170638  0.855731
   1.59709  0.115661 0.0680131 -0.468577 -0.330165 0.0204055  0.856326
   1.59712  0.085834 0.0839921 -0.480295 -0.322383 0.0215041  0.880496
   1.59713 0.0592024  0.114885 -0.484556  -0.314967 0.00333089   0.877978
   1.59714 0.0837035   0.19478 -0.471773  -0.320644 -0.0815385   0.840167
   1.59718   0.15188  0.248043 -0.456327  -0.394252 -0.0711473    0.93584
   1.59718  0.147619  0.213954 -0.455794 -0.461406 0.0576217   1.03655
   1.59719 0.110335 0.186257 -0.45899 -0.447673 0.0682418  0.962802
   1.59719 0.0837035  0.168681  -0.45686 -0.431468  0.028279  0.897845
   1.59721  0.055474  0.147375 -0.449935 -0.419292 0.0205886  0.888507
   1.59721 0.0538761  0.143647 -0.445142  -0.408443 0.00932759   0.894549
   1.59722 0.0581372  0.148973 -0.439283   -0.40977 0.00575703    0.90993
   1.59722 0.0666593  0.160159 -0.422238 -0.411052 0.0222823  0.915149
   1.59722 0.0709203  0.166017 -0.411053 -0.411418 0.0529067  0.920321
   1.59723 0.0682572  0.169213   -0.4004 -0.410503 0.0670058  0.920276
   1.59723 0.0432235  0.181996 -0.383356 -0.36523 0.022557 0.863147
   1.59723 0.039495 0.258695 -0.35992 -0.309566 -0.121364  0.755252
   1.59724  0.158805  0.311426 -0.329028  -0.417689 -0.0488999   0.927279
   1.59724  0.204611  0.244847 -0.308788 -0.513637  0.188954   1.11464
   1.59725 0.0980846  0.178801 -0.299733 -0.428493  0.149724  0.948199
   1.59725 0.0448214  0.169213 -0.288015 -0.367885 0.0271346  0.842868
   1.59725 0.0576045  0.175605 -0.260851 -0.381572 0.0158736  0.927875
   1.64142 0.0703877  0.192649 -0.235284 -0.394206 0.0219161  0.997867
   1.64146 0.0661266  0.207563 -0.227295 -0.404185 0.0115249  0.987887
    1.6964 0.0629309  0.188921 -0.235284  -0.405971 -0.0210221   0.944674
   1.69643 0.0682572  0.159093 -0.254992 -0.383998 -0.052379  0.921054
   1.69644 0.0868993  0.148973 -0.272569  -0.377086 -0.0485795   0.942935
   1.69644  0.109802   0.14418 -0.289613    -0.3894 -0.0300859   0.972644
   1.69647  0.120455  0.136723 -0.311451  -0.393519 -0.0178178   0.969806
   1.69648 0.106074 0.133527 -0.32956  -0.400203 0.00754231   0.967929
   1.69648 0.0805077  0.125005 -0.341811 -0.415813 0.0219619  0.973514
   1.69648 0.0671919   0.10583 -0.355659   -0.420482 -0.00568706    0.951312
   1.69649 0.0661266 0.0738721 -0.373236  -0.415584 -0.0356706   0.931994
   1.69649 0.0698551 0.0483057 -0.385487  -0.405788 -0.0444596   0.937762
   1.69649 0.0677245 0.0408489 -0.391878  -0.39915 -0.042125  0.951816
    1.6965 0.0576045 0.0371204 -0.395607  -0.406291 -0.0369523   0.970492
    1.6965 0.0512129 0.0280657  -0.39827   -0.41151 -0.0479386   0.988254
    1.6965 0.0517456 0.0190109 -0.395074  -0.405376 -0.0853379   0.994479
    1.6965 0.0698551 0.0163478 -0.387085 -0.404506 -0.119853  0.990359
   1.69651   0.104476 0.00622777  -0.378563 -0.414989  -0.11967   0.98688
   1.69651   0.133238 -0.0198712  -0.377497 -0.420253 -0.106304  0.994479
   1.69651   0.147087 -0.0502312  -0.379628 -0.407436 -0.102184   1.00606
   1.69651   0.158272 -0.0646123   -0.37803 -0.380885 -0.103053  0.998691
   1.69652   0.175849 -0.0608839  -0.379095  -0.360011 -0.0998948   0.986514
   1.79673   0.193426 -0.0603513  -0.379628  -0.354701 -0.0822251   0.983722
   1.79677   0.198752 -0.0667428  -0.376965  -0.354472 -0.0576432   0.984317
   1.79677   0.189697 -0.0646123  -0.377497 -0.345088 -0.048488   0.97864
   1.79681   0.182773 -0.0550249  -0.379095  -0.337489 -0.0559495   0.959323
   1.79681  0.185436 -0.043307 -0.376965  -0.342021 -0.0609849   0.950442
   1.79682   0.192893 -0.0294586   -0.38016  -0.355434 -0.0639604   0.950396
   1.79682   0.196089 -0.0257302  -0.386552  -0.365779 -0.0744432   0.956759
   1.79683   0.206209 -0.0294586  -0.388683  -0.369487 -0.0851091     0.9807
   1.79683   0.233373 -0.0283933  -0.381758  -0.373698 -0.0888627    1.00537
   1.79683   0.266396 -0.0251975  -0.368443  -0.375346 -0.0891374    1.01595
   1.79684   0.291963 -0.0310565  -0.364714  -0.372005 -0.0955918    1.01659
   1.79684   0.313268 -0.0470354  -0.374834 -0.359965 -0.102825    1.0062
   1.79687   0.344693 -0.0502312  -0.384954   -0.34106 -0.0990708   0.992007
   1.79688  0.375586 -0.043307 -0.392944  -0.337169 -0.0800279    1.00112
   1.79688   0.392098 -0.0342523  -0.402531  -0.338176 -0.0648301    1.00606
   1.79689   0.409674 -0.0246649  -0.413716  -0.333461 -0.0651963   0.988666
   1.79689   0.425121 -0.0220017  -0.427032 -0.331172 -0.058925   0.97594
    1.7969   0.435241 -0.0209365  -0.446739  -0.330211 -0.0462907   0.970904
    1.7969   0.445893 -0.0214691  -0.467512  -0.339458 -0.0406144   0.964953
   1.79692  0.444296 -0.033187 -0.490415 -0.348018 -0.038646  0.963855
   1.89392    0.44323 -0.0443723  -0.515449  -0.347606 -0.0446427   0.957629
   1.89396   0.456546 -0.0475681  -0.534091  -0.347468 -0.0524705   0.955111
   1.89397   0.473058 -0.0518291  -0.549005  -0.350352 -0.0509599   0.964312
   1.89399   0.478917 -0.0587534  -0.566582  -0.353191 -0.0488999   0.959918
     1.894   0.487439 -0.0720692  -0.588952  -0.352092 -0.0524247   0.947192
   1.89401  0.505016 -0.085385 -0.609192 -0.341975 -0.053798  0.930209
   1.89402   0.519397 -0.0928418    -0.6289  -0.328563 -0.0338853   0.912997
   1.89402   0.521527 -0.0976355  -0.650738   -0.322612 -0.00435954    0.908053
   1.89403   0.508211 -0.0949724  -0.664053  -0.312587 0.00832051   0.911029
   1.89405   0.493298 -0.0768629  -0.673108 -0.302928 0.0146834  0.905398
   1.89409  0.484776 -0.053427 -0.685891 -0.305171 0.0238845  0.890338
    1.8941  0.474123 -0.039046 -0.705066  -0.30984 0.0291945  0.888461
    1.8941   0.460807 -0.0305239  -0.723708 -0.310756 0.0339553  0.891391
   1.89411   0.444296 -0.0156101  -0.732763 -0.311946 0.0432479  0.890063
   1.89411   0.425121 0.00409724  -0.736491 -0.312953 0.0449874  0.893222
   1.89412  0.403816 0.0206088  -0.74022 -0.310573 0.0374343   0.89075
   1.89413  0.377184 0.0349899 -0.741818 -0.317943 0.0367476  0.900226
   1.89413  0.354813  0.049371 -0.738622 -0.329433 0.0265395  0.920825
   1.89413  0.346824 0.0648173 -0.727969   -0.336024 -0.00852519    0.930804
   1.89414  0.359074  0.079731 -0.709327  -0.348659 -0.0337937   0.928424
   1.99878  0.381445 0.0877205 -0.688555 -0.367107 -0.033336  0.915423
   1.99881  0.395826 0.0866552 -0.667782   -0.38267 -0.0215715    0.89075
   1.99882    0.3905 0.0717415 -0.650738  -0.396632 0.00223225   0.882647
   1.99882  0.372923 0.0483057 -0.635291 -0.396587 0.0079543   0.88956
   1.99882  0.364933 0.0413815 -0.614519   -0.381389 -0.00435954    0.873355
   1.99883  0.361738 0.0499036 -0.586289  -0.372691 0.00735921   0.862277
   1.99883  0.349487 0.0552299 -0.562321 -0.373286 0.0323531  0.865115
   1.99883  0.320725 0.0530994  -0.54794 -0.370906 0.0402724  0.865069
   1.99884  0.283441 0.0504363 -0.537287 -0.361705 0.0334975  0.860263
   1.99884  0.252548 0.0499036 -0.531961 -0.348064 0.0246169  0.849734
   1.99884  0.229645  0.049371 -0.528232 -0.334193 0.0129439  0.844195
   1.99885  0.211003 0.0552299 -0.522906 -0.326594 0.0155074  0.856692
   1.99885  0.179577 0.0733394  -0.51758 -0.324535 0.0372054   0.87839
   1.99885  0.132173 0.0967753 -0.511188 -0.328197 0.0459029  0.891574
   1.99886 0.0890298  0.118081 -0.505862 -0.331126 0.0210921   0.88338
   1.99886 0.0719856  0.128733 -0.503731  -0.342387 -0.0011552   0.876834
   1.99886 0.0602677  0.138321  -0.49947   -0.353831 -0.00248271    0.881915
   1.99887 0.0416256  0.153767 -0.493079   -0.365596 -0.00422221    0.890979
   1.99887 0.0347013  0.159626 -0.490948  -0.381343 -0.0162614   0.893084
   1.99887 0.0304403  0.162822 -0.485089  -0.385326 -0.0265611   0.886126
   1.99888 0.0256466  0.168681 -0.476034   -0.38885 -0.0247758   0.880542
   1.99888  0.025114  0.171344 -0.472838   -0.39178 -0.0141099   0.878253
   2.09671 0.0213855  0.175072 -0.471773   -0.391185 -0.00522929    0.881549
   2.09675 0.00860237   0.173474  -0.471773  -0.377589 -0.0158036   0.875232
   2.09676 -0.00258291    0.175072   -0.471241  -0.355983 -0.0231279   0.865298
   2.09676 -0.00844187    0.191584   -0.472306   -0.34344 -0.0109971   0.860354
   2.09677 -0.0228229   0.213422  -0.471241   -0.33282 0.00204915   0.860675
   2.09677 -0.0435956   0.239521  -0.464849 -0.328014   0.01006  0.868045
   2.09678 -0.0659662   0.264022  -0.460055 -0.335658 0.0128066  0.871158
   2.09679 -0.0888693   0.285327  -0.458457  -0.342296 0.00484151   0.868503
   2.09687 -0.101653  0.304502 -0.457392   -0.352092 -0.00893718    0.878756
   2.09688 -0.104848  0.325807 -0.454196  -0.374248 -0.0181382   0.901828
    2.0969 -0.106446  0.342851 -0.450468  -0.402949 -0.0220292    0.91643
   2.09692 -0.109642   0.34658 -0.446207  -0.435451 -0.0231736   0.924396
   2.09694 -0.110707  0.341786 -0.439283  -0.463145 -0.0283006   0.936984
   2.09696 -0.099522  0.332731 -0.424902  -0.480174 -0.0468858   0.947101
   2.09696 -0.0803472   0.321013  -0.407857    -0.4929 -0.0618089   0.956073
   2.09696 -0.0601072     0.3061  -0.390813  -0.505534 -0.0596574   0.969211
   2.09698 -0.0419977    0.28799  -0.371638   -0.51089 -0.0563157   0.973651
   2.09699 -0.0286819    0.26562  -0.352464  -0.511439 -0.0526078   0.965091
   2.09701 -0.0190945   0.243249  -0.333289  -0.513545 -0.0490831    0.95621
   2.09701 -0.00790923    0.217683   -0.315712  -0.507045 -0.0506852   0.952365
   2.09703 0.00487394    0.19691  -0.298668  -0.491481 -0.0508683   0.948153
   2.19695 0.0181897  0.185725 -0.280026  -0.477153 -0.0407518    0.94797
   2.19698 0.0261792  0.175072 -0.261383 -0.463832 -0.022487  0.950808
   2.19699 0.0229834  0.168148 -0.242741  -0.455455 -0.0142015    0.94234
   2.19699 0.0213855   0.16442 -0.221436   -0.458522 -0.00898296    0.937854
   2.19703 0.0229834  0.157495 -0.199598   -0.46548 0.00127095   0.938678
   2.19703 0.0203203  0.145777 -0.178293  -0.472209 0.00827473   0.925265
   2.19703 0.0123308   0.12607 -0.153259 -0.482783 0.0183455  0.912402
   2.19704 0.00114551  0.0989058  -0.129823  -0.49853 0.0279128  0.915423
   2.19704 -0.00844187   0.0690784   -0.114377 -0.509746  0.023564  0.919681
   2.19704 -0.0132356  0.0376531  -0.102659 -0.508876 0.0191695  0.922976
   2.19705 -0.0121703 0.00303198 -0.0930717 -0.504802 0.0231978  0.939319
   2.19705 -0.00950713  -0.0326544   -0.082419 -0.500682  0.025212  0.959002
   2.19705  -0.011105 -0.0550249 -0.0712338  -0.48997 0.0281875  0.975024
   2.19706  -0.016964 -0.0688734 -0.0643095 -0.483836 0.0377089  0.984271
   2.19706 -0.0265514 -0.0848523 -0.0563201 -0.487041 0.0410964  0.977542
   2.19706 -0.0361387  -0.110951 -0.0525916 -0.485713 0.0388991  0.960513
   2.19707 -0.0457261  -0.141844 -0.0536569 -0.476649 0.0453536  0.945727
   2.19707 -0.0542482  -0.169541 -0.0557874   -0.4631 0.0470473   0.94678
   2.19707 -0.0659662  -0.192977 -0.0552548 -0.446895 0.0408675   0.96326
   2.19708 -0.0787493  -0.204162 -0.0504611 -0.430781 0.0352828  0.964221
   2.29667 -0.0824777  -0.205227 -0.0483306 -0.419017 0.0348708  0.929706
   2.29671 -0.0957936   -0.20576 -0.0446022 -0.417644 0.0506179  0.920184
   2.29672  -0.127751  -0.215347 -0.0392758 -0.418651 0.0544173  0.951632
   2.29672  -0.145328  -0.214815 -0.0270253 -0.413936 0.0269973  0.960055
   2.29673   -0.145861   -0.204695 -0.00838316  -0.413753 0.00122517   0.949115
   2.29673 -0.144263 -0.202031 0.0129221   -0.422496 -0.00999004    0.931994
   2.29673   -0.1416  -0.20576 0.0336948   -0.442683 -0.00280315    0.930392
   2.29674 -0.149057 -0.222271 0.0523369  -0.456416 -0.0046342    0.95795
   2.29674 -0.141067 -0.235587 0.0763054  -0.450328 -0.0342515   0.952273
   2.29675 -0.119762 -0.250501  0.101872  -0.440578 -0.0388291   0.930896
   2.29675 -0.110707 -0.276067  0.117318  -0.430186 -0.0248216   0.930667
    2.2968 -0.110707 -0.293112   0.12584  -0.407847 -0.0288041   0.932406
    2.2968 -0.114436 -0.295775  0.137025  -0.379695 -0.0293534   0.938083
   2.29681 -0.118164 -0.289383  0.150341  -0.353648 -0.0223497   0.943713
   2.29681 -0.125088  -0.27873   0.16419  -0.329982 -0.0180925   0.948382
   2.29682 -0.137339 -0.265415   0.17431  -0.313457 -0.0115922   0.951861
   2.29682 -0.15385 -0.24624  0.18443  -0.302837 -0.0153916   0.942843
   2.29682  -0.16397 -0.229196  0.191887  -0.299495 -0.0281175   0.927646
   2.29683 -0.164503 -0.214815  0.198278  -0.302379 -0.0344346   0.919635
   2.39683 -0.170895 -0.198303  0.208398 -0.305125 -0.036403  0.913684
   2.39685 -0.179417 -0.186052  0.221181  -0.305995 -0.0386918   0.907596
   2.39686 -0.182613 -0.170073  0.230236  -0.306819 -0.0483506   0.908465
   2.39687  -0.18208 -0.152497  0.241421  -0.307735 -0.0627702   0.910708
   2.39687 -0.173025 -0.135985  0.256868  -0.304713 -0.0753129    0.90842
   2.39688 -0.160242 -0.119473  0.268053 -0.302516 -0.087993    0.9043
   2.39688  -0.145328 -0.0987008   0.282434  -0.302882 -0.0940812   0.901965
   2.39689  -0.133078 -0.0763302   0.293087  -0.300777 -0.0920671   0.899173
   2.39689  -0.127751 -0.0603513    0.29575  -0.291759 -0.0927079   0.896151
   2.39689  -0.120295 -0.0443723    0.29575  -0.272716 -0.0997575   0.894412
    2.3969  -0.112305 -0.0235996   0.294152 -0.252116  -0.10461  0.884158
   2.39691    -0.109109 -0.000163814     0.285097  -0.234767 -0.0952256   0.874499
   2.39692 -0.114436 0.0280657  0.268053  -0.223186 -0.0850633   0.872897
   2.39692 -0.124023 0.0616215  0.250476   -0.21696 -0.0835527   0.873996
   2.39692 -0.134676  0.099971  0.232899  -0.216319 -0.0746263   0.876605
   2.39696 -0.155981  0.140984  0.215322  -0.228404 -0.0578263   0.883334
   2.39696 -0.179417  0.175072  0.197213 -0.249187 -0.056453  0.887774
   2.39696 -0.190602  0.201171  0.181767  -0.267634 -0.0755418   0.878711
   2.39697 -0.189537  0.221411  0.167918  -0.288188 -0.0924333   0.869876
   2.39697 -0.184743  0.235792  0.149809 -0.313365 -0.103557  0.871203
   2.39697 -0.178884   0.24538  0.130101 -0.327235 -0.115825  0.872027
   2.49774 -0.169297  0.252836  0.109861 -0.335063 -0.121044  0.870059
   2.49777 -0.158644  0.261359 0.0890885 -0.342753 -0.124523  0.870105
   2.49778 -0.150122  0.269881 0.0677833 -0.343303 -0.132304  0.870242
   2.49779 -0.145328  0.280001 0.0486085 -0.341197 -0.130931  0.873034
   2.49779 -0.137872  0.297045  0.030499 -0.342067 -0.122508  0.879992
   2.49779 -0.13361 0.317818 0.020379 -0.346187 -0.119029  0.879855
    2.4978 -0.133078  0.335927   0.01452 -0.356258 -0.112712  0.875964
    2.4978  -0.130415   0.343917 0.00866107   -0.37205 -0.0974229   0.882785
   2.49781  -0.127751   0.351906 0.00759581  -0.380199 -0.0887254   0.889605
   2.49781  -0.122425   0.365222 0.00493265  -0.384456 -0.0939439   0.886538
   2.49782  -0.120827   0.373211 0.00333475  -0.393519 -0.0969651   0.874453
   2.49782    -0.116566     0.374277 -0.000393674  -0.401118 -0.0927995   0.862826
   2.49783  -0.108577   0.374809 -0.0041221  -0.407069 -0.0971482   0.864428
   2.49783   -0.101653    0.378538 -0.00678526 -0.411235 -0.108043  0.873904
   2.49784 -0.0931304   0.385462 -0.0121116 -0.414165 -0.107448  0.891025
   2.49784 -0.0856735   0.392386 -0.0153074  -0.42039 -0.106212  0.905948
   2.49784 -0.0760862   0.396115  -0.021699  -0.42744 -0.119029  0.904254
   2.49785 -0.0579767    0.39718 -0.0339495 -0.430141 -0.131938  0.900363
   2.49785 -0.0318777   0.391321 -0.0451348 -0.431743 -0.136974  0.901416
   2.49786 -0.0073766   0.383331 -0.0584506 -0.430598 -0.141826  0.893084
   2.59297 0.00860236    0.37694 -0.0738969 -0.427714 -0.136195  0.882739
    2.5931  0.0171245    0.36895 -0.0888106 -0.424373 -0.119899  0.882098
   2.59311 0.0219182  0.363091 -0.103192 -0.419475 -0.117381  0.885714
   2.59312 0.0288424  0.363624 -0.115442  -0.42245 -0.116695  0.889605
   2.59312 0.0331034  0.362559 -0.129291 -0.432384 -0.102962  0.886767
   2.59313 0.0309729  0.354037 -0.138345  -0.447993 -0.0913346   0.878299
   2.59313 0.0309729  0.339123 -0.148998  -0.463603 -0.0854295   0.872485
   2.59314 0.0288424  0.319948 -0.164977  -0.474727 -0.0753587    0.87157
   2.59314  0.025114  0.301306 -0.174564  -0.486171 -0.0743974   0.871341
   2.59315 0.0261792  0.279468 -0.180956  -0.494823 -0.0862077   0.874087
   2.59315 0.0299077  0.258163 -0.182554  -0.505443 -0.0856584   0.887225
   2.59315  0.039495  0.243249 -0.181489  -0.518123 -0.0862077    0.90224
   2.59316 0.0586698  0.224607 -0.180423  -0.526225 -0.0997575   0.907321
   2.59316 0.0821056  0.199041 -0.176695 -0.531169  -0.10612  0.903567
   2.59317  0.105009  0.171876 -0.174032 -0.536525 -0.103099  0.897067
   2.59317  0.124184  0.143647 -0.176162 -0.534648 -0.103511  0.890155
   2.59348  0.139097  0.118081 -0.180423 -0.520915 -0.106761  0.883471
   2.59349  0.14975 0.102102 -0.18575 -0.503841 -0.104564  0.874179
    2.5935  0.161468 0.0925142 -0.193207 -0.482738 -0.103053  0.869281
   2.59374  0.168925 0.0941121 -0.200131  -0.463649 -0.0972398    0.88164
   2.69785  0.168925   0.10583 -0.203859  -0.461131 -0.0864366   0.896197
   2.69787  0.172653  0.119678 -0.201729 -0.470653 -0.085521  0.898532
   2.69787  0.177447  0.126603 -0.200131 -0.488551 -0.093303  0.893817
   2.69788  0.187567  0.116483 -0.204392 -0.510203 -0.100215  0.887134
   2.69789  0.200883  0.099971 -0.207055 -0.523204 -0.104106  0.877063
   2.69789  0.207274 0.0770679 -0.209718 -0.532222 -0.101772  0.868457
    2.6979  0.212068 0.0520341 -0.217708  -0.533549 -0.0929826   0.867129
    2.6979  0.213133 0.0349899 -0.225697  -0.521922 -0.0846055   0.863055
   2.69791  0.203546 0.0206088 -0.232621  -0.509196 -0.0760453   0.861636
   2.69791  0.194491 0.0110215 -0.240078  -0.499446 -0.0684465    0.87189
   2.69791   0.193958 0.00889093  -0.249133  -0.483562 -0.0698197   0.875781
   2.69792  0.194491 0.0120867 -0.257655  -0.467586 -0.0742601   0.874453
   2.69792  0.195556 0.0126194 -0.263514   -0.46429 -0.0725206   0.878711
   2.69793   0.196089 0.00889093  -0.267775  -0.465205 -0.0710099    0.87363
   2.69793  0.198752 0.0083583 -0.274167 -0.462596 -0.070186  0.860629
   2.69794   0.202481 0.00942357  -0.282156  -0.459163 -0.0676225   0.855044
   2.69794   0.205676 0.00942357  -0.284287  -0.455089 -0.0678971   0.853488
   2.69795   0.21047 0.0110215 -0.285352  -0.447307 -0.0661576   0.852801
   2.69795  0.213133 0.0184783 -0.284819  -0.443233 -0.0591081   0.860721
   2.69796  0.217394 0.0344573 -0.282689  -0.446208 -0.0480302   0.870517
   2.79749  0.218459 0.0477731 -0.283221  -0.448817 -0.0400193   0.867953
   2.79752  0.213666 0.0552299 -0.282156  -0.449229 -0.0423082   0.859118
   2.79752  0.214731 0.0621542 -0.285352  -0.440944 -0.0512345   0.856784
   2.79756  0.221655 0.0701436 -0.293341   -0.42657 -0.0668443   0.852206
   2.79756  0.225384 0.0786658 -0.303461  -0.412608 -0.0737565   0.843921
   2.79756  0.223786 0.0893184 -0.316245  -0.400203 -0.0669816   0.842868
   2.79757 0.217394 0.108493 -0.32743  -0.395259 -0.0724748   0.846072
   2.79757   0.21047  0.134592 -0.336485  -0.393062 -0.0813554   0.849185
   2.79757  0.203546  0.159626 -0.342344  -0.394618 -0.0787919   0.852527
   2.79758  0.200883  0.178801 -0.347137  -0.405925 -0.0834153   0.847949
   2.79758  0.211535  0.190519 -0.355127 -0.418605 -0.090648  0.833941
   2.79758  0.225916  0.193714 -0.353529  -0.431056 -0.0769609   0.825656
   2.79758  0.232308  0.194247 -0.344474   -0.44575 -0.0537065   0.830508
   2.79759  0.231775  0.198508 -0.333821 -0.454219 -0.042125  0.837375
   2.79759  0.228047   0.20703 -0.318375  -0.454494 -0.0305894   0.838153
   2.79759  0.226982  0.219813 -0.305592  -0.455043 -0.0235398   0.843005
    2.7976  0.235504  0.232064 -0.291744  -0.457057 -0.0328782   0.849643
    2.7976  0.245091  0.241651 -0.277895  -0.461406 -0.0363572   0.852206
    2.7976 0.253613 0.246445 -0.26671  -0.467631 -0.0299943   0.856692
   2.79763  0.265331  0.248043 -0.255525  -0.467906 -0.0315049   0.857608
   2.89664  0.272255  0.251771 -0.248068   -0.46342 -0.0385087   0.855594
   2.89666  0.278114  0.254967 -0.245405 -0.457927 -0.041118  0.858249
   2.89666  0.286636  0.257098 -0.247535  -0.448863 -0.0493577   0.856555
   2.89667  0.294093  0.258163 -0.256057  -0.440349 -0.0608018   0.851291
   2.89667  0.297822  0.263489 -0.267242  -0.438106 -0.0601152   0.852343
   2.89667  0.299952  0.269348 -0.285352  -0.439159 -0.0609849   0.854266
   2.89668  0.301017  0.269881 -0.308255  -0.443599 -0.0640977   0.852481
   2.89706  0.300485  0.266685 -0.328495  -0.454219 -0.0544847   0.853946
   2.89706  0.298354  0.260826 -0.342344 -0.468639 -0.039882  0.857654
   2.89707   0.29143  0.250173 -0.356725   -0.48434 -0.0312303   0.858294
   2.89707  0.282375  0.235792 -0.369508 -0.498714 -0.024318   0.86159
   2.89708  0.277049  0.217683 -0.376432  -0.507686 -0.0133317   0.869555
   2.89708  0.276516  0.195845 -0.387085   -0.511348 -0.00957805    0.875003
   2.89708  0.278114  0.177735 -0.391878  -0.508784 -0.0122331   0.879855
   2.89708  0.276516  0.162289 -0.393476  -0.499538 -0.0105851   0.887866
   2.89709  0.276516  0.148441 -0.398803  -0.488093 -0.0177262   0.893176
   2.89709  0.282908  0.140451 -0.405727  -0.475505 -0.0347551   0.899081
   2.89709  0.287169  0.138321 -0.409988  -0.463237 -0.0452378   0.904025
    2.8973  0.285571   0.13406 -0.411586  -0.451839 -0.0504563   0.900775
   2.89732  0.287702  0.129266 -0.420641  -0.445293 -0.0562699   0.895236
   2.89732  0.293028  0.123939 -0.434489  -0.442454 -0.0600694   0.890429
   2.99674  0.298887  0.120744 -0.446739  -0.441218 -0.0595201   0.887774
   2.99677  0.301017  0.120744 -0.462718  -0.441493 -0.0579637   0.891299
   2.99677 0.296224 0.120744  -0.4771 -0.442958 -0.051555  0.897021
   2.99678  0.293028  0.123407 -0.490415  -0.450969 -0.0416215   0.898486
   2.99678  0.287702  0.127135 -0.502666   -0.46104 -0.0365403   0.897159
   2.99678  0.277582   0.13406 -0.513319  -0.472621 -0.0309098   0.902286
   2.99679  0.270125  0.141516 -0.521308 -0.486995  -0.02473  0.901828
   2.99679  0.264266  0.145245 -0.524504  -0.497752 -0.0183671   0.891849
   2.99679  0.254678  0.143647 -0.526634   -0.501918 -0.00806743    0.890338
   2.99679  0.241363  0.131929 -0.532493   -0.495372 -0.00486308    0.890979
    2.9968  0.231243  0.121809 -0.536754  -0.481868 -0.0108598   0.891437
    2.9968  0.225916  0.122342 -0.535156  -0.473399 -0.0103562   0.900271
    2.9968  0.213133  0.129266 -0.534624  -0.471522 -0.0054124   0.910663
    2.9968  0.197687  0.141516 -0.535156  -0.470241 -0.0104936   0.907779
   2.99681  0.184371  0.150038 -0.533559  -0.472987 -0.0233567   0.902789
   2.99681  0.179045  0.151636 -0.530363   -0.47816 -0.0353959   0.902377
   2.99682  0.181708  0.147375 -0.529297  -0.478206 -0.0448716   0.894961
   2.99682  0.181708  0.139386 -0.528765  -0.482005 -0.0460618   0.890841
   2.99682   0.18011  0.127135 -0.526102  -0.488048 -0.0395158   0.895099
   2.99682  0.172653   0.11595 -0.523971  -0.484752 -0.0403398   0.893954
   3.09717  0.163598  0.106895 -0.525036 -0.478389 -0.043361  0.887362
   3.09722  0.157207   0.09571 -0.523439   -0.47935 -0.0347093   0.891391
   3.09726  0.152413 0.0845247 -0.520775  -0.481547 -0.0231279   0.896472
   3.09726   0.13963 0.0738721  -0.51758  -0.480311 -0.0129655   0.894824
   3.09727  0.125781 0.0685457 -0.510655   -0.483745 -0.00756389    0.901324
   3.09727  0.113531 0.0664152  -0.49947  -0.488643 -0.0131944   0.915103
   3.09727 0.0991498 0.0616215 -0.484556  -0.486903 -0.0241349   0.919497
   3.09728 0.0954214 0.0525668 -0.465382 -0.485942 -0.029033  0.917758
   3.09728 0.0964867 0.0419141 -0.446207  -0.485393 -0.0397447   0.919131
   3.09728 0.0975519 0.0301962 -0.432891  -0.478984 -0.0574601   0.915378
   3.09729   0.10128 0.0142173 -0.422771  -0.469508 -0.0579179   0.912219
   3.09729    0.102346 -0.00122908   -0.413184  -0.461589 -0.0518754    0.91611
   3.09729  0.0970193 -0.0124144  -0.404662  -0.451198 -0.0575059   0.913501
   3.09729  0.0890298 -0.0204038  -0.399868  -0.433253 -0.0617173    0.90842
    3.0973  0.0821056 -0.0273281   -0.39827 -0.420116 -0.053798  0.911853
   3.09731  0.0767793 -0.0278607  -0.395607  -0.415401 -0.0467485   0.917529
   3.09733  0.0671919 -0.0198712  -0.386019  -0.414806 -0.0440477   0.920047
   3.09733    0.049615 -0.00762067   -0.368975  -0.425059 -0.0367692   0.916339
   3.09734   0.035234 0.00303198  -0.350866  -0.440486 -0.0418046   0.906955
   3.09734   0.029375 0.00409724  -0.333821  -0.450694 -0.0586961   0.898807
   3.19679  0.0272445 0.00303198  -0.315712   -0.45811 -0.0596574   0.900317
   3.19682   0.029375 0.00143408  -0.292276  -0.469371 -0.0563615   0.910937
   3.19683   0.0336361 -0.00229434   -0.265112  -0.474086 -0.0620835   0.916293
   3.19683   0.0373645 -0.00229434   -0.235817  -0.470058 -0.0654252   0.915744
   3.19684   0.0384298 -0.00335961   -0.209186  -0.466945 -0.0714219   0.918078
   3.19687  0.0442887 -0.0049575  -0.184152  -0.460261 -0.0846971    0.91849
   3.19688   0.0538761 -0.00176171   -0.163379   -0.45042 -0.0890916   0.913501
   3.19688  0.0586698 0.00196671  -0.146868  -0.446254 -0.0862077    0.90755
   3.19688 0.0623982 0.0067604 -0.138878  -0.447398 -0.0903733   0.906634
   3.19688 0.0671919 0.0083583  -0.13728  -0.442729 -0.0908769   0.906177
   3.19689 0.0693224 0.0083583 -0.133019  -0.435908 -0.0835527   0.905032
   3.19689  0.065594 0.0120867 -0.131421  -0.434535 -0.0788377   0.903018
   3.19689 0.0560066 0.0179457 -0.128758  -0.440166 -0.0731156   0.894137
    3.1969  0.045354  0.023272 -0.128758 -0.449046 -0.065059  0.879214
    3.1969 0.0373645  0.023272 -0.131421   -0.45486 -0.0594285   0.873034
    3.1969 0.0224508 0.0184783 -0.128225  -0.462047 -0.0557664   0.878161
   3.19691 0.00647184   0.013152  -0.120769  -0.473491 -0.0474809   0.885074
   3.19691 -0.00364818   0.0115541   -0.114377  -0.481822 -0.0397905   0.888781
   3.19691 -0.0185619 0.00622777  -0.105855  -0.486766 -0.0444139   0.891253
   3.19691 -0.0302798 0.00462988 -0.0930717  -0.489375 -0.0504563   0.897845
   3.29707 -0.0350735 0.00729304 -0.0813538   -0.49052 -0.0504563   0.903247
    3.2971 -0.0398672 0.00516251 -0.0637769   -0.49528 -0.0469316   0.907779
   3.29711 -0.0441282 0.00249935 -0.0392758  -0.501323 -0.0472978   0.916247
   3.29711  -0.0446609 0.000368818  -0.0190358 -0.500224 -0.062404  0.917575
   3.29714  -0.0446609 -0.00229434  0.00599791  -0.494319 -0.0865739   0.910525
   3.29715 -0.0393345 -0.0108165  0.0299664  -0.491572 -0.0994371   0.906451
   3.29715 -0.0265514 -0.0204038   0.046478   -0.48846 -0.0978349   0.902057
   3.29716 -0.0217577 -0.0257302  0.0581959  -0.488643 -0.0987962      0.894
   3.29716 -0.0222903 -0.0310565  0.0661854  -0.492351 -0.0972398   0.892169
   3.29716 -0.021225 -0.033187 0.0688485   -0.49377 -0.0886796   0.899402
   3.29716 -0.0222903 -0.0337196   0.066718  -0.495463 -0.0828202   0.903293
   3.29717 -0.0281493 -0.0358502  0.0677833  -0.502513 -0.0726579   0.905856
   3.29717 -0.0345408 -0.0422418  0.0683159  -0.512401 -0.0554002   0.909335
   3.29717 -0.0425303 -0.0512965  0.0656527  -0.518764 -0.0428575   0.908511
   3.29718 -0.0537156 -0.0528944  0.0677833  -0.526912 -0.0351213   0.908969
   3.29718 -0.0680967 -0.0523618  0.0784359  -0.535289 -0.0293077   0.915744
   3.29718 -0.0851409 -0.0598186  0.0885559 -0.538814 -0.033336  0.911715
   3.29719  -0.093663 -0.0720692  0.0965454  -0.537715 -0.0420335   0.901828
   3.29719 -0.0963262 -0.0859176    0.10347  -0.529613 -0.0489457   0.907824
   3.29726 -0.0973915 -0.0992334   0.115188  -0.519359 -0.0558122   0.912631
   3.39292 -0.0947283  -0.109886    0.13383  -0.509013 -0.0534318   0.909198
   3.39295 -0.0963262  -0.113082    0.15407  -0.502513 -0.0436814   0.916018
   3.39296 -0.101653  -0.11468  0.180701   -0.50265 -0.0479844   0.926822
   3.39296 -0.104848 -0.115745    0.2068   -0.50233 -0.0628617   0.921374
   3.39298 -0.104316 -0.118941  0.233965   -0.50558 -0.0679887   0.913089
   3.39299 -0.102718   -0.1248  0.251541  -0.510753 -0.0683091   0.910479
     3.393 -0.0968588  -0.129061   0.264857   -0.51176 -0.0695909   0.907824
     3.393 -0.0856735  -0.140779    0.28776  -0.508922 -0.0660661     0.9005
     3.393 -0.0803472  -0.148236   0.297348  -0.505672 -0.0503648   0.895739
   3.39301 -0.0808799  -0.158888   0.306935   -0.50526 -0.0381883   0.898303
   3.39301 -0.0883367  -0.174867   0.322914   -0.50265 -0.0310014   0.902331
   3.39302  -0.10325 -0.184455  0.338893  -0.489833 -0.0283006   0.904208
   3.39302 -0.120295 -0.189248  0.353274  -0.470195 -0.0314592   0.899676
   3.39302 -0.136806 -0.191911  0.361264    -0.4528 -0.0239976   0.900775
   3.39303 -0.152253 -0.189781  0.363927  -0.438289 -0.0186418    0.90581
   3.39303 -0.169829 -0.178063   0.36659  -0.427714 -0.0129655   0.910251
   3.39304 -0.190069 -0.159953  0.372982  -0.42689 0.0019576  0.918811
   3.39304 -0.208712 -0.138648  0.383102  -0.430781 0.00378865   0.921878
   3.39308 -0.225223  -0.11468  0.398015   -0.438014 -0.00655681    0.917987
   3.39308  -0.238006 -0.0949724    0.41719  -0.455363 -0.0106767   0.918399
   3.39309  -0.243865 -0.0805913   0.440093  -0.476237 -0.0141557   0.915423
   3.39309  -0.248126 -0.0757976   0.456072  -0.488093 -0.0234483    0.90787
   3.49819   -0.25292 -0.0811239   0.467257  -0.488139 -0.0293077   0.898166
   3.49821  -0.255583 -0.0843197   0.473649 -0.482097 -0.025142   0.89107
   3.49822  -0.259312 -0.0848523   0.476312  -0.473903 -0.0174974   0.899951
   3.49822  -0.275823 -0.0789934    0.47791   -0.468227 -0.00454265    0.911349
   3.49823  -0.300324 -0.0683407   0.473116  -0.46548 0.0102431  0.916247
   3.49823  -0.322695 -0.0571555   0.466725 -0.465205 0.0142257  0.912997
   3.49823  -0.341337 -0.0465028   0.456072 -0.466395 0.0203597  0.907412
   3.49824 -0.357849 -0.039046  0.448615  -0.47198 0.0399978  0.908923
   3.49824  -0.381284 -0.0342523   0.442756 -0.476466 0.0540511  0.909472
   3.49824 -0.407916 -0.023067  0.444887  -0.47642 0.0584914  0.916385
   3.49825    -0.43295 -0.00762067    0.453409 -0.483241 0.0617415  0.926822
   3.49825  -0.462245 0.00462988   0.463529 -0.490748 0.0444838  0.924579
   3.49826 -0.484615 0.0136846  0.480041   -0.490245 -0.00138408    0.909015
   3.49826 -0.482485 0.0190109  0.492291  -0.490062 -0.0352128    0.89194
   3.49826 -0.468103 0.0206088  0.502411  -0.498347 -0.0375016   0.891253
   3.49827 -0.460114 0.0120867  0.514662  -0.505626 -0.0310472   0.902194
   3.49827    -0.457983 -0.000696446     0.519455  -0.500224 -0.0326493   0.903018
   3.49827   -0.453722 -0.00762067    0.522119  -0.488185 -0.0378678   0.895556
   3.49828  -0.448396 -0.0108165   0.533304  -0.477382 -0.0358079   0.896884
   3.49828   -0.447331 -0.00762067    0.547152 -0.472118 -0.026378  0.904529
   3.59696   -0.454255 -0.00389224    0.559403  -0.474681 -0.0187333   0.893039
   3.59699   -0.468103 -0.00282698     0.56899  -0.477702 -0.0153916   0.865985
     3.597    -0.47556 -0.00282698    0.581773   -0.478252 -0.00605327    0.851565
    3.5971   -0.480354 -0.00229434    0.602013 -0.480998 0.0106093  0.854175
   3.59711  -0.494202 0.00356461   0.627047 -0.485118 0.0176589  0.861041
   3.59711  -0.514443 0.00782567   0.653146 -0.485942 0.0131728  0.863192
   3.59712 -0.531487 0.0136846  0.679245  -0.485118 0.00360554   0.865069
   3.59712 -0.530954 0.0195436  0.703746  -0.490794 -0.0096696   0.873492
   3.59712 -0.520834 0.0222067  0.727715  -0.501094 -0.0165818   0.887958
   3.59713 -0.511779 0.0259352  0.748487  -0.511027 -0.0137437   0.902194
   3.59713 -0.506453 0.0243373  0.763401  -0.515101 -0.0126908   0.908969
   3.59734 -0.506453 0.0168804  0.773521  -0.513454 -0.0189622   0.911029
   3.59735 -0.503257 0.0099562  0.778847  -0.510478 -0.0226701   0.917575
   3.59736 -0.497398 0.0099562  0.782043  -0.506175 -0.0204728   0.918582
   3.59736 -0.492605 0.0104888  0.785772  -0.502513 -0.0119126    0.90961
   3.59736 -0.494202 0.0083583  0.783641  -0.497615 0.00442952   0.903613
   3.59736  -0.502192 0.00782567   0.780978 -0.486034 0.0147292  0.899814
   3.59737  -0.512845 0.00729304   0.782576 -0.468639 0.0185286   0.89638
   3.59737 -0.528824 0.0152825  0.785239 -0.459804  0.022557  0.897708
   3.59737 -0.548531 0.0296636  0.793228 -0.459117 0.0158278  0.897662
   3.69708 -0.557586 0.0467078  0.809207  -0.461497 0.00383443   0.889056
   3.69712 -0.557053 0.0616215  0.827849   -0.473994 -0.00550395    0.883288
   3.69712 -0.553857 0.0674805  0.846492  -0.486995 -0.0148881   0.889285
   3.69716 -0.543205   0.06535  0.863003  -0.493953 -0.0313676   0.888095
   3.69716 -0.533085 0.0605563  0.876319  -0.494456 -0.0452836   0.880404
   3.69716 -0.521367 0.0557626  0.883776 -0.488643 -0.049907  0.880038
   3.69717 -0.508584 0.0445773  0.881113  -0.477565 -0.0569566   0.874545
   3.69717   -0.4958 0.0312615  0.864068 -0.459117 -0.056453  0.869143
   3.69717  -0.48568 0.0206088  0.834774  -0.439937 -0.0406602   0.878207
   3.69718 -0.484082 0.0163478  0.796957  -0.417964 -0.0329698   0.886767
   3.69718 -0.487278 0.0195436   0.75115  -0.400294 -0.0305894   0.886859
   3.69718 -0.494735 0.0248699  0.704811  -0.390727 -0.0101274   0.891711
   3.69719 -0.509116 0.0360552  0.656875 -0.397914 0.0096938  0.895465
   3.69719 -0.526693 0.0499036  0.608938 -0.409221 0.0113418  0.894778
   3.69719 -0.542139 0.0626868  0.569523   -0.41357 0.00484151   0.899493
   3.69722 -0.554923 0.0791984  0.539163 -0.417598 -0.014293  0.904849
   3.69722 -0.558118  0.100504  0.514129 -0.416911 -0.045009  0.909244
   3.69723 -0.548531  0.117548  0.491759  -0.428905 -0.0599321   0.915973
   3.69723 -0.535215  0.128201  0.477377  -0.449596 -0.0649675   0.913913
   3.69723 -0.523497  0.135657   0.46779  -0.462962 -0.0799821   0.891253
   3.79713 -0.508584   0.13406  0.460866  -0.476649 -0.0956834   0.866946
   3.79717 -0.488344   0.12394  0.454474  -0.48672 -0.110561  0.858981
   3.79717 -0.461179  0.106895   0.44542 -0.479899 -0.125804  0.854815
   3.79717 -0.426026 0.0882531  0.439028 -0.469005 -0.127681  0.848041
   3.79718 -0.390872 0.0712089  0.429441 -0.468089 -0.105113  0.848041
   3.79718 -0.364773 0.0546973  0.418788 -0.467677 -0.078151  0.851474
   3.79719 -0.344533 0.0461752  0.410266  -0.464656 -0.0574144   0.865115
   3.79719 -0.331217 0.0472405  0.402809  -0.466487 -0.0342973   0.889239
   3.79721 -0.327489 0.0515015  0.398548  -0.468959 -0.0228074   0.900271
   3.79726 -0.33175 0.053632 0.393754 -0.468959 -0.033748  0.889514
   3.79726 -0.337076 0.0552299  0.389493 -0.466533 -0.057689  0.863696
   3.79727 -0.340272 0.0530994  0.382569  -0.466624 -0.0852006   0.840762
   3.79727 -0.339206 0.0403162  0.372449 -0.472163 -0.111522   0.82149
   3.79727 -0.338674 0.0206088  0.366057 -0.477061 -0.127361  0.806155
   3.79727   -0.337076 -0.00122908    0.357003  -0.47816 -0.130748  0.795855
   3.79728  -0.329619 -0.0246649   0.345817 -0.472941 -0.135097  0.787341
   3.79728  -0.326423 -0.0374481   0.341024 -0.463283 -0.142558  0.786563
   3.79728  -0.322162 -0.0449049   0.342089 -0.459025 -0.144756  0.788257
   3.79729  -0.309379 -0.0614165   0.342089 -0.457332 -0.138072  0.786563
   3.79729  -0.300857 -0.0704713   0.341024 -0.451793 -0.126308   0.78345
   3.79729  -0.291802 -0.0736671    0.34635 -0.447948 -0.121227  0.782031
   3.79729  -0.280617 -0.0784608   0.359133 -0.448085 -0.110561   0.78464
   3.89297  -0.278486 -0.0800586    0.36659  -0.450694 -0.0924791   0.789493
     3.893  -0.277954 -0.0816565    0.36872  -0.453166 -0.0850633   0.791736
   3.89302 -0.280084 -0.089646  0.372982  -0.455089 -0.0869401   0.791461
   3.89303 -0.280617 -0.104027  0.379373  -0.454585 -0.0886338   0.791507
   3.89304 -0.275291 -0.116278  0.383634   -0.45074 -0.0884965   0.790683
   3.89305 -0.270497 -0.129593  0.383634  -0.447398 -0.0915635   0.787799
   3.89306 -0.265703 -0.146105  0.383634 -0.440166 -0.100215  0.790362
   3.89307 -0.260377 -0.158888  0.383102 -0.425792 -0.113262   0.80112
   3.89308 -0.251855 -0.162617  0.379373  -0.40565 -0.135783  0.807666
   3.89309 -0.236408  -0.15516   0.37671 -0.389674 -0.161235  0.809726
   3.89309 -0.217766 -0.141844  0.377243 -0.390773 -0.170665  0.817782
    3.8931 -0.196994 -0.130659  0.377775 -0.402217 -0.176891   0.80968
   3.89311 -0.175688 -0.121604  0.382036 -0.412471 -0.184306  0.781344
   3.89311 -0.159177  -0.11468  0.389493 -0.418147 -0.180187    0.7634
   3.89317 -0.143198 -0.113082   0.39695  -0.41952 -0.174144  0.759051
   3.89317 -0.124556 -0.106158  0.404407 -0.416316 -0.166637  0.762027
   3.89318  -0.105914 -0.0965702   0.413994 -0.412883 -0.154231  0.770816
   3.89318 -0.0851409 -0.0901787   0.420918 -0.417003  -0.14027  0.781344
   3.89319 -0.0601072  -0.085385   0.423049 -0.417461 -0.125896  0.794528
   3.89319 -0.0345408 -0.0789934   0.428908 -0.412746  -0.10786   0.81467
   3.89369 -0.00790923  -0.0699386    0.436897  -0.407756 -0.0958207   0.837604
   3.99972 0.0176571 -0.053427  0.444354  -0.399745 -0.0981553   0.854175
   3.99974  0.0362992 -0.0305239   0.444887   -0.39178 -0.0955461   0.859988
   3.99975   0.0485498 -0.00921856    0.437963   -0.38528 -0.0959123   0.860721
   3.99975 0.0597351 0.0152825   0.42731 -0.378642 -0.117107  0.856555
   3.99975 0.0725182 0.0397836  0.412929 -0.376033   -0.1356  0.851657
   3.99976 0.0842361 0.0605563  0.400678 -0.380656 -0.143199  0.853076
   3.99976 0.0975519 0.0738721   0.38896 -0.386241 -0.153316  0.849048
   3.99977  0.110868 0.0807963  0.377775 -0.391505 -0.156291  0.838382
   3.99977  0.124184 0.0823942  0.361796 -0.393748  -0.14146  0.830005
   3.99978  0.135369 0.0823942   0.34635 -0.388896 -0.128734  0.825931
   3.99978 0.140163  0.08559 0.336763 -0.376811 -0.124431   0.82062
   3.99979  0.136434 0.0877205  0.329838 -0.367381 -0.112575  0.817279
   3.99979  0.126847 0.0903837  0.321849 -0.363261 -0.102001  0.821536
    3.9998  0.114064 0.0951774  0.310664 -0.355617 -0.101543   0.82268
    3.9998 0.0943562  0.102102  0.305337 -0.354564  -0.10049  0.824557
   3.99981 0.0778446  0.108493  0.302674 -0.366374 -0.103282  0.835772
   3.99981 0.0698551  0.109026  0.302674 -0.381206 -0.118434  0.847812
   3.99981 0.0671919  0.101569  0.303739 -0.393519 -0.126903  0.856967
   3.99982 0.0703877 0.0861226  0.306403 -0.404597 -0.124339   0.86777
   3.99984 0.0773119 0.0680131  0.311196 -0.409724 -0.129009  0.877521
   4.09688 0.0831709 0.0515015  0.317588 -0.407024 -0.137065   0.88425
   4.09691 0.0906277 0.0355225  0.326643 -0.407024 -0.130611  0.894778
   4.09691 0.0986172 0.0200762   0.33623 -0.408259 -0.122463  0.897845
   4.09692   0.101813 0.00356461   0.342089 -0.407161  -0.11729   0.88869
   4.09695   0.100748 -0.0166754   0.339958 -0.404735 -0.103008  0.879764
   4.09695 0.0938235 -0.039046  0.328773  -0.395717 -0.0941728    0.87427
   4.09695  0.0837035 -0.0571555   0.311196  -0.382121 -0.0900529   0.870471
   4.09696   0.065594 -0.0688734    0.28776  -0.368892 -0.0732988   0.865069
   4.09696 0.0331034 -0.079526  0.259531  -0.357905 -0.0552171    0.86571
   4.09696 -0.00790923  -0.0816565    0.235562  -0.348659 -0.0580094   0.872668
   4.09696 -0.0446609 -0.0720692   0.212127  -0.344722 -0.0725663   0.882968
   4.09697 -0.0739556 -0.0624818   0.188691 -0.349208 -0.079387  0.893817
   4.09697 -0.0989893 -0.0555576   0.166853   -0.36198 -0.0846971   0.899585
   4.09697  -0.118697 -0.0528944   0.151407  -0.389033 -0.0882676    0.90668
   4.09698  -0.127751 -0.0576881   0.145548  -0.418605 -0.0848802   0.914554
   4.09698  -0.126154 -0.0699386   0.145015   -0.44218 -0.0834153   0.919406
   4.09698  -0.117099 -0.0885808   0.147145   -0.46136 -0.0837358   0.927554
   4.09699 -0.105381  -0.10669  0.153537  -0.46873 -0.078563  0.938266
   4.09699 -0.0989893  -0.122669   0.164722  -0.468272 -0.0742601   0.940875
   4.09699 -0.093663 -0.132257  0.173777  -0.464107 -0.0743058   0.939639
   4.19707 -0.0862062  -0.129061   0.186028  -0.461177 -0.0713761   0.943484
    4.1971 -0.0776841  -0.123734   0.198278  -0.465983 -0.0717881   0.947238
   4.19711 -0.0723577  -0.118408   0.209996   -0.47198 -0.0736192   0.949847
   4.19711 -0.0664988  -0.112549   0.223845  -0.473949 -0.0725663   0.951495
   4.19711 -0.0585093  -0.109886   0.229703 -0.476192 -0.074077   0.94678
   4.19712 -0.0494545  -0.108821   0.233432  -0.483653 -0.0768693   0.942889
   4.19712 -0.0297472   -0.10669   0.244617  -0.492992 -0.0741685   0.946551
   4.19712 -0.00258291   -0.105092    0.262194  -0.498118 -0.0584672   0.944903
   4.19713 0.0176571 -0.102962  0.276042  -0.501597 -0.0362657   0.939319
   4.19713 0.0283098 -0.099766  0.286695   -0.50352 -0.0212052   0.946872
   4.19717 0.0341687 -0.095505  0.297348   -0.49995 -0.0158036   0.954608
   4.19717  0.0400277 -0.0928418   0.302141  -0.489787 -0.0197404   0.944812
   4.19717  0.0448214 -0.0907113   0.303739  -0.481044 -0.0269273   0.928744
   4.19718  0.045354 -0.089646  0.306402  -0.479991 -0.0333818    0.91373
   4.19718  0.0442887 -0.0944397   0.304805  -0.478709 -0.0366319   0.902011
   4.19718  0.0426908 -0.0965702   0.296815 -0.475597 -0.035991  0.904391
   4.19719 0.0426908 -0.099766  0.288293  -0.473079 -0.0385545   0.907412
   4.19719 0.0410929 -0.105092  0.276575   -0.46667 -0.0467027   0.898349
   4.19722 0.0384298 -0.112549    0.2574 -0.457744 -0.053386  0.890429
   4.19722 0.0410929 -0.125332   0.23716 -0.449641 -0.051967  0.889972
   4.29708 0.0517456 -0.132257  0.217453 -0.442454 -0.046016  0.885302
   4.29711 0.0576045 -0.134387  0.202007  -0.439845 -0.0229905   0.876147
   4.29711 0.0464193 -0.135985  0.194017  -0.4463 0.020497 0.882281
   4.29712 0.0197876 -0.132789  0.189756 -0.454585 0.0464522  0.891116
   4.29712 0.00274341  -0.130126   0.188691 -0.455318 0.0415999  0.881457
   4.29715 -0.00844187   -0.129061    0.183897 -0.453624 0.0346877  0.872394
   4.29715 -0.0286819  -0.129061   0.180701 -0.456142 0.0291945  0.868503
   4.29716 -0.0409324  -0.133855   0.175908 -0.462367 0.0176131  0.863925
   4.29716 -0.0441282  -0.137583   0.169516  -0.467082 0.00960225   0.863009
   4.29716 -0.0457261  -0.142909   0.172179  -0.468089 0.00767964   0.862781
   4.29717 -0.0590419  -0.152497   0.170581 -0.470241 0.0120284  0.862826
   4.29717 -0.0803472  -0.159421   0.172179 -0.472209 0.0135848   0.86365
   4.29717 -0.0947283  -0.157823   0.176973  -0.470607 0.00351399   0.861453
   4.29718 -0.107511 -0.156758  0.178571   -0.469966 -0.00284892    0.859485
   4.29718  -0.12349 -0.163149  0.179636  -0.472392 -0.0094865   0.863238
   4.29718 -0.130947 -0.164747  0.180701   -0.46873 -0.0288499   0.866214
   4.29718  -0.12136 -0.164747  0.188158  -0.464748 -0.0354875   0.868594
   4.29719 -0.110707 -0.160486  0.198278  -0.470241 -0.0202897   0.876651
   4.29719 -0.109642  -0.14717  0.209996   -0.478801 -0.00797588    0.884341
   4.29719 -0.116566 -0.140779  0.221181   -0.48379 0.00250691   0.879168
   4.29722 -0.128817 -0.135985  0.229703 -0.490703 0.0134932  0.865893
   4.29722 -0.135741 -0.135452  0.239291 -0.502605  0.012715  0.853167
   4.39292 -0.137872 -0.144507  0.248346  -0.50851 0.0107924   0.84328
   4.39295 -0.146926 -0.152497  0.251541 -0.509288  0.021321  0.840945
   4.39297 -0.160242 -0.162084  0.252607 -0.505763 0.0274093   0.84859
   4.39298 -0.176221 -0.164215  0.252074 -0.493404 0.0130813  0.854037
   4.39299 -0.188472 -0.159421  0.249411   -0.477885 -0.00486308    0.857745
     4.393   -0.1922 -0.150899  0.246215  -0.467036 -0.0180009   0.864566
     4.393 -0.194863 -0.138648  0.243019  -0.465022 -0.0340226   0.861636
   4.39301 -0.198592 -0.129593  0.237693  -0.469737 -0.0449632   0.852252
   4.39302 -0.20232  -0.1248 0.231834  -0.477382 -0.0471147   0.847583
   4.39307 -0.199657 -0.123734  0.236095  -0.484294 -0.0543931   0.849322
   4.39307 -0.195396 -0.121604  0.243552 -0.487041 -0.063228  0.856143
   4.39307 -0.185276  -0.11468  0.254737  -0.489604 -0.0574144   0.865207
   4.39308 -0.167699 -0.104027  0.271781  -0.497066 -0.0454667   0.870105
   4.39308  -0.155981 -0.0901787   0.288826  -0.510066 -0.0358537   0.871844
   4.39309  -0.150122 -0.0784608   0.310664   -0.52206 -0.0239061    0.86896
   4.39309  -0.142133 -0.0763302   0.333034  -0.528651 -0.0174058   0.857699
    4.3931  -0.136806 -0.0763302   0.349013  -0.528789 -0.0140641   0.847308
    4.3931  -0.136806 -0.0731344   0.361796   -0.525447 -0.00147563    0.842364
   4.39311   -0.14373 -0.0747323   0.370318  -0.518443 0.00648946   0.843554
   4.39356  -0.162905 -0.0768629   0.372449    -0.503383 -0.000102341     0.855777
   4.49817  -0.180482 -0.0688734   0.371384  -0.484294 -0.0147966   0.866672
   4.49819    -0.1922 -0.0560902   0.367123  -0.464152 -0.0352128   0.867129
   4.49819  -0.198059 -0.0475681     0.3586  -0.449596 -0.0576432   0.870059
   4.49819  -0.199124 -0.0395786   0.345817  -0.440578 -0.0765947   0.880267
    4.4982  -0.200189 -0.0257302   0.331969   -0.43568 -0.0844224   0.885074
    4.4982  -0.196461 -0.0108165   0.325045  -0.440349 -0.0828202   0.885943
    4.4982  -0.195928 0.00143408   0.321849  -0.454127 -0.0704606   0.894046
   4.49821 -0.193798  0.013152  0.320251  -0.471614 -0.0570939   0.897342
   4.49821 -0.189004 0.0195436  0.327175   -0.48553 -0.0528825   0.888003
   4.49821 -0.186874 0.0168804  0.333567  -0.496608 -0.0470689    0.87839
   4.49822 -0.181547 0.0099562  0.334099 -0.504939 -0.036403  0.872165
   4.49822  -0.181015 0.00409724   0.334099  -0.506541 -0.0212052   0.867175
   4.49822  -0.189004 0.00090145   0.335165   -0.500911 -0.00609905    0.868594
   4.49823    -0.199124 -0.000163814     0.334632   -0.491527 0.000675857    0.874499
   4.49823  -0.209777 0.00409724   0.334099  -0.484386 0.00113362   0.875415
   4.49823 -0.224158 0.0115541  0.330904   -0.479808 0.000675857    0.867724
   4.49824 -0.243333 0.0152825  0.321316  -0.479854 0.00328511   0.860217
   4.49824 -0.261442 0.0099562  0.306935    -0.48022 -0.00605327    0.851474
   4.49824  -0.272627 0.00143408   0.292554  -0.475368 -0.0238145   0.843005
   4.59666  -0.279019 -0.0081533    0.27764   -0.46786 -0.0265153   0.847629
    4.5967  -0.289672 -0.0150775   0.260063  -0.455638 -0.0299028   0.853808
    4.5967  -0.301922 -0.0113491   0.243019  -0.445293 -0.0357164   0.853122
   4.59671   -0.315771 -0.00442487    0.225975  -0.440349 -0.0362199   0.857974
   4.59674  -0.328554 0.00303198   0.212659  -0.439708 -0.0428575    0.86246
   4.59674 -0.332282 0.0152825  0.205202  -0.445155 -0.0473893   0.862048
   4.59674 -0.334945  0.029131  0.205735  -0.461269 -0.0413926   0.869235
   4.59675 -0.343468 0.0355225  0.211594  -0.484843 -0.0371812   0.874087
   4.59675 -0.346663 0.0365878  0.224377  -0.499538 -0.0540269   0.859485
   4.59675 -0.334413 0.0312615  0.243019  -0.507548 -0.0730699   0.842914
   4.59676 -0.322695 0.0259352  0.261661 -0.516017 -0.080623  0.839572
   4.59676 -0.313107 0.0222067  0.285097  -0.516887 -0.0909684    0.83742
   4.59676  -0.30352 0.0243373  0.312794  -0.511027 -0.0977891     0.8371
   4.59677 -0.297661 0.0344573  0.343154 -0.508876 -0.104518  0.843646
   4.59677 -0.284878 0.0440447  0.374047 -0.510066 -0.119304  0.845569
   4.59677 -0.272095 0.0509689  0.405472 -0.510249 -0.133083  0.840442
   4.59677 -0.265703 0.0504363  0.428908 -0.509379 -0.134273  0.835956
   4.59678 -0.259844 0.0456426  0.444354 -0.504253 -0.135738  0.824511
   4.59678 -0.253453 0.0440447  0.459268 -0.491435 -0.143886   0.81293
   4.59678 -0.250257 0.0467078  0.471518 -0.479076 -0.141094   0.81911
   4.59679 -0.249724 0.0573605  0.486965 -0.472346 -0.133586  0.842227
   4.69666 -0.247594 0.0776005   0.50614 -0.469188 -0.134227  0.862643
    4.6967 -0.241735 0.0983731  0.529575 -0.471431 -0.134685  0.869784
    4.6967 -0.231082  0.121276  0.553544 -0.483653 -0.140636  0.866809
   4.69671 -0.218832  0.138853  0.575914 -0.501002 -0.152904  0.859759
   4.69671 -0.209777  0.143647  0.598285 -0.516337 -0.159679  0.857013
   4.69671 -0.201787  0.141516  0.616394 -0.531123 -0.167232   0.85422
   4.69672 -0.190069  0.134592  0.632373 -0.539638 -0.184535  0.847308
   4.69672 -0.181015  0.129798  0.643559 -0.539226 -0.199687   0.84209
   4.69672 -0.178352  0.123939   0.64995 -0.536296 -0.201839   0.84209
   4.73096 -0.178884  0.119678  0.654744 -0.535243 -0.204356   0.84685
   4.73098 -0.18208 0.125537 0.656342 -0.538081 -0.206462  0.853076
   4.73099 -0.187939  0.131929  0.653679 -0.544902 -0.200832  0.857928
   4.73099 -0.190602   0.13406  0.651016 -0.554423 -0.200832  0.862094
     4.731 -0.192733  0.130331   0.64995 -0.566691   -0.2066  0.863421
     4.731 -0.194863  0.122874  0.644624 -0.579783 -0.209621  0.860034
   4.73103 -0.194331  0.119146  0.640363 -0.575893 -0.211726  0.861087
   4.73103 -0.194863  0.119146  0.638232 -0.565867 -0.212505  0.865161
   4.73104 -0.202853  0.113287  0.629178 -0.574977 -0.212459  0.859668
   4.73104 -0.208179  0.103167  0.616394 -0.594523 -0.218547   0.84946
   4.73105 -0.210842 0.0925142  0.602546 -0.601848 -0.224635   0.84891
   4.79743  -0.21244 0.0776005    0.5871 -0.598552 -0.237544  0.855914
   4.79746 -0.201255 0.0648173  0.575382 -0.588069 -0.251781  0.863055
   4.79747 -0.187406 0.0509689  0.563664 -0.580333 -0.251918  0.865344
   4.79747 -0.181015 0.0339247  0.545554 -0.581523 -0.262401  0.856372
   4.79751 -0.178884 0.0216741  0.525847 -0.578364 -0.271282  0.857242
   4.79751 -0.175688 0.0099562  0.507205  -0.57928 -0.269954  0.865161
   4.79751   -0.174623 -0.00549014     0.48803 -0.573741 -0.276042  0.854953
   4.79752 -0.170362 -0.023067  0.470453 -0.564036 -0.283916  0.842868
   4.79752  -0.158644 -0.0337196   0.451811 -0.562938 -0.281993  0.842547
   4.79752  -0.148524 -0.0401112   0.435832 -0.565089 -0.271419  0.848407
   4.79753  -0.151187 -0.0502312   0.418255 -0.572917 -0.259609  0.853167
   4.79753  -0.154916 -0.0614165   0.398548 -0.579234 -0.249675  0.854312
   4.79753  -0.151187 -0.0704713   0.382036 -0.582072 -0.247661  0.854495
   4.79753  -0.145861 -0.0811239   0.361796 -0.585231 -0.243953  0.859759
   4.79754  -0.141067 -0.0912439   0.339958 -0.591044 -0.233287  0.869006
   4.79754  -0.140002 -0.0976355    0.31812 -0.597133 -0.225047  0.866397
   4.79754 -0.144263 -0.109353  0.297348 -0.600154 -0.216808  0.855044
   4.79755 -0.150655   -0.1248  0.273379 -0.604411 -0.207286  0.850787
   4.79755 -0.153318 -0.133855  0.246748 -0.603999 -0.211772  0.850375
   4.79755 -0.149589 -0.138648  0.217453  -0.59402 -0.231365  0.843097
   4.89293 -0.136806 -0.148768  0.189223 -0.58459 -0.23553 0.842685
   4.89296 -0.124556 -0.158356  0.167385  -0.58253 -0.219142  0.853488
   4.89297 -0.121893 -0.162617   0.14608  -0.58047 -0.205684  0.863559
   4.89297 -0.127219 -0.166878  0.128503 -0.578548 -0.196758  0.872348
   4.89298 -0.127751 -0.169541  0.116785 -0.575297 -0.195522  0.869693
   4.89298  -0.12136 -0.169541    0.1056 -0.566417  -0.20573    0.8501
   4.89299 -0.119229 -0.173269 0.0938822  -0.56216 -0.207881  0.832385
   4.89299 -0.118697 -0.182857 0.0837622 -0.564128 -0.201518   0.82941
   4.89299 -0.117099  -0.19564 0.0693812 -0.562846 -0.201244  0.827304
     4.893 -0.116034 -0.204695 0.0560653 -0.557857 -0.194789  0.819522
     4.893 -0.117631 -0.210554 0.0470106 -0.550807 -0.178401  0.823321
   4.89301 -0.116566 -0.213749 0.0363579 -0.543757 -0.169292  0.832889
    4.8933 -0.113903 -0.210554 0.0257053 -0.537211 -0.164531  0.839068
   4.89332 -0.115501  -0.20576 0.0171832 -0.536754 -0.156108  0.849551
   4.89333  -0.115501  -0.200966 0.00599791 -0.540599 -0.155925  0.856509
   4.89333   -0.111773   -0.199368 -0.00358947 -0.542064 -0.163112  0.853579
   4.89334  -0.107511  -0.202031 -0.0121116 -0.548335 -0.159129  0.848407
   4.89334  -0.104848  -0.206825 -0.0270253 -0.551906  -0.15414  0.848086
   4.89335 -0.0947283  -0.212684 -0.0398085 -0.547328 -0.161327  0.848727
   4.89335 -0.0782167  -0.212684 -0.0504611 -0.539912 -0.159862  0.852343
   4.99987 -0.0707598  -0.210021 -0.0611138 -0.533275 -0.145946  0.860309
   4.99991 -0.0707598  -0.207358 -0.0728317 -0.527232 -0.142879  0.858706
   4.99991 -0.0595746  -0.200434 -0.0856148 -0.518718 -0.143428  0.851382
   4.99992 -0.0462588  -0.191379 -0.0962675 -0.516429 -0.131481  0.850741
   4.99992 -0.0446609  -0.186052  -0.107453  -0.51176 -0.120082  0.847857
   4.99992 -0.0467914  -0.182857  -0.123432 -0.504481 -0.109691  0.841449
   4.99993 -0.0483893  -0.178063  -0.139411  -0.502925 -0.0951799   0.838015
   4.99993 -0.0510524  -0.170606  -0.152194  -0.500224 -0.0879014   0.835086
   4.99993 -0.0563788  -0.159421  -0.164977   -0.49496 -0.0865281   0.837558
   4.99998 -0.063303 -0.149833 -0.172434  -0.491435 -0.0774644   0.850512
   4.99998 -0.0691619  -0.142909  -0.178825  -0.493861 -0.0730241   0.864566
   4.99998 -0.0686293  -0.134387  -0.182021  -0.493861 -0.0841935   0.866122
   4.99999 -0.0606398  -0.125332  -0.180423  -0.496974 -0.0904191   0.863742
   4.99999 -0.0483893  -0.122669   -0.17776  -0.506724 -0.0922502   0.862323
   4.99999 -0.0388019  -0.124267  -0.174564  -0.509883 -0.0939897    0.85477
         5 -0.0366714  -0.125332  -0.169771  -0.511027 -0.0847428   0.843921
         5 -0.0382693  -0.125332  -0.160183  -0.512721 -0.0773728    0.83211
         5 -0.0366714  -0.127996  -0.154324 -0.509059 -0.078563  0.824054
   5.00001 -0.0324103  -0.132257  -0.150596  -0.503886 -0.0708268   0.825015
   5.00001 -0.0302798  -0.130659  -0.141541  -0.502421 -0.0479386   0.835223
   5.09682 -0.0366714  -0.124267  -0.131954   -0.49995 -0.0270188   0.850467
   5.09685 -0.047324 -0.117876 -0.122366  -0.495921 -0.0221666   0.863742
   5.09686 -0.0510524  -0.113614  -0.113312  -0.49171 -0.030681  0.866763
   5.09687 -0.043063 -0.110951 -0.107985  -0.483287 -0.0408433   0.864795
   5.09691 -0.0302798  -0.109886  -0.104257  -0.475093 -0.0412553    0.86864
   5.09691 -0.027084 -0.108288 -0.103724 -0.468913 -0.031276  0.870471
   5.09692 -0.0334756  -0.108288  -0.112246  -0.458293 -0.0229905   0.861087
   5.09692 -0.0441282  -0.108288  -0.123432  -0.441264 -0.0226701   0.854541
   5.09692 -0.0521177 -0.0992334  -0.133552  -0.423228 -0.0301316   0.853488
   5.09693 -0.0553135 -0.0843197  -0.147933  -0.407436 -0.0370896   0.847537
   5.09693  -0.063303 -0.0699386  -0.166042  -0.392696 -0.0331987   0.844333
   5.09694 -0.0718251 -0.0571555  -0.188413   -0.37942 -0.0301316   0.848132
   5.09694 -0.0787493 -0.0427744  -0.217175  -0.370082 -0.0301316   0.851703
   5.09695 -0.0920651 -0.0246649  -0.244339  -0.360515 -0.0229447   0.853534
   5.09696   -0.109109 -0.00762067   -0.267242  -0.353191 -0.0121415   0.855411
   5.09699 -0.122958 0.0126194 -0.294407   -0.348155 -0.00623637    0.857013
     5.097 -0.140535 0.0381857 -0.318908  -0.344768 -0.0011552   0.858294
     5.097 -0.153318 0.0600236 -0.338083  -0.348338 0.00113362   0.870059
     5.097 -0.157046 0.0823942 -0.357257    -0.349025 -0.000468552     0.892627
   5.09701 -0.165568  0.109558  -0.38016   -0.346873 -0.00403911    0.906817
   5.19645 -0.169829  0.138321  -0.39827  -0.345134 -0.0119584   0.909289
   5.19648 -0.169297  0.167083 -0.411586  -0.345821 -0.0249589   0.902606
   5.19649 -0.167166   0.18679 -0.429163  -0.349574 -0.0435441    0.88901
   5.19649 -0.163438  0.202769 -0.447805   -0.35374 -0.0552629   0.880176
    5.1965 -0.162373  0.212889 -0.456859  -0.359691 -0.0560411   0.881915
    5.1965 -0.163438  0.219281 -0.460588  -0.364726 -0.0586961   0.883883
   5.19651 -0.164503   0.23526 -0.473371  -0.366832 -0.0624498   0.882831
   5.19654 -0.164503  0.244847 -0.482426  -0.367381 -0.0697282    0.88544
   5.19655 -0.160775  0.254967 -0.482426 -0.369304 -0.077556  0.897387
   5.19655 -0.149057  0.274674 -0.488285  -0.370906 -0.0896867   0.903842
   5.19655 -0.142665  0.289055 -0.498405 -0.369121 -0.103603  0.897891
   5.19656 -0.137339  0.299708 -0.506394  -0.372874 -0.0992082   0.898395
   5.19656 -0.125088  0.312491 -0.512786   -0.38441 -0.0993913   0.897296
   5.19656 -0.122958  0.321013  -0.51971 -0.389217 -0.104472  0.889926
   5.19657 -0.118697  0.323144 -0.527167  -0.393336 -0.0942643   0.893313
   5.19657 -0.109642  0.329536 -0.531961  -0.404735 -0.0900529   0.909381
   5.19657 -0.100587  0.336992 -0.532493  -0.412562 -0.0997575   0.918948
   5.19658 -0.0851409    0.33646  -0.530363 -0.413158 -0.106716  0.924075
   5.19658 -0.0659661   0.333797  -0.525036 -0.41476 -0.11198 0.932773
   5.19658 -0.0446609   0.333797  -0.522373  -0.41357 -0.126628  0.927691
   5.19658 -0.0222903   0.331133  -0.522906 -0.410777 -0.136791  0.909518
   5.19659 0.00167815   0.327405   -0.51971 -0.415309 -0.131069  0.897525
   5.29751 0.0256466  0.324742 -0.520775 -0.417827 -0.125118  0.896655
   5.29754 0.0474845  0.319948 -0.522373 -0.415446 -0.116329  0.900134
   5.29754 0.0623982   0.31835 -0.518645  -0.417552 -0.0981553   0.907824
   5.29755 0.0698551  0.324742 -0.512253  -0.421992 -0.0872148   0.914096
   5.29755 0.0762467  0.332731 -0.505862  -0.42895 -0.090648  0.910663
   5.29756 0.0863667  0.339656  -0.49734 -0.440486 -0.093715  0.907916
   5.29756 0.0943562  0.341786 -0.486154  -0.452113 -0.0997575   0.906955
   5.29756 0.102878 0.334329 -0.47923 -0.461085 -0.110286  0.902514
   5.29756  0.120455  0.324742 -0.473904 -0.467128 -0.104793  0.908648
   5.29757 0.138565 0.316752 -0.46698  -0.474086 -0.0949052   0.925494
   5.29757  0.154011  0.309296 -0.457392 -0.478664  -0.09843  0.939547
   5.29757  0.173718  0.302904 -0.446207 -0.480357 -0.101085  0.947604
   5.29758   0.20035  0.297578 -0.433956  -0.481044 -0.0999864    0.95003
   5.29758 0.227514 0.291719 -0.41851 -0.481273 -0.103557  0.945132
   5.29758   0.24882  0.283729 -0.406792 -0.478984 -0.104244  0.933413
   5.29759  0.272255  0.268283 -0.399335  -0.474727 -0.0943101   0.918719
   5.29759    0.2893  0.251771 -0.397205  -0.467128 -0.0853379   0.900866
   5.29759  0.297822  0.232596 -0.403064  -0.451243 -0.0792497   0.886172
   5.29759  0.305811  0.213422 -0.414249  -0.433162 -0.0610307   0.879443
    5.2976  0.307409  0.205965 -0.427565   -0.42039 -0.0429948    0.87926
   5.39398  0.297822  0.203834 -0.438217  -0.414485 -0.0340684   0.887958
   5.39401  0.286104  0.202769 -0.447805 -0.416179  -0.02473  0.897754
   5.39403  0.285039  0.202236 -0.455794   -0.42213 -0.0171311   0.901645
   5.39404  0.279712  0.198508 -0.462718  -0.430003 -0.0129197    0.90636
   5.39405  0.273321  0.192116 -0.466447 -0.444102 -0.012462  0.911258
   5.39405  0.273853  0.181996 -0.464849 -0.460353 -0.020427  0.908191
   5.39409  0.280245  0.168681 -0.466447   -0.46992 -0.0278428   0.906268
   5.39409  0.288767  0.155897 -0.466447   -0.47642 -0.0249589   0.914966
   5.39411  0.291963  0.142049 -0.463251  -0.482738 -0.0232194   0.922748
   5.39411  0.295691  0.128733 -0.462186  -0.482692 -0.0297654    0.92261
   5.39413  0.299952  0.113287 -0.453131  -0.479991 -0.0344804     0.9173
   5.39413  0.303681 0.0962426 -0.441946 -0.477611 -0.035579  0.908877
   5.39416  0.310605 0.0786658 -0.433424  -0.472758 -0.0311845   0.896518
   5.39417  0.319127 0.0642847 -0.425434  -0.463695 -0.0169938   0.881869
   5.39417  0.318062 0.0525668 -0.419043   -0.450145 -0.00394756    0.864932
   5.39418  0.300485 0.0397836 -0.414249   -0.43806 0.00269002   0.848178
   5.39419  0.275451 0.0339247  -0.41052 -0.433436 0.0111586  0.846347
    5.3942  0.248287  0.033392 -0.406259 -0.432521 0.0193984  0.852984
    5.3942  0.215264 0.0339247 -0.403596 -0.432109 0.0160567  0.856051
   5.39425  0.182773 0.0371204 -0.397737  -0.437694 0.00438374   0.864428
   5.49856     0.162 0.0371204 -0.384422  -0.449229 -0.0044511   0.878711
   5.49858   0.15188  0.033392 -0.364714  -0.459209 -0.0114091   0.887042
   5.49859  0.149217 0.0285983 -0.347137  -0.467219 -0.0110429   0.890979
   5.49859  0.148152 0.0206088 -0.326897   -0.476466 3.49879e-05    0.895694
   5.49859  0.140163 0.0099562   -0.2992   -0.479991 -0.00138408    0.893542
    5.4986    0.133238 -0.00122908   -0.273634  -0.474681 -0.0106767    0.88489
    5.4986   0.128445 -0.0140123  -0.247002   -0.467357 -0.00747234       0.881
    5.4986   0.124184 -0.0267954  -0.223034    -0.460399 -5.65648e-05        0.881
   5.49861   0.116727 -0.0358502  -0.207055   -0.44987 0.00525349   0.876056
   5.49861    0.10128 -0.0443723  -0.194804 -0.439067 0.0162856  0.875827
   5.49861  0.0847688 -0.0475681  -0.184152 -0.428264 0.0268599  0.887042
   5.49862  0.0618656 -0.0422418   -0.17563 -0.411464 0.0220534  0.891116
   5.49862  0.0341687 -0.0353175  -0.166575 -0.399608 0.0226943  0.887454
   5.49862 0.00487394 -0.0267954  -0.154857 -0.39677 0.024388 0.888553
   5.49863 -0.0297472 -0.0145449    -0.1474  -0.397136 0.00209492   0.888003
   5.49863   -0.053183 -0.00229434   -0.140476  -0.403819 -0.0156663   0.888232
   5.49863 -0.0686293 0.00356461  -0.129291  -0.414165 -0.0191453   0.896197
   5.49864 -0.0846083 0.00249935  -0.114377   -0.41888 -0.0320085   0.902469
   5.49864  -0.0904672 -0.00335961  -0.0973327  -0.419337 -0.0485337    0.90549
   5.49864 -0.0888693 -0.0140123 -0.0818864  -0.415858 -0.0563615   0.912997
   5.59702 -0.0819451 -0.0214691 -0.0632443  -0.407756 -0.0635942   0.919772
   5.59706  -0.079282 -0.0246649 -0.0467327  -0.398326 -0.0712388   0.916888
   5.59707 -0.0814125 -0.0283933 -0.0366127  -0.387569 -0.0653337   0.912356
   5.59708 -0.0814125 -0.0315891 -0.0280906  -0.379558 -0.0613053   0.910067
   5.59708 -0.0862062 -0.0342523  -0.021699  -0.372325 -0.0700486   0.908236
   5.59709 -0.0941957 -0.0310565 -0.0222316  -0.367931 -0.0678056   0.912036
   5.59713  -0.106979 -0.0278607 -0.0248948  -0.368709 -0.0626786     0.9173
   5.59714  -0.122958 -0.0283933 -0.0275579  -0.370219 -0.0689958   0.915744
   5.59714  -0.140535 -0.0251975 -0.0307537 -0.374385 -0.075908  0.907733
   5.59715 -0.162373 -0.023067 -0.031819   -0.38354 -0.0846513   0.902972
   5.59715  -0.181015 -0.0225344 -0.0296884 -0.392329 -0.101909  0.903064
   5.59716  -0.192733 -0.0214691 -0.0211663 -0.399791 -0.115138  0.905993
   5.59716    -0.20232  -0.0225344 -0.00518736 -0.408946 -0.119396  0.913318
   5.59717  -0.207114 -0.0235996 0.00546528  -0.41595 -0.133037  0.919726
   5.59717 -0.204451 -0.023067 0.0134548 -0.418285  -0.14503  0.921832
   5.59717  -0.196994 -0.0220017  0.0342274 -0.418101 -0.153911  0.923297
   5.59718    -0.1922 -0.0214691  0.0470106 -0.414851 -0.164668  0.926547
   5.59718  -0.183145 -0.0273281  0.0613917 -0.411784 -0.166545  0.928332
   5.59724 -0.165036 -0.033187 0.0917517 -0.409404 -0.166911  0.924899
   5.59724 -0.155981 -0.033187  0.107731 -0.403957 -0.163982  0.918353
   5.59725  -0.151187 -0.0363828   0.118916 -0.400889 -0.160686   0.91524
   5.59725  -0.143198 -0.0406439   0.139689 -0.397594 -0.155238  0.910342
   5.59726   -0.13361 -0.0465028   0.158331 -0.393291 -0.145625  0.900638
   5.69629   -0.12349 -0.0539597   0.168451 -0.389079 -0.136058  0.893771
   5.69632  -0.120827 -0.0598186   0.170581 -0.381435 -0.122325  0.898578
   5.69635  -0.122958 -0.0624818   0.168983 -0.372233 -0.112254  0.907779
   5.69636 -0.132013 -0.059286  0.162059 -0.363399 -0.113628  0.915103
   5.69636  -0.146926 -0.0481007     0.1562 -0.359096  -0.12054  0.927554
   5.69683  -0.164503 -0.0283933   0.150341 -0.363719 -0.129558  0.931125
   5.69685  -0.178352 -0.0049575   0.144482 -0.374477 -0.146129  0.924258
   5.69685 -0.185276 0.0099562  0.145548 -0.392329 -0.163478  0.916705
   5.69686 -0.186341 0.0104888  0.151939  -0.41421 -0.173045   0.90462
   5.69688  -0.176754 0.00409724   0.158863 -0.429225 -0.174739  0.891894
   5.69688   -0.167166 -0.00921856    0.171114 -0.437648 -0.168651  0.887683
   5.69688  -0.155981 -0.0246649   0.187626 -0.439113 -0.161281  0.887454
   5.69689  -0.145328 -0.0358502   0.208931 -0.431605 -0.154552  0.881732
   5.69689 -0.137339 -0.049166  0.233965 -0.426936 -0.142604  0.880862
   5.69689  -0.128284 -0.0614165   0.255802   -0.4257 -0.125804  0.885119
    5.6969 -0.124023 -0.069406  0.269651 -0.414165 -0.113078  0.882098
    5.6969  -0.126686 -0.0827218   0.274977 -0.400981 -0.105754  0.881045
    5.6969  -0.135741 -0.0923092    0.27764 -0.391963 -0.100627  0.884753
    5.6969  -0.150655 -0.0939071   0.270716  -0.38235 -0.107768  0.881686
   5.69691  -0.171427 -0.0976355   0.259531 -0.374889 -0.121318  0.876605
   5.79712 -0.189004 -0.103494  0.252607 -0.374339 -0.130428  0.881961
   5.79715 -0.201255 -0.111484  0.238758 -0.378642 -0.143291  0.888598
   5.79716 -0.209777 -0.121604  0.220649 -0.382121 -0.156246  0.892123
   5.79716 -0.210309 -0.132789  0.205735 -0.387935 -0.162425  0.900363
   5.79716 -0.207114 -0.146105  0.196148 -0.392146 -0.170528  0.904391
   5.79717 -0.205516 -0.163149  0.188691 -0.388438  -0.18037  0.902011
   5.79717 -0.197526   -0.1754  0.180169 -0.382854 -0.174281  0.906817
   5.79724 -0.183145 -0.181791  0.181767 -0.383906 -0.161006  0.918811
   5.79724 -0.173025 -0.183922  0.190821 -0.387294 -0.152904  0.926089
   5.79724 -0.165568 -0.184455  0.206268 -0.391368 -0.138347  0.929248
   5.79725 -0.161307 -0.188716  0.222247 -0.397731 -0.129237  0.931125
   5.79725 -0.158644 -0.196172  0.232367 -0.396632 -0.138988  0.923297
   5.79725 -0.157579 -0.208956  0.241954 -0.390956 -0.150478  0.909564
   5.79726 -0.159709 -0.227598  0.246215 -0.385463 -0.156108  0.901507
   5.79726  -0.16397 -0.243577  0.240889 -0.372508 -0.164256  0.902057
   5.79726 -0.171427 -0.251566  0.228638 -0.357448 -0.172954  0.911029
   5.79726 -0.184743 -0.254762  0.215855 -0.349757 -0.172313  0.926043
   5.79727 -0.197526 -0.252099    0.2068  -0.34669 -0.174831  0.941058
   5.79727 -0.20232 -0.24837 0.198278  -0.34875 -0.185542  0.942157
   5.79727 -0.206581 -0.251034  0.191887 -0.361888 -0.186595  0.937762
   5.89273 -0.210309 -0.256893  0.191354 -0.377956 -0.184032   0.93616
   5.89275 -0.209244  -0.26648  0.200409 -0.385463 -0.183208  0.927142
   5.89276 -0.209244  -0.27873  0.211594 -0.394389  -0.17538  0.917712
   5.89276 -0.206581 -0.289916  0.222779 -0.405788 -0.169658  0.913272
   5.89282 -0.200189 -0.305362  0.242487 -0.408992 -0.167827    0.9108
   5.89283 -0.198592 -0.322406  0.264857 -0.407802 -0.158031  0.907138
   5.89283 -0.200189 -0.336787  0.286695 -0.402721 -0.150386  0.901187
   5.89283 -0.208712 -0.349038  0.307468 -0.394527 -0.163204  0.891299
   5.89284 -0.218832 -0.358625  0.324512  -0.38679 -0.181102  0.874865
   5.89284 -0.223625 -0.369811  0.333034  -0.37942 -0.186092  0.863376
   5.89296 -0.227354 -0.384192  0.335697 -0.372508 -0.189479  0.861453
   5.89297 -0.233213 -0.400703   0.33623 -0.360103   -0.1925   0.86246
   5.89297 -0.242267 -0.414552  0.330371 -0.345912 -0.185909  0.867175
     5.893  -0.25292 -0.422541  0.322914 -0.333736 -0.185176  0.876925
     5.893 -0.256648  -0.42627  0.317055 -0.321513 -0.193645  0.887866
     5.893 -0.259312  -0.42627  0.314925 -0.315837 -0.189067  0.896884
   5.89301 -0.266236 -0.423606  0.312794  -0.31776 -0.181011  0.903933
   5.89301 -0.275823 -0.419345  0.310664 -0.322154 -0.191951  0.901507
   5.89301 -0.282747  -0.41828  0.314392 -0.326274 -0.207149  0.891803
   5.89358 -0.280084 -0.425204  0.315457 -0.329661 -0.216167  0.881045
   6.00067 -0.277421 -0.434259  0.317588 -0.329158 -0.221568  0.868274
   6.00069 -0.272095 -0.436922  0.323979 -0.328837 -0.218227  0.859851
    6.0007 -0.267301 -0.439585  0.333034 -0.330119  -0.21397  0.859302
    6.0007 -0.265703 -0.439585  0.349013 -0.329661 -0.212825  0.865802
   6.00071  -0.26304 -0.431596  0.370851   -0.3325 -0.209209  0.872073
   6.00071 -0.258779 -0.418813  0.397483 -0.343669 -0.199504  0.874957
   6.00072  -0.25292 -0.409758   0.42731 -0.361156 -0.193324  0.872897
   6.00072 -0.253453 -0.404964  0.457137 -0.376491 -0.201473  0.871386
   6.00073 -0.248126  -0.39804  0.489628 -0.385646 -0.214382  0.877475
   6.00073 -0.233213 -0.394312  0.524249 -0.389217 -0.229396  0.879535
   6.00074 -0.222027 -0.391116  0.559403  -0.39091 -0.242259  0.879031
   6.00074 -0.213505 -0.383659  0.589763 -0.391231 -0.248348  0.879306
   6.00074 -0.202853 -0.374072  0.614797 -0.388759 -0.259242  0.876468
   6.00074 -0.189537  -0.36555  0.640896 -0.384776 -0.271144  0.875781
   6.00075 -0.175156 -0.354897  0.662201 -0.379512 -0.275951  0.877154
   6.00075 -0.159709 -0.341581   0.68031 -0.373103 -0.273982  0.877063
   6.00076 -0.150122 -0.324004  0.700018 -0.370082 -0.264552  0.875094
   6.00076 -0.150122 -0.302166  0.716529 -0.371776 -0.250865  0.877292
   6.00076 -0.153318 -0.278198  0.734106 -0.374889 -0.243129  0.872119
   6.00077 -0.162373 -0.249968  0.754879 -0.377956 -0.237956  0.852664
   6.09685 -0.177819 -0.230261  0.775119 -0.384135 -0.228893  0.834399
   6.09704 -0.190069  -0.21801  0.791098 -0.391139 -0.223995  0.818835
   6.09705 -0.202853  -0.20789  0.801218 -0.391826 -0.221065  0.808398
   6.09705 -0.225223 -0.200966  0.813468 -0.387019 -0.210903  0.811465
   6.09706 -0.239072 -0.197238  0.821458 -0.380931 -0.200603  0.819293
   6.09706 -0.250257 -0.194575   0.82199 -0.378368 -0.197765   0.82149
   6.09706  -0.27316 -0.184455  0.824121 -0.374889 -0.196437  0.817828
   6.09707 -0.284878 -0.176998  0.825719 -0.371776 -0.189845  0.819888
   6.09708 -0.294465 -0.169008  0.828382 -0.372142 -0.184581   0.82561
   6.09708 -0.316303  -0.15516  0.832111 -0.375392 -0.183986  0.834491
   6.09709 -0.328554 -0.149301  0.833176 -0.379832 -0.190807  0.845523
   6.09709 -0.334413 -0.142909  0.832643 -0.381023 -0.198222  0.847674
    6.0971 -0.353055 -0.129593  0.832111 -0.378825 -0.203807  0.852115
    6.0971 -0.369567 -0.112549  0.830513 -0.381755 -0.207103  0.864108
   6.09711 -0.378089 -0.100299  0.830513 -0.392924 -0.213832  0.875094
   6.09712  -0.386611 -0.0923092   0.826784 -0.399013 -0.228801  0.878436
   6.09714  -0.391937 -0.0848523   0.816132 -0.398189  -0.23196  0.881915
   6.09787  -0.396198 -0.0789934   0.806544 -0.397822 -0.233836  0.887866
   6.09791  -0.403122 -0.0678081   0.795359  -0.39503 -0.233608   0.89487
   6.09791  -0.411644 -0.0560902   0.785772  -0.39297 -0.220149  0.908832
   6.09792 -0.419634 -0.043307  0.777249 -0.396907  -0.21461   0.92673
   6.09792 -0.428689 -0.023067   0.76926 -0.396175  -0.22166  0.941562
   6.09795    -0.43508 -0.00389224    0.765531 -0.394481 -0.224727  0.954196
   6.19684 -0.439341 0.0126194  0.757009 -0.397227 -0.229533  0.961657
   6.19687 -0.444668 0.0312615  0.747955   -0.3959 -0.251598  0.954333
   6.19688 -0.448929 0.0445773  0.743694 -0.395763 -0.269176  0.939822
   6.19688 -0.45319 0.053632 0.734639 -0.405788 -0.271922  0.932086
   6.19689 -0.454788 0.0557626  0.720258 -0.412837 -0.278056  0.927783
   6.19689 -0.454788 0.0530994  0.701616  -0.41064 -0.279796   0.92554
   6.19693 -0.452125 0.0557626   0.68031 -0.408671 -0.269954  0.936206
   6.19693 -0.451059 0.0600236   0.65794 -0.403636 -0.259609  0.949481
   6.19693  -0.45532 0.0610889  0.635569 -0.398326 -0.253841  0.952182
   6.19694 -0.461712 0.0621542  0.614264 -0.399974 -0.240474  0.949252
   6.19694 -0.470767 0.0669478  0.587632 -0.405879 -0.223857  0.949618
   6.19694 -0.475028 0.0717415  0.561533 -0.416316 -0.214656  0.955752
   6.19694 -0.474495 0.0791984  0.539163 -0.434169 -0.201976  0.966647
   6.19695  -0.47343 0.0925142   0.51626  -0.45724 -0.188655  0.986377
   6.19695 -0.464908  0.099971  0.496552 -0.481227 -0.184215   1.00556
   6.19695 -0.454255 0.0978405  0.477377 -0.500728 -0.188152   1.01595
   6.19696 -0.434548 0.0962426  0.461931 -0.510478 -0.202113   1.02355
   6.19696 -0.404188  0.103699  0.452876 -0.515605 -0.219096   1.03014
   6.19696 -0.371164  0.121276  0.449681 -0.529704 -0.221477   1.03458
   6.19696 -0.332282  0.142582  0.451811 -0.552913 -0.207469   1.03481
   6.29667 -0.297129  0.159626  0.457137 -0.575435 -0.198863   1.02693
   6.29671 -0.265171  0.168148  0.470986 -0.592509 -0.198863   1.01155
   6.29671 -0.231082  0.166017  0.484834 -0.604732 -0.201335  0.987887
   6.29672 -0.195396  0.156963   0.49602 -0.608028 -0.207012  0.954608
   6.29675 -0.162905  0.146843  0.509335 -0.600795 -0.198451   0.92792
   6.29675 -0.141067  0.137255  0.511999  -0.58958 -0.175792  0.910617
   6.29676 -0.135741  0.130864  0.508803 -0.579829 -0.157939  0.894916
   6.29676 -0.140535  0.127668  0.507205 -0.568111 -0.151897  0.887958
   6.29676 -0.143198  0.128201  0.502944 -0.555156 -0.149928  0.886081
   6.29677 -0.148524  0.130864  0.497617 -0.551173 -0.148143   0.88338
   6.29677 -0.157046  0.130864  0.491226 -0.550075 -0.157893  0.881732
   6.29677 -0.159177  0.125005  0.479508 -0.553966 -0.173641  0.880954
    6.3312 -0.149589  0.109026  0.466725 -0.566691  -0.18925  0.871798
   6.33123  -0.13148 0.0914489  0.459268 -0.576579 -0.199504  0.860675
   6.33124 -0.118164 0.0674805  0.448083 -0.586146 -0.192409  0.864016
   6.33124 -0.106446 0.0360552  0.429441 -0.588893 -0.193691  0.857196
   6.33127 -0.0878041 0.00516251   0.410266 -0.579326 -0.202159  0.837787
   6.33128 -0.0664988 -0.0235996   0.394287 -0.575023   -0.1898  0.831973
   6.33128 -0.0521177 -0.0443723   0.377243 -0.571635 -0.170482  0.835681
   6.33128 -0.0489219  -0.059286    0.35647 -0.563212 -0.151897  0.839526
   6.39314 -0.0505198 -0.0667428   0.342621 -0.559779 -0.133174  0.840075
   6.39317 -0.0478567 -0.0699386   0.329838 -0.563396 -0.122966  0.842593
   6.39319 -0.043063 -0.069406  0.313327 -0.573237 -0.123744  0.838885
   6.39319 -0.0419977 -0.0720692   0.297348 -0.584224 -0.122417  0.832568
   6.39324 -0.0425303 -0.0821892   0.279238 -0.593608 -0.113628  0.831195
   6.39325 -0.0393345 -0.0976355   0.260596 -0.599742 -0.115871  0.822543
   6.39325 -0.0340082  -0.118941   0.240356  -0.60226 -0.118297  0.816134
   6.39326 -0.0324103  -0.140779   0.220649 -0.600658 -0.107219  0.825244
   6.39326 -0.0318777  -0.155692   0.200409 -0.588435 -0.102504  0.835223
   6.39326 -0.0318777  -0.165812   0.180701 -0.570262 -0.104518   0.83417
   6.39339 -0.0324103  -0.176998   0.160994 -0.558086 -0.108684   0.83092
    6.3934 -0.0334756  -0.186052   0.143417 -0.546138 -0.119212  0.832568
    6.3934 -0.0340082  -0.193509   0.119981 -0.530757 -0.133769  0.831973
   6.39341 -0.0324103  -0.205227  0.0874906 -0.515468 -0.142696  0.826983
   6.39341 -0.0292145  -0.218543  0.0534022 -0.503017 -0.142787  0.820575
   6.39341 -0.0265514  -0.229196  0.0225095 -0.493266 -0.140453  0.813067
   6.39342   -0.027084   -0.229728 -0.00518737 -0.489284 -0.128642  0.820804
   6.39342 -0.0302798  -0.222271 -0.0296884 -0.498805 -0.110835  0.840442
   6.39342 -0.0350735  -0.217478 -0.0408737 -0.512858 -0.102733  0.848727
   6.43114 -0.0345408  -0.214815 -0.0499285 -0.523936 -0.104381  0.845523
   6.49946 -0.0228229  -0.214815 -0.0616464 -0.535335 -0.109371    0.8436
   6.49949 -0.00471344   -0.219076  -0.0685706 -0.547877 -0.117061  0.845202
    6.4995  0.0139287  -0.222804 -0.0717664 -0.553462 -0.122325  0.850879
   6.49951  0.0277771  -0.218543 -0.0754948 -0.552409 -0.116649  0.861041
   6.49951  0.0347013  -0.212684 -0.0786906 -0.546001 -0.122005  0.861041
   6.49952  0.0432235  -0.202564 -0.0797559 -0.532588 -0.145213  0.847033
   6.49952  0.0618656   -0.18552 -0.0829517 -0.522014 -0.154735  0.834399
   6.49952  0.0810403  -0.170606 -0.0904085  -0.51794 -0.155788  0.830096
   6.49953  0.0911604  -0.157823 -0.0989306 -0.512309 -0.163112  0.829867
   6.49954 0.0959541  -0.14504 -0.109051 -0.502971 -0.164165  0.832522
   6.49955 0.0996825 -0.132789 -0.119703 -0.491847  -0.16888  0.832293
   6.49955  0.101813  -0.12693 -0.123432 -0.479488 -0.183162  0.833529
   6.49956  0.107139  -0.11681 -0.128758 -0.473399 -0.189708  0.837237
   6.49956    0.11939 -0.0944397  -0.133552 -0.472072 -0.187694  0.837695
   6.49957   0.127912 -0.0715365  -0.131954 -0.473308 -0.181056  0.837054
   6.49957    0.12951 -0.0608839  -0.130889 -0.478343 -0.177715  0.831286
   6.49957   0.133238 -0.0539597  -0.128758 -0.480815 -0.178996  0.826617
   6.49958   0.140163 -0.0443723  -0.125562 -0.486125 -0.181377  0.824145
   6.49958   0.152946 -0.0427744  -0.118105 -0.493953 -0.184902  0.820071
   6.49958   0.17212 -0.043307 -0.107985 -0.494594 -0.187969  0.823459
   6.49959   0.188099 -0.0427744  -0.100529  -0.49258 -0.190944    0.8268
   6.49959   0.197687 -0.0417091 -0.0909412 -0.489513 -0.195339  0.824878
   6.59614    0.21047 -0.0385133 -0.0765601 -0.484202 -0.206691  0.824878
   6.59618   0.226449 -0.0363828 -0.0637769 -0.474818 -0.217037  0.822085
   6.59619   0.244026 -0.0342523 -0.0541895 -0.468455 -0.216991  0.817737
    6.5962   0.260005 -0.0294586 -0.0440695 -0.470561 -0.216579  0.811419
   6.59621   0.266929 -0.0299912 -0.0414064 -0.466899 -0.216396  0.802173
   6.59621   0.270657 -0.0337196 -0.0424716 -0.459209 -0.214748  0.793979
   6.59622   0.277582 -0.0385133 -0.0435369 -0.449641 -0.217037  0.785281
   6.59624   0.282908 -0.0406439 -0.0477979 -0.435588  -0.21342   0.78107
   6.59624   0.281843 -0.0374481 -0.0552548  -0.42213 -0.197719  0.782489
   6.59625   0.271723 -0.0342523 -0.0691032  -0.41064 -0.185542   0.78313
   6.59626   0.256809 -0.0299912 -0.0845496 -0.400523 -0.185726  0.786288
   6.59627    0.24882 -0.0241323  -0.103724 -0.392787 -0.187557   0.79256
   6.59627  0.243493 -0.012947 -0.127693 -0.387477  -0.18243  0.798419
   6.59628    0.233906 0.000368818   -0.146868 -0.383128 -0.171489  0.800754
   6.59629  0.222188 0.0115541 -0.166575 -0.384273 -0.164577  0.806933
    6.5963  0.209405 0.0222067 -0.187348 -0.38647 -0.16476 0.816638
   6.59631  0.198752 0.0328594  -0.20599  -0.38409 -0.170574  0.813571
   6.59631  0.193426 0.0413815 -0.227828 -0.382487 -0.175243  0.804828
   6.59632  0.187034  0.049371 -0.247002 -0.386241 -0.169246  0.802539
   6.59634  0.181175 0.0589584 -0.259786  -0.39384 -0.167415  0.801578
   6.69661  0.176914 0.0680131 -0.272569 -0.400477 -0.170436  0.804965
   6.69664  0.176914 0.0770679 -0.280026 -0.406108 -0.163295   0.81586
   6.69665  0.179045 0.0850573 -0.280026 -0.411189 -0.160137  0.818835
   6.69665  0.181708 0.0941121 -0.278428 -0.413524 -0.158351  0.814807
   6.69666  0.187567  0.107961 -0.270971 -0.419337 -0.150661  0.818927
    6.6967   0.19023  0.121809 -0.260851 -0.427531 -0.148876  0.824008
    6.6967  0.193958  0.130864 -0.252329 -0.433894 -0.149471  0.820849
   6.69671  0.201415  0.132994 -0.243807   -0.4425 -0.143932  0.823047
   6.69671  0.204611  0.130331 -0.237948 -0.446757 -0.141322   0.83092
   6.69671  0.207274  0.128201 -0.232089 -0.441859 -0.151851  0.833987
   6.69671  0.208339  0.126603 -0.228893 -0.434901 -0.160457  0.835132
   6.69672  0.211003  0.125537 -0.231556 -0.426524  -0.16801  0.833163
   6.69672  0.217927   0.12607 -0.235817 -0.411601 -0.179225  0.828677
   6.69672  0.219525  0.130864 -0.242209 -0.401118 -0.172542  0.831607
   6.69673  0.217394  0.135657 -0.243807 -0.402354 -0.158122  0.846164
   6.69673  0.216329  0.140451 -0.241676 -0.403636 -0.156612  0.856097
   6.69673  0.216329  0.145245 -0.239013 -0.403636 -0.153682  0.852801
   6.69674  0.214731  0.143114 -0.232621 -0.407069 -0.149425  0.848773
   6.69674  0.214731  0.135125 -0.226762 -0.405284 -0.158992  0.844607
   6.69674  0.217927  0.128201 -0.220903 -0.396449 -0.167461  0.834536
   6.79624  0.217394  0.123407 -0.215044 -0.390819 -0.158077  0.834308
   6.79628   0.21047  0.120744 -0.205457 -0.385875 -0.149654  0.840487
   6.79629  0.198219  0.121276 -0.194804 -0.374705 -0.144939  0.840396
   6.79629  0.186502  0.125005 -0.186815  -0.36729 -0.135326  0.844195
    6.7963  0.176914  0.128733 -0.176162 -0.364726  -0.13496  0.853808
    6.7963  0.167327  0.130864 -0.161781 -0.365367 -0.151119  0.855456
   6.79631 0.158805 0.135657  -0.1474 -0.360698 -0.160228  0.855914
   6.79635  0.150815  0.142582 -0.134617 -0.356441 -0.155879  0.862689
   6.79636  0.143891  0.148973 -0.122366  -0.36024 -0.161006  0.863604
   6.79636  0.137499  0.148973 -0.111714 -0.361247 -0.169566  0.866626
   6.79637   0.130043   0.151636 -0.0989306 -0.361934 -0.170848   0.87482
   6.79637   0.123651   0.155365 -0.0856148 -0.357677 -0.174556  0.877063
   6.79637   0.117259   0.154832 -0.0786906 -0.348247 -0.179958  0.876468
   6.79638   0.103411   0.152169 -0.0738969 -0.341426 -0.180919   0.87688
   6.79638 0.0868993  0.150571 -0.072299 -0.335887 -0.189021  0.872119
   6.79639  0.0709203   0.151104 -0.0760275 -0.325267 -0.200557  0.864795
   6.79639  0.0581372   0.152702 -0.0792232 -0.317531  -0.19955   0.86246
   6.79639  0.0448214   0.152702 -0.0818864 -0.315425 -0.192684  0.866305
    6.7964  0.0299077   0.153234 -0.0829517 -0.313457 -0.188426  0.871478
   6.89289  0.0181897   0.155365 -0.0829517 -0.315745 -0.180187  0.878207
   6.89292 8.02488e-05    0.156963   -0.078158 -0.322017  -0.17332  0.885852
   6.89293 -0.0206924   0.160691 -0.0637769 -0.326686 -0.172862  0.891025
   6.89293 -0.0324103   0.166017 -0.0467327 -0.334514 -0.170299  0.894458
   6.89294 -0.0382693   0.170279  -0.031819 -0.351131 -0.174968  0.893084
   6.89294  -0.043063    0.16655 -0.0126442 -0.369029 -0.185726  0.894229
   6.89294 -0.0425303   0.157495 0.00812844 -0.388026 -0.186458  0.902606
   6.89295 -0.0388019   0.147375  0.0299664 -0.40327 -0.18362 0.913913
   6.89295 -0.0308124   0.140451  0.0539348 -0.411738 -0.185909  0.927188
     6.893 -0.0238882   0.135657  0.0763054 -0.421947 -0.189845   0.94115
     6.893 -0.0180292   0.129798  0.0960128 -0.429957 -0.195476  0.948474
   6.89301 -0.0089745   0.120211   0.111992 -0.430827 -0.208659   0.94147
   6.89302 -0.00311554    0.107428    0.118916 -0.428584  -0.22134  0.931033
   6.89302 -0.00311554   0.0973079    0.112524 -0.427852 -0.225322  0.918582
   6.89302 -0.00790923   0.0823942     0.10347 -0.421947 -0.228206  0.902011
   6.89303 -0.0121703  0.0664152  0.0896212 -0.414256 -0.224178  0.893313
   6.89303 -0.0206924  0.0541647  0.0699138 -0.408076 -0.213329  0.897342
   6.89304 -0.0377366  0.0488384  0.0528695  -0.40121 -0.204814  0.901095
   6.89305 -0.0579767  0.0515015  0.0320969 -0.402446 -0.192546  0.906177
   6.89305 -0.0755535  0.0509689  0.0177158 -0.414394 -0.186046  0.917941
   6.99797 -0.0878041  0.0419141   0.010259 -0.431148 -0.197032  0.920596
   6.99803  -0.0952609   0.0238046 -0.00518736 -0.447764   -0.2066  0.917529
   6.99803 -0.0952609 0.00516251 -0.0174379 -0.467082 -0.202571  0.921328
   6.99804 -0.0915325  -0.012947 -0.0243621  -0.48379 -0.201427  0.926593
   6.99804 -0.0909999 -0.0225344 -0.0286232 -0.495006  -0.20399  0.932132
   6.99805 -0.0856735  -0.028926 -0.0302211 -0.510112 -0.200328  0.943988
   6.99805 -0.0712925 -0.0385133 -0.0286232 -0.526271 -0.195705  0.950488
   6.99806 -0.0569114 -0.0475681 -0.0206337 -0.536204 -0.188793  0.947513
   6.99806 -0.0446609 -0.0571555 -0.0137095 -0.545543 -0.173457  0.946689
   6.99806 -0.0334756 -0.0662102   -0.00572 -0.55273 -0.16238 0.940555
   6.99807 -0.0228229 -0.0789934 0.00120422 -0.551814 -0.158763  0.920642
   6.99807 -0.0127029 -0.0901787 0.00866107 -0.545634 -0.144115  0.903109
   6.99807 -0.00790923  -0.0928418   0.0155853 -0.538356 -0.119121  0.898578
   6.99808 -0.0116377 -0.0923092  0.0166506 -0.529613 -0.104656  0.899218
   6.99808 -0.0217577 -0.0869829  0.0225095   -0.52119 -0.0954545   0.900134
   6.99809 -0.0302798 -0.0726018  0.0320969  -0.517665 -0.0821336   0.907458
   6.99809 -0.0382693 -0.0555576  0.0432822  -0.513408 -0.0817216   0.909701
    6.9981 -0.0494545 -0.0449049  0.0470106  -0.504893 -0.0853379   0.900454
    6.9981 -0.0595746 -0.0422418  0.0427495  -0.495051 -0.0783799   0.893863
    6.9981 -0.0680967  -0.039046  0.0358253  -0.482326 -0.0792497   0.891803
   6.99811 -0.079282 -0.033187 0.0251727 -0.464702 -0.085521  0.891894
   7.09691 -0.0947283 -0.0262628  0.0123895  -0.451427 -0.0803941   0.894916
   7.09694   -0.116034  -0.0150775 -0.00358947  -0.443141 -0.0801652    0.89931
   7.09694    -0.13361 -0.00549014  -0.0243621  -0.436503 -0.0949968    0.89899
   7.09695    -0.144263 -0.000696446   -0.0472653 -0.432384 -0.100993   0.90105
   7.09698    -0.15172 -0.00176171   -0.072299  -0.430553 -0.0992082    0.90961
   7.09698   -0.15385 -0.0049575  -0.100529  -0.426616 -0.0995744   0.916247
   7.09698   -0.154383 -0.00229434   -0.128225  -0.420985 -0.0882676   0.921695
   7.09699  -0.156514 0.00409724  -0.153792   -0.42158 -0.0760911   0.929751
   7.09699  -0.16184 0.0115541 -0.176695  -0.419017 -0.0809434   0.934695
   7.09699 -0.164503  0.023272 -0.196935  -0.417735 -0.0865281   0.937762
     7.097 -0.163438 0.0413815 -0.209718  -0.428859 -0.0784257   0.944674
     7.097 -0.166634 0.0626868 -0.215577  -0.445064 -0.0787919   0.944034
     7.097 -0.170895 0.0807963 -0.217708  -0.461269 -0.0986589   0.929568
     7.097 -0.168764 0.0887858 -0.218773 -0.47523 -0.11317 0.916888
   7.09701 -0.157046  0.089851 -0.217708 -0.483195 -0.117107  0.913043
   7.09701 -0.139469 0.0871879  -0.21611 -0.485576 -0.117427  0.912814
   7.09701  -0.12349 0.0861226 -0.215577 -0.481822 -0.105892   0.91524
   7.09701 -0.117099 0.0946447 -0.210783 -0.476695 -0.100902  0.915835
   7.09702 -0.112838  0.104765 -0.203327 -0.470561 -0.114177  0.914599
   7.09704 -0.105914  0.117015 -0.195337 -0.469371 -0.123699  0.913272
   7.19642 -0.0963262   0.131929   -0.18575  -0.47317 -0.124523  0.908328
   7.19645 -0.0830104   0.141516  -0.179358 -0.476924 -0.123653  0.903018
   7.19646 -0.067564  0.148973 -0.177228  -0.48466 -0.117244  0.907641
   7.19646 -0.0483893    0.15643  -0.174032 -0.489925 -0.107127  0.918261
   7.19646 -0.0302798   0.165485  -0.162314 -0.489192 -0.100902  0.919406
   7.19649 -0.0174966    0.17454  -0.149531  -0.487865 -0.0986131   0.913684
    7.1965 8.02488e-05    0.187855   -0.141541  -0.488917 -0.0992082   0.903567
    7.1965 0.0187224  0.199041 -0.130889 -0.491252 -0.104015   0.88901
    7.1965 0.0331034  0.203834 -0.120236 -0.494319 -0.105251  0.887866
   7.19651 0.0544087  0.212889 -0.111714  -0.49496 -0.101268  0.890796
   7.19651 0.0730509  0.223542 -0.110116  -0.490657 -0.0982926   0.879397
   7.19651 0.0837035  0.236858 -0.107453  -0.489833 -0.0879472   0.869098
   7.19651 0.0932909  0.254967 -0.103724  -0.495509 -0.0731614   0.870288
   7.19652 0.0975519   0.26775 -0.107453  -0.498714 -0.0679887   0.859805
   7.19652 0.0938235  0.275207 -0.111181 -0.496791 -0.065883  0.838611
   7.19652 0.0922256  0.281066 -0.118105 -0.493632 -0.055858  0.830096
   7.19653 0.0874319  0.283729 -0.126095  -0.494914 -0.0446885   0.824511
   7.19653 0.0719856  0.282664 -0.136748    -0.4929 -0.0379136   0.819247
   7.19653 0.0506803  0.282131 -0.152726  -0.489101 -0.0345719   0.824557
   7.19653 0.029375 0.286925 -0.16551  -0.488048 -0.0402482   0.829547
   7.29604 0.0107329  0.291186  -0.17563  -0.485576 -0.0487168   0.827807
   7.29606 -0.00790923    0.292784   -0.184152  -0.488826 -0.0510057   0.830234
   7.29607 -0.0254861   0.294914  -0.190543  -0.499171 -0.0592912   0.830188
   7.29607 -0.0345408   0.292251  -0.193739  -0.508098 -0.0730699   0.823916
   7.29607 -0.0382693   0.281599  -0.193739  -0.517161 -0.0759996   0.822085
   7.29608 -0.0457261   0.267218  -0.190011  -0.532176 -0.0755876    0.82117
   7.29608 -0.0489219   0.248043  -0.184684  -0.543254 -0.0819963   0.817279
   7.29608 -0.0462588   0.224074  -0.181489  -0.548793 -0.0800279   0.821399
   7.29608 -0.0382693   0.201704  -0.177228   -0.55186 -0.0644639    0.83678
   7.29609 -0.0318777   0.179866   -0.16764  -0.545726 -0.0547593   0.853122
   7.29609 -0.0297472   0.163887   -0.15752  -0.540278 -0.0489915   0.865024
   7.29609 -0.0238882    0.15643  -0.147933  -0.539775 -0.0443681   0.875873
    7.2961 -0.0206924   0.151636   -0.13515  -0.537211 -0.0539353   0.876239
    7.2961 -0.0158987   0.148973  -0.121834  -0.532771 -0.0646928   0.865344
    7.2961 -0.00577871    0.143114   -0.110116  -0.533778 -0.0648759   0.861957
    7.2961 0.00327604   0.138321  -0.102126  -0.535701 -0.0656999   0.859897
   7.29611  0.0133961    0.13619 -0.0968001  -0.527965 -0.0699571   0.851886
   7.29611  0.0213855   0.129798 -0.0914738 -0.520549 -0.066707  0.852298
   7.29611  0.0208529   0.122874 -0.0893433 -0.514873 -0.067302  0.858844
   7.29612  0.0203203   0.120211 -0.0909412  -0.504573 -0.0782426   0.852206
   7.39334  0.0219182   0.120211 -0.0904085  -0.494502 -0.0776933   0.840762
    7.3935  0.0187224   0.120744 -0.0904085   -0.48878 -0.0742143   0.836963
   7.39356  0.0128634   0.119678 -0.0930717  -0.485026 -0.0771897   0.833484
   7.39367  0.0075371   0.113287 -0.0978654  -0.482371 -0.0713304    0.83092
   7.39368 -0.00151765    0.104765    -0.10692 -0.482875 -0.061992  0.836642
   7.39375 -0.0100398  0.0962426   -0.11491  -0.479991 -0.0660203    0.84154
   7.39377 -0.0158987  0.0887858  -0.119171   -0.47111 -0.0756333   0.840808
   7.39389 -0.0206924  0.0786658  -0.125562  -0.467586 -0.0794328   0.841403
   7.39438 -0.0276166   0.069611  -0.133552  -0.468227 -0.0858873   0.841632
    7.3944 -0.0361387  0.0626868  -0.139411  -0.467769 -0.0927537   0.838611
    7.3944 -0.0398672  0.0552299  -0.142074   -0.47166 -0.0889085   0.833484
   7.39441 -0.0467914  0.0456426  -0.142606  -0.479259 -0.0895951   0.830462
   7.39441 -0.0537156  0.0344573  -0.141541 -0.482555 -0.102229  0.830783
   7.39441 -0.0526503  0.0264678   -0.13728   -0.4826 -0.107539  0.834994
   7.39441 -0.0505198  0.0222067  -0.134084 -0.485942 -0.105983  0.838107
   7.39442 -0.0499872  0.0179457  -0.128225 -0.488505 -0.105663   0.83797
   7.39442 -0.0467914  0.0099562   -0.11704 -0.485622 -0.104747  0.838107
    7.3945 -0.0425303 0.00090145  -0.107985 -0.479854 -0.105022  0.832751
   7.39451  -0.0425303 -0.00708803   -0.098398 -0.472941 -0.105205  0.825335
   7.39452 -0.0451935 -0.0108165 -0.0941369 -0.464976 -0.106624  0.821811
   7.39452 -0.0510524 -0.0140123  -0.100529 -0.457606 -0.108913  0.818469
   7.49957 -0.0622377 -0.0188059  -0.107985 -0.448222  -0.10612  0.818011
   7.49959 -0.0771514 -0.0182733  -0.120769 -0.439021 -0.111293  0.827441
    7.4996 -0.0931304 -0.0134796  -0.138878 -0.433665 -0.121455  0.845797
    7.4996  -0.0984567 -0.00549014   -0.155922 -0.432338  -0.12466  0.867587
    7.4996 -0.0979241  0.0067604  -0.174032 -0.430873 -0.129421  0.885211
   7.49961 -0.102718  0.017413 -0.190543 -0.43394 -0.13821 0.892169
   7.49961 -0.107511 0.0307289 -0.204924 -0.440806 -0.153545  0.891803
   7.49962 -0.105381  0.043512 -0.219306 -0.445064 -0.171169  0.885302
   7.49962 -0.0947283  0.0515015  -0.230491 -0.455318 -0.184078  0.875644
   7.49962 -0.0814125  0.0557626  -0.239013 -0.464519 -0.192226  0.870974
   7.49963 -0.0680967  0.0578931  -0.247002 -0.465571 -0.193691  0.871615
   7.49963 -0.0478567  0.0626868  -0.250198 -0.467952  -0.19044  0.885943
   7.49963 -0.0249535  0.0728068  -0.243274 -0.472255 -0.181835  0.911899
   7.49964 -0.00151765   0.0946447   -0.227295 -0.478618 -0.176524  0.928515
   7.49965 0.0235161  0.119146 -0.207055 -0.492396 -0.178905   0.92998
   7.49965 0.0490824  0.134592 -0.184684  -0.50677 -0.183254  0.929889
   7.49965 0.0805077   0.14631 -0.161781 -0.518855 -0.194835  0.928836
   7.49969  0.110335  0.153767 -0.139943 -0.531169 -0.207378  0.922564
   7.49969   0.14176  0.155365 -0.123964 -0.535701  -0.21255   0.91904
    7.4997  0.173718  0.153234 -0.112246  -0.52737 -0.215846   0.91286
   7.59684 0.198219 0.151636 -0.10692 -0.512492 -0.220332   0.89812
   7.59687  0.216329  0.150571 -0.104257 -0.496837 -0.221431  0.888324
   7.59689  0.233373  0.152169 -0.100529 -0.483928 -0.218318  0.888644
    7.5969  0.248287  0.156963 -0.100529 -0.475368 -0.215938  0.884387
    7.5969 0.257874 0.159093 -0.10692 -0.469646 -0.207652  0.878711
   7.59691  0.262668  0.160158 -0.115442 -0.468547 -0.196071  0.877932
   7.59692  0.263733  0.161224 -0.123964 -0.468684 -0.193416  0.873126
   7.59693  0.261603  0.160691 -0.136748 -0.468684  -0.19099  0.867495
   7.59693  0.260005  0.158028 -0.147933 -0.476283 -0.181743  0.872348
   7.59694  0.256809  0.153767 -0.152194 -0.491801 -0.179363  0.876559
   7.59699 0.248287  0.14631 -0.15752 -0.505946 -0.182842  0.874911
   7.59702  0.242961  0.137255 -0.162847 -0.519679 -0.184398  0.882235
   7.59702  0.245091  0.125537 -0.161249 -0.532588 -0.193416  0.890613
   7.59703  0.253081  0.110624 -0.156988 -0.536937 -0.200969   0.88956
   7.59703  0.263733 0.0967753 -0.151129 -0.539363 -0.189662  0.890201
   7.59704  0.273321 0.0839921 -0.143672 -0.543803 -0.177669  0.889605
   7.59704  0.285039 0.0717415 -0.136748 -0.543529 -0.174968  0.877704
   7.59705  0.293561 0.0589584 -0.133552 -0.533504 -0.165904  0.864154
   7.59705    0.2893 0.0477731  -0.12716 -0.519862 -0.157619  0.858203
   7.59705  0.282908 0.0376531 -0.123432 -0.503245 -0.156795  0.847812
   7.69672  0.276516 0.0317941 -0.128225 -0.483516 -0.151119  0.833484
   7.69675  0.260005 0.0307289 -0.133552 -0.472392 -0.138118  0.825427
   7.69676  0.239232 0.0328594 -0.140476 -0.462459 -0.128551   0.82117
   7.69677  0.219525 0.0376531   -0.1474 -0.455592 -0.114909  0.828723
   7.69677  0.199817 0.0488384 -0.150063  -0.46635 -0.090236  0.853442
   7.69678  0.181175 0.0616215 -0.144737  -0.483562 -0.0797532   0.873721
   7.69678  0.168925 0.0690784 -0.132486 -0.497203 -0.087581  0.880908
   7.69682  0.166262 0.0706763 -0.120236  -0.510158 -0.0949968   0.884707
   7.69682  0.171588 0.0648173 -0.110649 -0.513179 -0.101634  0.882968
   7.69682  0.177979 0.0568278 -0.101594 -0.511302 -0.101955  0.873813
   7.69683   0.177979  0.0456426 -0.0957348  -0.509425 -0.0909227   0.864566
   7.69683   0.168925   0.033392 -0.0936043  -0.497386 -0.0876725   0.855594
   7.69684    0.15188  0.0254025 -0.0946696  -0.479533 -0.0989335   0.843692
   7.69684   0.139097  0.0238046 -0.0957348 -0.462504 -0.102321  0.840716
   7.69684   0.127379  0.0285983 -0.0968001 -0.453899 -0.098018  0.847217
   7.69684  0.116194 0.0355225 -0.102659 -0.450832  -0.10374  0.849139
   7.69685  0.104476 0.0360552  -0.10692 -0.447856 -0.107127  0.844195
   7.69685 0.0900951 0.0371204 -0.107985  -0.450374 -0.0980638   0.840945
   7.69685 0.0746488 0.0413815 -0.104257  -0.459575 -0.0960038   0.841174
   7.69686  0.0549414  0.0440447 -0.0968001 -0.468043 -0.105708  0.839847
   7.79701 0.0320382 0.0419141 -0.088278   -0.4761 -0.118572  0.829959
   7.79705 0.0171245 0.0301962 -0.078158 -0.486034 -0.134227  0.822177
   7.79705  0.0123308  0.0147499 -0.0653748 -0.494731 -0.144847  0.828952
   7.79706  0.00647184 -0.00282698  -0.0499285 -0.500819  -0.14091  0.840304
   7.79706 -0.00258291  -0.0257302  -0.0382106 -0.496333 -0.140636  0.846896
   7.79707 -0.0137682 -0.0475681 -0.0254274  -0.48521 -0.158626  0.851565
   7.79714 -0.0148335 -0.0667428 -0.0126442 -0.472758 -0.176662  0.857242
   7.79714 -0.00151765  -0.0837871  -0.0041221 -0.457744 -0.182887  0.859485
   7.79715   0.0112655  -0.0960376 0.000138958 -0.445293 -0.174785  0.863971
   7.79715  0.0160592  -0.108288 0.00173685 -0.439067 -0.155925  0.872027
   7.79716   0.019255  -0.122137 0.00493265 -0.437053 -0.138713  0.873675
   7.79716  0.0165918   -0.13705 0.00759581 -0.428676 -0.133312  0.871341
   7.79716  0.0107329  -0.148768 0.00706318 -0.416911 -0.131801  0.870837
   7.79717 0.00700447  -0.155692 0.00440002 -0.406612 -0.125804  0.866031
   7.79717 0.000612881   -0.162084 -0.00145894 -0.392604 -0.122417  0.858294
   7.79717 -0.0127029  -0.168476 -0.0126442 -0.382487 -0.124294  0.856418
   7.79717 -0.0308124  -0.170073  -0.021699 -0.375117 -0.130336  0.856875
   7.79718 -0.0457261  -0.167943 -0.0307537  -0.36111 -0.141826  0.850467
   7.79718 -0.0606398  -0.165812 -0.0392758 -0.356761 -0.155284  0.844241
   7.79718 -0.0760862  -0.163682 -0.0483306 -0.365825 -0.162837  0.845202
   7.89325 -0.0851409  -0.164747 -0.0573853 -0.366695 -0.166637  0.846164
   7.89327 -0.0904672  -0.167943 -0.0627116 -0.365733 -0.171626  0.847445
   7.89331  -0.099522  -0.173802 -0.0632443 -0.372279 -0.171718  0.851703
   7.89331  -0.104848  -0.178063 -0.0605811 -0.375941 -0.170116   0.85422
   7.89332  -0.102718  -0.179661 -0.0600485 -0.376079 -0.171214    0.8539
   7.89332  -0.104848   -0.18765 -0.0547222 -0.379878 -0.170116  0.855456
   7.89333  -0.109109  -0.194042 -0.0499285 -0.384868 -0.165675  0.866672
   7.89333 -0.108577 -0.203629   -0.0462 -0.386058 -0.162334   0.87633
   7.89333  -0.106446  -0.221206 -0.0403411 -0.380061 -0.166179  0.876468
   7.89334 -0.100587 -0.233457 -0.031819 -0.368663 -0.166087  0.873584
   7.89334 -0.0957936  -0.241979 -0.0227642 -0.360744 -0.158946   0.87688
   7.89335 -0.0947283  -0.248903 -0.0211663 -0.353236  -0.16032    0.8837
   7.89335  -0.093663  -0.249436 -0.0190358 -0.344356 -0.165126  0.881045
   7.89335 -0.0915325   -0.24624 -0.0126442 -0.339549 -0.163707     0.881
   7.89338 -0.0899346  -0.244109 -0.0110463  -0.33607 -0.164348  0.887546
   7.89345  -0.0931304    -0.23825 -0.00998105 -0.330348 -0.172679  0.881091
   7.89345  -0.0984567   -0.230261 -0.00465473  -0.33076 -0.182384  0.868274
   7.89346 -0.0979241  -0.227065 0.00120422 -0.336619 -0.186504   0.86896
   7.89346 -0.0920651  -0.222271 0.00759581 -0.336848 -0.191722  0.869876
   7.89347 -0.0840756  -0.214815  0.0177158 -0.337489 -0.186733  0.867999
   7.89347 -0.0755535  -0.208956  0.0299664 -0.345134 -0.168559  0.880771
   7.89349 -0.0680967   -0.19777  0.0432822 -0.348613 -0.164531  0.896518
   7.99846 -0.0563788  -0.183389  0.0592611 -0.347377 -0.168605  0.905948
   7.99847 -0.0398672  -0.168476  0.0773706 -0.350902 -0.161098  0.920321
   7.99847 -0.0260187  -0.153562  0.0960128 -0.353511 -0.154277  0.928973
   7.99848 -0.0132356  -0.144507   0.111992 -0.353145 -0.159358  0.920916
   7.99849 0.000612882   -0.139181    0.127438 -0.352779 -0.163158  0.914554
    7.9985 0.0112655 -0.133855  0.139156 -0.352458 -0.168605   0.91524
    7.9985 0.0203203 -0.127463  0.144482 -0.348201 -0.178722  0.907458
   7.99851 0.0277771 -0.118941  0.150874 -0.342021   -0.1795  0.901965
   7.99851 0.0320382 -0.108821  0.158331 -0.338176 -0.181651   0.89899
   7.99852  0.0315056 -0.0992334   0.157798 -0.333232 -0.197536  0.889377
   7.99852   0.035234 -0.0944397   0.156733 -0.331767 -0.206462  0.884845
   7.99853   0.039495 -0.0912439   0.158863 -0.335521 -0.202571  0.887866
   7.99853  0.0373645 -0.0800586   0.166853 -0.342662 -0.198772  0.886905
   7.99854  0.0347013 -0.0688734   0.182832 -0.351497 -0.195796  0.879123
   7.99854  0.0272445 -0.0683407   0.198811 -0.361339 -0.193141  0.871203
   7.99855  0.0261792 -0.0741997   0.210529 -0.368663  -0.19749   0.86365
   7.99855  0.0325708 -0.0811239   0.224377  -0.37054 -0.199092  0.862414
   7.99855  0.0362992 -0.0917766   0.239823 -0.372279 -0.184947  0.868548
   7.99856 0.0283098 -0.102429  0.253139 -0.369487 -0.179363   0.87221
   7.99856 0.0187224 -0.108288  0.266455 -0.362346 -0.190532  0.871661
   8.09552 0.0197876 -0.112017   0.27551 -0.357036 -0.190715  0.871341
   8.09554 0.0224508  -0.11468  0.281901 -0.354518 -0.178081  0.877566
   8.09555 0.0155266 -0.112017  0.288826 -0.358821 -0.167278  0.889972
   8.09555 0.00167815  -0.101364   0.302141 -0.367244 -0.164485  0.899585
   8.09555 -0.00950713  -0.0944397     0.31599 -0.375941 -0.173457  0.895968
   8.09556 -0.0137682 -0.0912439   0.329838 -0.38235 -0.18719 0.888827
   8.09557 -0.0100398 -0.0891134   0.347948 -0.385188 -0.193828  0.890155
   8.09557 -0.00524607  -0.0933745    0.362862 -0.388759 -0.189342  0.889972
   8.09557 -0.00790923  -0.0971029    0.377775 -0.388026 -0.186412   0.88695
   8.09561 -0.0148335 -0.0960376   0.394287 -0.378871 -0.188838  0.887591
   8.09622 -0.0153661  -0.089646   0.405472  -0.36967 -0.188884  0.887774
   8.09624 -0.0190945 -0.0827218   0.417723 -0.362254 -0.185634  0.884067
   8.09625 -0.0302798 -0.0726018   0.431038 -0.358867 -0.177211  0.885165
   8.09625 -0.0409324 -0.0576881   0.441691  -0.36262 -0.171398   0.89075
   8.09627 -0.0499872 -0.0470354   0.451278 -0.372874 -0.171764  0.891849
   8.09627 -0.0590419 -0.0374481   0.459268 -0.387752 -0.169109  0.894458
   8.09628 -0.0680967 -0.0321217    0.46566 -0.399058 -0.165584  0.899951
   8.09628 -0.0776841 -0.0315891   0.469388 -0.404231  -0.16888  0.898623
   8.09628  -0.089402 -0.0337196   0.469388 -0.407161  -0.17712  0.891025
   8.09629  -0.101653 -0.0417091   0.468855  -0.40771 -0.179408  0.888598
   8.19662 -0.112838 -0.049166  0.466725 -0.409083 -0.175151   0.88544
   8.19664  -0.130947 -0.0555576   0.461398 -0.411647 -0.166866  0.881503
   8.19714   -0.15385 -0.0651449   0.453409 -0.408671 -0.157527  0.887729
   8.19716  -0.174623 -0.0736671   0.444354 -0.405513 -0.158855  0.891665
   8.19716  -0.190602 -0.0773955    0.43743 -0.404368 -0.162105  0.894778
   8.19717  -0.208179 -0.0784608   0.431571 -0.408259 -0.153819  0.912814
   8.19719  -0.226288 -0.0827218   0.426777 -0.420344 -0.147685  0.927234
   8.19719  -0.244398 -0.0880481   0.422516 -0.423686 -0.153362  0.927508
   8.19721  -0.265171 -0.0949724   0.418255 -0.427028 -0.163112  0.929385
   8.19722 -0.279019 -0.099766  0.418255 -0.440394 -0.173412  0.932635
   8.19722  -0.29127 -0.105625  0.419321 -0.449504 -0.185314  0.927783
   8.19722 -0.305651 -0.120006  0.415059 -0.457286  -0.19186  0.921832
   8.19723 -0.319499 -0.139713  0.411331 -0.466441  -0.19511  0.923526
   8.19723 -0.329086 -0.163149  0.406537  -0.46754 -0.206508  0.928286
   8.19723 -0.336011 -0.182857  0.399613 -0.465755 -0.206783  0.939639
   8.19724 -0.341337 -0.194042  0.394287 -0.468364   -0.1898  0.959414
   8.19724 -0.348794 -0.200966  0.390558 -0.469874 -0.181194  0.972415
   8.19724 -0.363175 -0.204695  0.391091 -0.476283 -0.184032  0.967059
   8.19725 -0.380752 -0.212684  0.390026 -0.486858 -0.193004  0.954791
   8.19725 -0.390872 -0.229196  0.385765 -0.489055 -0.204677  0.941699
   8.29753 -0.393535 -0.251566  0.380971  -0.48553 -0.204906  0.928241
   8.29755  -0.40259 -0.277665  0.370851 -0.486766  -0.18307  0.925906
   8.29756 -0.422297 -0.297373  0.361264 -0.486171 -0.163112  0.933825
   8.29756 -0.444135 -0.309623  0.353274 -0.475505 -0.166179   0.93497
   8.29756 -0.458516 -0.314417  0.344219 -0.465297 -0.173961  0.936755
   8.29756 -0.469701 -0.314949  0.337295 -0.462733 -0.177532  0.947238
   8.29757  -0.47556 -0.312819  0.329838 -0.466579 -0.180232  0.957492
   8.29757 -0.480887 -0.304297   0.32824 -0.475825 -0.181194  0.967425
   8.29757  -0.48568 -0.296307  0.331436 -0.486034  -0.19218  0.977633
   8.29757  -0.47556 -0.291514  0.334099 -0.491893 -0.214977  0.979327
   8.29758 -0.451592 -0.289916  0.337295 -0.495463 -0.227245  0.970401
   8.29758 -0.423895 -0.294177  0.337295  -0.50059 -0.215022  0.962298
   8.29758 -0.410579 -0.297373  0.336763 -0.500499 -0.198497  0.956942
   8.29759 -0.404188 -0.298438  0.334099 -0.497386 -0.194377  0.954425
   8.29759 -0.382882 -0.295775  0.329306 -0.485576 -0.185451  0.950076
   8.29759 -0.367969 -0.292046  0.327175 -0.466899 -0.156017  0.949389
   8.29759 -0.356783 -0.283524  0.325577 -0.460033 -0.135509  0.953052
    8.2976 -0.338674 -0.260621  0.322914 -0.456142 -0.119533  0.964312
    8.2976 -0.33175 -0.24624 0.321849  -0.452983 -0.0853379   0.989123
    8.2976 -0.333348 -0.222271  0.328773  -0.453715 -0.0671189    1.00267
    8.2976 -0.337076 -0.169008  0.339958   -0.45898 -0.0591081    1.00739
   8.29761 -0.338141  -0.11681  0.354339  -0.476741 -0.0646928    1.00368
   8.29761 -0.327489 -0.075265  0.371384 -0.496608 -0.090648  0.985095
   8.39322  -0.309912 -0.0449049   0.387895  -0.518123 -0.0981553   0.968341
   8.39325  -0.293933 -0.0251975   0.400678  -0.538081 -0.0892289   0.945178
   8.39325  -0.283813 -0.0134796   0.415059 -0.544673 -0.084514  0.913867
   8.39326   -0.280617 -0.00868593      0.4353  -0.546733 -0.0856584   0.895144
   8.39326  -0.271562 0.00196671   0.450746  -0.543712 -0.0915635    0.88869
   8.39326  -0.26304 0.0147499  0.467257  -0.530116 -0.0931199   0.888827
   8.39327 -0.256648 0.0200762  0.483236  -0.513087 -0.0884507   0.883014
   8.39327 -0.248659 0.0264678  0.492824  -0.498256 -0.0866197   0.863879
   8.39327 -0.248126 0.0344573  0.494954  -0.487773 -0.0853837   0.845981
   8.39327 -0.253985 0.0387183  0.487497  -0.475413 -0.0787004   0.831881
   8.39328  -0.26304 0.0424468  0.474714  -0.461955 -0.0680802   0.822314
   8.39328 -0.278486 0.0483057  0.458735 -0.455409 -0.058925  0.813708
   8.39328 -0.297661  0.053632  0.439561    -0.4528 -0.0516008   0.815585
   8.39329  -0.31151 0.0546973  0.419321   -0.45843 -0.0461076   0.833346
   8.39329 -0.322695 0.0525668  0.399081  -0.467311 -0.0454667   0.848132
   8.39329 -0.329086 0.0472405  0.383102  -0.472713 -0.0457872   0.860949
   8.39329 -0.330152 0.0413815  0.367123   -0.47903 -0.0481675   0.875003
    8.3933 -0.324293 0.0387183  0.351676  -0.481227 -0.0568193   0.875781
    8.3933 -0.312575 0.0349899  0.342089  -0.485713 -0.0631822   0.872897
    8.4312 -0.305651 0.0344573  0.334632  -0.493312 -0.0616716   0.878802
   8.49745 -0.301922 0.0376531  0.329306  -0.497981 -0.0662034    0.87807
   8.49747 -0.294465 0.0349899  0.327175  -0.502879 -0.0765031   0.866855
   8.49748 -0.282747 0.0301962  0.327175   -0.50764 -0.0804399   0.868319
   8.49748 -0.270497 0.0259352  0.324512  -0.511073 -0.0837358   0.877932
   8.49749 -0.261442 0.0227394  0.328773 -0.512492 -0.086757  0.877521
   8.49749 -0.253453 0.0238046  0.340491   -0.51327 -0.0832322   0.878436
    8.4975 -0.247061 0.0227394   0.34848  -0.511943 -0.0853837     0.8837
    8.4975 -0.236941 0.0243373  0.357535 -0.508464 -0.101314  0.883655
    8.4975 -0.221495 0.0248699  0.368188 -0.507869 -0.111797  0.882235
   8.49751 -0.201255 0.0227394  0.373514 -0.510615  -0.11024  0.885074
   8.49751 -0.186341 0.0206088  0.379906 -0.511073 -0.110881  0.884204
   8.49751 -0.176221  0.013152  0.385765 -0.507136 -0.110652   0.88425
   8.49752  -0.161307 0.00622777   0.387363 -0.500728 -0.109371  0.887729
   8.49752  -0.149057 0.00303198   0.391091 -0.492717 -0.116008  0.887683
   8.49752    -0.136274 -0.000696446     0.396417 -0.485576 -0.116741  0.886813
   8.49753   -0.128817 -0.00708803     0.39695 -0.486995 -0.103603  0.885714
   8.49753  -0.128284 -0.0124144   0.395885 -0.491344 -0.101543  0.879809
   8.53089 -0.126686 -0.023067  0.395885 -0.488093 -0.115779  0.866534
   8.53091  -0.122425 -0.0358502   0.392689 -0.482509  -0.12141  0.855319
   8.53092  -0.120827 -0.0475681    0.38896  -0.4761 -0.12173 0.850284
   8.59661  -0.124023 -0.0614165   0.381504  -0.46754 -0.124797  0.839068
   8.59664 -0.132545 -0.069406  0.377775 -0.459895 -0.120082  0.826526
   8.59665  -0.146926 -0.0763302    0.37671 -0.455592 -0.117107  0.826114
   8.59669  -0.160242 -0.0848523   0.376177 -0.450557 -0.124019  0.828174
   8.59669 -0.167166 -0.085385  0.379373 -0.445109 -0.125621  0.827441
   8.59669   -0.17409 -0.0864502   0.378308  -0.44955 -0.122005   0.83005
    8.5967  -0.183678 -0.0939071   0.379906  -0.45367 -0.126262  0.831424
    8.5967 -0.189004 -0.103494  0.385232 -0.451518   -0.1329  0.826892
    8.5967 -0.191135 -0.113614  0.386297 -0.452388 -0.128688  0.829272
   8.59671 -0.191667 -0.121604   0.38896 -0.452571 -0.124797  0.840213
   8.59671 -0.192733 -0.127463  0.390558 -0.450191 -0.121044  0.843326
   8.59671 -0.194331 -0.131191  0.391624 -0.449367 -0.112117  0.842959
   8.59672 -0.193798 -0.132789  0.392689 -0.446483 -0.112895  0.845752
   8.59672 -0.196994 -0.133322  0.392156 -0.446162 -0.119853  0.846393
   8.59672 -0.201787 -0.133855  0.392689 -0.448314 -0.115413   0.84209
   8.59672 -0.203918 -0.133322  0.390026 -0.446666 -0.107311   0.83536
   8.59673 -0.208712 -0.135985  0.385765  -0.44543 -0.110057  0.828448
   8.59673  -0.22043 -0.136518  0.383102 -0.445201 -0.110744  0.821032
   8.59673 -0.233213 -0.132257  0.378308 -0.442958 -0.108363  0.813388
   8.59674 -0.243333 -0.129593  0.375645 -0.440028 -0.116329   0.80881
   8.69891 -0.255051 -0.130126  0.371916 -0.438472 -0.124706  0.802081
   8.69894 -0.263573 -0.130126  0.367655 -0.437694 -0.128139  0.793338
   8.69895 -0.268899 -0.131724   0.36872 -0.436366 -0.129878  0.792422
   8.69896 -0.274225 -0.132789  0.371384 -0.433848 -0.125621  0.798373
   8.69901 -0.275823 -0.125865   0.37884 -0.431193 -0.117336  0.807483
   8.69901 -0.280084 -0.113082  0.392689 -0.434535 -0.113536  0.818561
   8.69902   -0.28328 -0.0992334   0.408668 -0.442134 -0.113353  0.831149
   8.69902  -0.277954 -0.0848523    0.42731 -0.449779   -0.1123  0.843966
   8.69902  -0.267834 -0.0763302   0.452344 -0.461589 -0.114955  0.848864
   8.69903  -0.255051 -0.0704713   0.473116 -0.471248 -0.116603  0.848178
   8.69903    -0.2428 -0.0672755   0.489095 -0.475871 -0.111751  0.849688
   8.69904  -0.233213 -0.0688734   0.505074 -0.477473 -0.112209    0.8474
   8.69904  -0.225756 -0.0640797   0.523716 -0.473765 -0.118755  0.843188
   8.69904  -0.224158 -0.0550249   0.540228 -0.463283 -0.119579  0.839938
   8.69908  -0.229484 -0.0427744   0.550881 -0.450603 -0.120723  0.831561
   8.69908  -0.231615 -0.0342523   0.562599 -0.440898 -0.127269  0.820254
   8.69909  -0.233745 -0.0267954   0.571121 -0.434306 -0.131206  0.812152
   8.69909   -0.24067 -0.0161428   0.576447 -0.433116 -0.135829  0.806247
   8.69909   -0.248126 -0.00975119    0.582306 -0.427257 -0.142192  0.800891
    8.6991   -0.255051 -0.00389224    0.588698 -0.420756 -0.140315  0.803592
   8.79675  -0.260377 0.00196671   0.594024 -0.419108 -0.137798  0.810321
   8.79679  -0.262507 0.00409724   0.595622  -0.41151 -0.140819  0.811648
   8.79679  -0.266769 0.00889093   0.600948 -0.406016  -0.14265  0.811236
    8.7968 -0.273693 0.0206088  0.612666 -0.406566 -0.139171  0.819934
   8.79681 -0.276356 0.0275331  0.619058 -0.412013 -0.134822  0.833621
   8.79682 -0.279552  0.029131  0.622786 -0.416911 -0.133952  0.838611
   8.79683 -0.282747 0.0355225  0.632906 -0.416453 -0.137431  0.834079
   8.79684 -0.286476 0.0365878  0.643559  -0.42039 -0.138942  0.827212
   8.79691 -0.291802 0.0339247  0.649418 -0.428447 -0.141918  0.827395
   8.79692 -0.291802  0.029131  0.654744 -0.433208 -0.153316  0.829547
   8.79693 -0.290737 0.0206088  0.657407 -0.433299 -0.156795  0.831332
   8.79693 -0.295531 0.0206088  0.655809 -0.430507 -0.152217   0.84273
   8.79693 -0.304053 0.0248699   0.65794 -0.426021 -0.159404  0.846759
   8.79694 -0.310977 0.0259352   0.66007 -0.422771 -0.171901   0.83829
   8.79696 -0.318966 0.0248699  0.657407 -0.427669 -0.176616  0.835727
   8.79696 -0.322695 0.0227394  0.656342 -0.436412 -0.179317  0.838382
   8.79697 -0.329086 0.0158152  0.656342 -0.443462 -0.178996  0.837329
   8.79697  -0.340272 0.00516251   0.655809 -0.450282  -0.17625  0.834811
   8.79698  -0.347729 -0.0081533   0.656342 -0.450694 -0.181011  0.835544
   8.79699 -0.354653 -0.023067  0.658472 -0.444285 -0.192088  0.832339
   8.79699  -0.356251 -0.0353175   0.663266 -0.441722 -0.194515  0.832019
   8.79699   -0.36211 -0.0422418   0.668592 -0.444835 -0.185726  0.837787
   8.90405  -0.37223 -0.043307   0.67818 -0.442546 -0.181606  0.842364
   8.90408  -0.380752 -0.0507639   0.686702 -0.441859 -0.183482  0.843554
   8.90408  -0.389274 -0.0603513   0.693094 -0.447398 -0.188381  0.842685
   8.90409  -0.395665 -0.0656776   0.705877 -0.453578  -0.20042  0.842822
    8.9041  -0.400459 -0.0763302   0.719193 -0.463786 -0.212962  0.842639
    8.9041  -0.398861 -0.0917766   0.730378 -0.474361 -0.220561  0.842044
   8.90411 -0.389807 -0.109886  0.743694 -0.482188 -0.229076  0.844012
   8.90411 -0.377556 -0.127996  0.755944  -0.48466 -0.235027  0.850833
   8.90412 -0.370099 -0.141311  0.770325 -0.482555 -0.228664  0.866214
   8.90412  -0.36211 -0.148768  0.786304 -0.482051 -0.227107  0.884479
   8.90413 -0.355185 -0.149833  0.802816 -0.484157 -0.241344  0.894092
   8.90413 -0.348794 -0.151431  0.817197  -0.48846 -0.251918  0.893954
   8.90413  -0.33388 -0.164747  0.829447 -0.492671 -0.260982  0.886172
   8.90414 -0.314705 -0.181791  0.839035 -0.491939 -0.271373  0.874362
   8.90414  -0.30139 -0.197238  0.845959  -0.48672 -0.267207  0.868686
   8.90414 -0.292335 -0.210554   0.85022 -0.477885 -0.257503  0.868503
   8.90415 -0.288074 -0.220141  0.852351 -0.464152 -0.253566  0.869235
   8.90415 -0.291802 -0.222804  0.855546 -0.452434 -0.250041  0.869052
   8.90419  -0.29127 -0.222271  0.856079 -0.446941 -0.243633  0.865344
   8.99599 -0.289672 -0.223869  0.859807 -0.442134 -0.244365  0.860537
   8.99603 -0.289139 -0.227065  0.864601 -0.446254 -0.249584  0.858157
   8.99603 -0.282747  -0.23612  0.866732 -0.454906 -0.249034  0.857654
   8.99604 -0.274758 -0.251034  0.868862 -0.461635 -0.248485  0.854632
   8.99604  -0.27103 -0.267013  0.872058 -0.467723 -0.244823  0.854724
   8.99604 -0.265703 -0.280328  0.878982  -0.46873 -0.239284  0.859576
   8.99605 -0.258779 -0.295775  0.886439 -0.470836 -0.242854  0.861957
   8.99605 -0.253453 -0.314417  0.893896  -0.47253 -0.247981  0.868365
   8.99605 -0.245463 -0.330396  0.898157 -0.471522 -0.249263  0.877795
   8.99605 -0.235876 -0.344777  0.903483 -0.468455 -0.251506  0.880313
   8.99606 -0.227886 -0.358093  0.908277 -0.469417 -0.252879  0.877978
   8.99606 -0.222027 -0.369278  0.906146 -0.470882 -0.255443  0.874133
   8.99606 -0.218299 -0.379398  0.905081  -0.46429 -0.259242  0.866397
   8.99607 -0.217234 -0.390583  0.899755  -0.45779 -0.264095  0.851108
   8.99607 -0.218832 -0.402301    0.8907 -0.449504 -0.262401  0.840991
   8.99607 -0.226821 -0.411356  0.881645 -0.439113 -0.255626   0.83266
   8.99607 -0.238539 -0.417747  0.872591 -0.432017 -0.252055  0.820666
   8.99608 -0.247061 -0.417747  0.863536 -0.426662 -0.246288  0.821902
   8.99608 -0.253985 -0.411356  0.855014 -0.422313 -0.238368  0.829135
   8.99608 -0.264105 -0.400171  0.850753 -0.420711 -0.230724  0.832293
   9.09744 -0.274225  -0.38792   0.85022 -0.429271 -0.225551  0.838244
   9.09747 -0.271562 -0.376735  0.849155 -0.444972 -0.225917  0.843783
   9.09747 -0.263573 -0.370876  0.855014 -0.459529 -0.230724  0.840167
   9.09748 -0.256116 -0.374072  0.859807 -0.470744 -0.230907  0.834948
   9.09751 -0.246528 -0.374604  0.858209  -0.47166 -0.222942  0.843875
   9.09751 -0.239604 -0.366615  0.857144 -0.464244 -0.221477  0.852069
   9.09751 -0.238539 -0.352766  0.856612 -0.456416  -0.22198    0.8539
   9.09752 -0.239072 -0.335722  0.851285 -0.452022 -0.213374  0.861865
   9.09752 -0.232147 -0.318678  0.841165 -0.447581 -0.218639  0.866076
   9.09752 -0.222027 -0.302699  0.827849 -0.438701 -0.225597  0.864749
   9.09753 -0.217234 -0.282992  0.814001  -0.43362 -0.216396  0.871249
   9.09753 -0.211375 -0.262219   0.79962 -0.431468 -0.217449   0.88457
   9.09753 -0.201255 -0.244109  0.780978 -0.424922 -0.228435  0.892627
   9.09754 -0.195928  -0.22813  0.758075 -0.416911 -0.226146  0.897983
   9.09754 -0.193798 -0.210554  0.730378 -0.412013 -0.220882  0.903796
   9.09754 -0.187939 -0.190314   0.70055 -0.403087 -0.227153  0.906543
   9.09754 -0.180482 -0.166345  0.668592 -0.394206 -0.221111  0.910205
   9.09755 -0.178352 -0.139181  0.643559 -0.396861 -0.202571  0.917621
   9.09755 -0.183145  -0.11681  0.620123 -0.400798 -0.196071  0.918948
   9.09755 -0.189537 -0.095505  0.594557 -0.406795 -0.193004   0.91492
   9.09755  -0.190602 -0.0800587   0.574317 -0.420756 -0.192134  0.915881
   9.19652  -0.184211 -0.0688734   0.556207 -0.435725 -0.196895  0.917254
   9.19656  -0.175156 -0.0603513   0.537565 -0.454814 -0.187419  0.916293
   9.19656  -0.172493 -0.0614165   0.525847 -0.478389 -0.165263  0.919635
   9.19657  -0.176754 -0.0619492    0.51839 -0.492854  -0.15501  0.917621
   9.19657   -0.18208 -0.0614165   0.512531 -0.496516 -0.161052  0.908099
   9.19657  -0.183678 -0.0656776   0.513064 -0.498622 -0.161189  0.909976
   9.19658  -0.183678 -0.0688734   0.516792 -0.502147 -0.155605  0.916797
   9.19658  -0.190069 -0.0710039   0.519455 -0.503017 -0.151302  0.913592
   9.19659   -0.20232 -0.0779281   0.522651 -0.502788 -0.144939  0.909289
   9.19659  -0.211907 -0.0869829   0.524249 -0.499629 -0.148326  0.903842
   9.19663  -0.214571 -0.0907113   0.523184 -0.490245 -0.155238  0.896197
   9.19663  -0.214571 -0.0907113   0.523184 -0.482967  -0.14558  0.898578
   9.19664  -0.217766 -0.0923092   0.525847 -0.480769 -0.126033   0.91112
   9.19664  -0.231615 -0.0912439   0.529043 -0.480632 -0.117198  0.918994
   9.19664  -0.242267 -0.0885808   0.529575 -0.481593  -0.11967  0.914737
   9.19665  -0.250257 -0.0875155   0.533836 -0.482921 -0.124751  0.911303
   9.19665  -0.264638 -0.0875155   0.541826 -0.487132 -0.127818  0.904757
   9.19665  -0.275823 -0.0933745    0.54662 -0.493678 -0.131114  0.894961
   9.19665 -0.279552 -0.107223  0.548218 -0.500728 -0.122417  0.897113
   9.19666 -0.286476 -0.125865  0.548218 -0.508601 -0.103328   0.90137
   9.19666  -0.30139 -0.142377  0.551413  -0.509288 -0.0990708    0.89963
   9.29621 -0.31151 -0.15729 0.555674  -0.50059 -0.100261  0.899539
   9.29625 -0.314705 -0.171139   0.55887   -0.49203 -0.0954087   0.903338
   9.29625 -0.314705 -0.180726  0.564729  -0.491847 -0.0874436   0.907504
   9.29626 -0.317901 -0.189248  0.568458  -0.495097 -0.0762284   0.911944
   9.29626 -0.325891 -0.198836  0.573251  -0.495326 -0.0652879    0.91405
   9.29627 -0.331217 -0.211619  0.582306  -0.495601 -0.0609391   0.912814
   9.29627  -0.33175 -0.221206  0.592959  -0.496928 -0.0586045   0.915378
   9.29627 -0.326423 -0.228663  0.604677  -0.494411 -0.0449174   0.922198
   9.29628 -0.322162  -0.23612  0.622253   -0.49116 -0.0315507   0.928653
   9.29634 -0.321097 -0.239848  0.639298  -0.489696 -0.0338395   0.934375
   9.29635 -0.320032 -0.241979  0.652613  -0.487453 -0.0376847   0.939227
   9.29636 -0.316836 -0.241446  0.674984  -0.487132 -0.0349839   0.943393
   9.29637 -0.302455 -0.240914   0.69842  -0.486903 -0.0353959   0.943713
   9.29637 -0.289672 -0.241979  0.715997  -0.487453 -0.0396989    0.94321
   9.29637 -0.282215 -0.246773  0.729313  -0.485347 -0.0459703   0.939731
   9.29638 -0.266769 -0.250501  0.742096  -0.474864 -0.0532945   0.933093
   9.29638 -0.247594 -0.255295  0.749553  -0.463557 -0.0498613   0.933139
   9.29638 -0.234278  -0.25849  0.750618  -0.456599 -0.0391038    0.93497
   9.29639 -0.226821 -0.259023  0.749553   -0.44836 -0.0362199   0.929065
   9.29639 -0.222027 -0.262219  0.742628  -0.436732 -0.0346177   0.924029
    9.3937 -0.216701 -0.262219  0.733041  -0.427577 -0.0261033   0.933139
   9.39373 -0.207114 -0.255827  0.719192  -0.418788 -0.0140641   0.945086
   9.39373 -0.199124 -0.241446  0.706409  -0.414668 0.00507039    0.95209
   9.39374 -0.198592 -0.223869  0.696822 -0.417918 0.0208632  0.952502
   9.39374  -0.20232 -0.207358  0.686702 -0.417644 0.0188949  0.948977
   9.39375 -0.211375 -0.188716  0.674984  -0.415584 0.00941914   0.944446
   9.39375 -0.214571 -0.170606  0.662733  -0.417598 0.00713032   0.938037
   9.39375 -0.206048 -0.150366  0.652081 -0.422679 0.0117995  0.929706
   9.39376 -0.198059 -0.133855  0.639298 -0.422084  0.011708  0.919177
   9.39376 -0.198059 -0.121604  0.623319  -0.416774 0.00749654   0.917026
   9.39377 -0.201255 -0.107756  0.603611  -0.412929 0.00424641   0.923984
   9.39377  -0.201255 -0.0907113   0.586034   -0.409816 -0.00298625    0.924029
   9.39378 -0.195396 -0.069406   0.56899   -0.41357 -0.0061906   0.917254
   9.39379 -0.186874 -0.053427  0.549283   -0.420985 -0.00623637    0.909427
   9.39379  -0.181015 -0.0417091    0.52851  -0.421168 -0.0147508   0.900271
    9.3938  -0.181015 -0.0337196   0.502944  -0.415721 -0.0192826   0.893863
   9.39381  -0.184743 -0.0235996   0.479508   -0.41215 -0.0128739   0.890704
   9.39385  -0.189537 -0.0124144   0.453942  -0.408992 -0.0161241   0.880588
   9.39385   -0.199124 -0.00282698    0.428908  -0.405101 -0.0233567   0.864978
   9.39385 -0.208179 0.0099562  0.409733  -0.407527 -0.0125077   0.865298
   9.49697 -0.213505 0.0238046  0.393222   -0.417598 -0.00225383     0.87308
   9.49698 -0.219364 0.0371204  0.381504   -0.42538 0.00154561   0.874316
   9.49699  -0.23268 0.0445773  0.372449  -0.434444 0.00992268   0.874865
   9.49699 -0.249724 0.0483057  0.368188 -0.443782 0.0021407  0.873584
     9.497 -0.253453 0.0488384  0.364992  -0.448726 -0.0207017   0.867816
   9.49701 -0.244931 0.0424468  0.361796  -0.455043 -0.0241349   0.864108
   9.49702 -0.233745 0.0339246  0.361264  -0.460628 -0.0127824   0.870791
   9.49702 -0.230017 0.0216741  0.361796  -0.460994 -0.0124162   0.875232
   9.49703  -0.234278 0.00889093   0.355937  -0.456508 -0.0181382   0.874591
   9.49703    -0.235343 -0.000696446     0.347415  -0.451198 -0.0243638   0.883014
   9.49703   -0.235876 -0.00975119    0.342089  -0.442821 -0.0384172   0.889331
   9.49704  -0.233213 -0.0161428   0.330371  -0.431697 -0.0474351   0.887546
   9.49704  -0.226821 -0.0225344   0.315457  -0.425517 -0.0434068   0.887591
   9.49705 -0.223625 -0.028926  0.302674  -0.423137 -0.0428575   0.889697
   9.49705  -0.222027 -0.0326544    0.28563   -0.42094 -0.0432237   0.893725
   9.49705  -0.221495 -0.0358502    0.27551  -0.421809 -0.0354417   0.900683
   9.49706  -0.220429 -0.0369154   0.270184  -0.424052 -0.0289872   0.905673
   9.49706  -0.222027 -0.0347849    0.26752  -0.429774 -0.0294908   0.903567
   9.49706   -0.22256 -0.0363828   0.269118  -0.437923 -0.0344346   0.898852
   9.49707  -0.212973 -0.0481007   0.269118 -0.439799 -0.039058  0.892993
   9.59636  -0.207646 -0.0614165   0.271781  -0.436732 -0.0416673   0.890201
   9.59638  -0.204983 -0.0736671   0.268586  -0.432567 -0.0357621   0.895236
   9.59642  -0.200722 -0.0848523    0.26539  -0.424739 -0.0326493   0.901233
   9.59643  -0.198592 -0.0960376   0.266455  -0.416865 -0.0418504   0.909747
   9.59695 -0.194331  -0.10456   0.26539  -0.411693 -0.0479844     0.9238
   9.59696 -0.183678 -0.106158  0.262727  -0.404918 -0.0500901    0.93584
   9.59696 -0.171427 -0.107756    0.2574  -0.399745 -0.0548967   0.938952
   9.59697 -0.160775 -0.116278  0.249411  -0.394893 -0.0590165   0.940143
   9.59697 -0.147992 -0.128528  0.240889  -0.385875 -0.0614427   0.938083
     9.597 -0.132545 -0.141311  0.231834  -0.376903 -0.0659288   0.932406
     9.597 -0.117099 -0.153562  0.222779   -0.36761 -0.0662034   0.935245
     9.597 -0.103783 -0.156758  0.211594 -0.358317 -0.054622  0.937488
   9.59701 -0.0957936  -0.158356   0.197213  -0.348933 -0.0486253   0.930118
   9.59701 -0.0925978  -0.163149   0.182299  -0.342479 -0.0548509   0.927005
   9.59701 -0.0899346   -0.16528   0.166853  -0.336848 -0.0588334   0.926684
   9.59702 -0.0851409  -0.163682   0.149276  -0.326594 -0.0595201    0.92142
   9.59702 -0.0766188  -0.162084   0.129569 -0.322291 -0.053386  0.922152
   9.59702 -0.0771514  -0.157823    0.11359  -0.324306 -0.0483049   0.928561
   9.59703 -0.083543 -0.154095 0.0949475 -0.325954 -0.058513  0.928241
   9.59703 -0.0851409  -0.151431  0.0736422  -0.325404 -0.0743974    0.92174
   9.69691 -0.0846083  -0.145572  0.0544674  -0.323527 -0.0786546   0.919772
   9.69693 -0.0798146  -0.146638  0.0315643  -0.325084 -0.0798905   0.920779
   9.69694 -0.0798146  -0.154627 0.00972634  -0.322932 -0.0889543   0.916751
   9.69694  -0.0846083   -0.158888 0.000138958  -0.316615 -0.0953172   0.912997
   9.69694 -0.0867388  -0.159953 -0.0126442  -0.314372 -0.0963243   0.912768
   9.69695 -0.0878041  -0.164747 -0.0339495 -0.310893 -0.103191  0.913501
   9.69695 -0.0840756   -0.16528 -0.0515264 -0.303294 -0.110286  0.912539
   9.69698 -0.0846083  -0.163149 -0.0728317 -0.304942 -0.107356  0.916614
   9.69701 -0.0915325  -0.162617 -0.0898759 -0.311259 -0.113674  0.925448
   9.69702 -0.0867388  -0.161019 -0.0994633  -0.31309 -0.133357  0.926455
   9.69702 -0.0702272  -0.156758  -0.104257 -0.324031 -0.142833  0.924258
   9.69703 -0.0563788  -0.153029  -0.105855 -0.340877 -0.144756  0.923205
   9.69703 -0.0393345  -0.156225   -0.10692 -0.347652 -0.153316  0.914187
   9.69703 -0.0222903  -0.162084  -0.105855 -0.351039 -0.161235  0.902331
   9.69703 -0.00577871   -0.163682   -0.103724 -0.35818 -0.16389 0.898211
   9.69704 0.0117982 -0.165812 -0.102126 -0.357448 -0.173045  0.893817
   9.69706 0.0245813  -0.16741 -0.100529 -0.348018 -0.177394   0.88837
   9.69706 0.0341687  -0.16528 -0.102659 -0.344127  -0.17126  0.889651
   9.69706 0.0421582 -0.162084 -0.111714 -0.345454 -0.176662  0.894961
   9.69707 0.0549414 -0.152497 -0.117573 -0.344768 -0.182063  0.897571
   9.69707 0.0709203 -0.140246 -0.121301 -0.348338 -0.169612  0.902377
   9.79754 0.0799751 -0.129593 -0.128225 -0.356807 -0.156566  0.907184
   9.79757 0.0837035 -0.116278 -0.131954  -0.36317 -0.158626  0.897433
   9.79757 0.0863667 -0.108821 -0.133552 -0.370494 -0.162242  0.882647
   9.79757 0.0895625 -0.107223 -0.136215 -0.377589 -0.164394  0.877383
   9.79758 0.0943562 -0.102429 -0.144737 -0.379375 -0.171626  0.876285
   9.79758   0.095954 -0.0960376  -0.150596 -0.380244 -0.167964  0.881778
   9.79758  0.0954214 -0.0869829  -0.151661 -0.384959 -0.156291  0.897662
   9.79762  0.0964867 -0.0747323  -0.152194 -0.392421 -0.162288  0.912814
   9.79762  0.0986172 -0.0582207  -0.148465 -0.399516 -0.174922  0.921237
   9.79762   0.108737 -0.0417091  -0.140476 -0.412242 -0.172496  0.926318
   9.79763   0.128445 -0.0273281  -0.129823 -0.427211 -0.167278  0.927096
   9.79763    0.14176 -0.0161428  -0.118638 -0.438014 -0.167919  0.921786
   9.79763    0.150815 -0.00708803   -0.105322 -0.444514 -0.167461  0.909015
   9.79764    0.164131 -0.00282698  -0.0941369 -0.444972 -0.168147  0.894641
   9.79764    0.177979 -0.00282698   -0.082419 -0.437419 -0.168971    0.8837
   9.79764   0.188632 0.00249935  -0.072299  -0.42538 -0.159633  0.877292
   9.79764    0.19023 0.00889093 -0.0685706 -0.417461  -0.15121   0.87839
   9.79765   0.185969  0.0184783 -0.0664401 -0.407115 -0.150295  0.885028
   9.79765   0.184371  0.0365878 -0.0664401 -0.396495 -0.144435  0.892535
   9.79765   0.184371  0.0530994 -0.0717664 -0.397227 -0.139125   0.89281
   9.89674   0.177447  0.0690784 -0.0792232 -0.401439 -0.142421  0.885531
   9.89678   0.168925    0.08559 -0.0914738 -0.401897 -0.146632  0.874911
   9.89679 0.161468 0.089851 -0.10692 -0.402125 -0.145992  0.864016
    9.8968  0.156674 0.0877205  -0.12503 -0.402492 -0.147777  0.858615
   9.89681  0.154544 0.0871879   -0.1474 -0.401713 -0.142375  0.863421
   9.89681  0.150815 0.0914489 -0.163912 -0.398006 -0.123561  0.872302
   9.89682  0.140163  0.101036 -0.173499 -0.395946 -0.113765  0.875415
   9.89683  0.126847  0.109026 -0.179358  -0.40208 -0.116283  0.878024
   9.89685  0.123118  0.120211 -0.183619 -0.415034 -0.114497  0.879443
   9.89685  0.123651  0.133527 -0.184152 -0.430827 -0.108318  0.877383
   9.89686  0.123651  0.140984 -0.181489 -0.444697 -0.106075  0.877841
   9.89687 0.123118 0.141516 -0.17563 -0.450603 -0.109142  0.876788
   9.89689 0.125781 0.138853 -0.16764 -0.450557 -0.116878  0.871524
   9.89689  0.130043  0.135657 -0.160183 -0.450832 -0.121227  0.871203
    9.8969  0.132706  0.132462 -0.150063 -0.446254  -0.12022  0.874911
   9.89691  0.131108  0.135125 -0.146868 -0.437419 -0.123058  0.869967
   9.89692  0.124184  0.139918 -0.146868 -0.430186 -0.131618  0.861041
   9.89693   0.11939  0.138853 -0.147933 -0.420528 -0.142742  0.861911
   9.89694  0.118325   0.13406 -0.160716 -0.405696 -0.160365   0.86626
   9.89696 0.118857 0.128201 -0.17776 -0.385463 -0.173503  0.865161
   9.99716   0.11939  0.128733 -0.194804 -0.365916 -0.171581  0.869922
   9.99719   0.11939  0.137255 -0.212914 -0.354884 -0.170848  0.877978
   9.99721  0.114596  0.153234 -0.226762 -0.350993 -0.172267  0.881091
   9.99722   0.10927  0.172942 -0.236882 -0.354472 -0.168926    0.8837
   9.99722  0.105541  0.187855 -0.244872 -0.366649 -0.168102  0.883929
   9.99722  0.103944  0.199573 -0.251263 -0.382716 -0.178172  0.872027
   9.99723    0.1114  0.201704 -0.252861 -0.397914 -0.187877  0.861453
   9.99723 0.117792 0.189453 -0.25659  -0.40771 -0.187419  0.862369
   9.99723  0.126847   0.17667 -0.258188 -0.403728 -0.190166  0.861911
   9.99724  0.136434  0.168681 -0.257122 -0.393565 -0.191081  0.864245
   9.99724  0.142826  0.165485 -0.254992 -0.389628 -0.183299  0.872394
   9.99724  0.145489  0.173474 -0.252329 -0.388438 -0.183254  0.876834
   9.99724  0.148152   0.18679 -0.250198 -0.390773 -0.185268  0.877337
   9.99725  0.154544   0.19691 -0.239013  -0.40652 -0.179179  0.880725
   9.99725 0.159337 0.201704 -0.22623 -0.428126 -0.182063  0.878802
   9.99725 0.163066  0.19691 -0.21824 -0.436183 -0.192455  0.863879
   9.99726  0.165729  0.181464 -0.210783  -0.43838 -0.196712  0.853442
   9.99726  0.172653  0.162289 -0.202261 -0.439571 -0.199046  0.854358
   9.99726  0.183306  0.148973 -0.196935 -0.433208 -0.198909  0.855273
   9.99727  0.182773  0.142049 -0.191076   -0.4257 -0.188838  0.855823
   10.0936  0.172653  0.136723 -0.180423 -0.421031 -0.184444  0.861133
   10.0943  0.168925   0.13406 -0.171901 -0.416774 -0.195934  0.867267
   10.0944  0.167859  0.137788 -0.166575 -0.416728 -0.199367  0.876925
   10.0944 0.173186 0.142049 -0.15539 -0.428264 -0.190349  0.893268
   10.0944  0.178512  0.140451 -0.144204  -0.44044 -0.190395  0.896335
   10.0944   0.18011  0.132994 -0.141009 -0.447398 -0.195796   0.88576
   10.0944  0.184371  0.122874 -0.139411 -0.452342 -0.195339  0.879809
   10.0944  0.185969  0.110091 -0.136215  -0.45193 -0.195384  0.881915
   10.0944  0.186502 0.0989058 -0.136215 -0.446483 -0.194743  0.889468
   10.0944 0.185436  0.09571 -0.13728 -0.442409 -0.186961  0.895739
   10.0944   0.18011 0.0951774 -0.136748 -0.440211 -0.186549  0.898486
   10.0944  0.176382 0.0946447 -0.136215 -0.434901 -0.197719  0.896472
   10.0944  0.173718 0.0951774 -0.135682 -0.431468 -0.203533  0.893268
   10.0944  0.174784 0.0941121  -0.13728 -0.432384 -0.204402  0.892077
   10.0944  0.178512 0.0925142 -0.139411 -0.432933 -0.206325  0.892993
   10.0944  0.180643 0.0903837 -0.142074 -0.432567 -0.207378  0.895099
   10.0946  0.183838 0.0871879  -0.14527 -0.430369 -0.206828  0.890704
   10.0946   0.18224 0.0861226 -0.147933 -0.426341  -0.20486  0.885989
   10.0947  0.181708 0.0845247 -0.150596 -0.422496 -0.203304  0.884982
   10.0947  0.181175 0.0877205 -0.153259 -0.421626 -0.206142  0.884112
   10.0947  0.176382 0.0919816 -0.156455 -0.421855 -0.206645  0.886081
    10.131  0.168392  0.089851 -0.158053 -0.422496 -0.200969  0.889239
    10.198  0.162533 0.0845247 -0.159651 -0.427257 -0.201198  0.895053
    10.198  0.159337 0.0829268 -0.161249 -0.434489 -0.203807  0.903979
    10.198  0.156674 0.0818615 -0.159118 -0.439845 -0.198634  0.908923
    10.198  0.155076 0.0749373 -0.156988 -0.443736 -0.201839  0.908374
    10.198   0.14975 0.0664152 -0.151661 -0.445888 -0.209255  0.908191
    10.198  0.146021 0.0568278 -0.146335 -0.442317  -0.21017   0.90874
    10.198  0.141228 0.0477731   -0.1474 -0.437236  -0.21429  0.909427
    10.198  0.136434 0.0408489 -0.147933 -0.435268 -0.219096  0.917483
    10.198  0.135901 0.0328594 -0.144737 -0.435634 -0.217403  0.925586
    10.198  0.130043 0.0243373 -0.144204 -0.434077 -0.215343  0.922793
    10.198  0.122586 0.0163478   -0.1474 -0.429866 -0.222713   0.91611
    10.198   0.11939 0.0083583 -0.150596 -0.424144 -0.227794  0.913958
    10.198    0.110335 -0.00122908    -0.15539 -0.416408  -0.22784  0.912768
    10.198    0.100215 -0.00762067   -0.158053 -0.406474 -0.226695  0.913135
    10.198   0.0890298 -0.00921856    -0.15752 -0.398875 -0.227107  0.917483
   10.1981  0.0778446 -0.0065554  -0.158585 -0.395991 -0.238872  0.920413
   10.1981   0.075714 0.00249935   -0.16551 -0.393886 -0.252971  0.928332
   10.1981  0.075714 0.0136846 -0.164444 -0.397502 -0.252147  0.943713
   10.1981 0.0778446 0.0200762 -0.159118 -0.408443 -0.243221  0.955157
   10.1981 0.0778446 0.0259352 -0.155922 -0.423045 -0.240016  0.953143
   10.2962 0.0767793 0.0317941 -0.146335 -0.443736 -0.241344  0.945132
   10.2963 0.0794425 0.0259352 -0.136215 -0.45692 -0.24345  0.94234
   10.2963 0.0863667 0.0163478 -0.125562  -0.46049 -0.243129  0.939776
   10.2963 0.0932909 0.0067604 -0.111714 -0.464244 -0.234889  0.941974
   10.2963   0.0932909 -0.00122908   -0.100529  -0.46516 -0.227382  0.951861
   10.2963   0.0943562 -0.00762067  -0.0941369 -0.457561 -0.236125  0.957675
   10.2963    0.10128 -0.0124144 -0.0877454 -0.449321 -0.247936  0.961429
   10.2963   0.110335 -0.0134796 -0.0850822 -0.445109 -0.249355  0.967196
   10.2966    0.11939 -0.0118817 -0.0834843 -0.439021 -0.246654  0.966006
   10.2966    0.122053 -0.00975119   -0.082419 -0.436503 -0.243358   0.95589
   10.2966    0.119923 -0.00868593  -0.0840169 -0.435725 -0.242259   0.95383
   10.2966    0.125249 -0.00282698  -0.0813538 -0.432841 -0.248302  0.954745
   10.2966   0.133771 0.00516251 -0.0792232 -0.429225 -0.251506  0.948611
   10.2967   0.142293  0.0099562 -0.0813538 -0.430827  -0.24409  0.950396
   10.2967   0.152413  0.0158152 -0.0850822 -0.431834 -0.239742  0.949939
   10.2967   0.167327  0.0227394 -0.0845496 -0.426707 -0.241161  0.940555
   10.2967  0.181175 0.0301962 -0.082419 -0.425563 -0.228755   0.93584
   10.2967   0.185969  0.0387183 -0.0888106 -0.428905 -0.210033  0.930163
   10.2967   0.189697  0.0483057 -0.0968001 -0.429591 -0.203212  0.916568
   10.2968   0.19023 0.0557626 -0.104257 -0.426478 -0.194789  0.906085
   10.3968  0.181708 0.0605563  -0.11491 -0.423274 -0.179088  0.908008
   10.3968  0.175849 0.0642847 -0.124497 -0.421123 -0.169475  0.914645
   10.3968  0.173718 0.0728068 -0.132486 -0.419429 -0.161647  0.923938
   10.3968  0.165196 0.0850573 -0.137813  -0.42332 -0.146129  0.937625
   10.3969  0.155609 0.0973079 -0.139411 -0.431148 -0.145076  0.936801
   10.3969 0.154011 0.110624 -0.13515 -0.439708 -0.155788  0.928012
   10.3969  0.163066  0.115417 -0.133019 -0.451518 -0.150798  0.926913
   10.3969  0.173718  0.112222 -0.133552 -0.460765 -0.143108  0.923022
   10.3969  0.179045  0.107961 -0.129291 -0.462276 -0.138988  0.911212
   10.3969  0.184371  0.104232 -0.125562 -0.461772 -0.124111  0.900958
   10.3969  0.187034 0.0994384 -0.123432 -0.458888 -0.111705  0.898395
   10.3969  0.182773 0.0989058 -0.122899 -0.450282 -0.110378  0.896014
   10.3969  0.174251  0.101036 -0.122899 -0.440578 -0.102641  0.888873
   10.3969  0.165196  0.104765 -0.124497  -0.436915 -0.0942186   0.883105
   10.3969   0.15987  0.108493 -0.131421  -0.438335 -0.0939439   0.886218
   10.3969  0.156141  0.109558 -0.138878  -0.438197 -0.0897782   0.892581
   10.3969  0.154011  0.109558 -0.144737  -0.443645 -0.0801194   0.896472
   10.3969  0.153478  0.108493 -0.150063   -0.45193 -0.0713304   0.898211
   10.3969  0.152413  0.104232 -0.154324  -0.454722 -0.0682176    0.89606
   10.3969  0.144956 0.0941121 -0.156988   -0.45779 -0.0674394   0.895053
   10.4948  0.136967 0.0823942 -0.156455  -0.462733 -0.0679887   0.892627
   10.4948  0.136967  0.069611 -0.156988  -0.464931 -0.0685838   0.888141
   10.4948  0.135369 0.0541647 -0.160716  -0.465388 -0.0567277   0.886996
   10.4949  0.126314 0.0349899 -0.160716  -0.462733 -0.0413468   0.885989
   10.4949  0.119923 0.0163478 -0.158585  -0.457011 -0.0381883   0.888186
   10.4949   0.113531 0.00303198  -0.159651  -0.455226 -0.0343888   0.891849
   10.4949   0.102878 -0.0065554  -0.155922  -0.457515 -0.0279344    0.89281
   10.4949  0.0954214 -0.0166754  -0.151129  -0.460765 -0.0232652   0.890429
   10.4949  0.0863667 -0.0315891  -0.146335  -0.463786 -0.0204728   0.887042
   10.4949  0.0810403 -0.0518291  -0.140476  -0.465938 -0.0281175   0.882922
   10.4949  0.0831709 -0.0731344  -0.135682  -0.464244 -0.0360826    0.88164
   10.4949  0.0821056 -0.0928418  -0.128225  -0.461681 -0.0381425   0.887729
   10.4954 0.0853014 -0.110419 -0.123964  -0.460582 -0.0396073   0.890979
   10.4954 0.0895625 -0.122137 -0.120769  -0.458613 -0.0396531   0.890841
   10.4954 0.0895625 -0.131191 -0.114377  -0.461955 -0.0405229   0.897342
   10.4954 0.0943562 -0.139713  -0.10479  -0.471248 -0.0425828   0.906955
   10.4954  0.101813  -0.14717 -0.098398  -0.479488 -0.0461076   0.906451
   10.4954   0.109802  -0.158888 -0.0962675  -0.486034 -0.0477555   0.900317
   10.4954   0.117259  -0.173269 -0.0962675 -0.490016 -0.048488  0.898486
   10.4954  0.124184 -0.189781 -0.103192  -0.485301 -0.0536607   0.897525
   10.5932  0.127379 -0.199368 -0.108518  -0.479625 -0.0531114   0.899905
   10.5933  0.130575 -0.203629 -0.106387  -0.479442 -0.0490831   0.903155
   10.5938  0.136434 -0.212151 -0.112246  -0.474361 -0.0396531   0.907733
   10.5938  0.139097 -0.216412 -0.120236  -0.464839 -0.0285752   0.907092
   10.5938  0.134836 -0.223869 -0.121301  -0.460399 -0.0269273   0.901874
   10.5938  0.127912 -0.231326 -0.124497  -0.456233 -0.0288041   0.901187
   10.5938  0.125249 -0.231326 -0.126628  -0.448588 -0.0305436   0.898715
   10.5938  0.123118 -0.235055 -0.126095  -0.445109 -0.0304063    0.89693
   10.5938  0.123118 -0.238783 -0.129291  -0.444194 -0.0378221   0.894183
   10.5938  0.125249 -0.238783 -0.133019  -0.439891 -0.0461991   0.888324
   10.5938  0.126847 -0.242511 -0.133019  -0.436503 -0.0471604   0.885211
   10.5938  0.125781 -0.250501 -0.136215 -0.432246 -0.043361  0.886355
   10.5938   0.12951 -0.255295 -0.135682  -0.425975 -0.0423082   0.883609
   10.5938  0.133238 -0.254229 -0.134084  -0.418147 -0.0502732    0.87601
   10.5938  0.132706 -0.249968 -0.129291  -0.412791 -0.0568193   0.873401
   10.5938  0.138032 -0.243577 -0.119703 -0.415401 -0.060344   0.87395
   10.5938  0.148152 -0.240381 -0.112779  -0.417415 -0.0637773    0.87157
   10.5939  0.157207 -0.241979 -0.103724  -0.420024 -0.0687669   0.868365
   10.5939  0.165196 -0.245175 -0.101061  -0.419475 -0.0826829   0.867175
   10.5939  0.177447 -0.247305 -0.107985 -0.411418 -0.102779  0.859668
   10.5939  0.190763 -0.247305 -0.120769 -0.403636 -0.106212  0.848315
   10.5939  0.203013 -0.245707 -0.133019  -0.397227 -0.0942186    0.85216
   10.5939  0.203013 -0.240381 -0.143139  -0.390269 -0.0819047   0.861636
   10.5939  0.193426 -0.224935 -0.148998  -0.384181 -0.0670274   0.864062
   10.7002  0.183306 -0.202031 -0.151129  -0.385966 -0.0578721   0.863879
   10.7002  0.175316 -0.181259 -0.150596  -0.391185 -0.0636399   0.855044
   10.7002   0.17212 -0.167943 -0.144204  -0.398372 -0.0788835   0.836047
   10.7002  0.174784 -0.162084 -0.141009  -0.410503 -0.0881761   0.826068
   10.7002  0.181708 -0.163149  -0.13515 -0.416957 -0.094539  0.830462
   10.7002  0.189697 -0.164747 -0.124497 -0.411555 -0.103969  0.836047
   10.7002  0.195556 -0.156758 -0.112246 -0.404002 -0.102641  0.845477
   10.7002   0.198219  -0.139713 -0.0941369  -0.402354 -0.0960038   0.854358
   10.7002   0.198752   -0.11681 -0.0754948 -0.399654 -0.103236   0.85422
   10.7002   0.201415 -0.0987008  -0.052059  -0.39796 -0.111888   0.85216
   10.7002    0.21047 -0.0912439 -0.0312863 -0.400798 -0.111614  0.850787
   10.7002   0.217927 -0.0843197   -0.01584 -0.396724 -0.114543  0.843921
   10.7002     0.222188   -0.0779281 -0.000393674  -0.38441 -0.115505  0.834674
   10.7002   0.223786 -0.0731344  0.0107916 -0.373607 -0.108775  0.830096
   10.7002   0.223253 -0.0646123  0.0230421 -0.361293 -0.106532  0.823825
   10.7002   0.218459 -0.0518291   0.036358 -0.345363 -0.105205  0.818332
   10.7002   0.206742 -0.0353175  0.0528696  -0.334239 -0.0928453   0.823687
   10.7002    0.19236 -0.0161428  0.0720443  -0.329845 -0.0965989   0.829501
   10.7002   0.184904 0.00782567  0.0864254 -0.328609 -0.115733  0.830646
   10.7003  0.184371 0.0254025 0.0997412 -0.335063 -0.120082   0.83298
   10.7967  0.184904 0.0312615  0.114122 -0.346507 -0.118755  0.836093
   10.7967  0.182773 0.0360552  0.127438 -0.353786 -0.118892  0.839251
   10.7968  0.177447 0.0440447  0.138623 -0.356029 -0.112575  0.841723
   10.7968  0.172653 0.0546973  0.151407 -0.355067 -0.101039  0.840442
   10.7968  0.164131 0.0610889  0.166853  -0.354381 -0.0908311   0.845523
   10.7973  0.153478 0.0637521  0.182832  -0.352641 -0.0843309   0.858478
   10.7973  0.148152 0.0738721  0.200941  -0.348979 -0.0746263   0.859302
   10.7973  0.138032 0.0861226  0.221181  -0.346828 -0.0592912   0.851428
   10.7973  0.119923 0.0941121  0.239823  -0.350307 -0.0451463   0.851565
   10.7973 0.106607 0.103167   0.2574  -0.360194 -0.0356706   0.854495
   10.7973 0.0911604  0.112754  0.279238 -0.366328 -0.029033  0.856234
   10.7973 0.0703877  0.118081  0.293619  -0.371501 -0.0231736   0.862872
   10.7973 0.055474 0.117548 0.301076  -0.380336 -0.0244096   0.869693
   10.7973 0.049615 0.115417 0.310664  -0.383174 -0.0310014   0.874865
   10.7973 0.0416256  0.110624  0.314925  -0.382259 -0.0285752    0.88132
   10.7973 0.0288424  0.105297  0.317588  -0.383037 -0.0166734   0.889926
   10.7973 0.0181897  0.102102  0.321316   -0.383266 -0.00326091    0.894137
   10.7973 -0.000985016     0.100504     0.324512  -0.385966 0.00822896   0.893542
   10.7973 -0.0228229  0.0994384   0.325577 -0.392696 0.0165603  0.892947
   10.7974 -0.0393345  0.0935795   0.322914 -0.394939 0.0190322   0.88988
   10.8975 -0.0542482  0.0802637   0.318653 -0.394893  0.019078  0.882602
   10.8975 -0.0664988  0.0626868   0.315457 -0.393748 0.0276381  0.879031
   10.8975 -0.0819451  0.0488384   0.309598 -0.387065 0.0369307  0.877932
   10.8975 -0.104848 0.0451099  0.302141 -0.378459 0.0451705  0.877795
   10.8975 -0.129882 0.0499036  0.303207 -0.372096 0.0583541  0.889102
   10.8975 -0.155448 0.0584257   0.30587 -0.369807 0.0649001  0.902148
   10.8975 -0.184743 0.0701436  0.309066 -0.368754  0.063893  0.906955
   10.8975 -0.209777 0.0818615  0.314392 -0.371959 0.0583083  0.915149
   10.8975 -0.220962   0.08559  0.326643 -0.38267 0.045674 0.923663
   10.8975 -0.224158 0.0807963  0.340491 -0.392879  0.038304   0.91904
   10.8976 -0.232147 0.0749373  0.355405 -0.399791 0.0415084  0.913272
   10.8976 -0.243865 0.0690784  0.370318 -0.404826 0.0450789  0.913684
   10.8976 -0.256648 0.0573605  0.375112 -0.402492 0.0312087  0.911075
   10.8976 -0.261975 0.0440447  0.378308 -0.390086 0.0134017  0.912768
   10.8976 -0.260377  0.043512  0.384699 -0.373927 0.0115249  0.927096
   10.8976 -0.258779 0.0483057  0.390558  -0.365047 0.00987691   0.938907
   10.8976 -0.264105 0.0530994  0.395352 -0.364314 0.0116622  0.943438
   10.8976 -0.279552 0.0610889  0.398548 -0.368022  0.018254  0.951678
   10.8976 -0.290204 0.0653499  0.398015 -0.370174 0.0056197  0.961062
   10.8976 -0.287541 0.0669478  0.394819  -0.368892 -0.0177262   0.963214
   10.9965 -0.275823 0.0626868  0.392156  -0.373103 -0.0208848   0.966327
   10.9965 -0.267301 0.0541647  0.387895  -0.381114 -0.0157579   0.975024
   10.9965 -0.264105 0.0467078  0.378308  -0.380565 -0.0190995   0.973559
   10.9965 -0.264105 0.0365878   0.36872  -0.371455 -0.0166276   0.970767
   10.9966 -0.267834 0.0344573  0.362862  -0.364589 -0.0139726   0.974154
    10.997 -0.268899 0.0408489  0.360731  -0.356578 -0.0179093    0.97626
    10.997  -0.27103 0.0525668  0.365525  -0.352367 -0.0184129   0.981891
    10.997 -0.276356 0.0610889  0.375112 -0.360011  -0.02679  0.981021
    10.997  -0.27316 0.0637521  0.384699  -0.366191 -0.0477555   0.971454
   10.9971 -0.259844 0.0637521  0.393754  -0.366054 -0.0644181   0.964267
   10.9971 -0.247594  0.059491  0.401744 -0.371455 -0.066707  0.959735
   10.9971 -0.243333 0.0584257  0.406005  -0.380427 -0.0686296   0.951541
   10.9971 -0.247061 0.0525668  0.408668  -0.383311 -0.0733445   0.945361
   10.9971 -0.244931 0.0376531  0.409201  -0.383494 -0.0825914   0.941516
   10.9971 -0.239072 0.0285983   0.40707  -0.381618 -0.0851548   0.941836
   10.9972 -0.235876 0.0216741  0.406537  -0.379558 -0.0784715   0.946002
   10.9972  -0.231615 0.00889093   0.401744  -0.377864 -0.0812181   0.949756
   10.9972  -0.233213 0.00303198   0.401744  -0.377727 -0.0770524   0.955432
   10.9972  -0.241202 0.00249935   0.406537   -0.38354 -0.0612596   0.959186
   10.9972  -0.248126 0.00249935   0.408668  -0.393016 -0.0545304   0.959277
   10.9972   -0.255051 -0.00229434    0.415059  -0.404964 -0.0583299   0.950076
   11.0941   -0.255583 -0.00975119    0.425179  -0.416362 -0.0591539   0.934695
   11.0942  -0.248126 -0.0220017    0.43743  -0.424373 -0.0554002   0.921695
   11.0942  -0.245996 -0.0411765   0.452344  -0.427669 -0.0549424     0.9108
   11.0942    -0.2428 -0.0582207   0.466725  -0.427852 -0.0549424   0.907504
   11.0942  -0.242267 -0.0773955   0.484834  -0.426662 -0.0473436   0.909839
   11.0942 -0.245996 -0.095505   0.50614  -0.420253 -0.0414842   0.909656
   11.0942 -0.248659  -0.10456  0.524782 -0.413341 -0.036403  0.913775
   11.0942 -0.255583 -0.106158  0.540761 -0.410731 -0.031688  0.923892
   11.0942 -0.257181 -0.108288   0.55674  -0.412059 -0.0335649   0.933597
   11.0942 -0.256648 -0.114147  0.571653 -0.421672 -0.035167  0.944766
   11.0942 -0.258779 -0.121071  0.580708  -0.434718 -0.0363572   0.954608
   11.0942 -0.258779  -0.13492    0.5871  -0.443873 -0.0403855   0.950946
   11.0942 -0.258246 -0.152497  0.587632 -0.443645 -0.044597   0.94472
   11.0942  -0.25292 -0.163149  0.585502  -0.437602 -0.0397447   0.948382
   11.0942 -0.248126 -0.169008  0.585502  -0.433757 -0.0283006   0.957583
   11.0942  -0.25292 -0.166345  0.589763   -0.43362 -0.0129197   0.972003
   11.0942 -0.261442 -0.154627  0.604144  -0.436092 0.00658101   0.986468
   11.0942 -0.266236 -0.148236  0.622253  -0.441447 0.00786275   0.985919
   11.0942 -0.261975 -0.150366   0.63983  -0.443507 -0.0131944   0.977908
   11.0942 -0.247061 -0.153562  0.656875 -0.438151   -0.0321   0.97539
   11.0942 -0.231082 -0.154095  0.673919  -0.429088 -0.0389207   0.968387
   11.1981  -0.22256 -0.150899  0.686169  -0.418513 -0.0377763   0.954974
   11.1981 -0.217766 -0.145572  0.689898  -0.410686 -0.0314134   0.951724
   11.1982 -0.214038 -0.143442  0.690963  -0.404918 -0.0315507   0.957217
   11.1982 -0.210309 -0.146105  0.684571  -0.393428 -0.0399736   0.960742
   11.1982 -0.203385 -0.153029  0.671788  -0.380748 -0.0398362   0.970538
   11.1982 -0.199657 -0.154095  0.656342  -0.372279 -0.0287583   0.985736
   11.1982 -0.20232 -0.14717 0.635569  -0.363582 -0.0182298   0.995715
   11.1982 -0.210309 -0.137583  0.615862   -0.361476 -0.00779277     1.00098
   11.1982 -0.22256 -0.12693 0.598818   -0.363032 -0.00156718     1.00537
   11.1982 -0.238539 -0.118941  0.581241   -0.360972 -0.00678569     1.00446
   11.1982 -0.251322 -0.109353  0.565262  -0.357814 -0.0137437    1.00176
   11.1982 -0.251855  -0.10669   0.54875  -0.360881 -0.0246385   0.999652
   11.1982 -0.247061 -0.109353  0.535434  -0.362758 -0.0438188   0.987613
   11.1982   -0.2428 -0.114147  0.529043  -0.360789 -0.0505937    0.97301
   11.1982 -0.237474 -0.122137  0.527977  -0.362392 -0.0367234   0.972415
   11.1982 -0.233745 -0.123202  0.531706  -0.361751 -0.0271562   0.977359
   11.1982 -0.233745 -0.118408  0.534902  -0.358684 -0.0274308   0.973422
   11.1982 -0.234278 -0.119473  0.538098  -0.356395 -0.0220292    0.96596
   11.1982 -0.234811 -0.125865  0.543424  -0.352824 -0.0158494   0.961474
   11.1982 -0.238539 -0.131191  0.543424  -0.349071 -0.0178178   0.947696
   11.2961 -0.249192 -0.141311  0.532239 -0.343074 -0.018184  0.928927
   11.2961 -0.261442 -0.151964  0.517325  -0.332316 -0.0152543   0.930163
   11.2961 -0.272627 -0.150899  0.505607  -0.320094 -0.0141099   0.944125
   11.2961 -0.294465 -0.141311  0.496552   -0.313045 -0.00435954    0.956942
   11.2962 -0.322162 -0.132789    0.4859  -0.313777 0.00749654   0.965365
   11.2962    -0.344 -0.123202  0.478975   -0.314967 -0.00358135     0.96326
   11.2962 -0.353055 -0.112549  0.472584  -0.313914 -0.0335649   0.955111
   11.2962 -0.351457 -0.110951  0.470986   -0.31895 -0.0486253   0.951495
   11.2962 -0.349326 -0.117876   0.47791  -0.328059 -0.0525163   0.950168
   11.2962 -0.349859 -0.121071  0.480573  -0.325084 -0.0606187   0.944171
   11.2962 -0.347729 -0.120539  0.482171  -0.318629 -0.0650132   0.938357
   11.2962 -0.345065 -0.118408  0.482704 -0.311626 -0.074672  0.927005
   11.2962 -0.339739 -0.122137  0.479508  -0.307368 -0.0852464   0.912127
   11.2962 -0.334413 -0.124267   0.47791 -0.299449 -0.071605  0.916476
   11.2962 -0.339739  -0.11468  0.477377  -0.287181 -0.0487168    0.93117
   11.2962 -0.353588 -0.100299  0.473649  -0.283794 -0.0380509   0.931582
   11.2962  -0.367969 -0.0864502   0.470986  -0.286037 -0.0269273   0.924304
   11.2963  -0.385545 -0.0731344   0.472051  -0.292445 -0.0144303   0.923984
   11.2963  -0.400459 -0.0608839   0.471519  -0.298671 -0.0158952   0.929065
   11.3986  -0.407383 -0.0523618   0.466725   -0.30247 -0.0234483   0.936252
   11.3986  -0.410047 -0.0417091    0.46566  -0.304805 -0.0317796   0.945407
   11.3986  -0.405786 -0.0294586    0.46779  -0.307551 -0.0486711   0.949573
   11.3986  -0.399394 -0.0209365   0.470453  -0.308421 -0.0641435   0.946414
   11.3987  -0.389807 -0.0177407   0.469388  -0.306956 -0.0725663   0.943072
   11.3987  -0.377023 -0.0113491   0.468855  -0.300181 -0.0826829   0.947467
   11.3987  -0.364773 0.00409724    0.47578    -0.2951 -0.0947679   0.953647
   11.3987 -0.351457 0.0211415  0.484834 -0.295741 -0.100627  0.952228
   11.3987 -0.339739 0.0301962  0.491759 -0.297252  -0.10493  0.939319
   11.3987 -0.329619 0.0301962  0.493356 -0.29922 -0.11111 0.923434
   11.3987 -0.317369 0.0285983   0.48803 -0.298259 -0.116283  0.912082
   11.3987 -0.307781 0.0270004   0.47791 -0.288737 -0.124706  0.898852
   11.3987 -0.298726 0.0280657  0.466725 -0.279033 -0.128597  0.893725
   11.3987 -0.292867 0.0381857  0.453942 -0.275004 -0.117931  0.905398
   11.3987   -0.2934 0.0541647  0.442224 -0.272258 -0.104427  0.924304
   11.3987 -0.294465 0.0744047  0.432636  -0.272945 -0.0984758   0.938998
   11.3987 -0.287009 0.0941121  0.424114  -0.279765 -0.0978807   0.949344
   11.3988 -0.274758  0.110091  0.419853 -0.288051 -0.101131  0.956027
   11.3988 -0.258779  0.123939  0.416125 -0.301509 -0.103236  0.956073
   11.3988 -0.244931  0.134592  0.413994 -0.318904 -0.100536  0.952548
   11.3988 -0.234278  0.141516  0.418255  -0.329616 -0.0989793   0.944674
   11.4965 -0.217766  0.146843  0.421984 -0.335658  -0.10493   0.93085
   11.4965 -0.209244  0.150038  0.423049 -0.339961 -0.111934  0.923022
   11.4965 -0.199124  0.148441  0.424114 -0.335475 -0.117702  0.921054
   11.4965 -0.181015  0.148973  0.424114  -0.31808 -0.128368  0.916018
   11.4965 -0.166634  0.153767  0.419321 -0.302196 -0.135921  0.911029
   11.4966 -0.154916  0.167083  0.415059 -0.295146 -0.137431  0.911395
   11.4966 -0.146394  0.186257  0.406537 -0.292033 -0.142879  0.906451
   11.4966 -0.138404  0.201171   0.38683 -0.292491 -0.147411  0.901553
   11.4966 -0.134143  0.210226  0.360731 -0.294047 -0.143062  0.911029
   11.4966 -0.136274   0.21502  0.334632 -0.293361 -0.144893   0.91199
   11.4966 -0.138404   0.21502  0.307468 -0.291026 -0.148921  0.904437
   11.4966 -0.137339  0.216085  0.274977 -0.294826 -0.136653   0.90256
   11.4966 -0.138404  0.214487  0.246215 -0.301463 -0.126811  0.899905
   11.4966 -0.146926  0.210226  0.220649 -0.302104 -0.123607  0.892077
   11.4966 -0.158644  0.209693  0.192952 -0.302287 -0.116649  0.885898
   11.4966 -0.167166  0.208628  0.170049  -0.30453 -0.117885  0.886035
   11.4966 -0.17196 0.212889 0.157265  -0.30984 -0.120403  0.886905
   11.4967 -0.175156  0.220879  0.150874 -0.327373 -0.107494  0.896792
   11.4967 -0.177286  0.230999  0.155135  -0.351726 -0.0965989   0.910571
   11.4967 -0.179417  0.241651  0.172179 -0.365184 -0.109187  0.906726
   11.5928 -0.17409 0.249641 0.197746 -0.375209 -0.124156  0.899035
   11.5929 -0.160242  0.252304  0.230236 -0.393291  -0.12878  0.907504
   11.5929 -0.142665  0.248575  0.261661 -0.403361 -0.136516  0.910388
   11.5929 -0.117099  0.243249  0.286162 -0.404048 -0.137203  0.899035
   11.5929 -0.0952609   0.232596   0.304272  -0.41064 -0.126033  0.892627
   11.5929 -0.0782167   0.211824   0.313859 -0.409129 -0.125118  0.888553
   11.5929 -0.0611725   0.192649   0.314925 -0.386973 -0.132854  0.886996
   11.5929 -0.0467914   0.179866      0.308 -0.363582 -0.119853  0.901462
   11.5929 -0.0414651   0.172409    0.29575   -0.34637 -0.0895036   0.919726
   11.5929 -0.0478567   0.181464   0.279238  -0.331264 -0.0689958   0.919131
   11.5929 -0.0659661   0.203302   0.260063   -0.32989 -0.0620835   0.911349
   11.5929 -0.0904672   0.223542    0.24728  -0.338267 -0.0607103   0.912311
    11.593 -0.111773  0.240586   0.23503  -0.348247 -0.0655625   0.913043
    11.593 -0.129882  0.257098  0.222247  -0.364772 -0.0699113   0.909472
    11.593  -0.1416 0.262957 0.213192  -0.384318 -0.0704148   0.896975
    11.593 -0.150655  0.253902  0.203604 -0.398189 -0.084102  0.881457
    11.593 -0.150122  0.236858  0.197213 -0.406703  -0.10287  0.882419
    11.593  -0.1416 0.217683 0.195615 -0.413112 -0.100856  0.898486
    11.593 -0.136806   0.19691  0.192952  -0.411738 -0.0884965   0.911075
    11.593 -0.138404   0.17454  0.190289   -0.40565 -0.0843309   0.915973
   11.6981 -0.13361  0.15643 0.188691  -0.403178 -0.0805314   0.922564
   11.6981 -0.126154  0.143114  0.187626  -0.401851 -0.0758165   0.931628
   11.6981 -0.126686  0.130864  0.185495 -0.401897 -0.071193  0.939639
   11.6981 -0.129882  0.119146   0.17644  -0.405788 -0.0599778   0.936618
   11.6981 -0.133078  0.106363  0.164722  -0.410411 -0.0526536   0.928241
   11.6981 -0.135208 0.0914489    0.1562 -0.414119 -0.051967  0.929385
   11.6981 -0.142665 0.0770679  0.141819  -0.417644 -0.0490831   0.933276
   11.6981 -0.153318 0.0557626  0.125308  -0.416041 -0.0536149   0.931994
   11.6981 -0.162905  0.033392  0.109329  -0.403728 -0.0688127   0.928378
   11.6981 -0.171427 0.0195436 0.0890885  -0.392055 -0.0819963   0.925952
   11.6981  -0.17196 0.0067604 0.0656527  -0.390407 -0.0857499   0.929065
   11.6981   -0.169829 -0.00335961   0.0384885  -0.393382 -0.0842851   0.940783
   11.6981  -0.169829 -0.0113491  0.0150527  -0.397044 -0.0754502   0.954196
   11.6981  -0.169297  -0.023067 -0.0025242  -0.398326 -0.0639604   0.958682
   11.6981  -0.171427 -0.0337196 -0.0201011 -0.397227 -0.065883  0.948886
   11.6981  -0.169297 -0.0438397 -0.0376779 -0.397685 -0.065471  0.939044
   11.6981  -0.168764 -0.0507639 -0.0440695 -0.401027 -0.053386    0.9341
   11.6981  -0.170895 -0.0571555 -0.0446022 -0.402583 -0.041118  0.924441
   11.6981   -0.18208 -0.0630144 -0.0467327  -0.402949 -0.0392869    0.91286
   11.6982  -0.200722 -0.0640797 -0.0408737  -0.401073 -0.0518754    0.90169
   11.7969  -0.213505 -0.0656776 -0.0291558  -0.396312 -0.0657914   0.893863
   11.7969  -0.221495 -0.0614165 -0.0163726   -0.39915 -0.0729783   0.892398
   11.7969  -0.227886 -0.0582207 0.00226949  -0.409633 -0.0738938   0.896014
   11.7969  -0.233213 -0.0630144  0.0251727  -0.415446 -0.0813096   0.890841
   11.7969  -0.233745 -0.0651449  0.0502064  -0.410457 -0.0958207   0.882968
   11.7969  -0.229484 -0.0662102   0.076838  -0.406154 -0.0962785   0.893268
   11.7969  -0.220962 -0.0667428   0.102937  -0.407756 -0.0890916    0.90549
   11.7969  -0.214571 -0.0630144   0.132232  -0.411784 -0.0760911   0.912173
    11.797  -0.211375 -0.0571555   0.157798  -0.423183 -0.0562242   0.926501
    11.797   -0.20232 -0.0496986   0.180169  -0.432155 -0.0491746    0.93909
    11.797  -0.185808 -0.0475681   0.199343  -0.432017 -0.0504563   0.942752
    11.797  -0.168232 -0.0523618   0.210529  -0.429545 -0.0434526   0.949984
    11.797  -0.150655 -0.0544923   0.215855  -0.418971 -0.0305436    0.95502
    11.797  -0.135741 -0.0502312   0.215322  -0.399333 -0.0248674   0.937259
    11.797  -0.129882 -0.0406439    0.20467  -0.381526 -0.0220292   0.916842
    11.797  -0.136274 -0.0241323   0.185495  -0.371593 -0.0218919   0.911807
    11.797   -0.150655 -0.00335961    0.163657  -0.361568 -0.0358537   0.905993
    11.797 -0.169297 0.0211415  0.138091  -0.354564 -0.0489915   0.903521
    11.797 -0.195396 0.0451099  0.110926  -0.354564 -0.0633195    0.90636
    11.797 -0.215103 0.0664152 0.0864254  -0.355708 -0.0973771   0.896563
   11.8961 -0.217234 0.0887858 0.0613917 -0.360744 -0.114543  0.890933
   11.8961 -0.222027  0.107961 0.0390211 -0.371501 -0.101314  0.891665
   11.8963 -0.231082  0.127668 0.0331622  -0.385966 -0.0924791   0.884067
   11.8964 -0.230017  0.151636 0.0411516  -0.411601 -0.0878099   0.891025
   11.8964 -0.226288  0.173474 0.0603264  -0.450694 -0.0857499    0.91524
   11.8964 -0.219897  0.185192 0.0874906 -0.482555 -0.103374  0.928836
   11.8964 -0.197526  0.184127  0.114122 -0.499217 -0.119579  0.929477
   11.8964 -0.161307  0.176137  0.141819  -0.51469 -0.119441  0.927554
   11.8964 -0.125088  0.158561  0.165788 -0.527827 -0.127681  0.924212
   11.8964 -0.093663  0.133527  0.180701 -0.524165 -0.138622  0.925494
   11.8964 -0.0649009   0.112754   0.194017 -0.506496 -0.133952  0.926547
   11.8964 -0.0515851   0.104232   0.201474 -0.487086 -0.129741   0.92673
   11.8964 -0.043063  0.104232  0.201474 -0.478435 -0.131938  0.928241
   11.8964 -0.0308124   0.106895   0.200409  -0.46992 -0.135234  0.920916
   11.8965 -0.0281493   0.114885   0.191887 -0.457103 -0.139171  0.902011
   11.8965 -0.032943  0.126603  0.174842 -0.450374 -0.142055  0.879809
   11.8965 -0.0441282    0.13619   0.153004  -0.44662 -0.157024  0.857379
   11.8965 -0.0537156   0.137788   0.126373  -0.44337 -0.170436  0.843829
   11.8965 -0.0585093   0.136723   0.104002 -0.446025 -0.164989  0.838244
   11.8965 -0.0659661   0.135657  0.0842949 -0.45074 -0.15707  0.83092
   11.8966 -0.0739556   0.131396  0.0656527 -0.451427 -0.150203  0.829593
   11.9963 -0.0771514   0.133527  0.0555327 -0.457011 -0.134456   0.83417
   11.9963 -0.0776841   0.140984  0.0523369 -0.472987 -0.113262  0.841495
   11.9963 -0.0814125   0.148441  0.0587285  -0.495051 -0.0923875   0.852435
   11.9963 -0.0878041   0.153767  0.0741748  -0.512218 -0.0822709   0.861407
   11.9963 -0.089402  0.149506 0.0901538  -0.523433 -0.0892747   0.862689
   11.9963 -0.0824777   0.137255    0.10347  -0.53593 -0.103969  0.849322
   11.9964 -0.0664988   0.117015   0.114655  -0.54211 -0.108363  0.833163
   11.9964 -0.0467914  0.0925142   0.120514 -0.539409 -0.098842  0.832797
   11.9964 -0.0318777  0.0728068   0.124242 -0.533961  -0.09106  0.842502
   11.9977 -0.0265514  0.0632194   0.130101  -0.522014 -0.0868943   0.852023
   11.9977 -0.0249535  0.0658826    0.13596  -0.512813 -0.0877641   0.858432
   11.9977 -0.021225 0.0802637  0.139689  -0.513591 -0.0973313   0.858798
   11.9977 -0.0180292  0.0925142   0.141819 -0.520961 -0.103786  0.848269
   11.9977 -0.00950713   0.0914489    0.142884 -0.530986 -0.104106  0.826755
   11.9977 -0.00311554   0.0802637    0.139156 -0.537944 -0.100032  0.808169
   11.9977 -0.00205028   0.0658826    0.129036  -0.538585 -0.0901902   0.809817
   11.9977 0.00114551  0.0562952   0.116785  -0.533641 -0.0759996   0.820117
   11.9977 -0.00151765   0.0530994    0.106665   -0.52563 -0.0658372   0.823642
   11.9977 -0.0073766  0.0546973   0.097078  -0.523616 -0.0578721    0.83005
   11.9977 -0.0100398  0.0605563  0.0901538  -0.530482 -0.0451463    0.84328
   12.0931 -0.011105 0.0621542 0.0853601  -0.540462 -0.0370896   0.849048
   12.0931 -0.011105 0.0610889  0.082697  -0.552226 -0.0331529    0.84946
   12.0931 -0.011105  0.059491 0.0816317  -0.564036 -0.0305436   0.852893
   12.0932 -0.00631134   0.0515015   0.0848275  -0.573878 -0.0371812   0.850467
   12.0932 0.00327604  0.0397836  0.0890885  -0.578593 -0.0429032   0.847171
   12.0932 0.0133961 0.0275331 0.0938822  -0.583858 -0.0358537   0.856555
   12.0933  0.025114 0.0110215 0.0992086  -0.588985 -0.0309098   0.862643
   12.0933   0.0347013 -0.00442487    0.097078  -0.583079 -0.0341142   0.862094
   12.0933  0.0400277 -0.0188059  0.0986759  -0.570399 -0.0344804   0.866946
   12.0933  0.0442887 -0.0305239   0.100274  -0.556071 -0.0379594   0.869143
   12.0933  0.0458866 -0.0379807  0.0944149  -0.541286 -0.0485795   0.860995
   12.0933  0.0426908 -0.0438397  0.0842949  -0.528606 -0.0487168   0.846209
   12.0933  0.0304403 -0.0475681  0.0699138  -0.519313 -0.0456498   0.831241
   12.0933   0.009135 -0.0555576  0.0518043  -0.511943 -0.0564988   0.813205
   12.0933 -0.0196271 -0.0630144  0.0315643   -0.50677 -0.0705522   0.803958
   12.0933 -0.0457261  -0.069406    0.01452  -0.507869 -0.0791124   0.814074
   12.0934 -0.0649009 -0.0710039 0.00440002 -0.509746 -0.086345  0.825976
   12.0934  -0.0755535  -0.0726018 0.000138958  -0.514873 -0.0901445   0.830829
   12.0934   -0.0755535   -0.0837871 -0.000393674  -0.525722 -0.0891832   0.841678
   12.0934 -0.0728904 -0.0992334 0.00440002  -0.530665 -0.0897782   0.857974
   12.1998 -0.067564 -0.112549 0.0150527  -0.527965 -0.0899156   0.869052
   12.1998 -0.0606398  -0.120539  0.0278358  -0.525493 -0.0854295   0.877658
   12.1998 -0.0585093  -0.124267  0.0395537   -0.52032 -0.0876725   0.883883
   12.1998 -0.0595746  -0.124267  0.0502064 -0.511165 -0.102733  0.882327
   12.1998 -0.0553135  -0.123734  0.0619243 -0.503841 -0.112804  0.882647
   12.1998 -0.0457261  -0.123734  0.0725769 -0.497478 -0.116374  0.885302
   12.1999 -0.0297472  -0.121604  0.0741748 -0.489558 -0.123058    0.8772
   12.1999 -0.0201598  -0.120006  0.0752401 -0.479396 -0.118984  0.867404
   12.1999 -0.0153661  -0.117343   0.076838 -0.46905 -0.10699 0.865619
   12.1999 -0.0089745  -0.108821  0.0795012 -0.461681 -0.104244  0.866351
   12.1999  -0.011105 -0.0939071  0.0864254 -0.455272 -0.106578  0.860492
   12.1999 -0.0180292 -0.0800587  0.0885559 -0.446941 -0.105388  0.845614
   12.1999 -0.027084 -0.069406 0.0874906 -0.443553 -0.112438  0.838107
   12.1999 -0.0308124 -0.0598186  0.0874906 -0.449046 -0.122096  0.845019
   12.1999 -0.0308124  -0.049166  0.0912191 -0.454585  -0.11967  0.849734
   12.1999 -0.0334756 -0.0422418  0.0896212 -0.458659 -0.117427  0.852298
   12.1999 -0.0366714 -0.0379807  0.0853601 -0.463191 -0.122279   0.85889
   12.1999 -0.0356061 -0.0363828  0.0848275 -0.462184  -0.12466  0.867129
   12.1999 -0.0254861 -0.0374481  0.0789685 -0.456645 -0.124385  0.877795
   12.1999 -0.0137682 -0.0310565  0.0741748  -0.45312 -0.122325  0.886676
    12.297 -0.00524607  -0.0209365   0.0699138 -0.453761 -0.107173  0.892901
    12.297 -0.00205028  -0.0134796   0.0592611  -0.457469 -0.0928453   0.893359
    12.297 -0.00258291  -0.0113491   0.0491411  -0.456279 -0.0957749   0.886447
    12.297 -0.00205028 -0.00921856   0.0368906 -0.450145 -0.100902  0.880771
   12.2971 -0.000985015  -0.00282698    0.0193137 -0.442454 -0.102046  0.873034
   12.2971  -0.00577871   0.00196671 -0.000926306 -0.432658 -0.105296  0.859851
   12.2971 -0.0174966  0.0083583 -0.0227642 -0.424647 -0.108409  0.847308
   12.2971 -0.0324103  0.0211415    -0.0462 -0.418834 -0.114818  0.837237
   12.2971 -0.0457261  0.0344573 -0.0707011  -0.41627 -0.126079  0.832339
   12.2971 -0.0547809  0.0477731 -0.0914738 -0.418742 -0.130245  0.838656
   12.2971 -0.0638356  0.0632194   -0.10692 -0.428813 -0.125621  0.850375
   12.2971 -0.0718251  0.0786658  -0.119171 -0.441997 -0.130245  0.858249
   12.2971 -0.073423 0.0935795 -0.123432 -0.456462 -0.142238  0.874087
   12.2971 -0.0664988   0.106363  -0.118638 -0.475551 -0.151027   0.89162
   12.2971 -0.0537156   0.114352  -0.111181 -0.494136  -0.15652  0.897708
   12.2971 -0.0334756   0.121276  -0.098398 -0.510295 -0.155513  0.899951
   12.2971 -0.0185619   0.124472 -0.0834843 -0.522563 -0.153591  0.904391
   12.2971 -0.00471344    0.122342  -0.0728317 -0.525996  -0.15826  0.903109
   12.2971  0.0128634   0.119146 -0.0611137 -0.521556 -0.159816  0.895007
   12.2971  0.0187224   0.117015 -0.0541895 -0.510982 -0.158214  0.896243
   12.3964 0.0245813   0.11595 -0.052059 -0.503886 -0.159313  0.900958
   12.3964 0.0272445  0.119678   -0.0462 -0.493678 -0.166042  0.895373
   12.3964  0.0240487   0.124472 -0.0424716 -0.471843 -0.183711  0.883975
   12.3964  0.0213855   0.126603 -0.0424716 -0.460216 -0.194652  0.878161
   12.3964  0.0197876   0.135125 -0.0430043 -0.452022 -0.201335  0.881366
   12.3965  0.0208529   0.141516 -0.0435369  -0.44305 -0.217769  0.883517
   12.3965  0.0219182   0.144712 -0.0446022 -0.442271 -0.227519  0.882464
   12.3965  0.0224508   0.157495 -0.0483306  -0.44099 -0.228664  0.878024
   12.3965  0.025114  0.169213 -0.052059 -0.446345 -0.226512  0.877292
   12.3965  0.0315056   0.175072 -0.0531243 -0.461269 -0.219646  0.887317
   12.3965  0.0405603   0.179333 -0.0488632 -0.472346 -0.213191  0.896701
   12.3965  0.0544087   0.179333 -0.0414064 -0.477702 -0.201656  0.907687
   12.3965  0.0725182   0.177735 -0.0339495 -0.486858 -0.179271  0.925448
   12.3965  0.0868993   0.179333 -0.0248948 -0.494594 -0.155559  0.935061
   12.3965 0.0927583  0.178801  -0.01584 -0.493999 -0.143062  0.932727
   12.3965  0.0959541   0.174007 -0.0126442 -0.491847 -0.139858  0.925677
   12.3965   0.104476   0.169746 -0.0185032 -0.486903 -0.138759  0.916751
   12.3965   0.112466   0.165485 -0.0307537 -0.478938 -0.132671  0.912677
   12.3965   0.107139   0.161224 -0.0430043 -0.475825 -0.123058  0.916385
   12.3965  0.0948888   0.158028 -0.0573853 -0.472438  -0.12997  0.912402
   12.3965  0.0879646   0.157495 -0.0792232 -0.466029 -0.150752   0.90137
   12.3965  0.0895625     0.1543 -0.0999959  -0.46223 -0.164348  0.898074
   12.3965 0.0922256  0.145777 -0.118638 -0.461543 -0.172588  0.894778
   12.4968 0.0890298  0.135125 -0.137813 -0.460261 -0.175655  0.884204
   12.4969 0.0805077  0.121809 -0.159118 -0.460582 -0.166683  0.874362
   12.4969 0.0709203  0.106895 -0.180423 -0.466762 -0.157619  0.875277
   12.4969 0.0581372 0.0951774 -0.193207 -0.470195 -0.155376  0.882281
   12.4969 0.0442887 0.0839921 -0.202794 -0.472713 -0.149379  0.887546
   12.4969 0.0373645 0.0712089 -0.213447 -0.478389  -0.14352   0.89519
   12.4969 0.0373645 0.0568278 -0.217708 -0.483012 -0.147914  0.899814
   12.4969  0.039495 0.0440447  -0.21611 -0.488139 -0.144573  0.903293
   12.4969 0.0448214 0.0339247  -0.21611  -0.49615 -0.126354  0.912173
    12.497 0.0464193 0.0227394  -0.21611 -0.505397 -0.113262  0.912539
    12.497 0.0432235 0.0067604 -0.212381 -0.510936  -0.11285  0.903888
    12.497   0.0432235 -0.00921856   -0.211849 -0.506679 -0.118572  0.895739
    12.497  0.0501477 -0.0220017  -0.213447 -0.494548 -0.127315   0.89313
    12.497  0.0623982 -0.0379807  -0.213979 -0.483607 -0.137065  0.889605
    12.497  0.0639961 -0.0518291   -0.21611 -0.476146 -0.139308   0.88164
    12.497  0.0544087 -0.0571555  -0.216642 -0.467219 -0.144023   0.87807
    12.497  0.0490824 -0.0560902  -0.215577 -0.457515 -0.161922  0.878116
    12.497  0.0549414 -0.0502312  -0.216642 -0.454951 -0.174465  0.881137
    12.497  0.0650614 -0.0470355  -0.211316 -0.461864 -0.177852  0.884341
    12.497   0.075714 -0.0528944  -0.199598 -0.467494 -0.184535  0.883792
   12.5928  0.0831709 -0.0635471  -0.192674 -0.470378 -0.186961  0.883426
   12.5929  0.0895625 -0.0747323   -0.18788 -0.474635 -0.186916  0.880954
   12.5929   0.104476 -0.0891134  -0.182021 -0.476558 -0.188426  0.873904
   12.5929  0.115129 -0.105092 -0.177228 -0.47729 -0.17863 0.869555
    12.593   0.12152 -0.121604 -0.178293 -0.475688 -0.158168  0.873309
    12.593  0.122586 -0.142377 -0.182554 -0.469829  -0.14384  0.875186
    12.593  0.114064 -0.162617 -0.191076 -0.456599 -0.137981  0.874545
    12.593  0.104476 -0.179661 -0.209718 -0.440715 -0.134136  0.872943
    12.593 0.0970193 -0.188183 -0.227828 -0.428538 -0.135921  0.868228
    12.593 0.0906277 -0.197238 -0.239546 -0.423915  -0.13528  0.867587
    12.593 0.0794425  -0.20576 -0.254459 -0.424007 -0.132716  0.867495
    12.593 0.0682572 -0.207358 -0.270971 -0.420894 -0.137523  0.863879
    12.593 0.0623982 -0.215347 -0.285885 -0.419932 -0.146037   0.86452
   12.5931 0.0645287 -0.224935 -0.296537 -0.420207 -0.149608  0.870288
   12.5931 0.0693224 -0.230261 -0.302396 -0.419063 -0.150752   0.87102
   12.5931 0.0671919 -0.232391 -0.305592 -0.420116 -0.155742  0.866122
   12.5931 0.0645287 -0.233989 -0.305592 -0.422404 -0.156749  0.868182
   12.5931 0.0645287 -0.237185 -0.299733 -0.424327  -0.16151  0.862735
   12.5931 0.0639961 -0.240914 -0.290678  -0.42126 -0.168056   0.84859
   12.5931 0.0719856 -0.244642 -0.282689 -0.420253 -0.158077  0.853167
   12.6977 0.0805077 -0.244642 -0.272036 -0.426936 -0.142375  0.865527
   12.6977 0.0821056 -0.239316  -0.25872  -0.43156 -0.132625  0.871432
   12.6977 0.0853014 -0.235055  -0.24647 -0.43275 -0.12617 0.875781
   12.6977 0.0879646 -0.236653 -0.233154 -0.428493  -0.12759   0.88013
   12.6977 0.0932909 -0.236653 -0.218773 -0.419475 -0.134685  0.878711
   12.6977 0.0996825 -0.234522 -0.207588 -0.414256 -0.138851  0.877749
   12.6977   0.10128 -0.233989 -0.200663 -0.410594 -0.142009   0.88219
   12.6977 0.0996825 -0.235587 -0.198533 -0.398372 -0.153499  0.878482
   12.6977 0.0970193  -0.23825 -0.197468 -0.382533 -0.168559  0.870837
   12.6977 0.0970193  -0.23825 -0.198533   -0.3753 -0.175334  0.870013
   12.6978 0.0975519 -0.235587 -0.200663 -0.368754 -0.184215  0.864474
   12.6978 0.0996825 -0.232924 -0.200131 -0.362941  -0.18568  0.858523
   12.6978  0.105541 -0.229196 -0.199066  -0.36729 -0.169383  0.867953
   12.6978  0.107672 -0.223337 -0.195337 -0.374065 -0.155467  0.879352
   12.6978   0.10128 -0.213217 -0.180956 -0.378642 -0.148097  0.878161
   12.6978 0.0948888 -0.209488 -0.166575 -0.384318 -0.148418  0.872485
   12.6978 0.0980846 -0.215347 -0.153259 -0.387752 -0.157298   0.86159
   12.6978  0.105009 -0.227065 -0.141541 -0.384959 -0.161418  0.843692
   12.6978  0.103944 -0.244642  -0.13728 -0.377086 -0.150066   0.83948
   12.6978 0.0900951 -0.261154 -0.137813 -0.359279 -0.142284  0.846896
   12.7967 0.0693224 -0.273937   -0.1474 -0.328609 -0.160365  0.847079
   12.7967 0.0522782 -0.277665 -0.159118 -0.301189 -0.183986  0.849414
   12.7967 0.0421582 -0.274469 -0.171369 -0.289561 -0.192912  0.864016
   12.7967 0.0304403 -0.267545  -0.18575 -0.285167  -0.19717  0.874682
   12.7967  0.014994 -0.264882    -0.198 -0.284343 -0.197902  0.876605
   12.7967 0.00327604  -0.264349  -0.209718 -0.292033 -0.197902  0.881549
   12.7967 -0.00364818   -0.255827   -0.216642 -0.306361 -0.205776  0.886905
   12.7967 -0.00418081   -0.246773   -0.210251 -0.322337 -0.204631  0.886493
   12.7967 -0.00577871   -0.241979   -0.196402 -0.341151 -0.186092  0.884158
   12.7967 -0.0100398  -0.240381  -0.178293 -0.358043 -0.174327   0.88251
   12.7967 -0.011105 -0.240914 -0.167108 -0.364406 -0.180187  0.879855
   12.7967 -0.0105724  -0.239316  -0.154324 -0.364909 -0.185863  0.878161
   12.7967 -0.00790923   -0.243577   -0.129823 -0.364909  -0.17776  0.874545
   12.7967 -0.00577871   -0.249436   -0.118105 -0.359782 -0.166271  0.871936
   12.7967 -0.00205028   -0.249436   -0.109583 -0.354655 -0.162883  0.872943
   12.7967 0.00860237   -0.24624 -0.0861475 -0.351771 -0.157527  0.872073
   12.7967  0.0155266  -0.243044 -0.0712338 -0.346416 -0.144756  0.870196
   12.7968  0.0139287  -0.239316 -0.0589832 -0.343944  -0.13734  0.869189
   12.7968 0.00860236  -0.230261   -0.03608 -0.339961 -0.136241  0.876788
   12.7968  0.0059392   -0.21588 -0.0163726 -0.324397 -0.140956   0.88631
   12.7968   0.0075371   -0.196705 -0.00145894  -0.31103 -0.143977  0.890063
   12.7968 0.000612881     -0.1754   0.0107916  -0.30833 -0.138667  0.892764
   12.7968 -0.0116377  -0.153562  0.0214442 -0.304576 -0.144801  0.893313
   12.8951 -0.0190945  -0.133322  0.0310316  -0.30659 -0.160777   0.89693
   12.8951 -0.0217577  -0.115745  0.0368906 -0.318263 -0.170436  0.903384
   12.8952 -0.021225 -0.100831 0.0427495 -0.326549 -0.179225  0.903888
   12.8952 -0.0190945 -0.0928418  0.0518043 -0.328654 -0.186275  0.900821
   12.8952 -0.0127029  -0.089646  0.0597938  -0.33076 -0.183711  0.900683
   12.8952 -0.00151765  -0.0832544   0.0688485 -0.328654 -0.179546  0.902423
   12.8952 0.00806973 -0.0736671  0.0773706 -0.321651 -0.174648  0.905948
   12.8952  0.0139287 -0.0576881  0.0853601 -0.315517 -0.164897  0.910067
   12.8952   0.009135 -0.0379807  0.0954801 -0.308971 -0.159816  0.910571
   12.8952 0.00167815 -0.0214691   0.100274 -0.304347 -0.171581  0.909793
   12.8952  0.00167815 -0.00708803   0.0965454 -0.305034 -0.191036  0.908236
   12.8952 0.00700447 0.00569514  0.0896212 -0.306544 -0.199825  0.904391
   12.8952 0.0155266 0.0147499 0.0795012 -0.309795 -0.198177  0.903155
   12.8952 0.0123308 0.0190109 0.0624569 -0.314738 -0.195751  0.909198
   12.8952 0.00487394  0.0195436  0.0454127 -0.318446 -0.202617  0.916293
   12.8952 0.00966763   0.023272  0.0315643 -0.322612 -0.214336  0.921328
   12.8952 0.0176571 0.0323268   0.01452 -0.336391 -0.217906  0.930987
   12.8952   0.0272445   0.0339247 0.000138958 -0.355891 -0.215114  0.940463
   12.8952  0.0389624  0.0301962 -0.0163726 -0.366878 -0.216213  0.938678
   12.8952  0.0458866  0.0254025 -0.0371453 -0.372233 -0.223125  0.936435
   12.9972  0.0517456  0.0168804 -0.0541895 -0.375667 -0.231044  0.935016
   12.9972  0.0623982  0.0083583 -0.0733643 -0.377086 -0.235805  0.924304
   12.9972   0.071453 0.00356461 -0.0952022 -0.378276 -0.226146  0.918582
   12.9972   0.0709203 -0.00122908   -0.118105 -0.381663 -0.205226   0.91817
   12.9973    0.065594 -0.00708803   -0.140476 -0.384456 -0.190303  0.913089
   12.9973   0.0602677 -0.00868593   -0.158585 -0.387706 -0.179546   0.91286
   12.9973  0.0570719 -0.0049575  -0.171901 -0.393336 -0.164989  0.922519
   12.9973  0.0528108 0.00090145  -0.179358 -0.400615 -0.157481  0.931949
   12.9973  0.0469519 0.00356461  -0.184684 -0.411738 -0.158305  0.933917
   12.9973  0.0474845 0.00356461  -0.188945 -0.422587 -0.159725  0.935977
   12.9973    0.0522782 -0.000163814    -0.196402 -0.431697 -0.170253  0.938769
   12.9973   0.0538761 -0.00708803   -0.203859 -0.437373 -0.183025  0.933642
   12.9973  0.0560066 -0.0134796  -0.210251 -0.445567 -0.185268  0.932773
   12.9973  0.0608003 -0.0177407  -0.217708 -0.456004 -0.183711  0.935245
   12.9973  0.0671919 -0.0257302  -0.221969 -0.459529 -0.186733   0.93204
   12.9973  0.0741161 -0.0363828  -0.225697  -0.46429 -0.184306  0.936389
   12.9973  0.0799751 -0.0454376  -0.226762 -0.471248 -0.171764  0.944446
   12.9973  0.0863667 -0.0512965  -0.218773 -0.474223  -0.15826    0.9444
   12.9973   0.091693 -0.0598186  -0.211849 -0.480586 -0.135875  0.940646
   12.9973  0.0932909 -0.0710039  -0.203327 -0.487727 -0.115184  0.940646
   13.0957  0.0943562 -0.0805913   -0.18788 -0.484019 -0.111522  0.935336
   13.0958  0.0906277 -0.0869829  -0.170303 -0.476192 -0.106212  0.927966
   13.0958  0.0842361 -0.0837871  -0.146868  -0.473582 -0.0913804   0.937854
   13.0958  0.0799751 -0.0779281  -0.120769  -0.470927 -0.0899156   0.947558
   13.0958  0.0794425 -0.0715365 -0.0968001  -0.468135 -0.0978349   0.946963
   13.0958  0.0826382 -0.0683407 -0.0728317 -0.467677 -0.101039  0.946689
   13.0958  0.0853014 -0.0683407 -0.0467327 -0.463878  -0.11404  0.946734
   13.0958  0.0932909 -0.0662102 -0.0206337 -0.457561 -0.132533  0.943576
   13.0958   0.102878 -0.0635471 0.00067159 -0.453441 -0.137386  0.940143
   13.0958   0.106074 -0.0614165  0.0182485 -0.451289 -0.136928  0.936847
   13.0958   0.108205 -0.0667428  0.0315643 -0.448131 -0.138072  0.931537
   13.0958   0.108737 -0.0768629  0.0427495 -0.444743 -0.127406  0.932864
   13.0958   0.106607 -0.0816565  0.0502064  -0.44218 -0.112804  0.939502
   13.0958   0.103944 -0.0859176  0.0512717 -0.437602 -0.108089  0.944903
   13.0958   0.095954 -0.0907113  0.0534022 -0.432979 -0.102916  0.947925
   13.0958  0.0837035 -0.0939071  0.0555327  -0.431697 -0.0946763   0.948794
   13.0958  0.0767793 -0.0944397   0.056598   -0.43156 -0.0886338   0.946002
   13.0958  0.0682572 -0.0928418  0.0571306  -0.435268 -0.0778764   0.946872
   13.0958  0.0506803 -0.0960376  0.0581959  -0.441722 -0.0684922   0.953372
   13.0958 0.0400277 -0.102429 0.0597938   -0.44543 -0.0713761   0.954013
   13.1967 0.0357666 -0.109886 0.0624569  -0.440394 -0.0830949   0.952777
   13.1967 0.0325708 -0.115212 0.0656527  -0.431972 -0.0843766   0.952502
   13.1967 0.0331034 -0.116278 0.0656527  -0.429545 -0.0800737   0.948565
   13.1967 0.0283098 -0.119473 0.0640548  -0.423869 -0.0846971   0.945132
   13.1967 0.0203203 -0.121604  0.060859  -0.411418 -0.0873979   0.942157
   13.1968 0.0107329 -0.113082 0.0555327  -0.398692 -0.0906022   0.938128
   13.1968 -0.00471344   -0.102962   0.0475432  -0.386561 -0.0972398   0.931445
   13.1968 -0.0196271  -0.099766  0.0326295  -0.376857 -0.0965531    0.91849
   13.1968 -0.0377366 -0.0971029  0.0139874  -0.371135 -0.0926622   0.905032
   13.1968  -0.0611725   -0.095505 -0.00625263  -0.365825 -0.0919755   0.898944
   13.1969 -0.0840756 -0.0901787 -0.0280906  -0.361705 -0.0914262   0.900729
   13.1969  -0.101653 -0.0816565 -0.0467327  -0.364177 -0.0862535   0.907504
   13.1969 -0.114968 -0.069406 -0.062179  -0.374248 -0.0740312    0.91904
   13.1969   -0.13148 -0.0555576 -0.0765601   -0.39146 -0.0621293   0.932269
   13.1969  -0.147992 -0.0566228 -0.0861475  -0.407664 -0.0612596   0.934695
   13.1969  -0.159709 -0.0614165 -0.0936043  -0.413661 -0.0765947   0.928012
   13.1969  -0.166101 -0.0603513  -0.105322  -0.413936 -0.0899156   0.924624
   13.1969 -0.167699 -0.059286 -0.114377   -0.41595 -0.0931199   0.915927
   13.1969  -0.170895 -0.0560902  -0.119703  -0.418285 -0.0932115   0.900271
   13.1969  -0.17409 -0.053427 -0.123432  -0.422725 -0.0818132   0.893771
   13.2961  -0.177286 -0.0518291  -0.121834  -0.426982 -0.0716966   0.894549
   13.2962   -0.18208 -0.0470355  -0.119171  -0.429866 -0.0666154   0.899035
   13.2962  -0.183678 -0.0438397  -0.118105 -0.429179 -0.065883  0.898852
   13.2967  -0.185276 -0.0353175  -0.113312  -0.425609 -0.0702317   0.894183
   13.2968  -0.186874 -0.0193386 -0.0994633  -0.423869 -0.0706437   0.892535
   13.2968   -0.182613 -0.00282698  -0.0829517 -0.427806 -0.070186  0.891208
   13.2968  -0.170895   0.017413 -0.0648422 -0.435313 -0.072017  0.888507
   13.2968 -0.163438 0.0365878 -0.041939  -0.440898 -0.0757707   0.882052
   13.2968  -0.161307  0.0483057 -0.0248948   -0.44575 -0.0766862   0.877566
   13.2968   -0.154916   0.0573605 -0.00785053   -0.44369 -0.0852922    0.87276
   13.2969  -0.148524   0.069611 0.00812844 -0.438975 -0.100353  0.863696
   13.2969 -0.145328 0.0791984  0.020379 -0.434947 -0.105708  0.863742
   13.2969   -0.1416 0.0861226 0.0289011 -0.429774 -0.110652  0.869327
   13.2969 -0.134143 0.0914489 0.0289011  -0.42245 -0.115459  0.864886
   13.2969 -0.129882 0.0930468 0.0320969 -0.417918 -0.110286  0.862964
   13.2969 -0.127751 0.0962426 0.0352927  -0.41476 -0.104884  0.868228
   13.2969 -0.124023  0.099971 0.0310316 -0.407481 -0.104884  0.864886
   13.2969 -0.126686  0.102634 0.0267706 -0.399196 -0.100856  0.855823
   13.2969 -0.130947  0.106895 0.0214442  -0.395579 -0.0893663   0.851108
   13.2969  -0.132545   0.104765 0.00919371  -0.393611 -0.0898698   0.840716
   13.2969 -0.137339  0.104765  -0.00572  -0.390361 -0.0934861   0.828311
   13.2969   -0.14373   0.108493 -0.0147747   -0.39384 -0.0783342   0.830096
    13.397  -0.149057   0.106895 -0.0238295 -0.401897 -0.064647  0.834674
    13.397  -0.157579   0.106363 -0.0387432  -0.406337 -0.0594285   0.834674
    13.397  -0.165036   0.104765 -0.0493958  -0.409358 -0.0544847   0.834948
    13.397   -0.16397   0.106363 -0.0552548  -0.411601 -0.0602525   0.836963
   13.3971 -0.159709  0.113819 -0.062179    -0.4127 -0.0705979   0.840625
   13.3971  -0.159709   0.121276 -0.0669727  -0.419337 -0.0679887   0.839297
   13.3971  -0.16184  0.123407 -0.072299  -0.425334 -0.0718797   0.833072
   13.3971  -0.155981   0.124472 -0.0818864  -0.425059 -0.0931199   0.821811
   13.3971   -0.14373   0.123939 -0.0957348 -0.427531 -0.104747  0.812838
   13.3971 -0.132013  0.121809 -0.111181 -0.433299 -0.106304  0.812198
   13.3971 -0.124023  0.117015 -0.126628 -0.431331 -0.108043  0.811374
   13.3971 -0.120295  0.111156 -0.142606 -0.426707  -0.10342  0.808948
   13.3971 -0.114436  0.111156 -0.154857  -0.424739 -0.0975602   0.807437
   13.3971 -0.105914  0.112754 -0.164977  -0.422587 -0.0983842   0.805377
   13.3971 -0.100055  0.115417 -0.172967 -0.426662 -0.092891   0.80469
   13.3971 -0.0973915   0.114352  -0.180423 -0.437556 -0.077556  0.809314
   13.3971 -0.0941957   0.109026  -0.180956  -0.448497 -0.0694078   0.811236
   13.3971 -0.0824778    0.10583  -0.177228  -0.456508 -0.0724748   0.808215
   13.3971 -0.0649009   0.101569  -0.169771  -0.467219 -0.0694993   0.815036
   13.3971 -0.0489219    0.09571  -0.153259  -0.476283 -0.0658372   0.824923
   13.4969 -0.0356061  0.0893184  -0.137813    -0.4761 -0.0708268   0.826068
   13.4969 -0.0201598  0.0871879  -0.117573 -0.472804 -0.077144  0.822589
   13.4969 -0.00205028   0.0834594  -0.0952022  -0.465571 -0.0928453   0.818515
   13.4969  0.0160592  0.0760026 -0.0792232 -0.452708 -0.113948  0.814258
   13.4969  0.0373645  0.0749373 -0.0632443 -0.440669 -0.121867  0.808444
   13.4969  0.0512129  0.0722742 -0.0493958 -0.431285 -0.120632  0.803592
    13.497  0.0549414  0.0648173 -0.0440695 -0.420665 -0.123195  0.798968
    13.497  0.0618656  0.0578931 -0.0398085 -0.404185 -0.129146  0.797229
    13.497  0.0719856  0.0568278 -0.0382106 -0.38679 -0.13615 0.796725
    13.497  0.0746488  0.0584257 -0.0408737 -0.373286 -0.138347  0.795489
    13.497  0.0751814  0.0626868 -0.0430043 -0.361796 -0.129604  0.801394
    13.497  0.0746488  0.0706763 -0.0493958 -0.359279 -0.117107  0.808902
    13.497  0.0709203  0.0791984 -0.0509937 -0.363856  -0.11079  0.812335
    13.497  0.0703877  0.0893184 -0.0456674 -0.372508  -0.10667  0.823825
    13.497  0.0773119   0.099971 -0.0344821 -0.385646 -0.102001   0.84003
    13.497  0.0874319   0.110091 -0.0169053 -0.401118 -0.104747  0.846988
    13.497   0.102878   0.114352 0.00440002 -0.41389 -0.11729 0.851245
    13.497  0.128445   0.11595 0.0251727 -0.420253  -0.13084   0.86214
    13.497  0.157739  0.122874 0.0459453 -0.423503 -0.141826  0.869006
    13.593  0.185436  0.127135 0.0688485 -0.423823 -0.146358  0.868136
    13.593 0.208339 0.130331 0.086958 -0.421855 -0.135143  0.869693
    13.593 0.226449  0.13406 0.101339 -0.413158 -0.127086  0.866168
   13.5931 0.236036 0.137255 0.109861 -0.395076  -0.13322  0.858066
   13.5931 0.242428 0.142049 0.108796 -0.371867  -0.14091  0.856189
   13.5931  0.25095 0.148973 0.104002 -0.347606 -0.152492  0.850696
   13.5931  0.252548  0.161756 0.0965454 -0.325404 -0.151164   0.84154
   13.5931 0.241895 0.180931 0.086958 -0.314052 -0.129649  0.844195
   13.5931  0.224318  0.200106 0.0747075 -0.315425 -0.117839  0.852435
   13.5931  0.206742   0.21502 0.0640548 -0.316936 -0.118709  0.856189
   13.5931  0.192893  0.228335 0.0555327 -0.320552 -0.115321  0.859576
   13.5931   0.18224  0.238455 0.0470106  -0.33195 -0.111522  0.860995
   13.5931  0.172653  0.244847 0.0438148 -0.345683  -0.11024  0.859347
   13.5931  0.166794  0.246445 0.0395537  -0.36111 -0.105296  0.866214
   13.5931  0.165729  0.246445 0.0379558 -0.372737 -0.101589  0.881274
   13.5931  0.168392  0.248575 0.0427495 -0.376903 -0.108318  0.888644
   13.5931  0.173718  0.250173 0.0432822 -0.379054 -0.112254  0.889514
   13.5931  0.176382  0.251239 0.0395537 -0.386378 -0.108409  0.895007
   13.5932  0.178512  0.252836 0.0336948 -0.389857 -0.111476  0.895968
   13.5932  0.177979  0.256032 0.0278358 -0.383266 -0.113719  0.887362
   13.5932 0.173718 0.259228 0.020379 -0.377498 -0.107173  0.882647
   13.6977 0.168925 0.266152 0.010259 -0.372005 -0.101955  0.882007
   13.6977    0.157207     0.27787 -0.00305684 -0.366328 -0.104839  0.876101
   13.6977   0.146554   0.287458 -0.0142421 -0.367335 -0.101909  0.873446
   13.6977   0.138032    0.29598 -0.0201011  -0.375163 -0.0930741   0.879809
   13.6977   0.127379   0.302904 -0.0270253  -0.381892 -0.0952714   0.884479
   13.6977   0.116194   0.307698 -0.0307537  -0.390452 -0.0975602   0.887591
   13.6977   0.107672   0.310893 -0.0334169 -0.403407 -0.099254  0.891711
   13.6977   0.104476   0.311426 -0.0371453 -0.413295 -0.111156  0.892535
   13.6977   0.104476   0.309296 -0.0424716 -0.419429 -0.119212  0.896289
   13.6981   0.106074   0.307698 -0.0467327 -0.429408 -0.115184  0.908786
   13.6981   0.106074   0.303437 -0.0504611 -0.440486 -0.115733  0.919772
   13.6981   0.108205   0.297578 -0.0557874 -0.444011 -0.121822  0.929202
   13.6981     0.1114   0.294382 -0.0563201 -0.450008 -0.117427  0.938907
   13.6981   0.115129    0.28799 -0.0525916 -0.458613 -0.122279   0.94028
   13.6981   0.118857   0.278403 -0.0509937 -0.458751 -0.135555   0.93053
   13.6981   0.122053   0.265087 -0.0493958 -0.457652 -0.133998  0.919085
   13.6981    0.12951    0.24751 -0.0472653 -0.458385   -0.1356  0.915149
   13.6981   0.136967   0.229401 -0.0493958  -0.45074 -0.145442  0.911166
   13.6981   0.137499   0.212889 -0.0515264 -0.439616 -0.141689  0.907596
   13.6981  0.135369  0.202769 -0.052059 -0.433116 -0.133266  0.912173
   13.7967   0.128445   0.195845 -0.0557874 -0.430324 -0.134364  0.919818
   13.7967   0.122586   0.192649 -0.0605811 -0.436824 -0.133861  0.921328
   13.7972   0.118325   0.195312 -0.0589832 -0.448772 -0.131572   0.92316
   13.7973  0.114596  0.187855 -0.057918 -0.458568 -0.133403  0.929477
   13.7973   0.113531    0.17454 -0.0589832 -0.468135 -0.135234  0.934009
   13.7973   0.113531   0.163887 -0.0573853 -0.473857  -0.13766  0.934375
   13.7973  0.114064  0.148441 -0.057918 -0.471568 -0.149837  0.932773
   13.7973  0.117259  0.133527 -0.057918 -0.46754 -0.15945 0.937259
   13.7973   0.122586   0.120744 -0.0573853 -0.468684   -0.1524   0.94234
   13.7973   0.125781   0.109558 -0.0605811 -0.469142 -0.142192  0.943393
   13.7973   0.127379   0.101569 -0.0616464 -0.470378 -0.137157  0.948932
   13.7973   0.128445  0.0946447 -0.0595159 -0.473994 -0.133952  0.957034
   13.7973   0.132706  0.0871879 -0.0611137 -0.470515 -0.138072  0.955066
   13.7973   0.135369  0.0770679 -0.0616464 -0.461864  -0.14471  0.946734
   13.7973   0.138565  0.0626868 -0.0584506 -0.456142 -0.139674  0.944354
   13.7973   0.141228  0.0509689 -0.0600485  -0.45193 -0.136424  0.938403
   13.7973   0.136434  0.0419141 -0.0611138 -0.446574 -0.140041  0.927737
   13.7973   0.120988  0.0296636 -0.0605811 -0.441585 -0.138301  0.925174
   13.7973   0.105541  0.0126194 -0.0659074 -0.430232  -0.14178   0.92435
   13.7973   0.0996825 -0.00282698  -0.0701685 -0.417873 -0.148876  0.917758
   13.8967  0.0932909 -0.0150775 -0.0749622 -0.413203 -0.144481  0.917529
   13.8967  0.0837035 -0.0262628 -0.0834843 -0.410823 -0.137431  0.922885
   13.8967  0.0746488 -0.0347849 -0.0877454 -0.406337  -0.13409  0.923663
   13.8967  0.0629309 -0.0422418 -0.0930717 -0.401851 -0.131526   0.92792
   13.8967  0.0480171 -0.0475681  -0.101594 -0.401988 -0.132304  0.929065
   13.8967   0.029375 -0.0518291  -0.106387 -0.404231 -0.137477  0.919543
   13.8967  0.0155266 -0.0608839  -0.119171   -0.4089 -0.139629  0.917437
   13.8967  0.0107329 -0.0747323  -0.134084 -0.415629 -0.134776  0.925815
   13.8967 0.00434131  -0.085385  -0.143139 -0.420299 -0.129649  0.928286
   13.8967 -0.0105724  -0.095505  -0.154324 -0.424922 -0.125163  0.928653
   13.8968 -0.0260187   -0.10456  -0.164444 -0.430324 -0.125575   0.93703
   13.8968 -0.0345408  -0.112017  -0.172967 -0.433757 -0.135326  0.942935
   13.8968 -0.0350735  -0.121071  -0.181489 -0.431514 -0.148738  0.944171
   13.8968 -0.0340082  -0.129593  -0.190543 -0.426387 -0.157756  0.950534
   13.8968 -0.0324103  -0.138648  -0.199598  -0.42126 -0.166271  0.948108
   13.8968 -0.0297472  -0.145572  -0.212914 -0.416408 -0.169887  0.939135
   13.8968 -0.0249535  -0.148236  -0.221969 -0.416682 -0.158168  0.945544
   13.8968 -0.0196271  -0.150366  -0.224099 -0.421672 -0.156795  0.956988
   13.8968 -0.016964 -0.149301  -0.22836 -0.425334 -0.166408   0.95914
   13.8968 -0.0105724  -0.153029  -0.232089  -0.42831 -0.168468  0.957309
   13.9964 -0.000985015    -0.163149    -0.229958 -0.426753 -0.178768  0.954699
   13.9964 0.0133961 -0.174867 -0.230491 -0.419063 -0.195018  0.947192
   13.9964 0.0277771 -0.186052 -0.234752 -0.418468 -0.189433  0.940829
   13.9964  0.039495 -0.194042 -0.236882 -0.419978  -0.16508  0.943026
   13.9965 0.0464193 -0.200434 -0.239546 -0.413615 -0.151897   0.94321
   13.9965 0.0442887 -0.203629 -0.239013 -0.407344 -0.147777  0.941241
   13.9965 0.0426908 -0.200966 -0.235817 -0.407939 -0.143977   0.94472
   13.9965 0.0474845 -0.196172 -0.231023 -0.413707 -0.143291   0.94971
   13.9965 0.0592024 -0.190846 -0.224099 -0.425059 -0.131664  0.952502
   13.9965 0.0677245 -0.190314 -0.214512 -0.441447 -0.112758  0.950076
   13.9965 0.0698551 -0.199901    -0.198 -0.450877 -0.111568  0.946917
   13.9965 0.0767793 -0.208956 -0.182554    -0.449 -0.116878  0.946368
   13.9965 0.0879646 -0.213217 -0.171901 -0.443645 -0.111339  0.942111
   13.9965 0.0959541 -0.221739 -0.159651 -0.434901 -0.113445  0.932635
   13.9965 0.0975519 -0.230794 -0.148465 -0.422404 -0.120265  0.923663
   13.9965 0.0959541 -0.232391 -0.142606  -0.40684 -0.121089  0.915698
   13.9965  0.091693 -0.234522 -0.142074 -0.392009 -0.126399  0.911303
   13.9965 0.0837035 -0.236653 -0.143672 -0.376262 -0.133266  0.910754
   13.9965 0.0735835  -0.23612   -0.1474 -0.357265 -0.129604   0.90993
   13.9965 0.0639961 -0.235587  -0.15539 -0.341609 -0.122279  0.910113
   14.0933 0.0506803 -0.235055 -0.162847 -0.331401 -0.129512  0.909015
   14.0934 0.0357666 -0.230794 -0.172967 -0.325587 -0.134548  0.908236
   14.0934 0.0245813    -0.226  -0.18575 -0.324535 -0.120036  0.912127
   14.0934 0.0112655 -0.220141 -0.194804 -0.326961 -0.108638  0.915423
   14.0934 -0.0089745  -0.214815  -0.201196 -0.333232 -0.110881  0.920825
   14.0934 -0.0254861   -0.20576  -0.202794 -0.339137 -0.114772  0.924991
   14.0934 -0.0324103  -0.192444  -0.202794 -0.346049 -0.118297  0.927966
   14.0934 -0.037204 -0.183922 -0.199065 -0.359187  -0.12173  0.931582
   14.0934 -0.0425303  -0.174867  -0.190543 -0.372783 -0.120906  0.927646
   14.0934 -0.0419977  -0.174867  -0.180956 -0.378139 -0.130519  0.917666
   14.0934 -0.0425303  -0.180726   -0.17563 -0.374431  -0.15002  0.908832
   14.0934 -0.0435956  -0.179661   -0.17563 -0.368205 -0.157619  0.905078
   14.0935 -0.0393345  -0.178596  -0.182554 -0.358501 -0.161968  0.899859
   14.0935 -0.0425303    -0.1754  -0.194804 -0.345546 -0.170116   0.89606
   14.0935 -0.0521177  -0.166345  -0.209186 -0.335612 -0.172817  0.896884
   14.0935 -0.0611725  -0.151431  -0.229426 -0.333598 -0.177394  0.898898
   14.0935 -0.0649009  -0.130659    -0.2486 -0.340694 -0.176845  0.901782
   14.0935 -0.0659662  -0.107756  -0.260851 -0.358134 -0.163158  0.909472
   14.0935 -0.0680967 -0.0859176  -0.267242 -0.382808 -0.149883  0.917712
   14.0935 -0.0686293 -0.0757976  -0.269373 -0.406108 -0.147548  0.917437
   14.1972  -0.067564 -0.0678081   -0.26884 -0.415996 -0.150157   0.91524
   14.1972 -0.0590419 -0.0539597  -0.265112 -0.424235 -0.154735  0.918078
   14.1972 -0.0377366 -0.0411765  -0.251796  -0.43568 -0.165813  0.919955
   14.1972  -0.011105 -0.0299912  -0.234219 -0.439204 -0.172084  0.914004
   14.1972  0.0117982 -0.0220017  -0.217708 -0.442866 -0.171214  0.907229
   14.1973   0.035234 -0.0150775  -0.200663 -0.445979 -0.174007  0.904941
   14.1973   0.0629309 -0.00229434   -0.184684  -0.44218 -0.176845  0.903293
   14.1973 0.0959541 0.0147499  -0.16551 -0.441539 -0.171169  0.903705
   14.1973  0.127912 0.0317941  -0.14527  -0.44749 -0.159496  0.909106
   14.1973   0.14975 0.0477731 -0.123964 -0.450648 -0.151851   0.90787
   14.1973  0.170523 0.0584257 -0.101061 -0.452571 -0.146312  0.897754
   14.1973  0.195024 0.0690784 -0.082419 -0.457423 -0.138667  0.892444
   14.1973   0.211003  0.0781331 -0.0611138 -0.461269 -0.134548  0.887683
   14.1973   0.217394  0.0887858 -0.0430043 -0.460033  -0.12704  0.874133
   14.1973    0.22059  0.0973079 -0.0264927 -0.463557 -0.115047  0.870288
   14.1973    0.222188    0.104765 -0.00518736 -0.470698 -0.111156  0.875918
   14.1973  0.227514  0.115417 0.0123895 -0.474269 -0.115047  0.875277
   14.1973  0.237102  0.117548 0.0257053 -0.476329 -0.114681  0.877612
   14.1973  0.242428  0.111689 0.0390211 -0.474544 -0.116832  0.882373
   14.1973   0.24882   0.10583 0.0518043  -0.46873 -0.126079   0.87807
   14.1973  0.255744  0.101569 0.0597938 -0.461635 -0.123515   0.87601
   14.2969  0.259472 0.0983731 0.0635222 -0.453532 -0.114131  0.877109
    14.297  0.259472 0.0935795 0.0645875 -0.442226 -0.118892   0.86896
    14.297  0.250417   0.08559 0.0592611 -0.429134 -0.129329  0.858798
    14.297  0.237102   0.07547 0.0379558 -0.417186 -0.134685  0.852984
    14.297  0.225916 0.0626868 0.0123895 -0.404552 -0.141002  0.849688
    14.297   0.214198  0.0499036 -0.0169053 -0.394893 -0.146083  0.843921
    14.297   0.199285  0.0360552 -0.0509937 -0.392284 -0.138805  0.842593
    14.297    0.18224  0.0227394 -0.0818864 -0.393382 -0.126674  0.846988
    14.297  0.163598 0.0152825 -0.115975 -0.394527 -0.120265  0.847766
    14.297  0.145489 0.0104888 -0.144737 -0.399745 -0.112117  0.848681
    14.297    0.12951 0.00090145  -0.168173   -0.4127 -0.106029  0.852023
    14.297   0.114596 -0.0140123  -0.191609  -0.42332 -0.105983  0.852023
    14.297   0.100215 -0.0267954  -0.208653  -0.432201 -0.0986589    0.85065
    14.297  0.0906277 -0.0385133  -0.219838  -0.446712 -0.0908769   0.852572
    14.297  0.0847688 -0.0502312  -0.227295   -0.46017 -0.0917924   0.854495
    14.297 0.0773119 -0.059286 -0.223034  -0.471934 -0.0874436    0.85889
    14.297  0.0751814 -0.0688734  -0.211316  -0.482646 -0.0804399    0.87189
    14.297  0.0783772 -0.0720692  -0.193739  -0.486903 -0.0828202   0.883838
   14.2971  0.0863667 -0.0699386  -0.166575  -0.490748 -0.0895036   0.891299
   14.2971   0.102346 -0.0683407  -0.134617  -0.496562 -0.0930284   0.894687
    14.396    0.11939 -0.0683407  -0.101594  -0.495921 -0.0996659   0.892077
    14.396   0.142293 -0.0667428 -0.0728317 -0.488093 -0.107494  0.887317
    14.396   0.162533 -0.0608839 -0.0440695 -0.482783 -0.108638  0.879168
   14.3965   0.173718 -0.0539597 -0.0195684 -0.474589 -0.111751  0.872851
   14.3965   0.184371 -0.0481007 0.00067159 -0.460994 -0.116969  0.870059
   14.3965   0.198219 -0.0363828  0.0225095 -0.449458 -0.115138  0.867129
   14.3965   0.213133 -0.0188059  0.0395537 -0.439708 -0.104244   0.86745
   14.3965    0.223786 -0.00176171   0.0523369  -0.435176 -0.0865739   0.872668
   14.3965  0.228047 0.0163478  0.066718  -0.43687 -0.073253  0.878802
   14.3965  0.226982 0.0339246 0.0805664  -0.435268 -0.0698655    0.87958
   14.3965  0.227514 0.0488384 0.0922843  -0.428813 -0.0689042   0.877429
   14.3965  0.231775 0.0621542  0.104535  -0.424785 -0.0651506   0.879489
   14.3965  0.231775 0.0770679  0.114122  -0.422862 -0.0599321    0.87926
   14.3965  0.223786 0.0893184  0.119449  -0.420207 -0.0592454   0.872439
   14.3965  0.211003 0.0935795  0.122644  -0.414394 -0.0657457   0.870059
   14.3965   0.20035 0.0941121  0.124775  -0.405238 -0.0743974   0.869967
   14.3966  0.196622 0.0967753  0.118383  -0.393931 -0.0857041   0.865619
   14.3966  0.188099 0.0967753    0.1056  -0.384227 -0.0929368   0.866626
   14.3966  0.174251 0.0951774 0.0933496  -0.375667 -0.0959581   0.870791
   14.3966  0.161468 0.0930468 0.0757727 -0.362666 -0.102138  0.869739
   14.4955  0.143891 0.0861226 0.0534022 -0.348064 -0.107402  0.869555
    14.496  0.124716 0.0791984 0.0278358 -0.336757 -0.106853  0.870929
    14.496    0.105009   0.0760026 -0.00145894 -0.328654 -0.108409  0.867312
    14.496  0.0831709  0.0738721 -0.0275579 -0.326549 -0.114635  0.861865
   14.4961  0.0597351   0.069611 -0.0509937 -0.329707 -0.117793  0.865252
   14.4961  0.039495 0.0605563 -0.072299 -0.333049 -0.122966  0.871158
   14.4961  0.0235161  0.0488384 -0.0952022 -0.331447 -0.125942  0.870105
   14.4961 0.00966763   0.039251  -0.113844 -0.333003 -0.119762  0.872027
   14.4961 -0.00258291   0.0301962   -0.126095 -0.343303 -0.117427  0.875873
   14.4961 -0.0153661  0.0216741  -0.140476 -0.350215  -0.11729  0.880542
   14.4961 -0.0244208  0.0142173  -0.147933 -0.355571 -0.111385  0.888873
   14.4961 -0.0297472  0.0083583  -0.151129 -0.360698 -0.115825  0.893084
   14.4961 -0.0361387 0.00409724  -0.150063  -0.36317 -0.129421  0.889605
   14.4961  -0.0419977 0.000368818   -0.143139 -0.368342 -0.140086  0.885211
   14.4961  -0.0388019 -0.00229434   -0.134617 -0.378688 -0.145534  0.888965
   14.4961 -0.0254861 -0.0065554  -0.123432 -0.387935 -0.149608  0.890475
   14.4961  -0.021225 -0.0134796  -0.110649 -0.392146 -0.146129  0.885669
   14.4961 -0.0185619 -0.0220017  -0.098398 -0.395076 -0.139079  0.886813
   14.4961 -0.00577871  -0.0246649  -0.0808211 -0.392741 -0.146404  0.888553
   14.4961 0.00487394 -0.0273281 -0.0584506  -0.38473 -0.155147  0.889239
   14.5932  0.0133961 -0.0310565 -0.0366127 -0.381023 -0.158626  0.893313
   14.5933  0.0245813 -0.0273281 -0.0190358 -0.379283  -0.16888  0.891894
   14.5933   0.0357666  -0.0214691 -0.00199157 -0.376079 -0.177165  0.885211
   14.5933   0.045354 -0.0198712  0.0150527 -0.375712 -0.174465  0.885669
   14.5933  0.0565393 -0.0204038  0.0257053 -0.373607 -0.173091  0.887546
   14.5933  0.0687898 -0.0193386  0.0368906 -0.366557 -0.171718  0.885302
   14.5933 0.0783772 -0.017208 0.0480759 -0.362666 -0.162975   0.89075
   14.5933  0.0837035 -0.0108165   0.060859 -0.362895 -0.158809  0.896151
   14.5933    0.091693 0.000368818   0.0757727 -0.361201 -0.161189  0.895099
   14.5933  0.0975519 0.00729304  0.0821643 -0.362849 -0.155422   0.89487
   14.5933 0.0986172 0.0104888 0.0874906 -0.365916 -0.148509  0.895373
   14.5933 0.0996825 0.0136846 0.0986759 -0.366969 -0.146678     0.894
   14.5933 0.0996825 0.0136846  0.104535 -0.365138 -0.148235  0.887271
   14.5933   0.10128 0.0152825  0.108263 -0.362254 -0.151622  0.881915
   14.5934  0.104476 0.0158152  0.112524 -0.360103 -0.148692  0.881228
   14.5934  0.105009 0.0158152  0.116253 -0.354747 -0.141322  0.885531
   14.5934  0.103411 0.0222067  0.121579 -0.351222 -0.135509  0.892077
   14.5934 0.0970193  0.029131  0.127438  -0.34875 -0.127269  0.897387
   14.5934 0.0837035 0.0365878  0.133297  -0.34518 -0.114223  0.903201
   14.5934 0.0703877 0.0456426  0.136493 -0.344081 -0.116969  0.902743
   14.5934 0.0602677 0.0483057  0.138623 -0.344493 -0.133128  0.897571
   14.5939 0.0512129 0.0461752  0.139689 -0.344081 -0.138576  0.892947
   14.6982 0.0368319  0.043512  0.134362 -0.340419 -0.139812  0.889651
   14.6982 0.0187224 0.0403162   0.12584 -0.331172 -0.147365  0.885486
   14.6982 0.00380867  0.0349899   0.116785  -0.32101 -0.151302  0.883288
   14.6982 -0.0116377   0.033392     0.1056 -0.318355 -0.149608  0.885074
   14.6982 -0.0281493  0.0371204  0.0965454 -0.321422 -0.147319  0.889331
   14.6982 -0.0435956   0.039251  0.0885559 -0.328197 -0.136241  0.899676
   14.6982 -0.0553135  0.0397836  0.0837622 -0.341106 -0.125072  0.905719
   14.6982 -0.0638356  0.0387183  0.0832296 -0.353831 -0.125163  0.908786
   14.6982 -0.0712925  0.0349899  0.0912191 -0.366878 -0.123012  0.916934
   14.6982 -0.0771514  0.0275331  0.0986759 -0.377315 -0.120174  0.915515
   14.6982 -0.0755535   0.017413   0.104002 -0.381435 -0.124248  0.908465
   14.6982  -0.073423 0.00942357    0.11572 -0.387248 -0.127086  0.907046
   14.6982 -0.0739556 0.00462988   0.124775 -0.390727 -0.124934  0.908923
   14.6982   -0.0728904 -0.000696446     0.132764 -0.394572 -0.123378  0.913318
   14.6982  -0.0766188 -0.00229434    0.141286 -0.401851 -0.121455  0.921008
   14.6982  -0.0782167 -0.00122908    0.150341 -0.410136 -0.117336  0.927737
   14.6982   -0.0728904 -0.000696446     0.160461 -0.418468 -0.115688  0.930804
   14.6982 -0.0664988 0.00090145   0.172179 -0.426616   -0.1188  0.937304
   14.6982 -0.0606398 0.00143408   0.184962 -0.434535 -0.122463  0.943118
   14.6982 -0.0569114 0.00249935   0.201474 -0.438563 -0.127956  0.942248
   14.7968  -0.0553135 -0.00282698    0.217453  -0.44218 -0.135555    0.9406
   14.7968 -0.0521177 -0.0150775   0.222247  -0.44305 -0.145488   0.93822
   14.7968 -0.0494546 -0.0278607    0.22491 -0.437053 -0.163249  0.930163
   14.7968 -0.0467914 -0.0459702   0.223844 -0.426295 -0.178493  0.921237
   14.7969 -0.0457261 -0.0656776    0.21692 -0.411006 -0.186092  0.925403
   14.7969 -0.0467914 -0.0773955   0.208931 -0.394206 -0.187969  0.935428
   14.7969 -0.0499872 -0.0816565    0.19455 -0.379237 -0.182842  0.938724
   14.7969 -0.0569114 -0.0821892   0.178038 -0.374065 -0.174602  0.948886
   14.7969 -0.0654335 -0.0832544   0.164722 -0.378093 -0.168056  0.961245
   14.7969 -0.0686293 -0.0832544   0.155135 -0.384914 -0.161647  0.960742
   14.7969 -0.0707598 -0.0816565   0.149276 -0.399699   -0.1459  0.959186
   14.7969 -0.0798146 -0.0864502   0.145548 -0.418056 -0.129466  0.962756
   14.7969  -0.083543 -0.0907113   0.147678 -0.435817 -0.123973  0.959369
   14.7969 -0.0872714 -0.0965703   0.153537 -0.452846 -0.119899  0.954837
   14.7969 -0.0963262  -0.108288   0.161527 -0.462733  -0.11198  0.958041
   14.7969 -0.0979241  -0.115212   0.172179 -0.466624 -0.111751  0.958041
   14.7969 -0.0915325  -0.123202   0.181234 -0.470424 -0.111385  0.957492
   14.7969 -0.089402 -0.127996  0.197213 -0.473582 -0.101405  0.967975
   14.7969 -0.0915325    -0.1248   0.215322 -0.475185 -0.100536  0.980014
   14.7969 -0.0909999  -0.120539   0.229703 -0.475917 -0.108821  0.978961
    14.897 -0.0931304  -0.117343   0.241954  -0.47903 -0.108089  0.974154
   14.8971 -0.0904672  -0.117343   0.251541 -0.482783 -0.107585  0.973147
   14.8971 -0.0808799  -0.118408   0.257933 -0.482326 -0.107219  0.970263
   14.8971 -0.0728904  -0.121604   0.261129  -0.483882 -0.0902818   0.972964
   14.8971 -0.0755535   -0.12693   0.266455  -0.486491 -0.0739396   0.980334
   14.8971 -0.0851409  -0.127463   0.273379  -0.481822 -0.0712846   0.980884
   14.8971 -0.093663 -0.118941  0.280304  -0.478343 -0.0667527   0.980151
   14.8971 -0.0984567  -0.112549   0.284565  -0.483562 -0.0626329     0.9807
   14.8971 -0.100587 -0.115745  0.285097  -0.488277 -0.0688127   0.974246
   14.8971 -0.104316 -0.124267  0.281369  -0.485026 -0.0719255   0.962024
   14.8971 -0.110707 -0.132257  0.273379  -0.476009 -0.0741685   0.958774
   14.8971 -0.118697 -0.132789  0.264857  -0.465205 -0.0850633   0.961566
   14.8971 -0.126154 -0.132257  0.254737  -0.457698 -0.0935319   0.964724
   14.8972 -0.138937 -0.128528  0.247813  -0.457606 -0.0891832   0.968982
   14.8972 -0.153318   -0.1248  0.240356  -0.459483 -0.0849259   0.967059
   14.8972 -0.165568 -0.129593  0.229171  -0.462138 -0.0917009   0.959369
   14.8972 -0.177286 -0.135985  0.219583   -0.46635 -0.0954087   0.951953
   14.8972 -0.184743 -0.145572  0.209996  -0.465983 -0.0919755   0.949023
   14.8972 -0.191667 -0.153562  0.203072  -0.465114 -0.0836442   0.948428
   14.8972 -0.201787 -0.153562  0.197213  -0.465526 -0.0701402   0.951083
   14.9963 -0.211375 -0.150366  0.194017   -0.46342 -0.0630448   0.957126
   14.9963 -0.215103 -0.145572  0.194017  -0.462642 -0.0612138     0.9612
   14.9964 -0.215636 -0.133855  0.197213   -0.46429 -0.0456498   0.970309
   14.9964 -0.217766 -0.113614    0.2068  -0.469829 -0.0219834   0.982211
   14.9964 -0.222027 -0.099766  0.222247   -0.477977 -0.00898296    0.984134
   14.9964 -0.222027 -0.089646  0.239291   -0.485713 -0.00825053    0.982074
   14.9964  -0.216168 -0.0757976   0.258466  -0.487956 -0.0176805   0.978091
   14.9964  -0.207646 -0.0651449   0.276575  -0.485438 -0.0298112   0.969119
   14.9964  -0.196461 -0.0571555   0.288293 -0.481135 -0.031276  0.963763
   14.9964  -0.185276 -0.0486333   0.301609   -0.46841 -0.0276597   0.961062
   14.9964  -0.181547 -0.0385133   0.309066  -0.451839 -0.0360368   0.947925
   14.9964  -0.183678 -0.0305238   0.310131 -0.430598 -0.047252  0.935473
   14.9964  -0.179949 -0.0214691   0.309066  -0.406428 -0.0479844   0.930438
   14.9964   -0.178352 -0.00549014    0.304805  -0.390773 -0.0461534   0.924807
   14.9964 -0.183145 0.0115541  0.300544  -0.385875 -0.0427659   0.924075
   14.9964 -0.194863 0.0270004  0.289358  -0.383769 -0.0394242   0.921557
   14.9964 -0.206581 0.0365878   0.27764  -0.379558 -0.0497239   0.905536
   14.9964 -0.207646  0.039251  0.261661  -0.377177 -0.0671647   0.889239
   14.9964 -0.206048 0.0403162  0.249411  -0.372966 -0.0729325   0.880771
   14.9964 -0.205516 0.0376531  0.243019  -0.369212 -0.0714219   0.876971
   14.9964 -0.207114 0.0312615  0.227573  -0.369441 -0.0663407   0.868686
   15.0931 -0.209244 0.0275331  0.218518  -0.363719 -0.0611222   0.857837
   15.0931 -0.212973 0.0270004  0.211594  -0.357768 -0.0609849   0.855273
   15.0931 -0.221495 0.0259352  0.193484 -0.355525 -0.060756  0.856189
   15.0931 -0.226288 0.0254025  0.182299  -0.353831 -0.0679887   0.849917
   15.0931  -0.23055 0.0264678  0.173777  -0.354381 -0.0754502    0.84273
   15.0931 -0.230017 0.0254025    0.1562 -0.352779 -0.073253  0.837466
   15.0931 -0.228952  0.023272  0.138091  -0.356441 -0.0644639   0.835315
   15.0931 -0.233745 0.0222067  0.116785 -0.362849 -0.065059  0.835589
   15.0931  -0.23268 0.0200762 0.0944149  -0.362392 -0.0744432   0.831881
   15.0931 -0.226821 0.0248699 0.0747075  -0.365413 -0.0737565   0.834399
   15.0931 -0.218299 0.0344573 0.0555327  -0.376445 -0.0724748   0.842273
   15.0931 -0.208712 0.0408489 0.0368906  -0.388942 -0.0770066     0.8436
   15.0931 -0.198059 0.0477731 0.0273032  -0.405696 -0.0756791   0.841449
   15.0931 -0.183145 0.0530994 0.0182485  -0.425563 -0.0729783   0.845065
   15.0931   -0.16397  0.0509689 0.00759581  -0.441173 -0.0799821   0.844562
   15.0931 -0.142665 0.0483057 0.0107916  -0.452342 -0.0812638    0.84003
   15.0932  -0.12136 0.0520341 0.0161179   -0.46374 -0.0683091   0.841952
   15.0932 -0.101653 0.0557626 0.0235748  -0.468639 -0.0635484    0.84328
   15.0932 -0.0819451  0.0605563  0.0342274  -0.464931 -0.0702775   0.839572
   15.0932 -0.0638356  0.0680131  0.0448801   -0.46255 -0.0762742   0.840762
   15.0932 -0.0457261  0.0791984   0.060859  -0.458156 -0.0858873    0.84122
   15.1312 -0.0228229  0.0887858  0.0789685  -0.452434 -0.0924333   0.833209
   15.1969 -0.00364818   0.0941121   0.0922843  -0.451701 -0.0922502   0.827121
   15.1969 0.0117982 0.0962426  0.100806  -0.452113 -0.0952714    0.82735
    15.197 0.0277771 0.0941121  0.115188 -0.444011 -0.100353  0.827258
    15.197  0.045354 0.0962426  0.130101  -0.436092 -0.0960954   0.831103
    15.197 0.0592024  0.099971  0.141819  -0.434306 -0.0917466   0.834262
    15.197 0.0682572  0.103699   0.15407 -0.430324 -0.100398  0.831378
    15.197 0.0842361  0.101036  0.163657 -0.430919 -0.101909  0.831012
    15.197 0.0996825 0.0935795  0.168451  -0.436046 -0.0901445   0.840396
    15.197    0.1114 0.0903837  0.172712  -0.434856 -0.0826829   0.850787
    15.197 0.120988  0.08559 0.180169  -0.429042 -0.0776933   0.850329
    15.197  0.126847 0.0818615   0.18656  -0.426387 -0.0665696   0.848956
    15.197  0.133238 0.0765352  0.190289  -0.425197 -0.0596574   0.850833
    15.197  0.140695 0.0701436  0.192419   -0.42245 -0.0552629    0.85065
    15.197   0.13963 0.0664152  0.193484  -0.417598 -0.0392411   0.849688
    15.197  0.133771 0.0632194  0.193484  -0.413112 -0.0301774   0.849093
    15.197  0.130043 0.0557626  0.190821  -0.408168 -0.0401109   0.847766
    15.197  0.124716 0.0477731  0.185495  -0.404368 -0.0457414   0.844058
    15.197  0.117792 0.0419141  0.174842 -0.400386  -0.04684  0.840442
    15.197 0.105541 0.033392 0.157798  -0.390224 -0.0532029   0.837329
    15.197 0.0932909 0.0280657  0.138091  -0.380656 -0.0559037   0.838153
   15.2954 0.0805077 0.0243373  0.119981  -0.377727 -0.0556291   0.845431
   15.2955 0.0645288 0.0211415  0.106133  -0.377635 -0.0542558   0.854358
   15.2955 0.0538761  0.017413 0.0949475 -0.381892 -0.050319  0.863513
   15.2955 0.0437561 0.0104888 0.0832296  -0.389903 -0.0476182   0.871615
   15.2955   0.0331034 -0.00335961   0.0736422 -0.393519 -0.055034   0.87308
   15.2955  0.0336361 -0.0204038  0.0677833  -0.393474 -0.0627702    0.86896
   15.2955  0.0362992 -0.0363828  0.0624569  -0.393657 -0.0571855   0.868915
   15.2955  0.0309729 -0.0507639  0.0555327  -0.391185 -0.0526078   0.870059
   15.2955  0.0235161 -0.0624818  0.0491411  -0.381709 -0.0477098   0.873904
   15.2955  0.0171245 -0.0672755  0.0486085  -0.373424 -0.0358537   0.878436
   15.2955  0.0102003 -0.0646123   0.050739  -0.368159 -0.0300401   0.880679
   15.2955 0.00274341 -0.0576881  0.0502064   -0.36642 -0.0309098   0.884845
   15.2955 -0.00151765  -0.0502312   0.0534022  -0.371455 -0.0293992    0.88837
   15.2955 -0.00311554   -0.043307   0.0645875  -0.381068 -0.0271562   0.890704
   15.2955 -0.00577871  -0.0417091   0.0757727  -0.392558 -0.0335649   0.890246
   15.2955 -0.00577871  -0.0459702   0.0858927  -0.398784 -0.0463822   0.891162
   15.2955 -0.00205028  -0.0486333   0.0944149  -0.397273 -0.0595201   0.889743
   15.2955   0.009135 -0.0518291  0.0981433  -0.392879 -0.0689958   0.884845
   15.2955  0.0187224 -0.0555576  0.0981433  -0.385142 -0.0696366   0.887958
   15.2955  0.0155266 -0.0576881  0.0954801  -0.373836 -0.0680802   0.892077
    15.397  0.0139287 -0.0550249  0.0901538  -0.360835 -0.0673478   0.893313
    15.397  0.0144613 -0.0486333  0.0795012  -0.352046 -0.0646012   0.900866
    15.397  0.0133961 -0.0422418  0.0693812  -0.349071 -0.0616258   0.912494
    15.397   0.009135 -0.0342523  0.0603264  -0.345225 -0.0586503   0.914828
    15.397 0.00380867 -0.0267954  0.0502064  -0.346233 -0.0541185   0.913867
    15.397 0.00221078 -0.0193386  0.0427495    -0.3493 -0.0489457   0.915423
    15.397 -0.00311554  -0.0140123   0.0395537  -0.353786 -0.0490373   0.909472
    15.397 -0.0100398 -0.0118817  0.0384885  -0.359233 -0.0512803   0.904345
    15.397 -0.0164314  -0.012947  0.0374232  -0.361339 -0.0522874   0.905307
    15.397 -0.0222903 -0.0140123  0.0432822  -0.359691 -0.0645555   0.900546
    15.397  -0.0206924 -0.00921856    0.050739  -0.354976 -0.0785173    0.89963
    15.397  -0.0158987 -0.00335961   0.0645875  -0.353923 -0.0743974   0.910663
   15.3971 -0.0127029 0.00356461  0.0816317  -0.354106 -0.0644181   0.917895
   15.3971 -0.0121703  0.0104888  0.0960128  -0.356944 -0.0600236   0.918673
   15.3971 -0.0174966  0.0158152   0.115188  -0.359141 -0.0608934   0.920688
   15.3971 -0.0185619  0.0206088   0.129569  -0.355708 -0.0744889   0.922152
   15.3971 -0.0137682  0.0248699   0.137025  -0.350215 -0.0873521   0.915378
   15.3971 -0.0137682  0.0264678    0.13596  -0.348292 -0.0801194   0.910708
   15.3971 -0.0217577  0.0248699   0.126905  -0.348567 -0.0701402   0.910617
   15.3971 -0.0340082  0.0222067   0.116785  -0.341655 -0.0692247   0.907138
   15.4968 -0.047324 0.0211415  0.104535  -0.335292 -0.0588334   0.910846
   15.4968 -0.063303 0.0216741  0.092817  -0.332591 -0.0467485   0.920367
   15.4968 -0.0824777   0.023272   0.076838  -0.324214 -0.0455125   0.920093
   15.4968 -0.104316 0.0280657 0.0581959  -0.316386 -0.0400193   0.915606
   15.4968  -0.13148 0.0296636 0.0400864  -0.313869 -0.0377763   0.918857
   15.4969 -0.154916 0.0323268 0.0225095  -0.308467 -0.0475267   0.920962
   15.4969 -0.173025  0.039251 0.0139874  -0.304439 -0.0527452   0.917254
   15.4969  -0.192733   0.043512 0.00653054   -0.31309 -0.0446427   0.919085
   15.4969  -0.201787  0.0456426 0.00120422  -0.325862 -0.0412553   0.922107
   15.4969  -0.216168  0.0451099 0.00173685  -0.330485 -0.0445054   0.921008
   15.4969   -0.23268  0.0419141 0.00386738  -0.334514 -0.0497697   0.922015
   15.4969  -0.235343  0.0349899 0.00546528  -0.342113 -0.0521043   0.926547
   15.4969  -0.235876  0.0307289 0.00546528  -0.347926 -0.0517381   0.932818
   15.4969 -0.239604 0.0270004  0.010259  -0.350169 -0.0543016   0.935565
   15.4969 -0.244931 0.0179457  0.020379  -0.351634 -0.0544389   0.935428
   15.4969 -0.249192 0.0104888 0.0283685  -0.356807 -0.0501817   0.934833
   15.4969   -0.25079 0.00462988  0.0390211  -0.360744 -0.0468858   0.933185
   15.4969   -0.252387 -0.00176171   0.0528696  -0.359553 -0.0462449   0.935565
   15.4969   -0.255051 -0.00282698   0.0693811  -0.363032 -0.0386918   0.945224
   15.4969   -0.261442 -0.00229434   0.0885559  -0.373653 -0.0291246   0.950259
   15.4969   -0.268899 -0.00389224    0.108263  -0.380977 -0.0296281   0.948565
   15.4969   -0.268366 -0.00868593    0.134895  -0.383861 -0.0395616   0.947375
   15.5931  -0.261442 -0.0118817   0.165255  -0.387843 -0.0491288     0.9444
   15.5933  -0.249724 -0.0156101   0.190821  -0.395625 -0.0540269    0.94147
   15.5934  -0.244398 -0.0283933   0.215322  -0.399562 -0.0501359   0.941195
   15.5934  -0.250257 -0.0443723   0.238226  -0.397044 -0.0442308   0.940097
   15.5934  -0.257714 -0.0571555    0.25527  -0.38885 -0.052379   0.93941
   15.5934  -0.257181 -0.0656776   0.269118  -0.373241 -0.0682176   0.940921
   15.5934  -0.256648 -0.0726018   0.279771  -0.361064 -0.0656083   0.940417
   15.5934  -0.266236 -0.0773955   0.286695   -0.35992 -0.0548509   0.937533
   15.5934   -0.28328 -0.0843197   0.287228  -0.364543 -0.0504106    0.93854
   15.5934 -0.299792 -0.102429  0.284565    -0.3688 -0.0445512   0.938174
   15.5934 -0.309912 -0.125332  0.279238  -0.367152 -0.0437272    0.92911
   15.5934 -0.322162 -0.147703   0.26752  -0.359737 -0.0508683   0.923984
   15.5935    -0.344 -0.170606  0.251009  -0.354335 -0.0548967   0.924258
   15.5935 -0.372762 -0.191379  0.228638  -0.345271 -0.0633653   0.918857
   15.5935 -0.397796 -0.209488  0.203072 -0.328837 -0.085933  0.914004
   15.5935 -0.416438 -0.224402  0.177506 -0.315654 -0.107265   0.91849
   15.5935 -0.431884 -0.235587  0.146613 -0.315333 -0.119396  0.926501
   15.5935 -0.448396  -0.24837  0.116785 -0.320598 -0.122325  0.934421
   15.5935 -0.462777 -0.262752 0.0906864 -0.330073 -0.118984  0.947238
   15.5936 -0.469169 -0.277133  0.070979 -0.346782 -0.118114  0.958362
   15.6981 -0.471299 -0.290448 0.0592611 -0.360698 -0.120677  0.958316
   15.6981  -0.47343 -0.298971  0.050739 -0.376445 -0.118892  0.957629
   15.6981 -0.476626 -0.304829 0.0534022 -0.397868 -0.117336    0.9612
   15.6982 -0.473962 -0.311221 0.0640548 -0.416041 -0.124843  0.962115
   15.6982 -0.464375 -0.313352 0.0763054 -0.430507 -0.131893   0.97095
   15.6982 -0.444135  -0.30696 0.0976107 -0.450832 -0.130977  0.990725
   15.6982 -0.415373 -0.298438  0.125308 -0.475001 -0.132579   1.00487
   15.6982 -0.383415 -0.287253  0.157798 -0.503291  -0.13528   1.01842
   15.6982 -0.337076 -0.274469  0.197746 -0.532863 -0.134731   1.04048
   15.6982 -0.278486 -0.264882  0.239291 -0.551997 -0.139262   1.06067
   15.6982 -0.225223 -0.255295  0.280836 -0.565089 -0.146221   1.07244
   15.6982 -0.173025 -0.245175   0.31599 -0.571498 -0.150661   1.08068
   15.6982 -0.119229 -0.240381  0.349013 -0.567424 -0.165447     1.075
   15.6982 -0.067564  -0.23612  0.377775 -0.559367 -0.185588   1.04882
   15.6982 -0.0132356  -0.233457   0.401211 -0.552867 -0.184718   1.03014
   15.6982 0.0341687 -0.233989  0.424647 -0.545131 -0.167598   1.02236
   15.6982 0.0693224 -0.230794  0.440626 -0.531077 -0.151027    1.0121
   15.6982  0.095954 -0.219608  0.455007 -0.518764 -0.133128   1.01499
   15.6982   0.12152 -0.202564  0.469921 -0.502101 -0.122005   1.02428
   15.6982  0.146021 -0.183389  0.481639 -0.476649 -0.121593   1.01696
   15.7964  0.163066 -0.161551  0.490161 -0.463832 -0.111247   1.00084
   15.7964  0.168925 -0.142909  0.492291  -0.463695 -0.0885881   0.987246
   15.7964  0.165196 -0.131724  0.486432   -0.46873 -0.0790208    0.96976
   15.7964 0.159337 -0.12693 0.474714  -0.470927 -0.0811723   0.951861
   15.7964  0.151348 -0.124267  0.460866 -0.465846  -0.07632  0.949481
   15.7964 0.140695  -0.1248 0.443822  -0.463191 -0.0735734   0.951175
   15.7964  0.126847 -0.127996  0.417723  -0.456462 -0.0770066   0.942523
   15.7965  0.112998 -0.133855  0.382036  -0.444606 -0.0760453   0.930713
   15.7965  0.100748 -0.139181  0.343154  -0.434444 -0.0816758    0.92229
   15.7965 0.0890298 -0.139713  0.305337  -0.422404 -0.0957292   0.914737
   15.7965  0.075714 -0.140246  0.264857  -0.411555 -0.0940354   0.907641
   15.7965 0.0597351 -0.138648  0.224377  -0.409541 -0.0797532   0.905078
   15.7965  0.039495 -0.137583  0.187626 -0.412288 -0.074672  0.901874
   15.7965 0.0213855 -0.136518  0.150874  -0.414485 -0.0765031   0.895831
   15.7965 0.0117982  -0.13492  0.121046  -0.420711 -0.0774186    0.89281
   15.7965 0.00647184  -0.140779   0.097078  -0.429912 -0.0819047   0.889514
   15.7965 0.00221078  -0.148768  0.0741748 -0.440074 -0.082042  0.883746
   15.7965 -0.0073766  -0.156225  0.0534022  -0.448726 -0.0762284   0.880633
   15.7965 -0.0158987  -0.163149  0.0347601 -0.452388 -0.078975   0.88045
   15.7965 -0.0174966   -0.16741  0.0187811  -0.457469 -0.0872148   0.879397
   15.8964 -0.0174966  -0.171671 0.00653054   -0.46429 -0.0894578    0.87839
   15.8964 -0.0174966    -0.1754 -0.0041221  -0.470561 -0.0897782   0.876559
   15.8964 -0.0153661  -0.179128 -0.0169053  -0.475459 -0.0936235   0.873721
   15.8964 -0.0105724  -0.182857 -0.0232969  -0.478114 -0.0895951   0.876971
   15.8964 -0.00684397   -0.181791   -0.021699  -0.481914 -0.0827745   0.881778
   15.8964 -0.000452383    -0.175932   -0.0179705  -0.483699 -0.0819047   0.880862
   15.8964  0.0059392  -0.170073 -0.0105137  -0.485896 -0.0769609   0.875094
   15.8964  0.0155266  -0.165812 0.00120422  -0.490474 -0.0742143   0.870334
   15.8964 0.0357666 -0.161019 0.0187811  -0.499034 -0.0722459   0.872714
   15.8964 0.0528108 -0.156758 0.0443474  -0.513087 -0.0608018   0.879992
   15.8966 0.0666593 -0.156758 0.0704464  -0.52238 -0.043361  0.886218
   15.8966  0.081573 -0.153562 0.0981433  -0.521373 -0.0317796   0.890201
   15.8966 0.0975519 -0.144507  0.127971  -0.514873 -0.0315507   0.896243
   15.8966  0.115129 -0.131191  0.150874  -0.502147 -0.0311845   0.897662
   15.8966  0.128977 -0.115212  0.169516  -0.487681 -0.0312303   0.895328
   15.8966   0.142293 -0.0960376   0.184962  -0.475917 -0.0315049   0.895144
   15.8966   0.148152 -0.0763302   0.196148   -0.46786 -0.0253709   0.887546
   15.8966   0.150283 -0.0640797   0.201474  -0.462413 -0.0223497   0.874133
   15.8967   0.156141 -0.0470354    0.20467  -0.458613 -0.0225328   0.871249
   15.8967   0.158272 -0.0342523   0.207866 -0.454127 -0.013469  0.878024
   15.9962   0.156141 -0.0305239   0.208931    -0.44424 -0.00335246    0.876651
   15.9962   0.148685 -0.0166754   0.209463   -0.433208 -0.00124675    0.869372
   15.9962   0.138565 -0.0049575   0.206268    -0.42213 -0.00513774    0.863421
   15.9962   0.127379 0.00249935   0.204137 -0.411738 -0.014293  0.851886
   15.9962  0.116727 0.0142173  0.202539  -0.405101 -0.0136521   0.840716
   15.9962  0.105541 0.0222067   0.19668  -0.400294 0.00186604   0.840167
   15.9962 0.0831709 0.0270004  0.188691 -0.395763 0.0116622  0.841266
   15.9963 0.0538761 0.0307289  0.182299 -0.390681  0.010884  0.841678
   15.9963 0.0261792 0.0339247  0.178571  -0.385554 0.00767964   0.846438
   15.9963 0.00114551  0.0355225   0.171114    -0.380427 -0.000972092     0.850421
   15.9963 -0.0196271  0.0344573   0.162059  -0.371684 -0.0131028   0.846759
   15.9963 -0.0446609  0.0360552   0.154602  -0.365367 -0.0198777    0.84273
   15.9963 -0.0691619  0.0413815   0.143417  -0.364177 -0.0283006   0.848681
   15.9963 -0.0883367   0.049371   0.132764  -0.361247 -0.0348466   0.854999
   15.9963 -0.108044 0.0541647  0.127438   -0.36523 -0.0272477   0.855731
   15.9963 -0.124556 0.0562952   0.12371  -0.377589 -0.0184587   0.856326
   15.9963 -0.143198 0.0562952  0.118916  -0.380107 -0.0249589   0.854861
   15.9963 -0.162373 0.0541647  0.117318  -0.372829 -0.0353959   0.852435
   15.9963 -0.175688 0.0525668  0.119449   -0.36761 -0.0392411   0.854907
   15.9963 -0.189537  0.053632  0.123177  -0.366328 -0.0453294   0.855273
   16.0937 -0.202853 0.0605563  0.127438  -0.364909 -0.0462907   0.849322
   16.0938 -0.217766 0.0664152  0.128503  -0.367793 -0.0413926   0.850329
   16.0938 -0.235343 0.0690784  0.128503  -0.369624 -0.0526078   0.853579
   16.0938 -0.252387  0.069611  0.131166 -0.364955 -0.067302  0.851703
   16.0938  -0.26304 0.0717415  0.132764  -0.366283 -0.0646928   0.861819
   16.0938 -0.263573 0.0770679  0.134362 -0.373698 -0.059337  0.880816
   16.0938 -0.265171 0.0807963  0.141287  -0.379512 -0.0626786   0.889056
   16.0939 -0.268366 0.0834594  0.150341  -0.386607 -0.0665696   0.889834
   16.0939 -0.265703 0.0845247  0.159929   -0.39622 -0.0675309   0.895144
   16.0939 -0.251322 0.0850573  0.173777  -0.406016 -0.0717881   0.900454
   16.0939 -0.234278   0.08559  0.186028  -0.413982 -0.0694078   0.901736
   16.0939 -0.224691 0.0834594  0.197746  -0.420528 -0.0611222   0.903338
   16.0939 -0.212973 0.0823942   0.21692  -0.422908 -0.0661576   0.904895
   16.0939 -0.197526 0.0818616  0.231301  -0.419566 -0.0789292   0.903796
   16.0939  -0.18208 0.0802637  0.241954  -0.415767 -0.0844682   0.902194
   16.0939 -0.165036 0.0813289  0.256335  -0.40977 -0.086757  0.897479
   16.0939 -0.150122 0.0818616   0.26752  -0.404735 -0.0868486   0.888049
   16.0939 -0.142133  0.079731  0.272847   -0.39947 -0.0858873   0.884341
   16.0939 -0.138404 0.0781331  0.274977  -0.392375 -0.0946763   0.882922
   16.0939 -0.133078 0.0760026  0.273912 -0.383998 -0.104335  0.877429
   16.1977 -0.130415 0.0722742  0.270184 -0.375987 -0.101909  0.875598
   16.1977 -0.126154 0.0712089  0.266988 -0.375346 -0.104427  0.871158
   16.1977  -0.12349 0.0674805    0.2574 -0.373103 -0.112438  0.866809
   16.1977 -0.130415  0.059491  0.243019 -0.365642 -0.112758  0.868182
   16.1977 -0.136806 0.0520341  0.230769 -0.361201 -0.113216  0.871844
   16.1977 -0.143198 0.0451099  0.221181 -0.360515 -0.115962  0.872851
   16.1977 -0.150122 0.0397836  0.212127 -0.362025 -0.114909  0.870425
   16.1977 -0.154916  0.033392  0.203604 -0.367152 -0.114772  0.871982
   16.1977  -0.15385 0.0238046  0.195615 -0.370952 -0.120906  0.875735
   16.1977 -0.148524 0.0136846  0.190289 -0.373149 -0.119808  0.878848
   16.1977  -0.144796 0.00303198   0.192952 -0.375575 -0.110195  0.880908
   16.1977   -0.137871 -0.00921856     0.19455 -0.376353 -0.109279  0.878619
   16.1977  -0.130947 -0.0188059   0.197746 -0.373241 -0.114726  0.877612
   16.1977  -0.126154 -0.0241323   0.202539 -0.369304 -0.118663  0.876925
   16.1977  -0.122425 -0.0273281   0.206268 -0.364635 -0.123103  0.870883
   16.1978  -0.12349 -0.028926  0.213724 -0.361613 -0.123927  0.870013
   16.1978  -0.121893 -0.0251975   0.217453 -0.365459 -0.125301  0.873263
   16.1978  -0.114968 -0.0235996   0.219051  -0.36674 -0.132991  0.869189
   16.1978   -0.11124 -0.0257302   0.221714 -0.364314 -0.136241  0.866076
   16.1978 -0.105914 -0.023067  0.222247 -0.363124 -0.132762   0.87514
    16.298 -0.0984567 -0.0177407    0.22491  -0.36198 -0.135005  0.881503
    16.298 -0.0941957 -0.0102838   0.229171 -0.365321 -0.137523  0.882144
    16.298  -0.0851409 -0.00122908    0.237693 -0.374431 -0.133632  0.888827
    16.298 -0.0750209 0.00409724   0.249411 -0.380061 -0.133632  0.892993
    16.298 -0.0654335 0.00889093     0.2574 -0.383494 -0.136241  0.886859
   16.2981 -0.0526503  0.0110215   0.265922 -0.385509  -0.13116  0.881549
   16.2981 -0.0388019  0.0126194    0.27764 -0.383632 -0.122005  0.877841
   16.2981 -0.0302798   0.013152   0.289891 -0.380656 -0.114864  0.872622
   16.2981 -0.0297472  0.0120867   0.294152 -0.372783 -0.107448  0.875232
   16.2981 -0.0286819  0.0179457   0.295217  -0.363353 -0.0986131   0.879352
   16.2981 -0.0313451  0.0280657   0.299478  -0.355022 -0.0991624   0.871112
   16.2981 -0.0361387  0.0365878    0.29575  -0.3455 -0.10493 0.864428
   16.2981 -0.0409324  0.0445773   0.289891 -0.339778 -0.103786  0.865893
   16.2981 -0.0467914  0.0530994   0.286695 -0.337718 -0.106258  0.864428
   16.2981 -0.0499872  0.0669478   0.282434 -0.338039 -0.105113  0.862094
   16.2981 -0.0606398  0.0839921   0.282967  -0.345363 -0.0958665   0.866992
   16.2981 -0.0728904  0.0930468   0.286162  -0.357768 -0.0954545   0.870974
   16.2981 -0.079282  0.100504  0.291489 -0.365047 -0.101268  0.867541
   16.2981 -0.0808799    0.10583   0.299478 -0.367015 -0.100215  0.869922
   16.2981 -0.0808799   0.111689   0.306935 -0.368342 -0.101817  0.871478
    16.397 -0.0819451   0.119678   0.314392 -0.367198 -0.109142  0.864337
    16.397 -0.0814125   0.123407   0.321316 -0.363856 -0.109554  0.863421
    16.397 -0.0851409   0.125537   0.330904 -0.357402 -0.110469  0.869693
    16.397 -0.089402  0.133527  0.337295 -0.346233 -0.118938  0.874957
    16.397 -0.0947283    0.14418   0.337828 -0.338542 -0.118297  0.877841
    16.397 -0.100587  0.155365  0.342089 -0.339412 -0.115093  0.879672
    16.397 -0.107511  0.166017   0.34635 -0.340877 -0.126811  0.877658
    16.397 -0.112838  0.172942  0.349013 -0.340694 -0.135555  0.872989
    16.397 -0.116034   0.17667  0.347948 -0.340327 -0.138667  0.869464
   16.3971 -0.119762   0.17667  0.345285 -0.335338 -0.146404  0.864062
   16.3971 -0.126154   0.17667  0.342621 -0.330943 -0.150615  0.860766
   16.3971 -0.135208   0.17667  0.337295 -0.333003 -0.150798  0.858981
   16.3971 -0.142133  0.178268  0.331969 -0.336528 -0.148555  0.860263
   16.3971 -0.150122  0.180931   0.32824 -0.336803   -0.1497   0.86658
   16.3971 -0.15385 0.185192 0.325045 -0.336574 -0.149104  0.874911
   16.3971 -0.159177  0.190519  0.323979 -0.341014 -0.141368  0.883746
   16.3971 -0.167699  0.191584  0.325577 -0.347743 -0.146953  0.887042
   16.3971 -0.170362  0.193714  0.328773 -0.355617 -0.158946  0.889651
   16.3971 -0.162373  0.199573  0.334632 -0.365825 -0.159908  0.897113
   16.3971 -0.155448  0.201171  0.341556 -0.373653 -0.160457  0.900821
   16.3971 -0.152253  0.198508  0.349013 -0.375255 -0.168468  0.898944
   16.4974 -0.145328   0.19691   0.35647 -0.372462 -0.177989  0.893084
   16.4974 -0.135208   0.19478   0.36659 -0.368754 -0.181606  0.889834
   16.4974 -0.124556  0.192116  0.373514 -0.364909 -0.183757  0.893588
   16.4974 -0.116034  0.195845  0.375645 -0.363032 -0.182155  0.899768
   16.4974 -0.110175    0.2049  0.379906 -0.361476 -0.177394    0.9043
   16.4975 -0.109642  0.210759  0.387363 -0.362071 -0.183757  0.905673
   16.4975 -0.105381  0.213422  0.393222 -0.367198  -0.19424  0.912539
   16.4975 -0.0941957   0.217683   0.397483 -0.372645 -0.195934  0.920733
   16.4975 -0.0840756   0.221944   0.402809 -0.377544 -0.197215   0.92348
   16.4975 -0.0766188   0.224607   0.405472 -0.384822 -0.201244  0.927417
   16.4975 -0.0670314   0.223009   0.410266 -0.393794 -0.203441  0.931262
   16.4975 -0.0553135   0.217683   0.411331 -0.399654 -0.210811  0.933322
   16.4975 -0.043063  0.211824  0.409733 -0.398463 -0.216579  0.936709
   16.4975 -0.0318777   0.200639   0.410266 -0.393611 -0.215572   0.93497
   16.4975 -0.0286819   0.186257   0.404939 -0.389674  -0.21873  0.922244
   16.4975 -0.0244208   0.172942   0.394287 -0.381572 -0.224269   0.90961
   16.4975 -0.0206924   0.157495   0.383634 -0.371135 -0.218639  0.907733
   16.4975 -0.0228229   0.145777   0.375645 -0.362254 -0.207927  0.906634
   16.4975 -0.0297472   0.139918   0.364992  -0.35699 -0.201106  0.902057
   16.4975 -0.0409324   0.131929   0.352209 -0.356624 -0.188747  0.903293
    16.596 -0.0494546   0.124472   0.345285 -0.358775 -0.177715  0.905398
    16.596 -0.0590419   0.120744   0.344219 -0.366191 -0.170253  0.903842
    16.596 -0.0649009   0.113819   0.345285 -0.379146 -0.151943  0.906085
    16.596 -0.0718251   0.103699   0.353807 -0.391231 -0.137843  0.914508
    16.596 -0.0872714  0.0941121   0.366057 -0.401759 -0.140361  0.917849
    16.596 -0.0973915  0.0839921   0.380971 -0.413615 -0.145168  0.914279
    16.596 -0.0984567  0.0733394   0.400678 -0.423137 -0.148097  0.913775
    16.596 -0.0957936  0.0589584   0.418255 -0.426753 -0.151668   0.90993
   16.5961 -0.100587 0.0408489  0.433702 -0.427486 -0.146999  0.905124
   16.5961 -0.109109  0.023272  0.449681 -0.423045 -0.137798  0.907229
   16.5961 -0.112305 0.0115541  0.463529 -0.409953 -0.138896  0.908328
   16.5961  -0.119229 0.00462988   0.473116 -0.399058 -0.140773  0.907412
   16.5961  -0.129882 0.00090145   0.483236 -0.395625 -0.136562  0.912951
   16.5961   -0.145328 -0.00176171    0.494422  -0.39091 -0.137203  0.907596
   16.5961  -0.162373 -0.0102838   0.501346 -0.387019 -0.146266   0.88956
   16.5961  -0.175156 -0.0193386   0.506672 -0.389354 -0.151439  0.888095
   16.5961  -0.188472 -0.0294586   0.512531 -0.392558  -0.15295  0.894183
   16.5961  -0.201255 -0.0406439   0.515194 -0.388942 -0.153591  0.893313
   16.5961  -0.216168 -0.0470355   0.519455 -0.385966 -0.143062  0.900912
   16.5961  -0.234278 -0.0512965    0.52638 -0.387843 -0.137203  0.913821
    16.697  -0.246528 -0.0528944   0.533836 -0.388667 -0.144069  0.913547
   16.6971  -0.258779 -0.0512965   0.543424 -0.393519 -0.151256  0.910067
   16.6971  -0.269964 -0.0528944   0.551413 -0.401805 -0.153591  0.912951
   16.6971  -0.274758 -0.0582207   0.559935 -0.408214 -0.157573  0.908969
   16.6971  -0.280084 -0.0667428   0.569523 -0.412517 -0.162196  0.899859
   16.6971  -0.283813 -0.0773955   0.575914 -0.417461 -0.161235  0.898028
   16.6971  -0.285411 -0.0869829   0.584437 -0.423366 -0.159541  0.902789
   16.6971  -0.284878 -0.0901787   0.596154 -0.425563 -0.151897   0.90787
   16.6971  -0.285943 -0.0907113   0.607872 -0.430232 -0.138393  0.912768
   16.6971  -0.293933 -0.0928418   0.617992 -0.435313 -0.137065  0.915149
   16.6971  -0.302455 -0.0944397   0.626514 -0.433894 -0.147777  0.912631
   16.6971  -0.309379 -0.0976355   0.637167 -0.433391 -0.153453  0.912173
   16.6971 -0.315238 -0.099766  0.646754  -0.43394 -0.156383  0.912951
   16.6971 -0.319499 -0.100299  0.649418  -0.43307 -0.157756  0.912036
   16.6971 -0.325358 -0.101364  0.651548 -0.436778 -0.149333  0.915606
   16.6971 -0.336543 -0.101897  0.656875 -0.445064 -0.143611  0.925174
   16.6971 -0.344533  -0.10669  0.661136 -0.447993 -0.147868  0.935748
   16.6971 -0.347196 -0.113614  0.664864 -0.443782 -0.150798  0.942477
   16.6971 -0.349326  -0.11681  0.664331 -0.441539 -0.160915   0.94385
   16.6972 -0.347196 -0.121071  0.663266 -0.441905 -0.176021  0.947421
   16.7966 -0.340272 -0.125865  0.661136 -0.443416  -0.17625  0.950076
   16.7966 -0.332815 -0.129593  0.654211 -0.448772 -0.161968   0.94797
   16.7966 -0.329086 -0.135985  0.647287 -0.457423   -0.1459  0.944262
   16.7966 -0.331217 -0.144507  0.641961 -0.465983 -0.133769  0.941058
   16.7967 -0.337076 -0.152497  0.636634 -0.471431  -0.11816  0.941516
   16.7967 -0.343468 -0.159953  0.637167 -0.475322 -0.102458  0.946872
   16.7967 -0.350392 -0.163682  0.643026  -0.480403 -0.0913804   0.957446
   16.7967 -0.358381 -0.165812  0.648885  -0.484431 -0.0861161   0.960971
   16.7967 -0.360512 -0.164747  0.659538  -0.484981 -0.0932572   0.954196
   16.7967 -0.361044 -0.162084   0.66806 -0.485988 -0.101955  0.952868
   16.7967 -0.362642 -0.161551   0.67019 -0.490428 -0.109783  0.955157
   16.7967 -0.361577 -0.163149  0.672321 -0.491801 -0.117519  0.950351
   16.7967 -0.357849 -0.163682  0.675517 -0.491069 -0.118297   0.94678
   16.7967 -0.347729 -0.161019  0.672853 -0.492946 -0.115093  0.955981
   16.7967 -0.334945 -0.161019   0.66806 -0.494411  -0.11111  0.970355
   16.7967 -0.323228 -0.150899  0.665929 -0.500041 -0.103465  0.982623
   16.7967 -0.313108 -0.137583  0.663799  -0.513408 -0.0907853   0.998599
   16.7967 -0.308314 -0.135452  0.662733  -0.52682 -0.082042   1.00917
   16.7967  -0.30352 -0.129061  0.665397  -0.53181 -0.080211   1.01027
   16.7967 -0.287009 -0.117876   0.66806  -0.535472 -0.0834153    1.01013
   16.7967 -0.275291 -0.113082   0.66806  -0.540736 -0.0856584    1.01329
   16.8932 -0.265171 -0.111484  0.672321  -0.542338 -0.0846971    1.01659
   16.8933 -0.241735 -0.105092   0.67818  -0.540507 -0.0869859    1.01169
   16.8933 -0.228419 -0.100299  0.679778  -0.536113 -0.0938981    1.00098
   16.8933 -0.225223 -0.100831   0.68031  -0.533549 -0.0985215   0.995166
   16.8933 -0.217766 -0.100299   0.67818 -0.530437 -0.101634   0.99068
   16.8933  -0.206581 -0.0987008   0.671256  -0.51945 -0.110973  0.977679
   16.8934  -0.193798 -0.0965703   0.665397 -0.506999  -0.12292  0.966556
   16.8934  -0.183678 -0.0939071   0.661668 -0.502238 -0.126033  0.967196
   16.8934  -0.179417 -0.0928418   0.651548 -0.496379 -0.115001  0.974063
   16.8934  -0.182613 -0.0928418   0.638765 -0.484477  -0.10667  0.974841
   16.8934  -0.187939 -0.0917766   0.628645 -0.476832 -0.108592    0.9677
   16.8934  -0.192733 -0.0912439   0.614797 -0.469188 -0.105663  0.961429
   16.8934  -0.197526 -0.0928418   0.604144 -0.463328 -0.102321  0.951404
   16.8934 -0.204451 -0.099766  0.594024  -0.461772 -0.0974687   0.935199
   16.8934 -0.214571 -0.113614  0.583904  -0.460307 -0.0825456   0.928607
   16.8934 -0.226288 -0.123734  0.577512  -0.455913 -0.0739396   0.925265
   16.8934 -0.233213 -0.131191  0.571653  -0.448634 -0.0682634   0.919131
   16.8934 -0.237474 -0.140779  0.565262  -0.447261 -0.0496324     0.9211
   16.8934 -0.245463 -0.150899  0.557805  -0.444514 -0.0335649   0.929385
   16.8934 -0.254518 -0.152497  0.553011  -0.435313 -0.0291246    0.92879
   16.8935 -0.264638  -0.14504  0.549815  -0.433665 -0.0178636   0.928286
   16.9271 -0.274758 -0.131191  0.549815   -0.447764 -0.00390178    0.944079
        17  -0.28328 -0.110419   0.55674  -0.464702 0.00342244   0.954791
        17  -0.291802 -0.0960376   0.567925  -0.48054 0.0079543  0.947558
        17  -0.297661 -0.0944397   0.580175    -0.495509 -0.000834763       0.9341
   17.0001 -0.297129 -0.100831  0.590828  -0.498347 -0.0244096   0.913684
   17.0001  -0.29127 -0.110951  0.598285  -0.489879 -0.0375016   0.890841
   17.0001 -0.284878 -0.116278  0.603611  -0.480128 -0.0287583   0.882144
   17.0001 -0.290737 -0.112017  0.603079  -0.467265 -0.0154374   0.885669
   17.0001  -0.30352 -0.102429  0.598285  -0.447902 -0.0088914   0.885714
   17.0001  -0.317369 -0.0928418    0.58923   -0.430324 -0.00847942     0.88457
   17.0001  -0.325358 -0.0821892   0.577512  -0.417827 -0.0146134   0.885486
   17.0001  -0.327489 -0.0704713   0.564729  -0.409816 -0.0131944   0.880816
   17.0001  -0.338674 -0.0614165   0.547685  -0.412929 0.00754231   0.877292
   17.0001  -0.356251 -0.0560902   0.526912 -0.418925  0.029515   0.87839
   17.0001  -0.376491 -0.0454376   0.510933 -0.419246 0.0384871  0.884479
   17.0001  -0.393002 -0.0299912   0.502944 -0.425426 0.0454451  0.896792
   17.0001 -0.406318 -0.017208  0.496552 -0.437785 0.0490157   0.90169
   17.0001  -0.411112 -0.0108165    0.48803    -0.449 0.0351912  0.889972
   17.0001  -0.405786 -0.0156101   0.477377  -0.45637 0.0221907  0.874865
   17.0001  -0.395133 -0.0273281   0.464062 -0.455546 0.0280501  0.869784
   17.0001  -0.385013 -0.0358502   0.447017 -0.450191  0.032582  0.870929
   17.0966  -0.379687 -0.0321217    0.42731 -0.437282 0.0316207  0.869098
   17.0966  -0.381817 -0.0182733   0.404939 -0.424052 0.0382583  0.865024
   17.0966   -0.39247 0.00196671   0.380971 -0.423045 0.0396773  0.858798
   17.0966 -0.400459 0.0190109  0.360731  -0.42776 0.0369307  0.853167
   17.0967 -0.403122 0.0317941  0.342089 -0.436366  0.041371  0.850558
   17.0967 -0.407916 0.0467078  0.321849 -0.444789 0.0381209  0.850009
   17.0967 -0.415373 0.0584257  0.306403 -0.448039 0.0273635  0.850512
   17.0967 -0.420167 0.0648173  0.289358  -0.45074 0.0161025  0.848636
   17.0967 -0.418569 0.0722742  0.271781  -0.452754 0.00323933   0.840396
   17.0967 -0.406851 0.0770679  0.261661  -0.450603 -0.0046342   0.832568
   17.0967 -0.396731 0.0781331  0.252607    -0.452754 -0.000788987     0.835864
   17.0967 -0.387676 0.0802637  0.248346 -0.458705 0.0120742  0.844699
   17.0967 -0.380219 0.0850573  0.250476 -0.465388 0.0182082  0.851382
   17.0967 -0.373828 0.0839921  0.249943 -0.474818 0.0153701  0.853488
   17.0967 -0.353055 0.0765352  0.251009 -0.480311 0.0110671  0.852069
   17.0967 -0.327489 0.0680131  0.257933 -0.479854 0.0120284  0.850284
   17.0967  -0.31151 0.0578931  0.266455 -0.482005 0.0214126  0.856784
   17.0967 -0.304053 0.0509689  0.276042  -0.48466 0.0284163  0.864566
   17.0967 -0.293933 0.0477731  0.287228 -0.480311 0.0224196  0.862964
   17.0968 -0.276889 0.0456426  0.302141 -0.478297 0.0115706  0.861224
   17.1971 -0.258246 0.0461752  0.318653  -0.478847 0.00612324   0.862369
   17.1971 -0.238539 0.0472405  0.333567  -0.478847 0.00149983   0.861499
   17.1971  -0.22043 0.0424468  0.349013   -0.480128 -0.00307781    0.861361
   17.1971 -0.203918 0.0349899  0.362862   -0.476375 -0.00783855    0.862506
   17.1972 -0.187939 0.0280657  0.370851    -0.4631 -0.0176347   0.857242
   17.1972  -0.17409 0.0206088  0.372982  -0.444881 -0.0262864    0.85184
   17.1972 -0.165036 0.0211415  0.372449  -0.428722 -0.0273851   0.852206
   17.1972 -0.163438 0.0270004  0.370318 -0.414806 -0.029033  0.848086
   17.1972 -0.165568  0.029131  0.362329  -0.401256 -0.0330613   0.842822
   17.1972 -0.170362 0.0296636  0.350078  -0.392329 -0.0323289   0.850879
   17.1972 -0.175688  0.029131   0.33623  -0.388988 -0.0342057   0.859485
   17.1972 -0.179417 0.0264678  0.322914  -0.381251 -0.0401567   0.855227
   17.1972  -0.18208 0.0227394  0.307468  -0.373469 -0.0451463   0.853625
   17.1972 -0.177819 0.0168804  0.294152  -0.371547 -0.0487626    0.86127
   17.1972  -0.17196 0.0115541   0.28776  -0.370128 -0.0490831   0.866122
   17.1972 -0.174623 0.0083583  0.282967   -0.36729 -0.0456498   0.871844
   17.1973 -0.179417 0.0067604  0.280304  -0.364177 -0.0439561   0.879031
   17.1973   -0.18208 0.00782567   0.278706  -0.360835 -0.0552629   0.875369
   17.1973 -0.179417 0.0099562  0.284565  -0.357997 -0.0658372   0.871753
   17.1973 -0.173558 0.0115541  0.289358  -0.360103 -0.0590165   0.877978
   17.2962  -0.171427 0.00889093    0.29788  -0.362392 -0.0526078   0.878756
   17.2963  -0.165036 0.00249935   0.313327  -0.361751 -0.0471604   0.872668
   17.2963   -0.16184 0.00090145   0.325045 -0.360515 -0.037639  0.873721
   17.2963   -0.16397 0.00303198   0.339958  -0.353877 -0.0349382   0.879764
   17.2963  -0.165568 0.00622777   0.357003  -0.344035 -0.0369523   0.882464
   17.2963 -0.173025 0.0126194   0.36872  -0.337352 -0.0268357   0.882464
   17.2963 -0.185808 0.0238046  0.379906 -0.332088 -0.019008  0.881549
   17.2964 -0.201787  0.039251  0.392156  -0.325725 -0.0309556   0.879214
   17.2964 -0.210309 0.0467078  0.396417  -0.324214 -0.0375932   0.880221
   17.2964 -0.223625 0.0499036  0.401744  -0.326274 -0.0358995   0.882831
   17.2964 -0.243865 0.0573605  0.410798  -0.328425 -0.0405229   0.885211
   17.2964  -0.25079 0.0616215  0.414527  -0.327144 -0.0532945   0.887683
   17.2964 -0.256116 0.0621542  0.415592  -0.323711 -0.0614427   0.887774
   17.2965 -0.264638 0.0669478  0.418788  -0.323711 -0.0634568   0.881686
   17.2965  -0.27103 0.0717415  0.423049  -0.326274 -0.0615342   0.881411
   17.2965 -0.277954 0.0717415  0.426245  -0.326366 -0.0577806   0.889605
   17.2965 -0.287009 0.0744047  0.428375  -0.322108 -0.0571397   0.895465
   17.2965 -0.299259 0.0807963  0.427843  -0.319591 -0.0521958   0.895328
   17.2965 -0.313107 0.0882531  0.421984   -0.31483 -0.0573228   0.882922
   17.2965 -0.327489 0.0946447  0.413462  -0.313686 -0.0680802   0.875873
   17.2965 -0.336543  0.101036  0.402809  -0.321971 -0.0611222   0.886035
   17.2965 -0.342402  0.110624  0.392689  -0.331447 -0.0499528   0.899997
   17.3929 -0.350924  0.123407  0.388428   -0.34106 -0.0431779   0.910617
   17.3933 -0.358914  0.139386  0.386297 -0.357631 -0.036815  0.918628
   17.3933 -0.366371  0.152702  0.385765   -0.37704 -0.0428117   0.925128
   17.3933 -0.361044  0.159626  0.391624  -0.396587 -0.0560868   0.931354
   17.3933 -0.346131  0.163887  0.402276 -0.415401 -0.063823   0.93497
   17.3933 -0.330684  0.165485  0.412396  -0.427989 -0.0721086   0.936023
   17.3933 -0.315771  0.163887  0.421451 -0.432979 -0.088405  0.933093
   17.3933 -0.300324  0.159626  0.426245 -0.428722 -0.104884  0.933688
   17.3933 -0.286476  0.155365  0.428375 -0.421031 -0.109325   0.92966
   17.3933 -0.277954  0.154832  0.429973 -0.414485  -0.10461   0.91611
   17.3933 -0.27103 0.158028 0.430506  -0.405833 -0.0958207   0.909656
   17.3933 -0.272095  0.162289  0.426777  -0.395763 -0.0895036   0.907596
   17.3933 -0.277421  0.163887  0.425179  -0.389537 -0.0923875   0.905169
   17.3933 -0.28115  0.16655 0.426777 -0.387477 -0.096782  0.908923
   17.3933 -0.286476  0.170279  0.425712  -0.392421 -0.0924333    0.91524
   17.3933 -0.291802  0.171344   0.42731  -0.402263 -0.0863908   0.914966
   17.3933 -0.297129  0.168681  0.431571  -0.411784 -0.0871232   0.916934
   17.3933 -0.299792  0.161756   0.43743  -0.42451 -0.091472  0.919681
   17.3933 -0.296063  0.148973   0.44755  -0.432613 -0.0991624   0.912311
   17.3935 -0.292867  0.134592  0.456605 -0.433436 -0.106441  0.905627
   17.5013 -0.29127 0.123939 0.462996  -0.43362 -0.104198  0.904391
   17.5014 -0.288606  0.111156  0.474714 -0.432613 -0.101543  0.900958
   17.5014 -0.288074  0.099971  0.484834 -0.432658  -0.10255  0.900546
   17.5014 -0.290204 0.0946447  0.497617  -0.434489 -0.0990251   0.910067
   17.5014 -0.287009 0.0935795  0.517857 -0.435863 -0.094951  0.918307
   17.5014 -0.279552   0.09571  0.539695  -0.436687 -0.0966447   0.916568
   17.5014 -0.277954 0.0967752   0.55887  -0.440898 -0.0959581   0.916385
   17.5014 -0.274225 0.0909163  0.573784  -0.444331 -0.0985215   0.909656
   17.5014  -0.27103 0.0807963  0.588165 -0.439342  -0.10873  0.888507
   17.5014 -0.272627 0.0722742  0.597752 -0.433024 -0.110103  0.874545
   17.5014 -0.275823 0.0648173  0.598818  -0.42831 -0.103603  0.873218
   17.5014  -0.28328 0.0605563  0.595622   -0.41952 -0.0977891   0.876559
   17.5014 -0.297129 0.0578931  0.588698  -0.411738 -0.0898698    0.88837
   17.5014 -0.317369  0.059491  0.575914  -0.405833 -0.0821336   0.905353
   17.5014 -0.332282 0.0632194  0.563664  -0.397136 -0.0879014   0.910159
   17.5014 -0.340272 0.0648173  0.552479 -0.392787 -0.091884  0.908694
   17.5014 -0.348794 0.0690784  0.537565  -0.398967 -0.0889085   0.910663
   17.5014 -0.359446 0.0722742  0.523184  -0.405513 -0.0946305   0.904803
   17.5014 -0.371697 0.0680131  0.509868  -0.413936 -0.0977433   0.891299
   17.5014 -0.383948 0.0589584  0.497617  -0.427486 -0.0927995   0.881869
   17.5979 -0.390339 0.0509689  0.489095  -0.431926 -0.0950425   0.877383
   17.5979 -0.390872 0.0456426  0.483769  -0.434169 -0.0971482   0.876468
   17.5979 -0.390339 0.0419141  0.482704  -0.444331 -0.0862077   0.887774
    17.598 -0.391937  0.043512  0.483236   -0.45106 -0.0777848   0.904986
    17.598 -0.395665 0.0504363   0.48803  -0.452205 -0.0792497   0.914691
    17.598  -0.39247 0.0605563  0.497085 -0.459209 -0.082042  0.921512
    17.598 -0.381284   0.06535  0.505607  -0.470332 -0.0910142   0.922381
    17.598 -0.375425  0.059491  0.511999 -0.478709 -0.103694  0.912539
    17.598 -0.366903  0.053632  0.513596 -0.483287 -0.107631  0.901919
    17.598 -0.362642 0.0477731  0.513064 -0.482646 -0.108867  0.894504
    17.598 -0.367436 0.0387183  0.510401 -0.479304 -0.119258  0.886859
    17.598 -0.366903 0.0307289  0.502411 -0.475185 -0.132945  0.879031
    17.598 -0.365838 0.0238046  0.490161 -0.472804 -0.134364  0.881366
    17.598 -0.365305  0.017413  0.478443 -0.474589 -0.133952  0.893451
    17.598  -0.365838 0.00889093   0.464062  -0.47784 -0.133403  0.902286
    17.598   -0.368501 -0.00229434    0.450746 -0.483607 -0.123699  0.907321
    17.598  -0.366371 -0.0118817   0.440093  -0.48878 -0.120586  0.911761
   17.5981  -0.361044 -0.0251975   0.426245 -0.491115 -0.125163  0.910846
   17.5981  -0.361044 -0.0406439   0.416125 -0.496333 -0.119853  0.904483
   17.5981  -0.363708 -0.0571555    0.40707 -0.502605 -0.112804  0.896701
   17.6957  -0.365838 -0.0726018   0.397483 -0.507365 -0.113948  0.889422
   17.6957  -0.363175 -0.0864502   0.393222 -0.515101 -0.108089  0.885394
   17.6957 -0.359979 -0.105092  0.394819 -0.524028  -0.09843  0.887408
   17.6957 -0.358381 -0.123202  0.399613  -0.529658 -0.0946763    0.89519
   17.6957 -0.349326 -0.135452  0.407603  -0.532359 -0.0885881    0.90462
   17.6958 -0.338674 -0.144507  0.421984  -0.531444 -0.0861161   0.909015
   17.6958 -0.325891 -0.149833  0.440093 -0.528834 -0.093303  0.907458
   17.6958 -0.304585 -0.148768  0.456605 -0.533504 -0.091884  0.907687
   17.6958 -0.285943  -0.14504  0.478975  -0.541881 -0.0754502   0.912311
   17.6958 -0.279552 -0.143442  0.509335  -0.554515 -0.0582841   0.921054
   17.6958 -0.269432  -0.13705  0.540761   -0.57223 -0.0482133   0.932818
   17.6958 -0.248659 -0.129061  0.577512  -0.584132 -0.0479386   0.942111
   17.6958 -0.228419 -0.127463  0.620123  -0.593471 -0.0597032    0.94266
   17.6958 -0.203385 -0.130126  0.662201  -0.603816 -0.0683549   0.937945
   17.6958 -0.182613  -0.13705  0.696289 -0.608943 -0.071193  0.928744
   17.6958 -0.173558 -0.143975  0.723986  -0.601527 -0.0826371   0.908236
   17.6958 -0.165036 -0.146105  0.746889  -0.587611 -0.0976518   0.890246
   17.6958 -0.152253 -0.146105  0.758075  -0.57191 -0.107906   0.87839
   17.6958 -0.144263  -0.14717  0.759673 -0.555339 -0.112987   0.86539
   17.6958 -0.145861 -0.149301  0.766597 -0.547923  -0.11436  0.859576
   17.7968 -0.146926 -0.151964  0.770325 -0.545634 -0.114726  0.857104
   17.7969 -0.150122 -0.154095  0.763934 -0.540507 -0.111018  0.857562
   17.7969 -0.157046 -0.161019  0.754879 -0.534877 -0.108959  0.856692
   17.7969 -0.163438 -0.172737  0.744759 -0.531169 -0.110195  0.848361
   17.7969 -0.166634 -0.179128  0.740498 -0.522197  -0.10493  0.845843
   17.7969 -0.172493 -0.181259  0.731443  -0.51414 -0.100444  0.847857
   17.7969 -0.190602 -0.188183  0.709072 -0.504802 -0.094951   0.84566
   17.7969 -0.213505 -0.204162  0.682974  -0.499034 -0.0947679   0.828906
   17.7969 -0.235343 -0.221739  0.654211  -0.498942 -0.0967363   0.813571
   17.7969 -0.261442 -0.233989  0.620656  -0.492808 -0.0957749   0.816546
   17.7969 -0.289139  -0.24837  0.585502 -0.486903 -0.102321  0.816913
   17.7969 -0.312575 -0.262219  0.552479 -0.480311 -0.108775  0.814898
   17.7969 -0.331217  -0.26861  0.519455 -0.476283 -0.111705  0.824832
   17.7969 -0.344533 -0.270208  0.483769 -0.475734 -0.117839  0.834491
   17.7969 -0.352522 -0.268078  0.453942 -0.478984  -0.11761  0.841815
   17.7969 -0.361577 -0.262752  0.433169 -0.489284  -0.10374  0.856097
   17.7969  -0.37436 -0.257425  0.416657 -0.501735 -0.103694  0.859622
   17.7969 -0.378621 -0.254229  0.403342 -0.512218 -0.117336  0.851291
   17.7969 -0.373828 -0.255827  0.393754 -0.522471 -0.124889  0.847491
   17.7969 -0.369034 -0.256893  0.385232 -0.531352  -0.13322  0.846759
   17.7969 -0.36424 -0.25849 0.377243 -0.538905 -0.139354  0.839801
   17.7969 -0.363175 -0.262219  0.371384 -0.541743 -0.136287  0.836734
   17.8933  -0.36424 -0.265415  0.368188 -0.536342 -0.140773  0.838473
   17.8933 -0.356783 -0.264349  0.367123 -0.528743 -0.152858  0.839618
   17.8934 -0.346663  -0.25636   0.36659 -0.526088 -0.154414  0.846438
   17.8934 -0.336011 -0.245175  0.367655 -0.528331 -0.148555  0.852984
   17.8934 -0.325358 -0.237718  0.372449 -0.530986 -0.146083  0.855456
   17.8934 -0.312042 -0.234522  0.377243 -0.533824 -0.142787  0.855777
   17.8934 -0.292867 -0.233989  0.385765 -0.538585 -0.136241  0.858203
   17.8934 -0.274758 -0.231326  0.400146 -0.541606 -0.134319  0.858935
   17.8934 -0.259844 -0.224402  0.415059 -0.542018 -0.124889   0.85303
   17.8934 -0.246528 -0.217478  0.434767 -0.547053 -0.109416  0.852023
   17.8935  -0.23268 -0.211086  0.458735 -0.554469 -0.108684  0.853259
   17.8935 -0.209244 -0.206825  0.482171 -0.557353 -0.114497  0.851153
   17.8935 -0.182613 -0.204695   0.50614 -0.560237 -0.104884  0.852847
   17.8935 -0.165568 -0.204162  0.529043  -0.559367 -0.0922959   0.854266
   17.8935 -0.149589 -0.202564   0.54875  -0.550578 -0.0916093   0.853671
   17.8935 -0.136806 -0.196705  0.571653  -0.536799 -0.0913346   0.852023
   17.8935 -0.124556 -0.181259  0.595622  -0.523295 -0.0915635   0.852664
   17.8935 -0.110175 -0.165812  0.613731  -0.518901 -0.0899613   0.854815
   17.8935 -0.10112 -0.15729 0.631308 -0.520503 -0.077556  0.856097
   17.8935 -0.0957936  -0.152497   0.646222  -0.52238 -0.065059  0.855548
   18.0003 -0.0899346  -0.154627   0.654211  -0.520915 -0.0648301   0.853259
   18.0003 -0.083543 -0.159421  0.660603  -0.514964 -0.0660661   0.849551
   18.0003 -0.083543 -0.163682  0.665929   -0.50558 -0.0529283   0.845202
   18.0003 -0.0941957  -0.169008   0.665397  -0.489604 -0.0365861   0.840762
   18.0003 -0.106979 -0.168476  0.655809  -0.472896 -0.0311387   0.836963
   18.0003  -0.12136 -0.167943  0.645689  -0.456187 -0.0269731   0.838473
   18.0003 -0.141067 -0.171139  0.632373  -0.437739 -0.0268357   0.840304
   18.0003 -0.162373 -0.171139  0.612666  -0.424556 -0.0315507    0.84154
   18.0003 -0.187939 -0.171139  0.592426  -0.418559 -0.0316423   0.842868
   18.0003 -0.216701 -0.174867  0.570588  -0.414668 -0.0337937   0.837512
   18.0003 -0.240137 -0.180194  0.547152  -0.408855 -0.0405686   0.833209
   18.0003 -0.262507 -0.183389  0.525847  -0.402583 -0.0445512   0.836139
   18.0003 -0.289139 -0.183389  0.505607  -0.399379 -0.0498155    0.83623
   18.0004 -0.314705 -0.181791  0.490161  -0.403407 -0.0607103   0.834582
   18.0004 -0.334413 -0.181259    0.4859   -0.41215 -0.0656083   0.837832
   18.0004 -0.351457 -0.178063  0.487497 -0.423686 -0.065059  0.843554
   18.0004 -0.363175 -0.179661  0.494954  -0.439983 -0.0722459   0.850696
   18.0004 -0.370632  -0.18552  0.507737  -0.455501 -0.0801194   0.855914
   18.0004 -0.376491 -0.191379  0.522651   -0.46429 -0.0875352   0.851062
   18.0004 -0.37436 -0.19777 0.541293  -0.466533 -0.0973771   0.843783
   18.0969 -0.369034  -0.19777  0.562066 -0.470058 -0.098018  0.849139
    18.097 -0.364773 -0.194042  0.584969 -0.472713 -0.093303  0.859622
    18.097 -0.364773 -0.184455  0.613199  -0.469188 -0.0899613   0.863971
    18.097 -0.366903 -0.169008  0.643559  -0.471843 -0.0884965   0.870288
    18.097 -0.365305 -0.153562  0.675517  -0.479442 -0.0929826   0.878436
    18.097  -0.36211 -0.137583  0.706409 -0.482417 -0.103099   0.87807
    18.097 -0.359447 -0.125865  0.736769 -0.485713 -0.115962  0.870837
    18.097 -0.357316 -0.120006  0.766064 -0.489787 -0.127086  0.862643
    18.097 -0.349859  -0.11681  0.788967 -0.491023 -0.142101  0.850009
    18.097 -0.338674 -0.116278  0.807077 -0.486995 -0.155971  0.840121
    18.097 -0.328021 -0.113082  0.824121 -0.479899 -0.154643  0.845843
    18.097 -0.320032 -0.105092  0.840633 -0.470836  -0.14883  0.856418
    18.097  -0.322162 -0.0949724   0.852883 -0.459621 -0.145625  0.858203
    18.097  -0.325891 -0.0875155   0.861938 -0.452846 -0.140086  0.855685
    18.097   -0.32376 -0.0805913   0.871525 -0.449962 -0.138805  0.854403
    18.097  -0.321097 -0.0726018    0.87845 -0.447352 -0.142101  0.849917
    18.097  -0.32376 -0.069406  0.877384   -0.4463 -0.137706  0.845019
    18.097  -0.328021 -0.0651449   0.869927 -0.447352 -0.127498    0.8436
    18.097  -0.332282 -0.0598186   0.859807 -0.446117  -0.12292  0.839801
    18.097  -0.338141 -0.0550249   0.852351 -0.448817 -0.116695   0.84273
   18.1972  -0.338141 -0.0438397   0.848089 -0.458156 -0.104518  0.858844
   18.1972  -0.341337 -0.0310565   0.843296  -0.467723 -0.0982469   0.870974
   18.1972  -0.348794 -0.0262628   0.841165  -0.479167 -0.0952714   0.876697
   18.1972  -0.350924 -0.0283933   0.835306 -0.488139 -0.100765  0.877932
   18.1973  -0.348261 -0.0321217   0.825719 -0.491527 -0.120448  0.869647
   18.1973     -0.344 -0.0385133    0.81187 -0.489284 -0.131023  0.852893
   18.1973  -0.345065 -0.0496986   0.794826 -0.483378 -0.121089  0.840625
   18.1973  -0.347729 -0.0566228   0.788435 -0.481044 -0.105205  0.837237
   18.1973 -0.352522 -0.059286  0.783641  -0.478435 -0.0929826   0.837787
   18.1973  -0.368501 -0.0635471   0.770858  -0.472987 -0.0809892   0.844928
   18.1973  -0.386078 -0.0635471   0.754346  -0.470424 -0.0822709   0.851382
   18.1973  -0.394068 -0.0640797   0.746889  -0.473994 -0.0932115   0.850009
   18.1973  -0.399394 -0.0688734   0.746889  -0.481914 -0.0877641   0.845294
   18.1973  -0.40259 -0.075265  0.745824  -0.487178 -0.0808519   0.842044
   18.1973  -0.407383 -0.0869829   0.750085 -0.492076 -0.082454  0.837512
   18.1973  -0.410047 -0.0992334   0.758075  -0.500728 -0.0741227   0.836139
   18.1973 -0.408449 -0.102962  0.774054  -0.509837 -0.0597947   0.842959
   18.1973 -0.409514 -0.105092  0.791098  -0.515422 -0.0549882   0.850421
   18.1973 -0.405786 -0.113082  0.803881 -0.519496 -0.057277  0.854312
   18.1973 -0.393002 -0.120539  0.823056  -0.521922 -0.0584672   0.856463
   18.2968 -0.375425 -0.122137  0.843828  -0.521922 -0.0583757   0.862094
   18.2968  -0.36211 -0.119473  0.859807  -0.519496 -0.0540269   0.866397
   18.2973 -0.358914 -0.111484  0.872058  -0.514735 -0.0494493   0.861087
   18.2974 -0.358381 -0.103494  0.884841  -0.506724 -0.0570939   0.852206
   18.2974  -0.353055 -0.0987008   0.891765  -0.494227 -0.0705979   0.841266
   18.2974  -0.348261 -0.0907113   0.892831  -0.484019 -0.0786088   0.829593
   18.2974  -0.346131 -0.0827218   0.892831   -0.47523 -0.0788377   0.821444
   18.2974  -0.344533 -0.0768629   0.884841  -0.464931 -0.0774644   0.820758
   18.2974  -0.346663 -0.0678081   0.871525  -0.456691 -0.0770982   0.828174
   18.2974  -0.344533 -0.0598186   0.860873  -0.450191 -0.0786546    0.83948
   18.2974   -0.34187 -0.0502312    0.85022  -0.441997 -0.0847886   0.849368
   18.2974  -0.343468 -0.0379807   0.836372  -0.437556 -0.0864366   0.854449
   18.2974  -0.342935 -0.0283933   0.824121  -0.437007 -0.0908769   0.854083
   18.2974  -0.341337 -0.0214691   0.812403 -0.437007 -0.103923  0.850696
   18.2974  -0.336543 -0.0156101   0.798022 -0.441402 -0.108272  0.850512
   18.2974   -0.33388 -0.0102838   0.785239 -0.446483 -0.105617  0.850696
   18.2974  -0.328021 -0.0108165   0.771923 -0.448131 -0.106578  0.850787
   18.2974   -0.32376 -0.0108165   0.757009 -0.448131 -0.105296  0.858661
   18.2974  -0.320032 -0.0118817   0.744759 -0.444972 -0.107082  0.869327
   18.2974  -0.309912 -0.0108165   0.737302 -0.436732 -0.117519  0.874911
   18.3972    -0.30139 -0.00442487     0.73091 -0.433757 -0.125804  0.878619
   18.3973  -0.298726 0.00249935   0.725051 -0.437785 -0.129146  0.875689
   18.3973 -0.295531 0.0147499   0.72079 -0.444972 -0.136195  0.864749
   18.3973 -0.289139 0.0259352  0.713334 -0.458018 -0.140498  0.860171
   18.3973 -0.288074 0.0312615  0.709072  -0.47166 -0.137889  0.863101
   18.3973  -0.28328 0.0323268  0.704811 -0.481593 -0.138805  0.859393
   18.3973 -0.278486 0.0280657  0.699485 -0.485667  -0.14265  0.853259
   18.3973 -0.276356 0.0206088  0.694691 -0.484981 -0.137019  0.854449
   18.3973 -0.272095 0.0142173  0.687235 -0.483516 -0.126674  0.852618
   18.3973 -0.267301 0.0126194  0.682974 -0.482875 -0.120311  0.849505
   18.3973 -0.268366 0.0136846  0.675517 -0.481364  -0.10461  0.853579
   18.3973 -0.276356 0.0136846  0.666995  -0.476512 -0.0925248   0.855639
   18.3973 -0.284345  0.017413  0.661136 -0.472392  -0.09637  0.854266
   18.3973 -0.289672 0.0243373  0.656342  -0.473491 -0.0956376   0.854266
   18.3973 -0.289139 0.0285983  0.651016  -0.478206 -0.0889085   0.855731
   18.3974 -0.287541 0.0328594  0.646755  -0.487132 -0.0874436   0.854129
   18.3974 -0.289672  0.033392  0.643559  -0.496471 -0.0858415   0.852343
   18.3974 -0.292867 0.0275331  0.640363 -0.504481  -0.08369  0.855823
   18.3974 -0.289672 0.0227394  0.642493  -0.507915 -0.0882676   0.859851
   18.3974 -0.280084 0.0238046  0.646222  -0.511989 -0.0859788   0.866763
   18.4953  -0.27103 0.0301962  0.653146  -0.521876 -0.0756791   0.878711
   18.4954 -0.267834 0.0355225   0.66007  -0.526408 -0.0762742    0.87894
   18.4954 -0.265703 0.0376531  0.665929  -0.527461 -0.0886338   0.867724
   18.4954 -0.258246 0.0371204  0.669658 -0.528422 -0.103603  0.862597
   18.4954 -0.245463 0.0323268  0.666995 -0.524486 -0.113857  0.858752
   18.4954 -0.238539 0.0264678  0.659538 -0.518077 -0.113902   0.85097
   18.4954 -0.238539 0.0216741  0.648885 -0.514003  -0.10493  0.848498
   18.4954 -0.238539 0.0147499  0.631308 -0.507274 -0.102367   0.84978
   18.4954  -0.239604 0.00889093   0.615329 -0.499629 -0.108959  0.847766
   18.4954  -0.241202 0.00462988    0.59935 -0.495509 -0.105754  0.851611
   18.4955  -0.242267 0.00249935   0.582839  -0.495051 -0.0944932   0.861224
   18.4955  -0.244398 0.00196671    0.56899  -0.500087 -0.0903733   0.866534
   18.4955   -0.243865 0.000368818    0.555674  -0.509151 -0.0842393   0.869922
   18.5414   -0.240137 -0.00282698     0.54875  -0.522334 -0.0729325   0.877704
   18.5414   -0.236941 -0.00921856    0.546087  -0.535289 -0.0712846   0.882647
   18.5414  -0.227354 -0.0166754   0.543956  -0.544124 -0.0757249   0.883883
   18.5414  -0.218832 -0.0294586    0.54662   -0.55012 -0.0767778    0.88489
   18.5414   -0.21244 -0.0411765   0.549815 -0.550395 -0.084102  0.884982
   18.5415  -0.199124 -0.0486333   0.548218   -0.54362 -0.0940812   0.886401
   18.5415  -0.186341 -0.0560902   0.547685  -0.536754 -0.0945848   0.888049
    18.593 -0.176754 -0.059286   0.54662  -0.532176 -0.0940354    0.88782
    18.593  -0.171427 -0.0614165   0.540761 -0.525767 -0.100444  0.883883
    18.593  -0.170895 -0.0630144   0.532239 -0.518992 -0.104839  0.880313
    18.593  -0.169297 -0.0635471   0.523184 -0.514873 -0.108638  0.874087
    18.593  -0.169297 -0.0672755   0.511466 -0.508281 -0.111385  0.866855
    18.593  -0.172493 -0.0699386   0.499748 -0.500682 -0.100902  0.862826
    18.593  -0.177819 -0.0720692   0.487497  -0.498942 -0.0954545   0.855365
   18.5931  -0.188472 -0.0768629    0.47578  -0.496379 -0.0999864   0.849231
   18.5931  -0.20232 -0.079526  0.467257  -0.491664 -0.0991166    0.85065
   18.5931   -0.21244 -0.0800586   0.460333  -0.489101 -0.0964158   0.856326
   18.5931  -0.216701 -0.0816565    0.45554  -0.489558 -0.0932572   0.862781
   18.5931  -0.220962 -0.0848523   0.453409  -0.49052 -0.087993  0.868915
   18.5931  -0.225223 -0.0864502   0.456605  -0.491801 -0.0823625   0.873675
   18.5931  -0.228419 -0.0869829   0.465127  -0.496379 -0.0811723   0.876422
   18.5931  -0.230017 -0.0875155   0.473649    -0.5032 -0.0817674   0.881549
   18.5932  -0.225756 -0.0907113   0.488563  -0.507869 -0.0808061   0.887179
   18.5932  -0.218299 -0.0928418   0.502411 -0.509608 -0.087169  0.886401
   18.5932  -0.214571 -0.0917766    0.50614  -0.512263 -0.0946763   0.888873
   18.5932   -0.21244 -0.0912439   0.511999  -0.513957 -0.0960496   0.893634
   18.5932  -0.204983 -0.0901787   0.521586  -0.51176 -0.101543  0.893176
   18.5932  -0.196994 -0.0907113   0.529043  -0.50352 -0.107814  0.886126
   18.6975 -0.193265 -0.089646  0.533304 -0.498668 -0.100902  0.878848
   18.6975  -0.194331 -0.0843197   0.532771  -0.498347 -0.0887712   0.879031
   18.6975  -0.198592 -0.0800587   0.530108  -0.492946 -0.0842851   0.875049
   18.6975 -0.199657 -0.079526  0.525847  -0.487041 -0.0790208   0.871432
   18.6975  -0.203385 -0.0768629   0.518923  -0.485759 -0.0688584   0.875964
   18.6975  -0.212973 -0.0688734   0.511999   -0.48434 -0.0618089    0.87839
   18.6975   -0.22043 -0.0582207   0.506672  -0.483378 -0.0562699   0.879123
   18.6975  -0.231082 -0.0465028   0.505607   -0.48846 -0.0485337   0.884982
   18.6975 -0.241202 -0.039046  0.505074  -0.494731 -0.0474809    0.88901
   18.6975  -0.244931 -0.0358502   0.502944 -0.500041 -0.052974  0.885669
   18.6975   -0.25079 -0.0347849   0.505074  -0.507411 -0.0545304   0.885074
   18.6975 -0.251855 -0.039046   0.50827  -0.513133 -0.0552171   0.886996
   18.6975  -0.243333 -0.0454376   0.507737  -0.515101 -0.0633195   0.883563
   18.6975  -0.238539 -0.0502312   0.508803  -0.515788 -0.0670732   0.889193
   18.6976  -0.236941 -0.0555576   0.514129 -0.512218 -0.061168  0.900134
   18.6976 -0.234278 -0.059286   0.51626  -0.507182 -0.0626329   0.896747
   18.6976  -0.234811 -0.0614165   0.522119  -0.506816 -0.0672563   0.887912
   18.6976  -0.233213 -0.0672755   0.527978  -0.506862 -0.0678056   0.882327
   18.6976  -0.230017 -0.0710039   0.527445  -0.505672 -0.0727494   0.872668
   18.6976  -0.233745 -0.0741997   0.525314  -0.503841 -0.0773271   0.858752
   18.7965  -0.243333 -0.0859176   0.519455  -0.50059 -0.073665  0.849826
   18.7965 -0.252387 -0.099766  0.511999   -0.49702 -0.0749009   0.841906
   18.7966 -0.264105 -0.111484  0.502411  -0.491206 -0.0784715   0.833026
   18.7966 -0.275291 -0.117876  0.493889 -0.485484 -0.068126  0.836001
   18.7966 -0.290737 -0.120539  0.484302  -0.485805 -0.0552171   0.845523
   18.7966 -0.308846   -0.1248  0.476845  -0.489192 -0.0537522   0.850238
   18.7966 -0.318434 -0.125332  0.475247  -0.493678 -0.0517839   0.855914
   18.7966 -0.325358 -0.132789  0.472584  -0.501231 -0.0509141   0.865115
   18.7966  -0.33175 -0.142909  0.473116  -0.509837 -0.0586503   0.868777
   18.7966  -0.33388 -0.148236  0.476312 -0.516795 -0.056865   0.86745
   18.7966 -0.330152  -0.15729  0.480573   -0.52444 -0.0514176   0.872073
   18.7967 -0.326956  -0.16528   0.48803  -0.52856 -0.058101  0.875186
   18.7967 -0.318966 -0.170606  0.498683  -0.526317 -0.0606187    0.87514
   18.7967 -0.310977 -0.174867  0.511999 -0.524989 -0.053798  0.878482
   18.7967 -0.309912   -0.1754  0.523716  -0.52238 -0.055034  0.879855
   18.7967 -0.308846 -0.175932  0.532771  -0.517024 -0.0622209   0.874957
   18.7967 -0.30352  -0.1754 0.547152  -0.510387 -0.0691789    0.86658
   18.7967 -0.297129 -0.174867  0.557272  -0.502971 -0.0801194   0.860263
   18.7967 -0.297661 -0.176998  0.560468  -0.499217 -0.0870774   0.852343
   18.7968 -0.301922 -0.174867   0.56899  -0.496745 -0.0829118   0.846621
   18.8968 -0.307249 -0.171671  0.571121  -0.493129 -0.0850633    0.84479
   18.8969 -0.309379 -0.174335  0.564729  -0.484386 -0.0944474   0.840808
   18.8969 -0.312042 -0.178596  0.560468  -0.475871 -0.0976518   0.837832
   18.8969 -0.320032 -0.181791  0.557272  -0.473674 -0.0985215   0.840671
   18.8969 -0.326423 -0.181791  0.553544  -0.470927 -0.0935319    0.84566
   18.8969 -0.336011 -0.176998  0.552479   -0.47198 -0.0822709   0.849734
   18.8969 -0.345598 -0.179128  0.551946  -0.474727 -0.0775102   0.854403
   18.8969 -0.349326 -0.182324  0.550348  -0.475276 -0.0830949    0.85596
   18.8969 -0.347729 -0.181259  0.551946 -0.477336 -0.085521  0.857242
   18.8969 -0.343468 -0.184987  0.558338  -0.479945 -0.0790666   0.862094
   18.8969 -0.340804 -0.189781  0.565794  -0.482783 -0.0787004   0.861133
   18.8969 -0.338674 -0.192977  0.572719  -0.484431 -0.0828202   0.858981
   18.8969 -0.334413 -0.193509  0.580175  -0.482921 -0.0808061   0.859256
   18.8969  -0.33175 -0.192444    0.5871  -0.477794 -0.0839189    0.85303
   18.8969  -0.33175 -0.190846  0.594557  -0.473216 -0.0864823   0.849597
   18.8969 -0.329086 -0.187118  0.601481  -0.470653 -0.0837358   0.851748
   18.8969 -0.327489 -0.180194  0.604677  -0.466212 -0.0873063   0.846301
   18.8969 -0.328554 -0.173269  0.607872  -0.464748 -0.0886796   0.844058
   18.8969 -0.327489 -0.166878  0.613199  -0.463878 -0.0846971   0.850421
   18.8969 -0.328021 -0.155692  0.615862  -0.460994 -0.0824082   0.851016
    18.997 -0.330152 -0.148236  0.616394  -0.456828 -0.0826371   0.847445
    18.997 -0.328554 -0.143442   0.61746 -0.452663  -0.08369  0.850055
    18.997 -0.326423 -0.135452  0.619058  -0.450648 -0.0854295   0.855731
    18.997 -0.328021  -0.12693  0.621188  -0.451198 -0.0816758   0.860217
    18.997 -0.328554 -0.121071  0.625982  -0.456462 -0.0712846   0.868915
   18.9971 -0.331217 -0.118408  0.633439  -0.459529 -0.0726121   0.875323
   18.9971 -0.332815 -0.116278  0.636634  -0.457881 -0.0873063   0.872165
   18.9971 -0.326956 -0.115745  0.641428  -0.456554 -0.0969194   0.866672
   18.9971 -0.322695  -0.11681  0.646755  -0.454127 -0.0975602   0.864383
   18.9971 -0.319499  -0.11681  0.646755  -0.446986 -0.0998033   0.856143
   18.9971 -0.317369 -0.114147   0.64782  -0.440394 -0.0988877   0.849276
   18.9971 -0.317369 -0.112017  0.650483  -0.435634 -0.0922959    0.85184
   18.9971 -0.322695 -0.107223  0.653679 -0.431102 -0.090648  0.854358
   18.9971  -0.329619 -0.0992334   0.659538  -0.432796 -0.0920671   0.854541
   18.9971   -0.33175 -0.0939071   0.669125  -0.438701 -0.0931657   0.852893
   18.9971  -0.333348 -0.0917766   0.675517 -0.441493 -0.101863  0.847125
   18.9971  -0.332815 -0.0960376   0.678712 -0.442454 -0.112346  0.838977
   18.9972 -0.328554 -0.101364  0.678712 -0.443095 -0.111385  0.835544
   18.9972 -0.330152 -0.101897  0.675517 -0.439021 -0.104747  0.837054
   18.9972 -0.337076 -0.104027  0.674984  -0.433299 -0.0980638   0.838015
   19.0962 -0.343468 -0.101364  0.676049   -0.43101 -0.0897325   0.849917
   19.0963  -0.349859 -0.0928418   0.675517  -0.432292 -0.0882218   0.863009
   19.0963  -0.350392 -0.0859176   0.673919  -0.433528 -0.0938066   0.863604
   19.0963  -0.349326 -0.0763302   0.676049  -0.437465 -0.0885423   0.870105
   19.0963  -0.350392 -0.0683407    0.68031  -0.450145 -0.0811723    0.87688
   19.0963  -0.349859 -0.0662102   0.681908   -0.46516 -0.0854753   0.873996
   19.0963  -0.350392 -0.0651449   0.684571  -0.471934 -0.0896409   0.871112
   19.0963  -0.343468 -0.0635471    0.69043  -0.474589 -0.0891374   0.871112
   19.0963  -0.336011 -0.0630144   0.693626  -0.480174 -0.0891374   0.871844
   19.0963   -0.33388 -0.0672755   0.695757  -0.483104 -0.0896409   0.872577
   19.0963  -0.330684 -0.0715365   0.701616  -0.482417 -0.0935777   0.869098
   19.0963  -0.329619 -0.0715365   0.705344  -0.475139 -0.0965074   0.868091
   19.0963  -0.325358 -0.0726018   0.706409  -0.468547 -0.0955003   0.870562
   19.0963  -0.318966 -0.0726018   0.709072  -0.467403 -0.0923417   0.871753
   19.0963  -0.317369 -0.0672755   0.712801  -0.463695 -0.0893205   0.874545
   19.0963 -0.318434 -0.059286  0.715464  -0.457561 -0.0883592   0.877932
   19.0963  -0.320564 -0.0486333   0.717062  -0.455134 -0.0840562   0.878024
   19.0963  -0.325891 -0.0369154   0.719193  -0.457973 -0.0886338   0.872989
   19.0964  -0.330684 -0.0299912   0.719725 -0.459346 -0.102184  0.867633
   19.0964  -0.329619 -0.0278607   0.721856 -0.461269 -0.109187  0.864428
   19.0964  -0.328021 -0.0278607   0.722921 -0.462779  -0.11143  0.862277
   19.0964  -0.326423 -0.0273281   0.726649 -0.460811 -0.107494  0.862643
   19.0964  -0.324293 -0.0246649   0.731976  -0.461589 -0.0973313   0.869967
   19.1967  -0.323228 -0.0193386   0.736237  -0.463695 -0.0944017   0.878436
   19.1967   -0.32163 -0.0140123   0.744759   -0.4631 -0.098842  0.881686
   19.1967  -0.320564 -0.0108165   0.748487 -0.459758 -0.101314  0.883929
   19.1967   -0.315238 -0.00442487    0.746357 -0.457469 -0.102367   0.88219
   19.1968   -0.310977 -0.00176171    0.745824 -0.458064 -0.103969  0.880267
   19.1968   -0.310444 0.000368818    0.746889 -0.460078 -0.102092  0.878299
   19.1968  -0.308846 0.00462988   0.741563  -0.463878 -0.0919297   0.875003
   19.1968  -0.31364 0.0083583  0.735704  -0.465114 -0.0886796   0.872256
   19.1968 -0.320564 0.0110215  0.731443  -0.462871 -0.0919755   0.869327
   19.1968  -0.32376 0.0158152  0.726649  -0.462596 -0.0872605   0.869693
   19.1968 -0.324293 0.0222067  0.722388  -0.465709 -0.0851091   0.872531
   19.1968  -0.32163 0.0280657  0.717595  -0.473994 -0.0843766   0.880267
   19.1968 -0.324825 0.0349899  0.713334  -0.478023 -0.0768235   0.885531
   19.1968 -0.332815 0.0376531  0.714399  -0.476832 -0.0732988   0.884662
   19.1968 -0.333348 0.0440447  0.719193  -0.481181 -0.0818132   0.883792
   19.1968 -0.334413 0.0504363  0.721856    -0.4864 -0.0904649   0.883609
   19.1968 -0.334945 0.0552299  0.728247  -0.489741 -0.0947221   0.879626
   19.1968 -0.328554 0.0552299  0.736237  -0.494594 -0.0939439   0.874179
   19.1968 -0.325891 0.0499036  0.745291  -0.500774 -0.0910142    0.87308
   19.1968 -0.323227 0.0477731  0.753814  -0.500133 -0.0987046   0.869922
   19.2952 -0.320032  0.043512  0.755944 -0.494823 -0.107585  0.863055
   19.2953 -0.317901 0.0371204  0.756477 -0.488048 -0.105525  0.863788
   19.2953 -0.312042 0.0349899  0.756477  -0.477931 -0.0984758   0.867907
    19.296 -0.310444 0.0371204  0.752748  -0.474086 -0.0925248   0.865527
    19.296 -0.320564 0.0424468  0.744759 -0.476787 -0.088405  0.863925
    19.296 -0.334945 0.0445773  0.736237 -0.478801 -0.087993  0.862231
    19.296 -0.342935 0.0408489  0.725584  -0.479167 -0.0921128   0.852618
    19.296 -0.347729 0.0339246  0.713334  -0.480769 -0.0912889   0.842593
    19.296 -0.354653 0.0275331  0.700018  -0.485255 -0.0788377   0.844241
    19.296 -0.362642 0.0238046  0.685637  -0.488277 -0.0706895   0.851108
    19.296 -0.368501 0.0238046  0.678712  -0.490337 -0.0649675   0.858844
    19.296 -0.373828 0.0243373  0.676582  -0.493907 -0.0531572   0.867221
    19.296 -0.379154 0.0259352  0.676049 -0.498164 -0.051967  0.868823
    19.296 -0.382882 0.0301962  0.679245  -0.503474 -0.0559495    0.86658
   19.2961  -0.38235 0.0270004  0.683506   -0.50796 -0.0534776   0.864657
   19.2961 -0.380752 0.0238046  0.684039  -0.511439 -0.0600236   0.858752
   19.2961 -0.378621 0.0238046  0.687235  -0.513316 -0.0678971   0.851565
   19.2961 -0.377556  0.023272  0.695224  -0.515834 -0.0595658   0.852298
   19.2961 -0.385545 0.0227394  0.701616  -0.522014 -0.0547135   0.858111
   19.2961 -0.389807 0.0147499  0.705877   -0.51826 -0.0657914   0.856051
   19.3966 -0.386611 0.0083583  0.709605  -0.505946 -0.0756333   0.849414
   19.3966  -0.386078 0.00569514    0.71067  -0.500682 -0.0783342   0.850833
   19.3966  -0.388741 0.00143408   0.709605  -0.497844 -0.0840562   0.846896
   19.3966   -0.390872 -0.00335961    0.709072   -0.49322 -0.0842393   0.834811
   19.3967   -0.395665 -0.00921856    0.701616  -0.490199 -0.0808976   0.831378
   19.3967  -0.403655 -0.0150775   0.693626  -0.485805 -0.0844224   0.830737
   19.3967  -0.410579 -0.0225344   0.691496 -0.480586 -0.083278  0.828174
   19.3967  -0.420699 -0.0267954   0.691496  -0.483012 -0.0739396   0.833209
   19.3967 -0.428689 -0.028926  0.692028  -0.486858 -0.0712846   0.839709
   19.3967  -0.431884 -0.0315891   0.694159 -0.487315 -0.072429  0.845843
   19.3967  -0.436146 -0.0337196   0.697887  -0.495692 -0.0681718   0.849322
   19.3967  -0.439341 -0.0374481   0.701083  -0.501369 -0.0676683    0.84653
   19.3967  -0.441472 -0.0443723   0.706942  -0.500453 -0.0725663   0.841998
   19.3967  -0.444135 -0.0528944   0.709072  -0.501002 -0.0711473   0.837787
   19.3967  -0.445733 -0.0619492   0.707475  -0.500316 -0.0699571   0.842685
   19.3967  -0.445733 -0.0646123   0.706942  -0.493678 -0.0758622   0.851291
   19.3967  -0.448396 -0.0630144   0.705344   -0.48228 -0.0756333   0.859439
   19.3967   -0.45319 -0.0582207   0.704279  -0.473628 -0.0751298   0.866946
   19.3967 -0.452657 -0.049166  0.702681  -0.467952 -0.0840104   0.869693
   19.3967  -0.445733 -0.0406439   0.701616  -0.470424 -0.0893205   0.870196
   19.4966 -0.442005 -0.033187  0.702148  -0.480266 -0.0892289   0.874453
   19.4967  -0.44307 -0.028926  0.707475  -0.486858 -0.0958207   0.876605
   19.4967  -0.438809 -0.0321217   0.712268 -0.488689 -0.102504  0.870059
   19.4967  -0.429754 -0.0406439   0.711203 -0.487407 -0.104518  0.864108
   19.4967 -0.420699 -0.049166  0.711203 -0.482692 -0.112117  0.861453
   19.4967  -0.413242 -0.0598186   0.709605 -0.473628 -0.120448  0.861041
   19.4967  -0.409514 -0.0678081   0.703746 -0.464381 -0.117473  0.861636
   19.4967  -0.406851 -0.0726018   0.695757 -0.457835 -0.114543  0.860812
   19.4967  -0.408981 -0.0757976   0.689365 -0.452342 -0.118114  0.865436
   19.4967  -0.410047 -0.0784608    0.68031 -0.448863 -0.116649  0.873355
   19.4967  -0.407916 -0.0811239   0.671256 -0.447993 -0.112941  0.875003
   19.4967  -0.405786 -0.0837871   0.664864 -0.449229 -0.113307  0.875003
   19.4967  -0.404188 -0.0885808   0.654744 -0.452113  -0.11555  0.876101
   19.4967  -0.400459 -0.0949724   0.643559 -0.457103 -0.120265  0.872027
   19.4967 -0.393535 -0.101897  0.634504 -0.463924 -0.122051  0.871844
   19.4967 -0.388209 -0.111484  0.630776 -0.468822 -0.118938  0.881778
   19.4968 -0.385013 -0.117343  0.630776 -0.469783 -0.116649  0.887271
   19.4968 -0.381284 -0.121604  0.625982 -0.469737   -0.1161  0.886859
   19.4968 -0.373828 -0.127463  0.621188 -0.469325  -0.11555  0.886447
   19.4968 -0.370099 -0.129061  0.621188 -0.466624 -0.115779  0.889972
   19.4968 -0.361044 -0.129593  0.619058 -0.464336 -0.116557  0.893908
   19.4968 -0.345065 -0.130659  0.613731 -0.463603 -0.115917  0.894595
   19.5928 -0.338141 -0.131191  0.610536 -0.464702 -0.114314  0.892627
   19.5929  -0.33388 -0.129593  0.611068 -0.466533 -0.113353  0.889972
   19.5929  -0.32376 -0.127463  0.610003 -0.468227 -0.108501  0.893588
   19.5929 -0.316836 -0.121604  0.610003 -0.473353 -0.104427  0.898578
   19.5929 -0.307249 -0.115212  0.613731 -0.478068  -0.10699  0.897021
   19.5929 -0.290204 -0.114147  0.619058  -0.48434 -0.109508  0.894229
   19.5929 -0.277954 -0.115745  0.624384 -0.492351 -0.110057  0.893176
   19.5929  -0.27316 -0.121071  0.628112 -0.494182 -0.114543  0.886172
   19.5929 -0.265171 -0.128528  0.632373  -0.49052 -0.122783  0.875598
   19.5929  -0.25292 -0.134387  0.634504 -0.485164 -0.129604   0.86539
    19.593 -0.243333 -0.138648  0.633439 -0.476512 -0.135234  0.856646
    19.593 -0.238539  -0.14504  0.631308 -0.467815 -0.134502  0.849597
    19.593 -0.238006 -0.149301  0.629178 -0.462733 -0.126811  0.848361
    19.593 -0.234811 -0.147703  0.630243 -0.456142 -0.125346  0.848453
    19.593 -0.229484 -0.142909   0.62971 -0.448863 -0.128551  0.843921
   19.5931 -0.224691 -0.134387  0.625982 -0.451884 -0.121272  0.844104
   19.5931 -0.217234 -0.121604  0.625449 -0.467677 -0.112941  0.845523
   19.5931  -0.20232 -0.101897  0.623319 -0.489467 -0.107631  0.844287
   19.5931  -0.179417 -0.0779281    0.61746   -0.52563 -0.0903276     0.8539
   19.5931  -0.144263 -0.0544923   0.603611 -0.576213 -0.072017  0.871524
   19.5931 -0.0867388 -0.0214691   0.574317  -0.619975 -0.0669816   0.873401
   19.6967 -0.0190945  0.0339246   0.520521   -0.64268 -0.0478013   0.871707
   19.6967 0.0421582 0.0903837   0.44755  -0.645564 0.00987691   0.906131
   19.6967 0.0826382  0.102102  0.375112 -0.670375 0.0457198  0.929385
   19.6967 0.0975519 0.0781331  0.297348 -0.653941 0.0386245  0.893222
   19.6967 0.0970193 0.0685457  0.246748 -0.558177 0.0376174  0.873996
   19.6967 0.0597351 0.0690784  0.248878 -0.504573  0.030934  0.865664
   19.6968 -0.0318777  0.0685457   0.283499 -0.500865 0.0029189  0.819064
   19.6968 -0.152785 0.0728068  0.333034  -0.470012 -0.0508226   0.793384
   19.6968  -0.25292 0.0557626  0.375112 -0.425426 -0.161739  0.787616
   19.6968   -0.302987 -0.00442487    0.409201 -0.392329 -0.292201  0.749576
   19.6968  -0.313107 -0.0992334   0.433702 -0.357082  -0.36938  0.696933
   19.6968 -0.310977 -0.208423  0.431571 -0.337901 -0.361827  0.679492
   19.6968 -0.353055 -0.295242  0.407603  -0.32307 -0.279201  0.733416
   19.6968 -0.439341 -0.322406  0.375645 -0.297847 -0.189891  0.857654
   19.6968 -0.527226 -0.326667  0.352742 -0.283427 -0.190349  0.935016
   19.6968 -0.528824 -0.311221  0.346883 -0.235316 -0.303279  0.947558
   19.6968 -0.465973 -0.265415  0.336763 -0.239162 -0.284282   1.07651
   19.6968 -0.514442  -0.24624  0.309066   -0.35525 -0.0734361    1.23137
   19.7374 -0.628426 -0.255827  0.270184    -0.42213 -0.00472575     1.15634
   19.7374 -0.676363  -0.30696  0.219051 -0.431926  -0.10081   1.00661
    19.798 -0.675297 -0.394312  0.154602 -0.419383 -0.185268  0.973559
   19.7981 -0.631622  -0.45663 0.0816317 -0.370082 -0.257778   1.01691
   19.7981   -0.541074   -0.483794 -0.00518736 -0.319453 -0.329692   1.01824
   19.7981  -0.423895  -0.489653 -0.0904085 -0.297343 -0.355327  0.910113
   19.7981 -0.340272 -0.483261 -0.169238  -0.32046 -0.233745  0.838748
   19.7981 -0.350924    -0.479 -0.240611  -0.357768 -0.0645555   0.834445
   19.7981 -0.383415  -0.43639 -0.273634  -0.353236 -0.0560411   0.816317
   19.7981 -0.400459 -0.350636  -0.26884 -0.316386 -0.125346  0.871386
   19.7981 -0.419101 -0.223869 -0.235817 -0.303706 -0.178447  0.910296
   19.7981  -0.461712 -0.0907113  -0.187348  -0.34138 -0.231868  0.893817
   19.7981  -0.519769 0.00729304  -0.142074 -0.409312 -0.308452  0.851016
   19.7981 -0.517638 0.0648173 -0.100529 -0.477428 -0.429302   0.79462
   19.7981  -0.412177  0.0882531 -0.0653748 -0.525493 -0.591258  0.819568
   19.7981  -0.223093  0.0829268 -0.0451348 -0.590495 -0.706477  0.879123
   19.7981  -0.027084 0.00249935 -0.0366127 -0.692073 -0.685237  0.938312
   19.7981    0.13963   -0.11681 -0.0302211 -0.731074 -0.598033  0.959414
   19.7982   0.278114  -0.222804 -0.0248948 -0.694224 -0.515086   0.97182
   19.7982   0.388369  -0.304829 -0.0270253 -0.651561 -0.471919  0.998462
   19.7982   0.497026  -0.342114 -0.0350148 -0.576167 -0.483318   1.04213
   19.7982   0.606216  -0.317613 -0.0467327 -0.472804 -0.467616   1.12467
   19.8964   0.656816  -0.244109 -0.0765601 -0.389491 -0.343288   1.21219
   19.8964  0.637108 -0.167943 -0.123964 -0.371776 -0.234157   1.19892
   19.8965  0.628586  -0.11681 -0.178825 -0.386195 -0.248988   1.09088
   19.8965  0.666403 -0.085385 -0.227828 -0.386653 -0.294536   1.01073
   19.8965   0.718068 -0.0688734   -0.26884 -0.391368 -0.297054  0.984912
   19.8965   0.756418 -0.0651449  -0.306125 -0.407893 -0.251369  0.970996
   19.8965  0.765473 -0.069406 -0.337017 -0.414714 -0.177532  0.947833
   19.8965   0.755353 -0.0640797   -0.35779 -0.408351 -0.114726  0.942065
   19.8965   0.743102 -0.0486333  -0.373236  -0.432063 -0.0798448   0.960788
   19.8965   0.728188 -0.0443723  -0.390813  -0.471431 -0.0682176   0.961474
   19.8965   0.711677 -0.0720692  -0.411586  -0.503154 -0.0635484   0.922793
   19.8965  0.702622 -0.127996  -0.43875  -0.517253 -0.0629075   0.880313
   19.8965  0.699426 -0.183922 -0.472306  -0.514415 -0.0639146   0.870562
   19.8965  0.695165  -0.21588 -0.503199  -0.494273 -0.0526994   0.878802
   19.8965  0.686111 -0.229196 -0.533559  -0.468227 -0.0192826   0.877063
   19.8965  0.660012 -0.244109 -0.559658 -0.454585  0.026036   0.87276
   19.8965  0.620064 -0.262752 -0.578832 -0.453624 0.0624282  0.870654
   19.8965  0.580117 -0.288318 -0.593746 -0.442409 0.0876052  0.866717
   19.8965  0.540169 -0.317613  -0.59854 -0.418056  0.100972  0.866214
   19.8966  0.502352  -0.33732 -0.599072 -0.391963  0.099095  0.861178
   19.9965   0.46347 -0.342646 -0.596942 -0.373515  0.107152  0.852801
   19.9965  0.417131 -0.331461 -0.585757 -0.370219  0.127843  0.867907
   19.9965  0.368662 -0.318145 -0.564451 -0.377635  0.131413  0.897296
   19.9965   0.33191 -0.314417 -0.535156 -0.388393  0.116811  0.903659
   19.9965  0.312735 -0.316015  -0.49734 -0.401988 0.0990493   0.89313
   19.9965  0.308474 -0.329863 -0.457925 -0.418468 0.0854995  0.890704
   19.9965   0.30954 -0.343179  -0.43875 -0.430003 0.0760695  0.900226
   19.9965   0.30954 -0.353832 -0.422238  -0.43394 0.0725905  0.907367
   19.9965  0.302083 -0.373539  -0.39028 -0.434672 0.0738723  0.910479
   19.9965  0.283973 -0.386855 -0.358855 -0.432658 0.0699355  0.907229
   19.9965  0.265331 -0.396442 -0.330093 -0.420299  0.052632  0.890841
   19.9965  0.251483 -0.405497 -0.314114 -0.404048 0.0352828   0.87363
   19.9966  0.235504 -0.410291 -0.309853 -0.389857 0.0342299  0.863421
   19.9966  0.211535 -0.414552 -0.311984 -0.373195 0.0381667  0.857013
   19.9966   0.18224 -0.417215 -0.323701 -0.358272 0.0388076  0.850284
   19.9966  0.146554 -0.415084  -0.33755 -0.350398 0.0437972  0.849276
   19.9966  0.110335 -0.406562 -0.350866 -0.342937  0.045674  0.847171
   19.9966 0.0767793  -0.38792  -0.35779 -0.330897 0.0428817  0.845614
   19.9966 0.0437561 -0.358625 -0.355659 -0.323436 0.0464064  0.859393
   19.9966 0.0117982 -0.322939 -0.354594 -0.328929 0.0425155  0.871936
   20.0929 -0.0174966  -0.291514  -0.351931 -0.344173 0.0331771  0.870013
   20.0929 -0.0356061  -0.272872  -0.347137 -0.362941 0.0338179  0.864108
   20.0931 -0.0441282   -0.26648  -0.339148 -0.381847 0.0227401  0.866534
   20.0931 -0.0419977  -0.269143  -0.331691   -0.395488 -0.00669414    0.883288
   20.0931 -0.0228229  -0.272339  -0.326897 -0.403133 -0.027797  0.912723
   20.0931 0.000612881   -0.273937   -0.318375 -0.398463 -0.031276  0.939547
   20.0931 0.0219182 -0.272872 -0.314114  -0.384181 -0.0384629   0.950854
   20.0931 0.0474845 -0.262752 -0.315179  -0.371593 -0.0483506   0.953601
   20.0931 0.0666593 -0.249436 -0.316777  -0.364451 -0.0448259   0.950763
   20.0931 0.0746488 -0.233989 -0.321571  -0.355983 -0.0391038   0.945132
   20.0932 0.0783772 -0.213217  -0.32743  -0.350307 -0.0349839   0.943667
   20.0932 0.0837035 -0.183389  -0.32743   -0.35461 -0.0279344   0.942203
   20.0932 0.0890298 -0.150366 -0.319973  -0.356258 -0.0279801    0.94234
   20.0932 0.0906277 -0.121071 -0.311451  -0.359828 -0.0313676   0.941058
   20.0932  0.0964867 -0.0949724  -0.300798  -0.368251 -0.0296739   0.929431
   20.0932   0.100215 -0.0720692   -0.28908  -0.376353 -0.0239976   0.908923
   20.0932  0.0943562 -0.0481007  -0.274167  -0.385234 -0.0179093   0.903384
   20.0932  0.0900951 -0.0246649  -0.249133  -0.396129 -0.0190995   0.915698
   20.0932   0.0922256 0.000901451   -0.219306  -0.405971 -0.0267442   0.919177
   20.0932  0.101813 0.0275331 -0.186815 -0.418376 -0.032512  0.924945
   20.1977  0.116727 0.0440447 -0.156455  -0.43307 -0.035167  0.944171
   20.1977  0.136967 0.0499036 -0.133019  -0.438518 -0.0453294   0.951404
   20.1977  0.160403 0.0520341 -0.113312  -0.436275 -0.0599321   0.946322
   20.1977   0.184371  0.0483057 -0.0999959  -0.429591 -0.0680802   0.942935
   20.1977   0.203546  0.0413815 -0.0962675  -0.412105 -0.0695451   0.930987
   20.1977   0.209405  0.0360552 -0.0989306  -0.392284 -0.0656541   0.912723
   20.1977  0.203546 0.0285983 -0.115442  -0.376124 -0.0643724     0.9005
   20.1978  0.194491 0.0190109 -0.141541  -0.355022 -0.0686296   0.888232
   20.1978  0.183306 0.0120867 -0.164977    -0.3287 -0.0704148   0.872348
   20.1978  0.167327 0.0115541 -0.191076 -0.305171 -0.065059   0.85921
   20.1978   0.147619 0.00782567  -0.221969  -0.292171 -0.0571855   0.842273
   20.1978    0.12152 0.00196671  -0.249133  -0.292262 -0.0533403   0.825198
   20.1978   0.0911604 -0.00549014   -0.272569  -0.300914 -0.0456498   0.823733
   20.1978  0.0639961 -0.0156101  -0.292276  -0.313823 -0.0395616   0.831698
   20.1978  0.0437561 -0.0283933  -0.303994  -0.321879 -0.0497697   0.834353
   20.1978  0.0325708 -0.0443723  -0.310918  -0.325542 -0.0630906   0.838519
   20.1978  0.0288424 -0.0571555  -0.315712  -0.332774 -0.0764573   0.851291
   20.1978 0.0341687 -0.069406 -0.317842  -0.338954 -0.0951341   0.862185
   20.1979  0.0416256 -0.0757976  -0.314647  -0.340785 -0.0968736   0.870562
   20.1979 0.0410929 -0.079526  -0.30932  -0.347331 -0.0828202   0.880176
   20.1979  0.0400277 -0.0864502  -0.305592  -0.357539 -0.0878556   0.878482
   20.2973 0.0432235 -0.095505 -0.307722 -0.360103 -0.108638  0.868136
   20.2973 0.0506803 -0.111484 -0.314114 -0.358638 -0.120036  0.866351
   20.2973 0.0576045 -0.124267 -0.322104  -0.35081 -0.129375  0.870608
   20.2973 0.0623982 -0.126398 -0.329028 -0.331264 -0.134502  0.865756
   20.2973 0.0565393 -0.118408 -0.338083 -0.312678  -0.11935  0.859439
   20.2973 0.0432235 -0.103494 -0.346072  -0.30366 -0.102825  0.861865
   20.2973  0.0277771 -0.0907113  -0.350333 -0.293864  -0.10406  0.863147
   20.2973  0.0165918 -0.0779281  -0.352464 -0.283107 -0.105937  0.864016
   20.2973  0.0144613 -0.0635471  -0.350866 -0.280269 -0.107539  0.863833
   20.2974  0.0107329 -0.0502312  -0.345007 -0.279719 -0.115184  0.867083
   20.2974  0.0102003 -0.0337196  -0.333289 -0.283702 -0.112438  0.882602
   20.2974  0.0171245 -0.0198712  -0.319973 -0.298259 -0.105159  0.901507
   20.3308    0.025114 -0.00868593   -0.303461 -0.308009 -0.111568  0.914966
   20.3308  0.0368319 0.00356461  -0.284819  -0.30984 -0.121272  0.918994
   20.3309 0.0608003 0.0126194 -0.270971 -0.313182 -0.126491  0.922748
   20.3309 0.0895625 0.0248699 -0.257655 -0.318996 -0.138805  0.932635
   20.3309  0.114064  0.039251 -0.244339 -0.324306 -0.145763  0.939731
   20.3309  0.138032  0.049371 -0.235284  -0.32783 -0.137203  0.939364
   20.3309  0.155609 0.0605563 -0.228893 -0.327052 -0.136516  0.933963
   20.3309  0.178512 0.0733394 -0.228893 -0.319179 -0.152583  0.925998
   20.3967  0.211535 0.0887858 -0.229426 -0.311076  -0.15771  0.921603
   20.3968  0.235504  0.113819 -0.227828 -0.307048  -0.14677  0.931674
   20.3968  0.252548  0.145245 -0.223567 -0.309062 -0.135783  0.944995
   20.3968  0.268527  0.177203 -0.222501 -0.316478 -0.122783  0.950717
   20.3968  0.282908  0.200639 -0.224632 -0.324672 -0.119533  0.953326
   20.3968  0.305279  0.217683 -0.224099 -0.329295 -0.137386  0.951449
   20.3968  0.334041  0.236858 -0.229958 -0.331081 -0.150981  0.947009
   20.3968  0.352683  0.256565 -0.241143 -0.331905 -0.142375  0.939227
   20.3968  0.359074  0.273609 -0.253927 -0.329433 -0.135921  0.925952
   20.3968  0.358009  0.289588 -0.272036 -0.325633 -0.146907    0.9108
   20.3968  0.357476  0.302371 -0.294407 -0.323161 -0.157665  0.901187
   20.3968  0.359607  0.310361 -0.315712 -0.322795 -0.163066  0.893405
   20.3968  0.363868  0.319416 -0.334887 -0.322887  -0.16595  0.887591
   20.3968  0.363335  0.326872 -0.352464 -0.327922 -0.156749  0.890429
   20.3968  0.352683  0.331133 -0.365247 -0.337627  -0.14883  0.889972
   20.3968  0.345759  0.333264 -0.369508 -0.345912 -0.154323  0.880359
   20.3968  0.344693  0.330068 -0.374302 -0.359645 -0.159221  0.866946
   20.3968  0.346291  0.319416 -0.386552 -0.369762 -0.159496  0.859576
   20.3968  0.348954  0.311959 -0.394009  -0.37292 -0.156932  0.855502
   20.3968  0.349487   0.30823 -0.392411 -0.379008 -0.144389  0.856097
   20.3968  0.344693  0.300773 -0.384954 -0.393657 -0.129695  0.868319
   20.4963  0.338302  0.293849 -0.374834 -0.410182 -0.125621  0.876925
   20.4963 0.332443  0.28799 -0.35992 -0.422771 -0.128185  0.881091
   20.4963  0.32179 0.284794 -0.33755 -0.442088 -0.131435  0.884021
   20.4963  0.318062  0.276805 -0.315712 -0.459254 -0.139217  0.872989
   20.4963   0.31966  0.258695 -0.297602 -0.467586 -0.149242  0.854083
   20.4964   0.32179   0.23526 -0.284819 -0.473445 -0.147594  0.843921
   20.4964  0.324986  0.206497 -0.277362 -0.469691  -0.13528  0.842822
   20.4964   0.31966  0.183594 -0.273101 -0.453075 -0.114864  0.844104
   20.4964  0.306876   0.17667 -0.271503 -0.444972 -0.091472  0.854449
   20.4964  0.288234  0.175072 -0.268308  -0.447856 -0.0799363   0.872577
   20.4964  0.266929  0.181996 -0.262449  -0.448955 -0.0781053   0.882831
   20.4964  0.251483   0.19691 -0.255525 -0.458385 -0.069774  0.890201
   20.4964 0.242428   0.2049  -0.2486   -0.48054 -0.0577806   0.904254
   20.4964  0.227514  0.205432 -0.243807  -0.498622 -0.0608934   0.908603
   20.4964  0.214198  0.198508 -0.241676  -0.509196 -0.0723832   0.900638
   20.4964   0.21047  0.187323 -0.237948  -0.514918 -0.0763658   0.897113
   20.4964  0.209405  0.175072 -0.233154  -0.510799 -0.0766404    0.89487
   20.4964  0.209405   0.16442 -0.227828  -0.507731 -0.0686753   0.897616
   20.4964  0.204611   0.15643 -0.218773  -0.510341 -0.0525163   0.913958
   20.4964  0.197154  0.148973 -0.209186  -0.508876 -0.0508226   0.931125
   20.5932  0.198219  0.143114 -0.200663  -0.505351 -0.0625871   0.934604
   20.5932  0.205144  0.136723 -0.195337  -0.503154 -0.0721543   0.932544
   20.5932  0.213133  0.126603 -0.189478  -0.497066 -0.0775102   0.929934
   20.5932  0.219525  0.110624 -0.190543  -0.482921 -0.0866197   0.915515
   20.5932   0.22059 0.0967753 -0.201196  -0.468959 -0.0899613   0.899447
   20.5932  0.219525 0.0839921 -0.209718  -0.459712 -0.0868486   0.891894
   20.5932  0.213133 0.0680131 -0.219838  -0.445979 -0.0881303   0.882373
   20.5932  0.204611 0.0557626 -0.239546  -0.432841 -0.0794786   0.878299
   20.5932  0.191828 0.0429794 -0.263514  -0.426982 -0.0655168   0.886905
   20.5932  0.172653  0.033392 -0.285885  -0.421992 -0.0691331    0.89812
   20.5932  0.158272 0.0317941 -0.310918  -0.418376 -0.0797532   0.909427
   20.5932  0.151348 0.0339247 -0.331158  -0.421809 -0.0803025   0.926593
   20.5932  0.144956 0.0429794 -0.344474 -0.437465 -0.085933   0.93854
   20.5933  0.140695 0.0530994  -0.35779 -0.454677 -0.102046  0.933917
   20.5933   0.14176 0.0557626 -0.369508 -0.468181  -0.11285  0.922748
   20.5933  0.150815  0.049371 -0.381758 -0.478984 -0.123882  0.912768
   20.5933  0.163066 0.0403162 -0.394009 -0.483699 -0.135875  0.903979
   20.5933  0.168925 0.0328594 -0.405727 -0.485438  -0.13084  0.900821
   20.5933  0.169457 0.0275331 -0.421173 -0.483195 -0.129009   0.89963
   20.5933  0.171055 0.0211415 -0.439815 -0.473537 -0.139903  0.898898
   20.6972  0.179045 0.0115541 -0.461121 -0.459987 -0.139354  0.902102
   20.6972   0.188099 0.00569514  -0.481361 -0.447673 -0.130519  0.904941
   20.6972  0.195024 0.0083583 -0.504796 -0.435634 -0.124797   0.90961
   20.6972  0.200883 0.0216741 -0.528232 -0.432613   -0.1188  0.916339
   20.6972  0.205676 0.0413815 -0.543146 -0.440761 -0.111751  0.921969
   20.6972  0.211535 0.0616215 -0.552733 -0.450282 -0.111293  0.926639
   20.6972  0.215796 0.0802637 -0.559125 -0.464793 -0.116557  0.929065
   20.6972  0.221655   0.09571 -0.564984 -0.486171 -0.122829  0.922427
   20.6972  0.232841  0.103167 -0.566582 -0.504573 -0.136516  0.910251
   20.6972   0.25095 0.0967753 -0.569245 -0.512492 -0.153728  0.899127
   20.6972   0.27119 0.0823942 -0.575636 -0.513454 -0.159862  0.888507
   20.6972  0.289832 0.0690784 -0.585757 -0.502376 -0.154186  0.881732
   20.6972  0.306876 0.0600236  -0.59854 -0.478389  -0.14233  0.880542
   20.6972  0.316464 0.0621542  -0.61079 -0.457561 -0.126354  0.882327
   20.6972  0.318062 0.0749373 -0.621976 -0.444926 -0.112758  0.885623
   20.6972  0.315931 0.0925142 -0.627834 -0.443828 -0.103832  0.885943
   20.6972   0.31167  0.106895 -0.631563  -0.453258 -0.0962327   0.878299
   20.6973  0.304213  0.119146 -0.632628  -0.465343 -0.0922502   0.865024
   20.6973  0.301017  0.122342 -0.633161  -0.474635 -0.0958665   0.848727
   20.6973  0.300485  0.113819 -0.637422  -0.478435 -0.0990708   0.839526
   20.7966  0.298887  0.101569 -0.643281  -0.477748 -0.0953172   0.841037
   20.7967  0.293028 0.0925142 -0.648074  -0.471019 -0.0895951   0.845843
   20.7967  0.282375 0.0935795 -0.649672  -0.462871 -0.0856584   0.860125
   20.7967  0.270657  0.101569 -0.645944  -0.460857 -0.0865739   0.875644
   20.7967  0.262135   0.11595 -0.640085 -0.46342 -0.09637  0.88132
   20.7967   0.26107  0.126603 -0.633693  -0.47317 -0.108592  0.888781
   20.7967  0.263201  0.131929 -0.621976 -0.485713 -0.114909  0.895968
   20.7967 0.270125 0.135125 -0.60866 -0.493037 -0.122371  0.892947
   20.7967   0.28131  0.131929 -0.602801 -0.495235 -0.131069  0.883151
   20.7967  0.294093   0.12607 -0.596942 -0.493587 -0.126628  0.881595
   20.7967  0.302083  0.125005 -0.584691 -0.490611 -0.120952  0.881686
   20.7968   0.30155  0.125005 -0.577234 -0.485713 -0.115733  0.876239
   20.7968  0.297822  0.122874 -0.570843 -0.478389 -0.104106  0.874911
   20.7968  0.294626  0.123939 -0.563386 -0.469874 -0.100169  0.873584
   20.7968   0.29143  0.128733 -0.555929  -0.464381 -0.0934404   0.873492
   20.7968  0.284506   0.13619 -0.544744 -0.462092 -0.071605  0.877017
   20.7968  0.270125   0.14631 -0.532493 -0.460994 -0.055446  0.876697
   20.7968  0.249885  0.154832 -0.521308  -0.459071 -0.0571855   0.865619
   20.7968  0.229112  0.157495 -0.510655  -0.457149 -0.0611222   0.852252
   20.7968  0.208872  0.158028 -0.496274  -0.459758 -0.0631364   0.845706
   20.8954  0.193426  0.158561 -0.480828  -0.460719 -0.0632737   0.837832
   20.8955  0.176914  0.153234 -0.467512  -0.464015 -0.0503648   0.833529
   20.8955  0.150283  0.142049 -0.449403  -0.469462 -0.0350755   0.839114
   20.8955  0.122053  0.132994 -0.429163  -0.464061 -0.0378678    0.84447
   20.8955  0.103411  0.123407 -0.413184  -0.456096 -0.0408891   0.850924
   20.8955 0.0975519  0.117015 -0.405727  -0.452205 -0.0307267   0.869784
   20.8955 0.0938235  0.111689 -0.390813  -0.450236 -0.0243638   0.883563
   20.8955 0.0847688  0.108493 -0.362584  -0.447902 -0.0234941   0.890887
   20.8955 0.0794424  0.110624 -0.349268   -0.44543 -0.0217546   0.899814
   20.8955 0.0698551  0.113287 -0.335952  -0.445293 -0.0208848   0.901416
   20.8955 0.0608003  0.110624 -0.311984  -0.441264 -0.0185502   0.905078
   20.8955 0.0570719   0.10583 -0.294939   -0.43307 -0.0225785   0.904986
   20.8955 0.0517456  0.106895 -0.282689 -0.425792 -0.025966  0.895648
   20.8955 0.0458866  0.110091 -0.269373  -0.420024 -0.0106767   0.887134
   20.8955 0.0309729  0.109558 -0.261916  -0.413615 0.00145406   0.879855
   20.8956 0.0075371   0.10583 -0.261383    -0.40002 -0.00381023    0.868503
   20.8956 -0.0174966   0.106363  -0.260318   -0.385142 -0.00513774    0.861361
   20.8956 -0.0403998   0.112222  -0.262981  -0.372462 0.00351399   0.868045
   20.8956 -0.0649009   0.124472  -0.267775 -0.360149 0.0107009  0.876147
   20.8956 -0.093663  0.141516 -0.270971  -0.35731 0.0179793  0.885669
   20.8956  -0.12136  0.160691 -0.272569 -0.361522 0.0326735   0.90906
   20.8956 -0.145328  0.183594 -0.271503 -0.360194 0.0359694  0.929431
   20.9966  -0.16184  0.211824 -0.263514 -0.360515 0.0310714  0.941424
   20.9966 -0.175156  0.239521 -0.247002 -0.374431 0.0374343   0.94971
   20.9966 -0.186341  0.262424 -0.227828 -0.390269 0.0354201  0.947375
   20.9966 -0.188472  0.278403 -0.205457 -0.406749 0.0214583  0.942752
   20.9967 -0.187939  0.285327 -0.176695 -0.422084 0.0108382  0.937808
   20.9967 -0.187939  0.279468 -0.149531   -0.422359 -0.00362712    0.930713
   20.9967 -0.181015  0.272544 -0.123964 -0.411693 -0.025554  0.924533
   20.9967  -0.164503   0.269881 -0.0989306  -0.400523 -0.0366319   0.921237
   20.9967  -0.150655    0.26775 -0.0760275  -0.390956 -0.0345262   0.919406
   20.9967  -0.146926   0.273609 -0.0536569  -0.377864 -0.0328782   0.914828
   20.9967 -0.152253  0.284794 -0.031819  -0.368159 -0.0310472   0.908099
   20.9967  -0.166634   0.297578 -0.0142421  -0.368434 -0.0308641   0.893588
   20.9967   -0.183678    0.308763 -0.00465473  -0.371272 -0.0393785    0.87926
   20.9967  -0.202853   0.312491 0.00280212  -0.380061 -0.0522416   0.868869
   20.9967  -0.225756    0.30823 0.00653054  -0.390315 -0.0626786   0.856601
   20.9967  -0.243865    0.29811 0.00280212  -0.390498 -0.0683091   0.846621
   20.9967   -0.261975    0.284794 0.000138958  -0.391734 -0.0667527   0.849551
   20.9967   -0.279552    0.273609 -0.00305684  -0.395442 -0.0634568   0.861957
   20.9968   -0.294998    0.265087 -0.00998105   -0.39677 -0.0613511   0.877017
   20.9968  -0.309912   0.259228 -0.0105137 -0.402721 -0.060756  0.892306
   21.0927   -0.316303     0.25763 -0.00838316  -0.412105 -0.0629533   0.902011
   21.0931   -0.316303    0.257098 -0.00358947  -0.422954 -0.0616716   0.909381
   21.0932  -0.309912   0.252836 0.00546528  -0.436961 -0.0590165    0.91698
   21.0932 -0.304053  0.242716 0.0155853   -0.45605 -0.0582383   0.924899
   21.0932 -0.300857  0.230999 0.0273032  -0.468867 -0.0647843   0.924029
   21.0932 -0.294465  0.222476 0.0368906   -0.47253 -0.0727952   0.918261
   21.0932 -0.288606  0.216618 0.0512717  -0.476009 -0.0745347   0.915149
   21.0932 -0.277421  0.211824 0.0635222  -0.476375 -0.0798448   0.904437
   21.0932 -0.265703  0.205965 0.0715117  -0.475047 -0.0817674   0.892444
   21.0932 -0.261975  0.199041 0.0842949  -0.475322 -0.0708268   0.891253
   21.0932 -0.262507  0.193714 0.0917517  -0.474773 -0.0633195   0.886264
   21.0932 -0.263573  0.187855 0.0949475  -0.473537 -0.0599321   0.870654
   21.0932 -0.269432  0.179333  0.101872   -0.47317 -0.0540269    0.86452
   21.0932 -0.279019  0.166017  0.107731  -0.470149 -0.0539353   0.871432
   21.0932 -0.284345  0.155897  0.110926  -0.462504 -0.0557206   0.874591
   21.0932 -0.290737  0.149506   0.11359  -0.458339 -0.0528825   0.879031
   21.0932 -0.299259  0.145245  0.118383  -0.460536 -0.0503648   0.890521
   21.0932 -0.306716  0.139918   0.12371 -0.466716 -0.053386  0.895282
   21.0932 -0.31151 0.129266 0.130101  -0.474223 -0.0526078   0.900638
   21.0932 -0.306716  0.117015  0.144482  -0.479671 -0.0527909   0.913821
    21.198 -0.294998  0.101036  0.157798  -0.480403 -0.0663407   0.920916
    21.198 -0.278486 0.0887858  0.169516  -0.480861 -0.0718797   0.917117
    21.198  -0.26091 0.0781331  0.182299  -0.484248 -0.0632737   0.915973
    21.198  -0.25079 0.0637521  0.192419  -0.484386 -0.0614884    0.91318
    21.198 -0.246528 0.0451099  0.203072  -0.473537 -0.0662034   0.899951
    21.198 -0.243333 0.0280657  0.212659  -0.460582 -0.0670732   0.890658
    21.198 -0.238539 0.0195436  0.217986  -0.449504 -0.0692247   0.883655
    21.198 -0.239604 0.0158152  0.219051 -0.434169 -0.069774   0.87514
    21.198 -0.252387 0.0163478  0.218518  -0.426066 -0.0579179   0.873034
    21.198 -0.264638 0.0184783  0.215322  -0.428218 -0.0516923   0.872897
    21.198 -0.278486 0.0184783  0.212659   -0.42831 -0.0591081   0.868045
    21.198 -0.294998  0.017413  0.214257  -0.428264 -0.0595658   0.868777
    21.198 -0.306183 0.0152825  0.214257  -0.434672 -0.0580552   0.882785
    21.198  -0.31364 0.0120867  0.214257  -0.438106 -0.0664323   0.894229
    21.198  -0.318434 0.00729304   0.221714  -0.437694 -0.0691331   0.895694
    21.198  -0.321097 0.00569514   0.231301  -0.442271 -0.0630448   0.903384
   21.1981  -0.320032 0.00303198   0.240356  -0.451381 -0.0655625   0.912677
   21.1981   -0.315238 -0.00549014    0.254205  -0.45811 -0.071193  0.916476
   21.1981  -0.304053 -0.0140123   0.270184  -0.462733 -0.0669358   0.924487
   21.1981  -0.289139 -0.0251975   0.289891  -0.464564 -0.0631822   0.929614
   21.2966  -0.275291 -0.0326544   0.311729  -0.461635 -0.0651506   0.924029
   21.2966  -0.266236 -0.0353175   0.335697  -0.459209 -0.0635026   0.918078
   21.2966  -0.259312 -0.0342523   0.357535  -0.456599 -0.0641893   0.913409
   21.2966  -0.25079 -0.028926  0.380438  -0.455043 -0.0695451      0.907
   21.2966  -0.243865 -0.0214691   0.406537  -0.456828 -0.0693162   0.904803
   21.2967 -0.239072 -0.012947  0.431038  -0.456782 -0.0722917   0.903155
   21.2967  -0.228952 -0.0081533    0.45767   -0.45518 -0.0843309   0.900821
   21.2967   -0.216701 -0.00335961    0.484302  -0.454494 -0.0888627   0.901095
   21.2967  -0.209777 0.00569514    0.50827  -0.455501 -0.0863908   0.900226
   21.2967 -0.211907 0.0110215  0.535434  -0.458018 -0.0929368   0.895785
   21.2967 -0.213505 0.0083583  0.558338 -0.456828 -0.102962  0.888553
   21.2967  -0.207114 0.00516251   0.569523 -0.450008 -0.109874  0.887134
   21.2967   -0.200189 0.000368818    0.581773  -0.44369 -0.117656  0.889285
   21.2967   -0.194863 -0.00549014     0.58923 -0.434764  -0.11848  0.894549
   21.2967  -0.194863 -0.0081533    0.58923 -0.428264 -0.103786  0.904757
   21.2967   -0.196461 -0.00868593     0.58923  -0.427623 -0.0954087    0.90462
   21.2967  -0.196994 -0.0108165   0.588698  -0.426799 -0.0980638   0.899859
   21.2967 -0.199657 -0.017208  0.582839  -0.424785 -0.0992997   0.901782
   21.2967  -0.201787 -0.0214691   0.577512  -0.419383 -0.0981553   0.903338
   21.2967  -0.201255 -0.0204038   0.573784  -0.415996 -0.0957749   0.902972
   21.2967  -0.203918 -0.0214691    0.56686  -0.415401 -0.0947221   0.898303
   21.2967  -0.208712 -0.0273281    0.55674 -0.417461    -0.089  0.890063
   21.3965  -0.216168 -0.0326544   0.543424  -0.422862 -0.0829576   0.883792
   21.3965  -0.224158 -0.0363828   0.533836  -0.426158 -0.0846971    0.87514
   21.3966  -0.233745 -0.0422418   0.524249   -0.42831 -0.0890916   0.865527
   21.3966  -0.239604 -0.0475681    0.51626  -0.429912 -0.0873979   0.861911
   21.3966  -0.245463 -0.0475681   0.511999 -0.433391 -0.084514  0.858249
   21.3966  -0.252387 -0.0422418   0.512531  -0.436641 -0.0816758    0.85509
   21.3966  -0.255051 -0.0326544    0.51839  -0.444102 -0.0748094   0.860217
   21.3966  -0.257714 -0.0251975   0.525314  -0.457378 -0.0741227   0.861316
   21.3966  -0.257181 -0.0166754   0.540761  -0.467815 -0.0734361    0.85683
   21.3966   -0.257181 -0.00708803    0.559403  -0.480952 -0.0629075   0.858249
   21.3966   -0.254518 -0.00762067    0.574849  -0.495875 -0.0638688   0.860217
   21.3966  -0.249724 -0.0161428   0.587632  -0.501414 -0.0773271   0.856967
   21.3967  -0.243865 -0.0278607    0.59722  -0.496287 -0.0798905   0.854266
   21.3967  -0.235343 -0.0374481   0.605742  -0.487636 -0.0713304   0.857928
   21.3967  -0.233745 -0.0427744   0.612133  -0.475368 -0.0673936   0.855639
   21.3967  -0.240137 -0.0465028   0.615329  -0.463603 -0.0633195   0.849917
   21.3967  -0.244931 -0.0465028   0.614264  -0.454127 -0.0534318   0.851794
   21.3967   -0.25079 -0.0379807   0.611601  -0.442866 -0.0513261   0.849872
   21.3967  -0.258246 -0.0278607   0.612666  -0.437282 -0.0466111   0.843051
   21.3967  -0.268899 -0.0177407   0.614797  -0.440623 -0.0370896   0.841769
   21.4966    -0.28328 -0.00708803     0.61746  -0.444652 -0.0433152   0.836688
   21.4967   -0.292867 -0.00282698    0.624917  -0.446849 -0.0559953   0.825015
   21.4967   -0.297661 -0.00122908    0.631308  -0.452342 -0.0584214   0.822543
   21.4967   -0.304053 0.000368818    0.636102  -0.456966 -0.0581926   0.823596
   21.4967   -0.312575 0.000368818    0.642493  -0.455958 -0.0628617   0.821307
   21.4967   -0.323228 -0.00122908    0.644624  -0.451564 -0.0664781   0.824237
   21.4967   -0.329086 -0.00176171    0.644091 -0.443233 -0.071605   0.83211
   21.4967  -0.328554 0.00303198   0.643559  -0.434901 -0.0773728   0.838656
   21.4967 -0.332815 0.0120867  0.639298  -0.430049 -0.0702317   0.843875
   21.4967 -0.345598 0.0190109  0.634504  -0.429637 -0.0606645   0.853167
   21.4967 -0.355185 0.0280657  0.628112  -0.432979 -0.0684465   0.860812
   21.4967 -0.359979 0.0387183   0.61959  -0.434032 -0.0776475   0.859942
   21.4967 -0.367436 0.0477731  0.611601  -0.434123 -0.0788377   0.865848
   21.4967  -0.37436 0.0525668  0.600948   -0.43394 -0.0876268   0.873675
   21.4967 -0.380219 0.0573605  0.592426  -0.433345 -0.0968736   0.872302
   21.4967 -0.379687 0.0626868  0.585502  -0.436137 -0.0976976   0.874957
   21.4967 -0.376491 0.0642847  0.574317 -0.437648 -0.103053     0.881
   21.4967 -0.373828 0.0674805  0.566327 -0.435451 -0.111385  0.883746
   21.4967  -0.37223 0.0722742  0.561533 -0.434627 -0.104198  0.889926
   21.4968  -0.37223 0.0786658  0.556207  -0.437007 -0.0968278   0.894412
   21.5926 -0.368501 0.0829268  0.555142 -0.437739 -0.102092   0.89368
   21.5926 -0.365838   0.08559  0.553011 -0.437373 -0.104106   0.89638
   21.5926  -0.36424 0.0877205  0.549815   -0.4425 -0.104152  0.897799
   21.5926 -0.359979 0.0850573  0.551946 -0.447124 -0.102962  0.898578
   21.5926 -0.355185 0.0818615  0.548218  -0.450053 -0.0987046    0.90549
   21.5926 -0.353055 0.0802637  0.543956  -0.45605 -0.100398  0.915286
   21.5926 -0.350924   0.07547   0.54875 -0.460353 -0.111797  0.922015
   21.5927 -0.343468 0.0669478   0.54875 -0.462504 -0.118755  0.925036
   21.5927 -0.332815 0.0578931  0.547152 -0.46548 -0.11642  0.92673
   21.5927 -0.323228 0.0440447  0.545022 -0.470515   -0.1161  0.921786
   21.5927 -0.315238 0.0275331  0.539163 -0.472072 -0.116924  0.917071
   21.5927 -0.306716 0.0147499    0.5365 -0.467036 -0.116466   0.91936
   21.5927  -0.302987 0.00409724     0.5365 -0.461589 -0.116603  0.918673
   21.5927  -0.302987 -0.0065554   0.537565 -0.459575 -0.111888  0.911487
   21.5927  -0.296596 -0.0182733   0.537032 -0.461726 -0.101039  0.904437
   21.5927  -0.294998 -0.0273281   0.539163  -0.464473 -0.0937608   0.898395
   21.5927  -0.297661 -0.0438397   0.543424 -0.467036 -0.089824  0.895739
   21.5927  -0.297661 -0.0614165   0.543956  -0.467403 -0.0875352   0.890887
   21.5927  -0.300857 -0.0715365   0.543956  -0.462138 -0.0893663   0.878985
   21.5927   -0.30352 -0.0832544   0.545022 -0.458934 -0.094127  0.873584
   21.6946  -0.306716 -0.0912439   0.545022  -0.462184 -0.0965989   0.876193
   21.6951  -0.305651 -0.0933745   0.547685 -0.466258 -0.094951  0.877932
   21.6951  -0.299792 -0.0885808   0.554609  -0.474406 -0.0888169   0.881823
   21.6951  -0.289672 -0.0779281   0.563131  -0.492625 -0.0747178   0.899081
   21.6951   -0.27103 -0.0656776   0.575914 -0.516154 -0.062816  0.917209
   21.6952  -0.247061 -0.0528944   0.586034  -0.539683 -0.0616716   0.927508
   21.6952  -0.220962 -0.0427744   0.587632  -0.558452 -0.0600236   0.941653
   21.6952    -0.1922 -0.0294586   0.578045  -0.568431 -0.0591081   0.958774
   21.6952  -0.16397 -0.017208  0.562599  -0.570354 -0.0693162   0.966235
   21.6952   -0.141067 -0.00602277    0.543424 -0.568065 -0.080211  0.968432
   21.6952 -0.130415 0.0083583  0.514129  -0.562205 -0.0922502   0.964679
   21.6954 -0.130415 0.0216741  0.479508 -0.557078 -0.118022  0.940692
   21.6954 -0.126686  0.023272  0.443822 -0.553187 -0.146953  0.914554
   21.6954 -0.115501 0.0142173  0.404939 -0.533458 -0.154826  0.909198
   21.6954   -0.109109 0.000368818    0.368188 -0.519908 -0.160457  0.906909
   21.6954  -0.111773 -0.0193386   0.338893 -0.506129 -0.169429  0.905902
   21.6954  -0.111773 -0.0337196    0.31599 -0.481731 -0.163982  0.915011
   21.6954 -0.112838 -0.049166  0.300544 -0.466121 -0.157344  0.922107
   21.6954  -0.119229 -0.0635471   0.294685 -0.449412  -0.15327  0.928378
   21.6954  -0.120827 -0.0757976   0.300544 -0.435405 -0.149928  0.949115
   21.7985  -0.116566 -0.0837871   0.318653  -0.42657 -0.155101  0.960284
   21.7985  -0.105914 -0.0784608    0.34635 -0.419246 -0.163753  0.947558
   21.7985 -0.0957936 -0.0678081   0.379373 -0.421901 -0.151485  0.951999
   21.7985 -0.0862062 -0.0582207   0.417723 -0.435542 -0.134548  0.966418
   21.7985 -0.0782167 -0.0544923   0.437963 -0.447581 -0.140819   0.97063
   21.7985 -0.0691619 -0.0555576   0.461398 -0.452708 -0.149608  0.971728
   21.7985 -0.0505198  -0.053427   0.505074 -0.454494 -0.145946  0.966693
   21.7985 -0.0409324 -0.0502312   0.525314 -0.464564 -0.141963  0.951129
   21.7985 -0.0356061 -0.0544923   0.542359  -0.47285 -0.141643    0.9406
   21.7985 -0.0206924 -0.0688734   0.572186 -0.478389 -0.145213  0.926318
   21.7985  -0.011105 -0.0789934   0.584969 -0.485438 -0.141506  0.898761
   21.7986 -0.00631134  -0.0923092    0.591893 -0.486949 -0.134227  0.885486
   21.7986 0.00327604  -0.117876   0.602013 -0.479121 -0.130061  0.880313
   21.7986 0.0117982 -0.137583  0.603079 -0.460673 -0.127223   0.87482
   21.7986 0.0128634 -0.154095  0.589763 -0.440532 -0.124751  0.876742
   21.7986 0.0107329 -0.158356  0.569523 -0.422496 -0.107265  0.884158
   21.7986 0.0075371 -0.150899  0.549283 -0.404826 -0.084514  0.892169
   21.7986 -0.00151765   -0.143442    0.523184  -0.39915 -0.066295  0.896106
   21.7986 -0.0132356  -0.137583    0.49602  -0.410594 -0.0412095   0.901233
   21.7986 -0.0276166   -0.13492   0.473116  -0.420253 -0.0222581   0.902652
   21.7986 -0.043063 -0.132789  0.450213  -0.421077 -0.0232652   0.893954
   21.7986 -0.0526503  -0.130659   0.425712  -0.422862 -0.0261491   0.886172
   21.7986 -0.0558461  -0.132257   0.404407  -0.431651 -0.0276139   0.879901
   21.8967 -0.0499872  -0.140246   0.380971 -0.438289 -0.036403  0.869418
   21.8968 -0.0377366  -0.151964   0.353274  -0.436778 -0.0352128   0.857379
   21.8968 -0.0302798  -0.160486   0.326643  -0.431651 -0.0195573   0.851703
   21.8968 -0.0340082  -0.163682    0.29575  -0.425197 -0.0118211   0.852252
   21.8968 -0.0393345  -0.163682   0.262727  -0.417644 -0.0114091   0.852389
   21.8968 -0.0425303  -0.157823   0.230236   -0.407985 -0.00673991    0.850833
   21.8968 -0.0505198   -0.14504   0.202539    -0.40208 -0.00394756     0.84653
   21.8968 -0.0606398  -0.131724   0.179636    -0.408122 -0.000102341     0.843097
   21.8968 -0.0766188  -0.122669   0.161527 -0.421306 0.0095107  0.841586
   21.8968 -0.0904672  -0.113082   0.148743  -0.432338 0.00923604   0.841037
   21.8968 -0.0947283  -0.101897   0.140221    -0.44099 -0.00110942    0.838244
   21.8968 -0.0941957 -0.0901787    0.13596    -0.44868 -0.00747234    0.832843
    21.931 -0.0968588 -0.0789934    0.13596   -0.457149 -0.00628215    0.829822
    21.931   -0.10112 -0.0710039   0.142884   -0.465068 -0.00687724    0.825015
    21.931  -0.101653 -0.0667428   0.152472  -0.470973 -0.0132859   0.822589
    21.931 -0.0968588 -0.0635471   0.165255  -0.472438 -0.0156663   0.825656
    21.931 -0.0888693 -0.0576881   0.180701   -0.46754 -0.0153001   0.831927
    21.931 -0.0846083 -0.0481007   0.197213  -0.463328 -0.0128282   0.843371
    21.931 -0.0798146 -0.0347849   0.215322   -0.459895 -0.00866252    0.852755
    21.931 -0.0760862 -0.0145449   0.233432   -0.45518 -0.0103562   0.858661
    21.996 -0.0766188 0.00516251   0.252607  -0.457194 -0.0131486    0.86127
    21.996 -0.0771514   0.017413   0.270184  -0.461497 -0.0171311   0.854861
   21.9966 -0.0760862  0.0280657   0.283499 -0.462825 -0.027202  0.841632
   21.9966 -0.0691619   0.033392   0.290956 -0.465434  -0.03416  0.836001
   21.9966 -0.0664988  0.0365878   0.294685  -0.464244 -0.0332902   0.839663
   21.9966 -0.0723577  0.0451099   0.296282  -0.458201 -0.0364488    0.84209
   21.9966 -0.0728904  0.0584257   0.299478  -0.449779 -0.0400193   0.846484
   21.9966 -0.0744883  0.0706763   0.300544  -0.442546 -0.0397905   0.853763
   21.9966 -0.0798146  0.0818616   0.294685  -0.436824 -0.0419877   0.852343
   21.9966 -0.0808799  0.0951774   0.288826 -0.434993 -0.042125  0.851245
   21.9967 -0.0830104   0.104232   0.277108  -0.438884 -0.0375474   0.858111
   21.9967 -0.0888693   0.113819   0.268053 -0.437556 -0.031688  0.860995
   21.9967 -0.0968588   0.127135   0.258466  -0.434993 -0.0284379   0.860217
   21.9967 -0.107511  0.137255   0.24515  -0.438655 -0.0301774    0.86571
   21.9967 -0.116566  0.146843  0.231834  -0.439067 -0.0385087   0.871615
   22.0308 -0.117099  0.159626  0.219051  -0.437923 -0.0473436   0.871982
   22.0309 -0.114436  0.171876  0.208398  -0.443004 -0.0493119   0.879809
   22.0309 -0.118164  0.184127  0.196148  -0.451884 -0.0525163   0.889651
   22.0309 -0.120827  0.192116   0.18443  -0.457973 -0.0656541   0.890201
   22.0309 -0.118164   0.19691  0.172179  -0.460811 -0.0711015   0.892947
   22.0969 -0.115501  0.199041  0.157798  -0.464839 -0.0748094   0.896655
    22.097 -0.110175   0.19691  0.145548  -0.466579 -0.0861161   0.885211
    22.097 -0.106446  0.189986  0.130101  -0.464107 -0.0869401   0.871524
    22.097 -0.106446  0.182529  0.106133 -0.461406 -0.081035  0.871203
    22.097 -0.107511  0.179333 0.0842949  -0.457332 -0.0831407   0.871478
    22.097  -0.11124   0.17667 0.0651201  -0.451381 -0.0823625   0.869372
    22.097 -0.11337 0.177203 0.046478  -0.448268 -0.0662034   0.875003
    22.097 -0.115501  0.179333 0.0289011  -0.446437 -0.0590623   0.877612
    22.097 -0.117099  0.181464 0.0118569  -0.449596 -0.0612138   0.874637
    22.097   -0.117631    0.179333 -0.00145894  -0.459758 -0.0507768   0.874545
    22.097  -0.117099   0.172409 -0.0105137  -0.467586 -0.0458787   0.872989
    22.097 -0.117099  0.167083 -0.021699  -0.469188 -0.0512803   0.866534
    22.097  -0.117631   0.161224 -0.0312863  -0.470744 -0.0492204   0.866305
   22.0971  -0.114968     0.1543 -0.0355474  -0.475734 -0.0517381   0.872668
   22.0971  -0.107511   0.147375 -0.0440695  -0.477931 -0.0592454   0.875964
   22.0971 -0.0957936   0.140984 -0.0483306  -0.481181 -0.0575059   0.881961
   22.0971 -0.0862062   0.132994 -0.0499285  -0.489467 -0.0541642   0.889102
   22.0971 -0.0782167   0.127135 -0.0557874  -0.490153 -0.0639146   0.891986
   22.0971 -0.0622377   0.123407  -0.057918  -0.485759 -0.0741685   0.891986
   22.0971  -0.043063   0.119146 -0.0573853  -0.488734 -0.0739854   0.894275
   22.1968 -0.0345408   0.117548 -0.0557874  -0.49203 -0.072017  0.896747
   22.1968 -0.0238882    0.11595 -0.0536569  -0.496196 -0.0678056   0.895602
   22.1968 -0.00684397    0.113287  -0.0472653  -0.505122 -0.0640519   0.896335
   22.1968 0.00966763    0.10583 -0.0403411   -0.51533 -0.0647843   0.897433
   22.1969  0.0224508  0.0973079 -0.0382106  -0.522792 -0.0636399   0.895877
   22.1969 0.0336361 0.0882531 -0.031819  -0.523936 -0.0551255   0.894641
   22.1969  0.0490824  0.0760026 -0.0232969  -0.524715 -0.0494035   0.892352
   22.1969  0.0618656  0.0664152 -0.0222316  -0.524074 -0.0454209   0.892306
   22.1969  0.0703877  0.0626868 -0.0201011  -0.518992 -0.0331071   0.894732
   22.1969  0.0735835  0.0605563 -0.0153074  -0.515376 -0.0239061   0.896014
   22.1969   0.071453  0.0568278 -0.0131768  -0.512675 -0.0222581   0.895785
   22.1969  0.0682572  0.0520341 -0.0163726  -0.506221 -0.0239061    0.88782
   22.1969  0.0687898  0.0467078 -0.0195684 -0.50059  -0.0321 0.875369
    22.197  0.0709203  0.0445773 -0.0190358 -0.496883 -0.042125  0.872897
    22.197  0.0725182  0.0387183 -0.0243621  -0.492305 -0.0443223   0.879626
    22.197  0.0709203   0.029131 -0.0312863  -0.490153 -0.0423082   0.883288
    22.197  0.0677245  0.0254025 -0.0328842  -0.491023 -0.0356248   0.884433
    22.197  0.0639961  0.0248699 -0.0371453  -0.492305 -0.0340684   0.885577
    22.197  0.0544087  0.0211415 -0.0456674  -0.493724 -0.0434068   0.889972
    22.197   0.045354  0.0136846 -0.0563201   -0.49583 -0.0521958   0.895099
    22.197  0.0389624  0.0083583 -0.0659074  -0.502009 -0.0637315   0.893496
    22.197  0.0341687 0.00143408 -0.0744296  -0.509288 -0.0704606   0.891711
   22.2957  0.0304403 -0.0118817 -0.0818864  -0.510478 -0.0675767   0.890063
   22.2957  0.0283098 -0.0262628 -0.0888106  -0.508784 -0.0672105   0.883288
   22.2958  0.0304403 -0.0411765 -0.0973327 -0.505076 -0.067714  0.880954
   22.2958  0.0299077 -0.0523618  -0.105855  -0.498988 -0.0604814   0.885989
   22.2958  0.0256466 -0.0614165  -0.112779 -0.491252 -0.051555  0.887271
   22.2958  0.0229834 -0.0678081  -0.118105  -0.484935 -0.0483964   0.886447
   22.2958  0.0224508 -0.0678081  -0.121301  -0.481731 -0.0442308   0.890155
   22.2958 0.0224508 -0.069406 -0.120236  -0.478801 -0.0369065   0.892718
   22.2958  0.0272445 -0.0667428  -0.117573  -0.480174 -0.0285295   0.893405
   22.2958  0.0299077 -0.0619492  -0.115442  -0.484981 -0.0184587   0.898807
   22.2958   0.025114 -0.0630144  -0.113844  -0.486308 -0.0237229   0.897799
   22.2958  0.0219182 -0.0614165  -0.113312  -0.482829 -0.0440934   0.888186
   22.2958 0.0219182 -0.059286 -0.112246  -0.481135 -0.0586503   0.884662
   22.2959  0.0299077 -0.0608839  -0.112246 -0.481227 -0.065883   0.88489
   22.2959   0.039495 -0.0630144  -0.115975  -0.478343 -0.0676225   0.883929
   22.2959  0.0464193 -0.0608839  -0.119171  -0.482692 -0.0639604   0.889285
   22.2959  0.0517456 -0.0566228  -0.122366  -0.489925 -0.0682634   0.899859
   22.2959  0.0576045 -0.0566228  -0.123432  -0.487315 -0.0805314   0.902652
   22.2959  0.0703877 -0.0544923  -0.120769    -0.4826 -0.0876725   0.903338
   22.3962  0.0821056 -0.0486333  -0.119171  -0.482783 -0.0922502   0.906772
   22.3962  0.0911604 -0.0438397  -0.118638 -0.482463 -0.106716  0.900866
   22.3962   0.106607 -0.0422418  -0.122366 -0.477382 -0.120448  0.888965
   22.3962   0.125249 -0.0427744  -0.127693 -0.480586 -0.114909  0.889331
   22.3962   0.141228 -0.0401112  -0.131421  -0.488093 -0.0964616    0.89963
   22.3963   0.160935 -0.0353175  -0.134084  -0.490108 -0.0743516   0.908374
   22.3963   0.175316 -0.0278607  -0.130356  -0.495555 -0.0563157   0.915469
   22.3963   0.182773 -0.0188059  -0.121834  -0.500774 -0.0574144   0.916385
   22.3963   0.190763 -0.0108165  -0.113312  -0.503062 -0.0721543   0.904895
   22.3963    0.197154 -0.00335961   -0.109583  -0.506953 -0.0738023   0.892032
   22.3963   0.204611 0.00196671   -0.10692  -0.511668 -0.0703691   0.884845
   22.3963   0.206209 0.00303198  -0.107985 -0.511989 -0.079799  0.872165
   22.3963    0.200883 -0.00176171    -0.11704  -0.508189 -0.0877183   0.859759
   22.3963   0.199285 -0.0081533   -0.12503  -0.50471 -0.088405   0.85683
   22.3963   0.195024 -0.0166754  -0.133019  -0.498439 -0.0902818   0.853167
   22.3963    0.18224 -0.0235996  -0.143139  -0.488277 -0.0895951   0.847857
   22.3963   0.167859 -0.0294586  -0.159118  -0.479304 -0.0911515   0.848636
   22.3963    0.14975 -0.0363828  -0.177228  -0.47111 -0.107951  0.845248
   22.3963   0.130575 -0.0443723  -0.192674 -0.464381 -0.123882  0.837008
   22.3963   0.120988 -0.0507639  -0.209186 -0.463649 -0.123515  0.836688
   22.4953   0.112998 -0.0523618  -0.221969 -0.469279 -0.121181  0.839389
   22.4954    0.10128 -0.0566228  -0.231023 -0.475642 -0.124156  0.837787
   22.4954  0.0906277 -0.0608839  -0.240078 -0.481135 -0.120494  0.840259
   22.4954  0.0826382 -0.0656776  -0.247535 -0.489284 -0.115688  0.842181
   22.4954  0.0783772 -0.0710039   -0.24647 -0.501094 -0.115047  0.839892
   22.4954  0.0767793 -0.0757976  -0.242209 -0.512858 -0.107082  0.841311
   22.4955  0.0789098 -0.0805913  -0.240078  -0.522426 -0.0991166   0.844882
   22.4955  0.0810403 -0.0843197  -0.234752  -0.526774 -0.0973313   0.849643
   22.4955  0.0847688 -0.0843197  -0.228893  -0.525355 -0.0925248   0.851108
   22.4955  0.0895625 -0.0811239  -0.224632  -0.524486 -0.0878556   0.850238
   22.4955  0.0938235 -0.0789934  -0.219838  -0.522334 -0.0925706   0.847445
   22.4955  0.0954214 -0.0747323  -0.215044 -0.519221 -0.101909   0.84685
   22.4955  0.0964867 -0.0624818  -0.209718 -0.518764 -0.106899  0.847812
   22.4955   0.103411 -0.0449049  -0.205457 -0.517482 -0.110698  0.846713
   22.4955   0.108737 -0.0299912  -0.202261 -0.521052 -0.114406  0.842868
   22.4955   0.113531 -0.0198712  -0.192674 -0.528422 -0.119762  0.835086
   22.4955  0.116727 -0.017208 -0.183087 -0.528102 -0.131938  0.834536
   22.4955   0.122053 -0.0214691  -0.180956 -0.522471 -0.142238  0.841678
   22.4955   0.132173 -0.0241323  -0.178825  -0.50883 -0.144893  0.846209
   22.4955   0.140695 -0.0246649  -0.172434  -0.49377 -0.143794  0.843783
   22.5926  0.149217 -0.023067 -0.171369 -0.489558 -0.139903  0.844928
   22.5927   0.152946 -0.0182733  -0.174564  -0.49258 -0.131709  0.856921
   22.5927    0.15188 -0.0134796  -0.170836 -0.494044 -0.126491  0.857974
   22.5927   0.158805 -0.0108165   -0.17563 -0.492763 -0.126445  0.844378
   22.5927   0.164664 -0.0140123  -0.191076 -0.490703 -0.121501  0.844104
   22.5927   0.163066 -0.0225344  -0.204924 -0.488734 -0.115505   0.85596
   22.5927   0.158272 -0.0273281  -0.218773 -0.485942 -0.113674  0.859485
   22.5927    0.14975 -0.0273281  -0.233154 -0.481044 -0.109554  0.856372
   22.5927   0.147619 -0.0299912    -0.2486 -0.476649 -0.105708   0.85509
   22.5927   0.144424 -0.0353175  -0.264047 -0.471202 -0.105846  0.853625
   22.5928   0.135369 -0.0411765  -0.284287 -0.465022 -0.107219  0.858386
   22.5928   0.128445 -0.0454376  -0.303994  -0.46017 -0.113902   0.85921
   22.5928   0.125249 -0.0486333  -0.318908 -0.453715 -0.121364  0.853625
   22.5928   0.122586 -0.0528944  -0.334887 -0.451243 -0.115733  0.855136
   22.5928   0.116194 -0.0571555  -0.350866 -0.453212 -0.104015  0.858249
   22.5928   0.105009 -0.0603513  -0.364714 -0.450694 -0.101222  0.856143
   22.5928  0.0911604 -0.0630144  -0.376965  -0.447078 -0.0995744   0.854678
   22.5928  0.0799751 -0.0672755  -0.384422  -0.447581 -0.0936692   0.863742
   22.5928  0.0677245 -0.0704713  -0.387085  -0.450282 -0.0919297    0.87102
   22.5928   0.055474 -0.0720692  -0.384954  -0.453441 -0.0890916   0.873218
    22.627   0.045354 -0.0789934   -0.38016  -0.460902 -0.0828202   0.878253
   22.6995  0.0357666 -0.0869829  -0.373769  -0.466167 -0.0915635   0.878482
   22.6996 0.0336361 -0.099766 -0.367377 -0.465068 -0.102779  0.875186
   22.6996  0.039495 -0.118408 -0.362584  -0.466258 -0.0964616   0.882098
   22.6996 0.0442887  -0.12693 -0.358855   -0.46667 -0.0905107   0.894046
   22.6996 0.0458866 -0.130126 -0.359388  -0.464885 -0.0908311   0.898395
   22.6996 0.0469519 -0.139181 -0.356725  -0.462138 -0.0950425   0.897113
   22.6996 0.0464193  -0.14717 -0.352464  -0.458522 -0.0988877   0.898852
   22.6996 0.0533435 -0.150366 -0.354594 -0.460078 -0.103236  0.901553
   22.6996 0.0650614 -0.151964 -0.356725 -0.461406  -0.10818  0.898028
   22.6996 0.0730509 -0.155692 -0.358855 -0.463145 -0.100444  0.891482
   22.6996 0.0789098 -0.158888 -0.364182  -0.468135 -0.0904649   0.887591
   22.6996 0.0868993 -0.161019  -0.36791  -0.466853 -0.0893205   0.886447
   22.6996 0.0991498 -0.163682 -0.370573  -0.462047 -0.0817216   0.886447
   22.6996  0.111933 -0.156758  -0.36791  -0.463695 -0.0643724   0.890841
   22.6996  0.114596 -0.148768 -0.358855  -0.466807 -0.0554917      0.894
   22.6996  0.112998 -0.142909  -0.34767  -0.468364 -0.0565904   0.889743
   22.6996  0.118857 -0.130659 -0.334887  -0.472072 -0.0585588   0.888461
   22.6996  0.124716 -0.115212  -0.31731  -0.474956 -0.0690416   0.888278
   22.6996  0.130575 -0.101897  -0.29707  -0.479488 -0.0823625   0.883792
   22.6997  0.138565 -0.095505 -0.274167  -0.487819 -0.0829118   0.885852
   22.7994   0.144424 -0.0928418  -0.249133   -0.48997 -0.0882218   0.895236
   22.7994   0.153478 -0.0891134   -0.22623 -0.485438 -0.104793  0.898898
   22.7995  0.166794 -0.085385 -0.204392 -0.479213 -0.113948  0.896243
   22.7995    0.18011 -0.0837871  -0.181489 -0.472118 -0.117748  0.893084
   22.7995   0.193958 -0.0837871  -0.162847 -0.464976 -0.126766  0.886493
   22.7995   0.205676 -0.0875155    -0.1474 -0.457149 -0.138393  0.881411
   22.7995   0.220057 -0.0891134  -0.134617 -0.448268 -0.140773  0.879855
   22.7995   0.237634 -0.0869829  -0.129823 -0.437511 -0.136333  0.879764
   22.7995    0.25095 -0.0843197  -0.129291   -0.4295 -0.131984  0.880771
   22.7995   0.256809 -0.0789934  -0.132486 -0.426433 -0.124889  0.877704
   22.7995    0.25894 -0.0747323  -0.137813 -0.421123 -0.122783  0.866855
   22.7995   0.263201 -0.0731344  -0.146868 -0.414943 -0.118617  0.856875
   22.7995   0.266396 -0.0715365   -0.15752 -0.415126 -0.099849  0.851657
   22.7995   0.263733 -0.0656776  -0.167108  -0.419154 -0.0789292   0.845431
   22.7995   0.251483 -0.0518291  -0.176695  -0.424464 -0.0700944   0.842135
   22.7995   0.238167 -0.0406439  -0.182554  -0.431377 -0.0712846   0.845019
   22.7996    0.23071 -0.0347849   -0.18575  -0.443004 -0.0764573   0.846667
   22.7996    0.23071 -0.0267954   -0.18575  -0.454265 -0.0814469   0.843921
   22.7996   0.231775 -0.0220017  -0.184684  -0.462825 -0.0815385   0.842273
   22.7996  0.233906 -0.023067 -0.180956  -0.466624 -0.0847428   0.838427
   22.8969   0.237634 -0.0267954  -0.178293 -0.460948 -0.089824  0.833484
   22.8969   0.238699 -0.0278607   -0.17776  -0.452708 -0.0896409   0.832889
   22.8969   0.236569 -0.0257302  -0.174564  -0.443782 -0.0937608   0.829501
   22.8969   0.234438 -0.0273281  -0.176695 -0.434901 -0.103099  0.821856
   22.8969   0.238167 -0.0305239   -0.18575 -0.426478 -0.109874  0.825061
    22.897   0.243493 -0.0337196  -0.196935 -0.416453 -0.113399  0.836459
    22.897   0.247754 -0.0342523  -0.202261 -0.407756 -0.110973  0.842639
    22.897   0.252548 -0.0267954  -0.207588  -0.408809 -0.0985673   0.850741
    22.897   0.254678 -0.0150775  -0.210783 -0.417506    -0.089  0.851153
    22.897    0.252548 -0.00549014   -0.211316  -0.423091 -0.0900529   0.835544
    22.897     0.252548 -0.000696446    -0.212914  -0.431422 -0.0918382   0.822635
    22.897     0.254146 -0.000696446    -0.211849  -0.443782 -0.0905564   0.820712
    22.897   0.255211 0.00090145  -0.208653  -0.450374 -0.0885423    0.82204
    22.897  0.256276 0.0067604 -0.200663  -0.456462 -0.0789292   0.826526
    22.897  0.256809  0.013152 -0.190011 -0.463557 -0.067302  0.840396
    22.897  0.255744 0.0259352 -0.178825  -0.465297 -0.0743974   0.843966
    22.897  0.262668 0.0360552 -0.166042 -0.462047 -0.083278  0.836596
    22.897  0.273853 0.0419141 -0.151129  -0.459575 -0.0762742   0.839251
    22.897  0.280245 0.0515015 -0.138878  -0.460216 -0.0705064   0.840304
    22.897   0.28131 0.0605563 -0.130356   -0.46223 -0.0710099   0.834536
   22.9968  0.277049 0.0738721 -0.119703  -0.464015 -0.0704606   0.832522
   22.9968  0.274386 0.0866552  -0.10479  -0.466487 -0.0744432   0.830417
   22.9968   0.277582  0.0914489 -0.0936043  -0.468776 -0.0782884   0.824099
   22.9968    0.28131  0.0973079 -0.0850822  -0.469646 -0.0740312   0.822223
   22.9968    0.27918   0.099971 -0.0754948  -0.470744 -0.0695451   0.825244
   22.9969   0.278647   0.102102 -0.0637769  -0.466945 -0.0723832   0.826022
   22.9969   0.280245   0.109558 -0.0493958  -0.464152 -0.0761369   0.826938
   22.9969    0.28131   0.114352 -0.0376779   -0.47166 -0.0753129   0.827853
   22.9969  0.280777  0.115417 -0.031819  -0.477199 -0.0776475   0.824832
   22.9969   0.28131  0.110624 -0.031819  -0.478618 -0.0780595   0.822314
   22.9969  0.284506  0.103699 -0.031819  -0.480311 -0.0735734   0.823687
   22.9969   0.284506  0.0941121 -0.0355474  -0.474269 -0.0732072   0.823916
   22.9969   0.283441  0.0834594 -0.0414064  -0.465755 -0.0685838   0.818835
   22.9969   0.275984  0.0802637 -0.0493958  -0.461681 -0.0532029   0.817828
   22.9969    0.26107    0.07547 -0.0611138  -0.459071 -0.0459245   0.817965
   22.9969  0.248287 0.0738721 -0.072299  -0.454814 -0.0450547   0.815173
   22.9969   0.236036  0.0786658 -0.0834843  -0.457835 -0.0337937   0.818423
   22.9969  0.223253 0.0791984 -0.088278  -0.470424 -0.0244096   0.819934
   22.9969   0.208872  0.0776005 -0.0936043   -0.47784 -0.0277055   0.818332
   22.9969   0.197154  0.0733394 -0.0973327 -0.484111 -0.027797  0.821261
   23.0936   0.191828  0.0685457 -0.0952022  -0.495051 -0.0238145   0.829226
   23.0936   0.187034  0.0589584 -0.0920064  -0.501323 -0.0269273   0.837237
   23.0936   0.184371  0.0477731 -0.0840169  -0.505855 -0.0255998   0.838977
   23.0936   0.181708   0.039251 -0.0765601  -0.513545 -0.0216172   0.841815
   23.0936   0.179577  0.0275331 -0.0691032  -0.515422 -0.0258744   0.848453
   23.0936   0.181175   0.017413 -0.0573853 -0.513454 -0.026378  0.853396
   23.0936   0.182773  0.0104888 -0.0456674  -0.519038 -0.0176805   0.860629
   23.0936     0.181175 -0.000163814   -0.0344821  -0.523707 -0.0125077   0.866351
   23.0936   0.172653 -0.0156101 -0.0243621 -0.518992 -0.015529  0.863238
   23.0936   0.169457 -0.0369154  -0.021699  -0.509288 -0.0251878   0.856692
   23.0936   0.171588 -0.0576881 -0.0222316  -0.495372 -0.0350755   0.854449
   23.0936    0.16999  -0.075265 -0.0222316  -0.475734 -0.0349382   0.859439
   23.0936   0.162533 -0.0843197 -0.0232969   -0.46136 -0.0283464   0.868045
   23.0936   0.148152 -0.0832544 -0.0275579  -0.457515 -0.0285295   0.870471
   23.0936   0.138565 -0.0859176 -0.0344821 -0.454265 -0.032512  0.874087
   23.0936   0.135901 -0.0885808 -0.0371453  -0.455318 -0.0284379    0.88457
   23.0937   0.133771 -0.0864502 -0.0376779  -0.458751 -0.0239976   0.889789
   23.0937   0.128977  -0.085385 -0.0424716  -0.465114 -0.0248674    0.89226
   23.0937   0.122586 -0.0891134 -0.0451348  -0.477748 -0.0269273   0.896014
   23.0937   0.117259 -0.0981681 -0.0467327  -0.487269 -0.0295823   0.894137
   23.0937   0.116727  -0.105092 -0.0483306  -0.493037 -0.0315507   0.888415
   23.2001   0.117259  -0.110419 -0.0446022  -0.499354 -0.0384172   0.886859
   23.2001   0.116194  -0.122137 -0.0414064  -0.502742 -0.0414384      0.894
   23.2001   0.117792  -0.130126 -0.0403411  -0.502513 -0.0346635   0.901141
   23.2001   0.119923  -0.127996 -0.0350148  -0.504161 -0.0332902   0.902606
   23.2002    0.12152  -0.129061 -0.0243621   -0.51002 -0.0374559   0.910251
   23.2002   0.128977  -0.136518 -0.0169053  -0.515422 -0.0448716   0.912723
   23.2002    0.136434   -0.146638 -0.00944842  -0.514873 -0.0559495   0.900546
   23.2002     0.144956    -0.163149 -0.000926307  -0.510066 -0.0626329   0.892398
   23.2002   0.156141   -0.17753 0.00440002  -0.501506 -0.0652879   0.894183
   23.2002   0.163066  -0.184455 0.00812844  -0.491298 -0.0680345   0.894412
   23.2002  0.165196 -0.189781   0.01452  -0.482234 -0.0710099   0.894412
   23.2002  0.169457 -0.191911  0.020379   -0.47404 -0.0732072   0.900592
   23.2002   0.17212 -0.184455 0.0262379  -0.470378 -0.0749925   0.902972
   23.2002  0.174784 -0.176998 0.0379558  -0.475093 -0.0763658   0.897662
   23.2002  0.181175   -0.1754 0.0518043  -0.485118 -0.0750383    0.89638
   23.2002  0.189697  -0.17753 0.0651201  -0.495372 -0.0777848   0.893588
   23.2002  0.201948 -0.176998 0.0848275  -0.503383 -0.0757707   0.886126
   23.2002  0.208872 -0.176998  0.108263  -0.508967 -0.0585588   0.888873
   23.2002  0.212068 -0.181259  0.127971  -0.512446 -0.0529283   0.892535
   23.2002  0.213666 -0.182857  0.149276  -0.511302 -0.0602525   0.885577
   23.2955  0.219525 -0.179661  0.171647  -0.503795 -0.0561784   0.877475
   23.2956  0.226449 -0.173269  0.190821  -0.497661 -0.0457872   0.880816
   23.2956 0.222188 -0.16741 0.205202  -0.490199 -0.0492662   0.883014
   23.2956  0.216329 -0.159953  0.217453  -0.481319 -0.0587419   0.876651
   23.2956  0.213666 -0.153562   0.22704  -0.478114 -0.0640977   0.876376
   23.2956 0.213133 -0.14504 0.230769  -0.468913 -0.0754502   0.878482
   23.2956  0.219525 -0.131191  0.232899  -0.456554 -0.0792955   0.877841
   23.2956  0.226982 -0.119473  0.236628  -0.453166 -0.0700486   0.881732
   23.2956  0.228579 -0.107223  0.240356  -0.454311 -0.0687211   0.884524
   23.2956   0.226982 -0.0923092   0.243552  -0.456874 -0.0659745   0.885714
   23.2956   0.225916 -0.0757976   0.251009  -0.460307 -0.0556291   0.890017
   23.2956   0.228047 -0.0662102     0.2574  -0.464244 -0.0503648   0.891299
   23.2957   0.231775 -0.0571555   0.261661  -0.467906 -0.0427201   0.888141
   23.2957   0.226982 -0.0465028    0.26752  -0.470653 -0.0310014   0.885028
   23.2957   0.223786 -0.0422418   0.270184  -0.470973 -0.0218461   0.881869
   23.2957   0.222721 -0.0369154   0.269651    -0.4658 -0.0191911   0.875552
   23.2957   0.211003 -0.0310565   0.264325  -0.459025 -0.0114091   0.873034
   23.2957   0.195024 -0.0283933   0.255802   -0.452479 -0.00339824    0.877749
   23.2957    0.18224 -0.0257302   0.245682   -0.446437 -0.00751811    0.883563
   23.2957  0.173186 -0.017208  0.231834  -0.444743 -0.0063737   0.884524
   23.3966   0.159337 -0.0081533   0.219051  -0.444469 0.00626057   0.885943
   23.3967    0.141228 -0.00122908    0.203072 -0.446025 0.0160567   0.89226
   23.3972  0.122586 0.0067604  0.188691 -0.451518 0.0169265  0.894549
   23.3972  0.106074 0.0136846  0.180169 -0.457744 0.0155532  0.890521
   23.3972  0.091693 0.0190109  0.168451  -0.462413 0.00928181   0.886767
   23.3972 0.0831709 0.0227394  0.154602   -0.46635 0.00186604   0.885943
   23.3972 0.0773119 0.0259352   0.14395 -0.472163 0.0110671  0.882464
   23.3972 0.0666593 0.0285983  0.136493 -0.478984 0.0209548  0.878711
   23.3972 0.0576045  0.029131  0.131166 -0.486125 0.0206801  0.880725
   23.3972 0.0464193 0.0307289  0.128503  -0.49322 0.0265395  0.884158
   23.3972 0.0309729 0.0296636   0.12371  -0.49789 0.0303389  0.882373
   23.3972 0.0203203 0.0238046  0.118383 -0.497569 0.0273177  0.876651
   23.3972 0.0117982 0.0152825  0.112524 -0.496654 0.0306136  0.876239
   23.3972 0.00327604  0.0104888   0.102937 -0.499446 0.0380751  0.880359
   23.3973 -0.00418081   0.0147499   0.0965454 -0.505076 0.0444381  0.885302
   23.3973 -0.0206924   0.017413  0.0922843 -0.511485 0.0538222   0.88837
   23.3973 -0.0419977   0.013152  0.0848275 -0.518397 0.0598647  0.888507
   23.3973 -0.0590419 0.00409724  0.0773706 -0.520686 0.0474135  0.889468
   23.3973  -0.0712925 -0.00762067    0.070979 -0.517482 0.0291488  0.894458
   23.3973 -0.0718251 -0.0145449  0.0629896 -0.515468 0.0244796  0.900454
   23.4972  -0.063303 -0.0193386  0.0571306 -0.510524 0.0249373  0.898074
   23.4972 -0.0649009 -0.0283933  0.0560653 -0.506358 0.0259444  0.893496
   23.4972 -0.0739556 -0.0417091  0.0555327  -0.50265 0.0220076  0.890429
   23.4972 -0.0728904 -0.0560902  0.0523369  -0.489925 0.00923604    0.88219
   23.4973  -0.063303 -0.0678081  0.0480759   -0.477611 -0.00101787    0.877246
   23.4973  -0.057444 -0.0763302  0.0427495   -0.468501 -0.00312358    0.878207
   23.4973 -0.0553135 -0.0848523  0.0320969  -0.456828 0.00168294   0.878299
   23.4973 -0.0569114 -0.0939071  0.0193137 -0.447215 0.0071761  0.878665
   23.4973 -0.0617051  -0.105625 0.00706318 -0.442592   0.01006  0.882968
   23.4973 -0.0659661  -0.108288 -0.0025242  -0.441127 0.00973958   0.886126
   23.4973 -0.0664988   -0.10669 -0.0121116 -0.441951 0.0110671  0.883105
   23.4973 -0.0696946  -0.113614 -0.0222316 -0.455043 0.0179793  0.884112
   23.4973  -0.079282  -0.123202 -0.0350148 -0.469005 0.0164229  0.885074
   23.4973  -0.083543  -0.138648 -0.0424716   -0.47642 0.00735921   0.877704
   23.4973  -0.083543  -0.155692 -0.0446022 -0.484248 0.0046584  0.878482
   23.4973 -0.0803472  -0.168476 -0.0488632  -0.487178 0.00360554   0.890292
   23.4973 -0.0766188  -0.183389 -0.0499285  -0.486949 -0.0028947   0.891253
   23.4973 -0.0707598  -0.194575 -0.0472653   -0.485622 -0.00962383    0.888003
   23.4973 -0.0606398  -0.200434  -0.041939 -0.481593 -0.014293  0.894916
   23.4973 -0.0478567  -0.206825 -0.0376779  -0.475963 -0.0223954   0.897891
   23.5938 -0.0313451  -0.212151 -0.0323516  -0.474864 -0.0254624   0.898349
   23.5939 -0.0164314  -0.216412 -0.0238295   -0.47816 -0.0200608   0.900454
   23.5939 -0.00258291   -0.220141    -0.01584  -0.479762 -0.0212052   0.898166
   23.5939 0.00487394  -0.222804 -0.0126442  -0.481547 -0.0253709   0.893451
   23.5939 0.00647184  -0.226533 -0.0105137  -0.483836 -0.0252793   0.890887
   23.5939   0.0144613   -0.237185 -0.00731789  -0.480311 -0.0239518   0.890109
   23.5939   0.0208529   -0.244109 -0.00625263  -0.472713 -0.0244554   0.890155
   23.5939 0.0240487  -0.24837  -0.00572  -0.468639 -0.0262864   0.890979
   23.5939   0.0347013   -0.257425 -0.00678526  -0.461955 -0.0279801   0.888507
   23.5939   0.0464193   -0.260088 -0.00785053  -0.451472 -0.0250047   0.894916
   23.5939   0.0533435   -0.252631 -0.00944842  -0.446529 -0.0213426   0.902926
   23.5939  0.0581372  -0.239848 -0.0131768  -0.444423 -0.0217088    0.89725
   23.5939  0.0618656  -0.230261 -0.0190358  -0.447307 -0.0117295   0.893039
   23.5939  0.0650614  -0.230261 -0.0248948   -0.455546 -0.00953227    0.891253
   23.5939  0.0719856  -0.232391 -0.0312863  -0.460261 -0.0202439   0.886218
    23.594  0.0821056  -0.236653 -0.0387432  -0.460673 -0.0132402   0.884753
    23.594  0.0884972  -0.240914 -0.0504611   -0.458659 0.000172317    0.893496
    23.594  0.0943562  -0.239316 -0.0627116  -0.450191 0.00191182   0.899493
    23.594 0.0964867 -0.230261 -0.068038  -0.438655 0.00264424   0.896472
    23.594  0.0943562  -0.213749 -0.0717664  -0.430003 0.00392598   0.897067
    23.594   0.100748  -0.195107 -0.0770927   -0.423274 -0.00252849    0.897525
   23.6374   0.109802   -0.17753 -0.0813538   -0.423228 -0.00500041    0.900226
   23.6994     0.1114  -0.160486 -0.0834843  -0.429683 0.00168294   0.906222
   23.6995   0.116727  -0.144507 -0.0845496   -0.433116 -0.00303203    0.904208
   23.6995   0.132706  -0.132789 -0.0845496  -0.435222 -0.0106767   0.899493
   23.6995   0.148152  -0.124267 -0.0829517   -0.436412 -0.00023967    0.899814
   23.6995   0.159337  -0.109886 -0.0770927  -0.43275 0.0146834  0.904025
   23.6995   0.163066 -0.0907113 -0.0701685 -0.428722  0.023976  0.906634
   23.6995   0.164664 -0.0704713 -0.0632443 -0.428172 0.0273177  0.904529
   23.6995   0.167327 -0.0502312 -0.0547222 -0.426433 0.0245711  0.900821
   23.6995   0.165196 -0.0347849 -0.0430043 -0.418193 0.0208632   0.89606
   23.6995   0.167859 -0.0214691 -0.0376779 -0.410457 0.0203139  0.893908
   23.6995    0.171055 -0.00762067  -0.0355474 -0.402721 0.0240218  0.892077
   23.6995   0.167327 0.00782567  -0.031819 -0.389537  0.021733  0.887729
   23.6996   0.168392  0.0238046 -0.0291558 -0.378184 0.0146834  0.889834
   23.6996   0.174251  0.0397836 -0.0280906 -0.370402 0.0101516  0.895785
   23.6996   0.179045  0.0600236 -0.0302211  -0.363307 0.00676411    0.89693
   23.6996   0.181175  0.0807963 -0.0334169  -0.357265 0.00703877   0.897296
   23.6996   0.180643  0.0973079 -0.0371453  -0.355891 0.00955647   0.896472
   23.6996  0.181708  0.113819 -0.041939  -0.359233 0.00818318   0.891574
   23.6996  0.183838  0.129798 -0.052059  -0.367198 0.00928181   0.889193
   23.6996    0.18224   0.139918 -0.0600485 -0.377086  0.021321  0.890658
   23.7973   0.174784   0.143114 -0.0701685 -0.382213 0.0334517  0.888186
   23.7973   0.168392   0.148973 -0.0813538 -0.382716 0.0333144  0.884387
   23.7973   0.163598   0.160159 -0.0898759 -0.382487 0.0337264   0.88425
   23.7974  0.158272  0.173474 -0.100529 -0.382121 0.0409133  0.880908
   23.7974   0.15188  0.184127 -0.108518 -0.382945 0.0495192  0.878299
   23.7974  0.142293  0.188388 -0.115442 -0.387157 0.0597274  0.879489
   23.7974  0.132173  0.192116 -0.121834 -0.388118 0.0581252  0.875552
   23.7974  0.119923  0.196377 -0.129291 -0.383357 0.0461318  0.871661
   23.7974 0.110868 0.200106 -0.13728 -0.379008 0.0378005  0.876513
   23.7974  0.106607  0.205965 -0.144204 -0.376124 0.0296523  0.879947
   23.7974  0.101813  0.212356 -0.154324 -0.375712  0.021733  0.877429
   23.7974 0.0991498  0.215552 -0.162314 -0.383586 0.0189406  0.881183
   23.7974 0.100748 0.216085 -0.16551 -0.396266 0.0163314  0.889239
   23.7974  0.106074  0.215552 -0.168705 -0.405879 0.0133559  0.889605
   23.7974  0.113531  0.209693 -0.170303 -0.416911 0.0153701  0.888736
   23.7974  0.122053  0.200106 -0.169771   -0.4295 0.0183455  0.890429
   23.7974  0.133238  0.190519 -0.170303 -0.436458 0.0152327  0.885257
   23.7974  0.143358  0.175072 -0.174032 -0.442042 0.0172011  0.880725
   23.7974  0.150283  0.156963 -0.178293 -0.448543 0.0332229  0.885211
   23.7974  0.155609  0.140984 -0.181489 -0.450923 0.0437514  0.882785
   23.8973  0.156141  0.126603 -0.184684 -0.449046 0.0494277  0.873858
   23.8973  0.15188 0.114352 -0.18575 -0.449458   0.06165  0.880221
   23.8973 0.144956  0.10583 -0.18575 -0.450694 0.0685164   0.89075
   23.8973  0.138032  0.101569 -0.186815 -0.449184 0.0710799  0.890704
   23.8973  0.131108 0.0962426 -0.185217 -0.453212 0.0788619  0.894732
   23.8973  0.122586 0.0909163 -0.179891 -0.459346 0.0809218  0.898303
   23.8974  0.116194 0.0818616 -0.176695 -0.461818  0.071675  0.891986
   23.8974  0.117792 0.0733394 -0.172434 -0.467128 0.0681502  0.891711
   23.8974  0.119923 0.0658826 -0.164444 -0.474635 0.0720412  0.898623
   23.8974   0.11939  0.059491 -0.156455 -0.478938  0.075154  0.899859
   23.8974  0.117259 0.0552299 -0.150063 -0.485164 0.0773055  0.898669
   23.8974  0.116194 0.0483057 -0.141541 -0.491481 0.0726821  0.898623
   23.8974  0.119923 0.0397836  -0.13515 -0.495738 0.0624282  0.895785
   23.8974   0.12152 0.0270004  -0.13515 -0.497844 0.0622451  0.895144
   23.8974  0.124716 0.0152825 -0.138345 -0.496883 0.0741469  0.901004
   23.8974  0.131108 0.0083583  -0.14527 -0.497157 0.0806014  0.903659
   23.8974   0.130043 0.00196671  -0.151129 -0.496745 0.0835311  0.901828
   23.8974    0.124716 -0.00762067   -0.158585 -0.497615  0.092961   0.90256
   23.8974  0.120455 -0.017208 -0.164444 -0.494502 0.0959823  0.902377
   23.8974   0.112998 -0.0241323  -0.166575 -0.488048 0.0943343  0.902286
    23.998   0.104476 -0.0294586  -0.171901 -0.482967 0.0991866  0.906588
   23.9981  0.0964867 -0.0315891   -0.17563 -0.473399 0.0957534  0.913409
   23.9981  0.0927583 -0.0310565  -0.180956 -0.461314  0.080281  0.917483
   23.9981  0.0948888 -0.0273281  -0.184684 -0.451518 0.0774428  0.913501
   23.9981  0.0970193 -0.0214691  -0.184684 -0.446895 0.0786788  0.905856
   23.9981  0.0948888 -0.0204038  -0.186282 -0.445979 0.0702102  0.897754
   23.9981  0.0964867 -0.0235996  -0.184152 -0.443141 0.0690657  0.892032
   23.9981    0.10128 -0.0278607  -0.179891 -0.438014 0.0735061   0.88869
   23.9981  0.102878 -0.028926 -0.174564  -0.42982 0.0765731  0.883792
   23.9981   0.101813 -0.0246649  -0.167108 -0.421123 0.0834395  0.882876
   23.9981  0.0964867 -0.0204038  -0.163379  -0.41627 0.0861861   0.88251
   23.9981  0.0884972 -0.0166754  -0.159651  -0.41215 0.0789992  0.878528
   23.9981  0.0837035 -0.0140123   -0.15539 -0.407664 0.0736892  0.877475
   23.9981  0.0826382 -0.0108165  -0.160183  -0.40565 0.0731398  0.878436
   23.9982   0.0810403 -0.00282698   -0.164977 -0.404552 0.0744674  0.882831
   23.9982  0.0805077 0.00196671  -0.164977 -0.399699 0.0717666  0.885486
   23.9982  0.0810403 0.00143408  -0.169238 -0.395946 0.0677382  0.883746
   23.9982  0.0810403 0.00462988  -0.175097 -0.397273 0.0684707  0.889239
   23.9982 0.0805077 0.0083583 -0.176695  -0.39828 0.0738265   0.89432
   23.9982 0.0799751 0.0115541 -0.178293  -0.39796 0.0784499  0.893908
   23.9982 0.0741161 0.0168804 -0.182021 -0.395763 0.0787703  0.891116
   23.9982 0.0661266  0.023272 -0.186282 -0.395625 0.0822493  0.888507
   23.9982 0.0618656 0.0264678  -0.18788 -0.398189  0.086415  0.884799
   24.0938 0.0565393  0.029131 -0.187348 -0.394343   0.08376  0.877154
   24.0938 0.0512129 0.0323268  -0.18788 -0.38853 0.077809 0.874362
   24.0939 0.0490824 0.0344573 -0.192141 -0.385371 0.0735976  0.876239
   24.0939 0.0426908 0.0419141  -0.19587 -0.381572 0.0708968  0.871798
   24.0939 0.0347013 0.0520341 -0.196935 -0.376536 0.0701644  0.864566
   24.0939 0.0331034 0.0573605 -0.202794 -0.373012 0.0703933  0.866946
   24.0939 0.0325708 0.0626868 -0.208653 -0.373378  0.068196  0.868136
   24.0939 0.0288424 0.0712089 -0.209186 -0.373881 0.0649917  0.862689
   24.0939 0.0219182 0.0770679 -0.208653 -0.377589 0.0701644  0.865756
   24.0939 0.0139287 0.0791984 -0.208653 -0.384959 0.0746047  0.869052
   24.0939 0.0107329 0.0786658  -0.20812 -0.390178  0.071675  0.861773
   24.0939 0.0139287 0.0760026 -0.204924 -0.396175 0.0716292   0.85747
   24.0939 0.0102003  0.069611 -0.203327 -0.401164 0.0710341  0.863559
   24.0939 0.00274341  0.0632194  -0.206522 -0.399425  0.064305   0.86127
   24.0939 0.00327604  0.0600236  -0.211849 -0.392924 0.0596358  0.854678
   24.0939 0.00327604  0.0610889  -0.214512 -0.391093  0.064305  0.865115
   24.0939 -0.000985015    0.0637521    -0.215577 -0.395305 0.0659987  0.876559
    24.094 -0.00631134   0.0626868   -0.218773 -0.398921 0.0652205  0.880084
   24.0941 -0.00790923   0.0621542   -0.218773 -0.402858 0.0695693  0.881183
   24.0944 -0.00418081   0.0632194   -0.217175 -0.409907 0.0660903  0.876056
   24.1983 0.00114551  0.0589584  -0.213447 -0.417506 0.0614211  0.870974
   24.1983 0.00647184  0.0488384   -0.20812  -0.42451 0.0658156  0.873813
   24.1983 0.0123308 0.0360552 -0.205457 -0.427989 0.0627486  0.877109
   24.1983 0.0171245 0.0264678 -0.207055 -0.421077 0.0511672  0.872577
   24.1983 0.0277771 0.0200762 -0.211849 -0.413386 0.0433394  0.870883
   24.1983 0.0432235 0.0104888 -0.214512 -0.409358 0.0381209  0.876056
   24.1983  0.0576045 0.00516251  -0.223567 -0.398097 0.0349166  0.877704
   24.1983  0.0634635 0.00462988  -0.237415 -0.387431 0.0439803  0.882007
   24.1983  0.0592024 0.00249935  -0.250198 -0.384959 0.0552413  0.889789
   24.1983   0.0565393 0.000368818   -0.262981 -0.380153 0.0524032  0.891391
   24.1983    0.0602677 -0.000696446    -0.274167 -0.375667 0.0510756  0.887591
   24.1983   0.0709203 -0.00176171   -0.284287 -0.379466 0.0576674  0.889926
   24.1983   0.0789098 -0.00335961   -0.292809 -0.381847 0.0592238  0.892535
   24.1983    0.081573 -0.00708803   -0.300798  -0.38203 0.0599105  0.883426
   24.1983  0.0842361 -0.0156101  -0.305059 -0.384639 0.0645339  0.877063
   24.1983  0.0895625 -0.0246649  -0.305592 -0.383769 0.0646712   0.87894
   24.1983  0.0986172 -0.0321217  -0.306657 -0.381114 0.0634353  0.877978
   24.1983   0.106074 -0.0353175  -0.308255 -0.381435 0.0745589  0.879214
   24.1983   0.107672 -0.0342523  -0.305592 -0.381618 0.0866897  0.887958
   24.1984    0.10927 -0.0315891  -0.305059 -0.383266 0.0849044  0.891437
   24.2979   0.114596 -0.0246649  -0.307722 -0.389125 0.0830275    0.8875
    24.298    0.12152 -0.0198712  -0.308255 -0.398006 0.0832564  0.888049
    24.298   0.125781 -0.0214691  -0.310918 -0.405147 0.0839431  0.892535
    24.298   0.126847 -0.0214691  -0.313049 -0.412608 0.0900771  0.896289
    24.298   0.124716 -0.0241323  -0.314647 -0.420985 0.0919997  0.900363
    24.298   0.124184 -0.0246649  -0.316245 -0.422313 0.0865065  0.902148
    24.298    0.13164 -0.0188059  -0.316777 -0.420894 0.0837142  0.901553
    24.298  0.136434 -0.012947 -0.314647 -0.425426 0.0947921  0.902057
    24.298    0.132173 -0.00868593   -0.311984 -0.432613  0.103352  0.898669
    24.298    0.12951 -0.0081533   -0.30719 -0.435268   0.10143  0.891574
    24.298    0.13164 -0.0102838  -0.299733 -0.433299  0.105504  0.890567
    24.298   0.133238 -0.0124144  -0.293874 -0.431514  0.105916  0.891162
    24.298   0.137499 -0.0102838  -0.288015 -0.429912  0.110448  0.892581
    24.298   0.140163 -0.0065554  -0.281091 -0.426295  0.126195  0.894504
    24.298    0.135901 -0.00335961   -0.272569 -0.424144  0.132603   0.89368
    24.298    0.128977 -0.00442487   -0.269906 -0.423503  0.129765  0.895968
    24.298    0.125781 -0.00708803    -0.26884 -0.419429  0.127248  0.897708
    24.298    0.125781 -0.00549014   -0.268308 -0.41183 0.126607 0.898257
    24.298    0.123118 -0.00708803   -0.270438 -0.406978   0.12418  0.900638
   24.2981   0.120455 -0.0108165  -0.272036 -0.403545  0.122441  0.903293
   24.3971    0.11939 -0.0081533  -0.275765 -0.396541  0.122807   0.90787
   24.3971    0.118857 -0.00176171   -0.277362 -0.392238  0.126378  0.913501
   24.3971   0.114064 0.00516251  -0.279493 -0.394939  0.135991  0.917483
   24.3971   0.109802 0.00889093  -0.279493 -0.398463  0.137089  0.918124
   24.3971  0.112466 0.0099562 -0.273101 -0.399196  0.127522  0.916247
   24.3971  0.118857  0.013152 -0.269906 -0.402492  0.125004  0.918078
   24.3971  0.122053 0.0136846  -0.26671 -0.407985    0.1283  0.921786
   24.3972   0.123651 0.00782567  -0.266177 -0.405421  0.127202  0.916522
   24.3972   0.127379 0.00249935  -0.269906 -0.401347  0.127293  0.911532
   24.3972    0.13164 0.00090145  -0.269373 -0.398784  0.130177  0.916202
   24.3972   0.130043 0.00196671   -0.26884 -0.391185  0.129674  0.918307
   24.3972   0.125249 0.00303198  -0.271503 -0.387111  0.131367  0.922336
   24.3972   0.124184 0.00569514  -0.271503 -0.391826    0.1386   0.93378
   24.3972   0.124184 0.00942357  -0.268308 -0.394023  0.135487   0.93648
   24.3972  0.126847 0.0110215 -0.267775 -0.39622 0.123082 0.934329
   24.3972  0.135369 0.0110215 -0.267775 -0.403087  0.115254  0.940326
   24.3972   0.148685 0.00942357  -0.267775 -0.404597  0.110905  0.945132
   24.3972  0.158272 0.0110215 -0.264579 -0.405513  0.113377  0.943118
   24.3972  0.163598 0.0104888 -0.258188 -0.410686  0.119466  0.947741
   24.3972   0.170523 0.00889093  -0.251796 -0.413798  0.115575  0.951175
   24.4961   0.177979 0.00622777  -0.249133 -0.408443  0.105733  0.942523
   24.4961   0.180643 0.00303198  -0.250198 -0.403865  0.104359  0.939135
   24.4961   0.184371 0.00356461  -0.249666 -0.405421  0.106923  0.939593
   24.4961   0.188099 0.00356461  -0.249666 -0.405925  0.106648  0.937854
   24.4961   0.188099 0.00303198  -0.250198 -0.402354   0.10143  0.933642
   24.4961   0.187034 0.00303198  -0.250731 -0.401576 0.0981337  0.931537
   24.4961  0.185436 0.0067604  -0.25659 -0.404368  0.100056  0.933642
   24.4962  0.184904 0.0104888 -0.261916 -0.408488  0.100377  0.936618
   24.4962  0.183838 0.0136846 -0.262981 -0.417552 0.0978591   0.94028
   24.4962  0.181175 0.0216741 -0.262981 -0.430415 0.0971267  0.947238
   24.4962  0.181708  0.029131 -0.263514 -0.449733 0.0979964   0.95534
   24.4962  0.178512 0.0328594 -0.260318  -0.47047 0.0885207  0.951999
   24.4962  0.176914 0.0317941 -0.253394 -0.484202 0.0740096  0.944034
   24.4962  0.185969 0.0222067 -0.248068 -0.495509 0.0714919  0.941104
   24.4962   0.196089 0.00729304  -0.241143 -0.501964 0.0732314  0.939227
   24.4962    0.208872 -0.00975119   -0.241143 -0.498897 0.0725448  0.940188
   24.4962   0.221123 -0.0246649  -0.241143 -0.493312 0.0846297  0.942798
   24.4962   0.228047 -0.0305239  -0.234219 -0.488597 0.0984084   0.94646
   24.4962   0.223786 -0.0267954  -0.232621 -0.484752  0.101338  0.950671
   24.4962   0.211535 -0.0145449  -0.231556 -0.48585 0.105092 0.953326
   24.5374    0.20035 0.00249935  -0.230491 -0.498759  0.101521  0.953647
   24.5374  0.191295 0.0179457  -0.22836 -0.511073 0.0894362  0.951266
   24.5967  0.186502 0.0323268 -0.224632 -0.520732 0.0863234  0.949893
   24.5967  0.182773 0.0429794 -0.227828 -0.534648 0.0871016  0.951037
   24.5967  0.177447 0.0483057 -0.228893 -0.542155 0.0777633  0.951861
   24.5967  0.174251 0.0562952 -0.225697 -0.542842 0.0653579  0.947558
   24.5967  0.170523 0.0648173 -0.225697 -0.544444 0.0590407  0.949801
   24.5967  0.165196 0.0706763 -0.225164 -0.543803 0.0482375  0.955111
   24.5967  0.164664 0.0760026 -0.221969 -0.537532 0.0409591   0.95708
   24.5968  0.168925 0.0749373 -0.221436 -0.531627 0.0413253  0.959643
   24.5968  0.173186 0.0690784 -0.224099 -0.519404 0.0336348   0.96033
   24.5968  0.175316 0.0648173 -0.223034 -0.499126 0.0281875  0.958774
   24.5968  0.179045 0.0658826 -0.220371 -0.486995 0.0394942  0.955569
   24.5968  0.181175 0.0738721  -0.21611 -0.483195 0.0515334  0.950808
   24.5968  0.176382   0.07547 -0.211316  -0.48054 0.0523116  0.939181
   24.5968  0.168925 0.0701436 -0.208653 -0.477977 0.0495192  0.925677
   24.5968  0.165729 0.0632194 -0.200131 -0.474452 0.0501601  0.919772
   24.5968  0.165729 0.0472405 -0.193207 -0.469783 0.0523116  0.916659
   24.5968     0.162 0.0270004 -0.190011 -0.463786 0.0569808  0.913226
   24.5968  0.153478  0.013152 -0.186282 -0.455089 0.0607345  0.910846
   24.5968   0.142826 0.00462988  -0.178825   -0.4463 0.0583999   0.91167
   24.5968     0.132706 -0.000696446    -0.170836 -0.442821 0.0527236  0.918353
   24.5968    0.125249 -0.00122908   -0.164444 -0.441676 0.0432479  0.918445
   24.6963    0.120988 -0.00442487   -0.158053 -0.442134  0.031758  0.909015
   24.6963   0.118325 -0.0113491  -0.158053 -0.446208 0.0210006  0.907596
   24.6963  0.122053 -0.017208 -0.160183 -0.450282 0.0131728  0.912951
   24.6963   0.133238 -0.0262628  -0.160183 -0.452846 0.0100142  0.914325
   24.6963   0.13963 -0.033187 -0.159651 -0.456691 0.0156905  0.917026
   24.6964    0.13963 -0.0363828  -0.158585 -0.460994 0.0250747  0.919314
   24.6964   0.137499 -0.0443723  -0.158053 -0.462962 0.0219619    0.9108
   24.6964   0.133771 -0.0528944  -0.160716 -0.462276 0.0146834  0.905444
   24.6964   0.133238 -0.0560902  -0.166042 -0.461131 0.0183455  0.911258
   24.6964  0.134836 -0.059286 -0.169771 -0.463512 0.0227858   0.91112
   24.6964   0.136967 -0.0630144  -0.174032   -0.4658 0.0300185  0.907824
   24.6964   0.138565 -0.0640797   -0.17776 -0.466258 0.0435683  0.910708
   24.6964   0.132173 -0.0667428  -0.179358 -0.467265 0.0477797  0.909518
   24.6964   0.124716 -0.0651449  -0.182021 -0.467952 0.0455367  0.902102
   24.6964   0.118325 -0.0624818  -0.181489 -0.471614 0.0494735  0.899218
   24.6964     0.1114 -0.0646123  -0.179358  -0.47784 0.0533187  0.900454
   24.6964   0.105541 -0.0672755  -0.179358 -0.478343 0.0483748  0.896243
   24.6964   0.100215 -0.0699386  -0.179358 -0.477382 0.0418288  0.894366
   24.6964   0.103411 -0.0704713  -0.178293 -0.476878 0.0366103  0.897387
   24.7921   0.107672 -0.0683407  -0.174032 -0.473399 0.0253035   0.89487
   24.7922   0.108737 -0.0640797  -0.172967 -0.472163 0.0179793  0.893313
   24.7922   0.112998 -0.0603513  -0.175097 -0.473033 0.0112044  0.895785
   24.7922   0.124184 -0.0576881  -0.178293   -0.472026 -0.00568706     0.89226
   24.7922   0.135369 -0.0539597  -0.182021   -0.47111 -0.0131486   0.886081
   24.7922   0.143358 -0.0496986  -0.183619   -0.476329 -0.00229961    0.889789
   24.7922   0.150815 -0.0475681   -0.18575  -0.48379 0.0036971  0.890887
   24.7923   0.150815 -0.0443723  -0.186815  -0.485438 0.00273579   0.883014
   24.7923   0.152946 -0.0401112  -0.189478  -0.484889 0.00740498   0.878848
   24.7923  0.159337 -0.039046  -0.19587  -0.483882 0.00580281   0.877063
   24.7923   0.165196 -0.0347849  -0.196935  -0.480449 0.00241536   0.872073
   24.7923   0.169457 -0.0262628  -0.199598  -0.478343 0.00941914   0.874179
   24.7923   0.168392 -0.0177407  -0.204924 -0.473765 0.0144545  0.881045
   24.7923    0.164664 -0.00921856   -0.204924 -0.465846 0.0079543  0.881869
   24.7923   0.163598 0.00196671  -0.207055   -0.461497 -0.00170451    0.878802
   24.7924     0.162 0.0168804 -0.209718  -0.465205 -0.0061906   0.881228
   24.7924  0.164131  0.029131 -0.215044 -0.470653 -0.014705  0.885119
   24.7924  0.171055 0.0344573 -0.221436  -0.471248 -0.0283006   0.881823
   24.7924  0.179577 0.0339247 -0.224099 -0.472438 -0.037227  0.878894
   24.7924  0.193958 0.0323268 -0.227295  -0.473353 -0.0449174   0.879626
   24.8272  0.207807 0.0285983 -0.235817  -0.469462 -0.0429948   0.875461
    24.897  0.217927 0.0285983 -0.245405  -0.464976 -0.0329698    0.86571
    24.897  0.221655 0.0307289 -0.252861  -0.464107 -0.0290788   0.860492
    24.897  0.224318 0.0270004 -0.262449  -0.461864 -0.0236772   0.862781
    24.897  0.226449 0.0248699 -0.271503 -0.457057 -0.012462  0.869464
    24.897  0.221655 0.0301962 -0.277895   -0.455958 -0.00953227    0.870151
    24.897  0.217394 0.0397836 -0.284819  -0.456233 -0.0160325   0.865069
    24.897  0.216329 0.0467078 -0.290678  -0.458018 -0.0201524   0.862277
    24.897  0.215264 0.0483057   -0.2992 -0.463786 -0.029445  0.859805
    24.897  0.218459 0.0472405 -0.311984  -0.464976 -0.0388749   0.861728
    24.897  0.223253 0.0477731 -0.322104  -0.463512 -0.0333818   0.868686
    24.897  0.222188 0.0520341  -0.32743   -0.46905 -0.0274766   0.871661
    24.897  0.217394 0.0578931 -0.332756  -0.477061 -0.0318254   0.873492
    24.897  0.214731 0.0632194 -0.333821   -0.48553 -0.0348466   0.872806
    24.897  0.214731 0.0658826 -0.331158    -0.4994 -0.0326951   0.868731
    24.897  0.217394 0.0648173 -0.325832  -0.507731 -0.0313218   0.866992
    24.897   0.22059 0.0626868 -0.315179  -0.509105 -0.0321916   0.866809
    24.897  0.224851 0.0568278 -0.304527   -0.51739 -0.0334733   0.868686
   24.8971  0.232308 0.0483057 -0.291211  -0.525081 -0.0313218   0.869693
   24.8971  0.243493 0.0403162 -0.274699  -0.524669 -0.0296739   0.866855
   24.8971  0.254678 0.0301962  -0.25659  -0.523982 -0.0283921   0.863971
   24.9965  0.260537 0.0168804 -0.236882  -0.523112 -0.0248674   0.863009
   24.9965   0.266929 0.00143408  -0.217708  -0.517573 -0.0280259   0.862369
   24.9965    0.271723 -0.00975119   -0.202794 -0.512218 -0.027202  0.863925
   24.9965   0.272788 -0.0193386  -0.190543  -0.506953 -0.0231736    0.87221
   24.9965   0.277582 -0.0305239  -0.180956   -0.49789 -0.0283921   0.875964
   24.9966   0.279712 -0.0363828  -0.179358   -0.49203 -0.0283921   0.873126
   24.9966   0.278114 -0.0438397  -0.178825  -0.490794 -0.0234025   0.874362
   24.9966    0.28131 -0.0544923  -0.173499  -0.485255 -0.0256456   0.871615
   24.9966  0.283441 -0.059286 -0.174032   -0.48054 -0.0234941   0.866168
   24.9966   0.283973 -0.0619492  -0.176695  -0.484065 -0.0118211   0.866946
   24.9966   0.277049 -0.0656776  -0.173499   -0.488231 -0.00806743    0.865207
   24.9966   0.267462 -0.0736671  -0.168705 -0.493907 -0.015117  0.856326
   24.9966   0.267994 -0.0832544  -0.160716  -0.500041 -0.0197404   0.851291
   24.9966   0.269592 -0.0907113  -0.151661  -0.505076 -0.0223497   0.853579
   24.9966   0.271723 -0.0944397  -0.139943  -0.512584 -0.0216172   0.854266
   24.9966   0.274386 -0.0992334  -0.123964  -0.520457 -0.0151628   0.857699
   24.9966  0.273321 -0.112017 -0.107453  -0.522014 -0.0109513   0.861728
   24.9966   0.274918   -0.12693 -0.0930717   -0.514644 -0.00866252    0.858844
   24.9966   0.277049   -0.13492 -0.0792232   -0.506816 -0.00229961     0.86127
   24.9966   0.274386  -0.140246 -0.0632443  -0.499492 0.00832051   0.870334
   25.0962   0.264266  -0.144507 -0.0504611  -0.488917 0.00731343   0.871066
   25.0963   0.251483  -0.142909 -0.0472653   -0.477061 -0.00202495    0.869418
   25.0963   0.241895  -0.140779 -0.0477979   -0.466029 -0.00490886    0.876101
   25.0963   0.236036  -0.137583 -0.0472653  -0.454631 -0.0149797   0.879077
   25.0963   0.232841  -0.134387 -0.0531243  -0.443553 -0.0144761   0.876376
   25.0963   0.223786  -0.128528 -0.0611137  -0.439113 0.00626057   0.876101
   25.0963  0.208872 -0.120539 -0.072299 -0.436183 0.0113875  0.872577
   25.0963    0.19023  -0.110951 -0.0866801  -0.429912 0.00735921   0.864566
   25.0963   0.171055 -0.0971029 -0.0968001 -0.426433 0.0134475  0.858294
   25.0963   0.157739 -0.0816565  -0.100529 -0.430507 0.0259444   0.85834
   25.0963   0.142826 -0.0678081  -0.103724 -0.437144 0.0365645  0.859897
   25.0963   0.119923 -0.0528944  -0.107453 -0.443095 0.0463607   0.85921
   25.0963  0.0943562 -0.0438397  -0.106387 -0.450648 0.0491073  0.855044
   25.0963   0.075714 -0.0385133  -0.104257 -0.452022 0.0380751  0.844012
   25.0963  0.0618656 -0.0299912  -0.103192 -0.447993 0.0331313  0.837695
   25.0963  0.0469519 -0.0267954  -0.098398 -0.446391 0.0358321  0.844424
   25.0963  0.0320382 -0.0262628 -0.0930717 -0.440532 0.0322616   0.85065
   25.0963  0.0181897 -0.0220017 -0.0888106 -0.430232 0.0298812  0.850009
   25.0963 0.00487394 -0.0118817 -0.0818864 -0.426982 0.0304763  0.856051
   25.0963  -0.00631134 -0.000696446   -0.0749622 -0.427119 0.0274093  0.863604
   25.1961 -0.0143008  0.0067604 -0.0696359 -0.426662 0.0201308  0.859347
   25.1962 -0.0196271 0.00889093 -0.0659074 -0.424739 0.0136763  0.856463
   25.1962 -0.0217577 0.00889093 -0.0627116  -0.420299 0.00850362   0.856006
   25.1962 -0.0238882 0.00622777 -0.0600485  -0.415446 0.00360554   0.853396
   25.1962 -0.0233556 0.00143408 -0.0584506 -0.409633 0.0081374  0.855136
   25.1962  -0.0206924 0.000368818   -0.057918 -0.402583 0.0126693  0.855731
   25.1962  -0.0217577 0.000368818  -0.0552548 -0.394801 0.0107467  0.853351
   25.1962 -0.0228229 0.00249935 -0.0536569 -0.389674 0.0118911  0.852481
   25.1962  -0.021225 0.00409724 -0.0573853 -0.388576 0.0168349  0.853854
   25.1962 -0.0228229 0.00196671 -0.0637769 -0.386653 0.0182998  0.853442
   25.1962   -0.0233556 -0.000163814   -0.0637769 -0.387706 0.0177962  0.850879
   25.1963   -0.0206924 -0.000163814   -0.0616464 -0.391414 0.0219619  0.851886
   25.1963 -0.0180292 0.00196671  -0.062179 -0.396953 0.0244796  0.855182
   25.1963 -0.0185619 0.00143408 -0.0600485 -0.404277 0.0240676  0.856784
   25.1963  -0.0201598 -0.00176171  -0.0573853 -0.407664 0.0253035  0.852206
   25.1963  -0.016964 -0.0108165 -0.0552548 -0.411922 0.0209548   0.84653
   25.1963 -0.00577871  -0.0214691  -0.0509937 -0.419154 0.0172927  0.852389
   25.1963  0.0059392 -0.0294586 -0.0483306 -0.424647 0.0227401  0.860629
   25.1963  0.0123308 -0.0395786 -0.0424716 -0.425746 0.0279128  0.859851
   25.1963  0.0187224 -0.0507639 -0.0344821 -0.424098  0.034825  0.858523
   25.2921  0.0240487 -0.0608839 -0.0280906 -0.421626 0.0409133  0.860446
   25.2925  0.0272445 -0.0662102 -0.0190358 -0.418696 0.0376632  0.856967
   25.2926   0.0320382   -0.069406 -0.00838316 -0.414577 0.0338179  0.856234
   25.2926    0.0405603   -0.0741997 -0.000393674  -0.41357 0.0396315  0.861819
   25.2926  0.0474845 -0.0768629 0.00173685 -0.414577 0.0443007  0.861773
   25.2926  0.0501477 -0.0763302 0.00493265 -0.413432 0.0425155  0.861682
   25.2926  0.0528108 -0.0768629 0.00919371 -0.412791  0.045262  0.865939
   25.2926  0.0570719 -0.0789934  0.0155853  -0.41421 0.0505263  0.865756
   25.2926  0.0576045 -0.0784608   0.020379  -0.41357 0.0534102  0.860263
   25.2926 0.0528108 -0.075265 0.0225095 -0.412425 0.0562941  0.857654
   25.2926  0.0490824 -0.0731344  0.0230421 -0.411601 0.0589492   0.85715
   25.2926  0.0469519 -0.0710039  0.0219769 -0.404918 0.0583083  0.856326
   25.2927  0.0426908 -0.0646123  0.0187811 -0.398372 0.0605513  0.860446
   25.2927  0.0336361 -0.0576881 0.00972634 -0.396495 0.0640761   0.86484
   25.2927   0.0219182  -0.0507639 0.000138958 -0.388759 0.0641677  0.862689
   25.2927  0.0123308 -0.0427744 -0.0105137 -0.381984 0.0679671  0.863238
   25.2927 -0.00151765  -0.0358502  -0.0227642  -0.38203 0.0747878  0.872302
   25.2927 -0.0164313 -0.0257302 -0.0323516 -0.377132  0.078633  0.879535
   25.2927 -0.0302798  -0.012947 -0.0398085 -0.370906 0.0870101  0.880908
   25.2927  -0.0467914 -0.00282698  -0.0451348 -0.371638 0.0922744  0.884021
   25.3978 -0.0585093 0.00889093 -0.0446022  -0.37672 0.0834395  0.884845
   25.3978 -0.0659662  0.0190109 -0.0403411 -0.380565 0.0795485  0.878024
   25.3978 -0.0728904  0.0280657 -0.0344821 -0.384456 0.0852706     0.881
   25.3978 -0.0760862  0.0349899 -0.0307537 -0.385921 0.0850417  0.888003
   25.3978 -0.0798146  0.0339247 -0.0254274 -0.384776 0.0817458  0.887683
   25.3978 -0.0840756  0.0349899 -0.0195684 -0.383128 0.0784957  0.884067
   25.3978  -0.0846083   0.0403162 -0.00785053 -0.380473 0.0795028  0.885119
   25.3978 -0.0856735  0.0467078 0.00759581 -0.376445 0.0859115  0.892947
   25.3978 -0.0851409  0.0541647  0.0209116 -0.370998 0.0863234  0.891025
   25.3978 -0.0888693  0.0632194  0.0368906 -0.367427 0.0904891  0.886584
   25.3978 -0.099522 0.0712089 0.0470106 -0.36642 0.095616 0.888461
   25.3978 -0.110175 0.0791984 0.0560653 -0.361293 0.0879256  0.886722
   25.3978  -0.11337 0.0823942 0.0635222  -0.35667 0.0840346  0.885394
   25.3978 -0.112838 0.0823942 0.0688485  -0.35699 0.0910842  0.891116
   25.3978 -0.112305 0.0839921 0.0763054 -0.352504 0.0916335  0.894961
   25.3978 -0.110707 0.0839921 0.0784359 -0.345637 0.0850875  0.895785
   25.3978 -0.116566 0.0839921 0.0784359 -0.342937 0.0843093  0.899997
   25.3978 -0.116566 0.0845247 0.0784359 -0.342479 0.0808761  0.902652
   25.3978 -0.110175 0.0845247 0.0752401 -0.341106 0.0742385  0.903064
   25.3979  -0.11124 0.0829268  0.070979 -0.340968 0.0826156  0.906543
   25.3979  -0.11124 0.0776005 0.0624569  -0.34051 0.0864608  0.910159
   25.4976 -0.106446 0.0722742 0.0512717 -0.336253 0.0808303  0.911349
   25.4976 -0.102718 0.0701436 0.0443474 -0.333186  0.087239  0.912127
   25.4977 -0.100587 0.0669478 0.0352927 -0.334285 0.0941054  0.911853
   25.4977 -0.0968588  0.0632194  0.0225095 -0.332362 0.0975387  0.908648
   25.4977 -0.0947283  0.0626868  0.0129221 -0.330714  0.103169  0.907779
   25.4977 -0.0947283  0.0616215 0.00120422 -0.333324  0.106328  0.910251
   25.4977 -0.0957936  0.0552299 -0.0105137 -0.331538  0.101659  0.912311
   25.4977 -0.0957936  0.0520341 -0.0201011 -0.328837 0.0997359  0.914599
   25.4977 -0.0957936  0.0573605 -0.0275579 -0.334468  0.108617  0.917666
   25.4977 -0.0963262  0.0632194 -0.0291558 -0.344218   0.10555  0.919589
   25.4977 -0.0952609  0.0632194 -0.0312863 -0.356303 0.0941512  0.920642
   25.4977  -0.089402   0.059491 -0.0296884 -0.367335 0.0918624  0.919955
   25.4977 -0.0782167  0.0557626 -0.0243621 -0.369533 0.0906264   0.91373
   25.4977 -0.0680967  0.0515015 -0.0185032 -0.373469 0.0898024  0.909793
   25.4977  -0.0542482   0.0429794 -0.00998105 -0.380153 0.0897109  0.912265
   25.4978  -0.0414651   0.0365878 -0.00305684 -0.380382 0.0850875  0.912082
   25.4978 -0.0302798  0.0285983 0.00120422  -0.37672 0.0822493  0.913089
   25.4978 -0.0158987  0.0238046 0.00599791 -0.374339 0.0867354  0.920642
   25.4979 -0.00790923   0.0248699   0.0118569 -0.374339 0.0931441  0.924487
   25.4979 -0.00418081   0.0248699   0.0123895 -0.374019 0.0944259  0.924899
   25.5956 8.0249e-05  0.0285983  0.0139874 -0.373836 0.0930526  0.931537
   25.5956 0.0059392 0.0296636 0.0166506 -0.374614 0.0905349  0.934833
   25.5956 0.0181897  0.029131  0.020379 -0.374889 0.0893447  0.929522
   25.5956 0.0299077 0.0285983 0.0230421 -0.377269 0.0932357  0.926959
   25.5957 0.0357666 0.0270004  0.020379 -0.378505 0.0969436  0.926867
   25.5961  0.045354 0.0227394 0.0219769 -0.376674 0.0996444   0.92641
   25.5961 0.0522782 0.0238046 0.0273032 -0.373561  0.103673  0.932498
   25.5961 0.0544087 0.0254025 0.0299664 -0.370494  0.107884  0.938998
   25.5961 0.0602677 0.0259352 0.0352927 -0.366649   0.10674    0.9341
   25.5961 0.0661266 0.0296636 0.0427495 -0.363856 0.0995986  0.934421
   25.5961 0.0735835 0.0285983 0.0443474 -0.366649 0.0936019  0.942889
   25.5962 0.0847688  0.029131 0.0454127 -0.368663 0.0867354  0.944308
   25.5962 0.0959541 0.0285983 0.0454127 -0.372645 0.0867354  0.943118
   25.5962  0.107139 0.0227394 0.0438148 -0.376353 0.0924117  0.946002
   25.5962  0.116194 0.0152825  0.040619 -0.374385 0.0897567  0.944629
   25.5962  0.124184 0.0083583 0.0374232 -0.372188 0.0886123    0.9406
   25.5962   0.132706 0.00409724  0.0358253 -0.371547 0.0946547  0.945361
   25.5962   0.139097 0.00090145   0.030499 -0.371135 0.0919539  0.947146
   25.5962     0.14176 -0.00282698   0.0241074 -0.371181 0.0855452  0.943438
   25.5962    0.145489 -0.00762067   0.0177158 -0.376262 0.0865981  0.944812
   25.6968   0.154544  -0.012947 0.00866107 -0.379603 0.0800521  0.946505
   25.6969    0.162533  -0.0209365 0.000138958 -0.375438 0.0738265  0.944308
   25.6969    0.167859  -0.0294586 -0.00678526 -0.373744 0.0813796  0.946277
   25.6969   0.175316 -0.0353175   -0.01584 -0.375575 0.0829818  0.952456
   25.6969   0.183306  -0.039046 -0.0232969 -0.377452  0.072499  0.954013
   25.6969   0.188632 -0.0417091 -0.0312863 -0.381618 0.0697524  0.953326
   25.6969   0.193426  -0.043307 -0.0403411 -0.389033 0.0722243  0.955752
   25.6969   0.198219 -0.0438397 -0.0483306   -0.3959 0.0683333  0.954471
   25.6969   0.205144 -0.0502312 -0.0611137 -0.399654  0.070439  0.952685
   25.6969   0.207274 -0.0566228 -0.0701685 -0.406474 0.0766646  0.954562
   25.6969   0.208339  -0.059286 -0.0834843 -0.409175  0.075154  0.953143
   25.6969   0.211003 -0.0582207 -0.0962675 -0.405101 0.0776259  0.948977
   25.6969   0.207274 -0.0539597  -0.103192 -0.410823  0.086415  0.948565
   25.6969   0.199285 -0.0507639  -0.112246 -0.419612 0.0854079   0.95264
   25.6969   0.199817 -0.0465028  -0.119171 -0.425151 0.0780379  0.952594
    25.697   0.203013 -0.0427744  -0.128225 -0.436595 0.0776717  0.953143
    25.697    0.20248 -0.0411765  -0.136748  -0.45074 0.0760238  0.956393
    25.697   0.205676 -0.0411765  -0.139943 -0.461589  0.074742   0.95415
    25.697   0.207807 -0.0406439  -0.143139 -0.470058 0.0815169  0.951953
    25.697   0.207807 -0.0406439  -0.149531 -0.479304 0.0829818  0.953967
   25.7922   0.208872 -0.0417091  -0.153792  -0.48347 0.0782668   0.95534
   25.7926    0.21047 -0.0401112  -0.156988 -0.484752 0.0828444  0.956851
   25.7927   0.204078 -0.0353175  -0.161249 -0.489009 0.0925032  0.961245
   25.7927   0.193958 -0.0310565   -0.16551  -0.49084 0.0934188  0.962298
   25.7927   0.187034 -0.0235996  -0.169238 -0.491252 0.0902144  0.959277
   25.7927   0.180643 -0.0166754  -0.177228  -0.49203 0.0911757  0.958865
   25.7927   0.176382 -0.0124144  -0.191609 -0.492122 0.0900313  0.960238
   25.7927    0.171055 -0.00602277   -0.203327 -0.491206 0.0871932  0.958362
   25.7927   0.162533 0.00143408  -0.213447 -0.493587 0.0941512  0.958865
   25.7927   0.14975 0.0067604 -0.224632 -0.498668 0.0999648  0.960742
   25.7927   0.136967 0.00782567  -0.233687 -0.502147  0.097264  0.962115
   25.7927  0.132706 0.0083583  -0.23848 -0.508418  0.101704  0.962298
   25.7927   0.127912 0.00942357  -0.240611 -0.513133  0.107655   0.96001
   25.7927   0.118857 0.00409724  -0.244339 -0.513728  0.106694  0.955752
   25.7927    0.114596 -0.00229434   -0.245937 -0.511073 0.0972182  0.949481
   25.7927   0.106074 -0.0102838  -0.245405 -0.507823 0.0887038  0.947467
   25.7927    0.10128 -0.0283933  -0.247535 -0.506724 0.0864608  0.945819
   25.7927   0.107672 -0.0465028  -0.249133 -0.501826 0.0808303  0.942019
   25.7928     0.1114 -0.0640797  -0.249133 -0.490382 0.0777175  0.943347
   25.7928  0.113531 -0.079526 -0.245405 -0.480174 0.0778548  0.947421
   25.7928   0.122053 -0.0912439  -0.241143 -0.476146 0.0743758  0.945865
    25.827  0.136434 -0.102962 -0.241143 -0.472209 0.0680129   0.94385
   25.8972   0.14975 -0.117876 -0.235817 -0.469096 0.0642135  0.946872
   25.8972  0.164131 -0.130659 -0.225164 -0.467586 0.0632064  0.953738
   25.8972  0.176914 -0.137583 -0.216642 -0.467998 0.0594985  0.948108
   25.8972  0.194491 -0.148768 -0.211316  -0.47491 0.0542342  0.932635
   25.8972  0.213666 -0.169008 -0.206522 -0.487315  0.053456  0.922061
   25.8972  0.229112 -0.197238 -0.199065 -0.491847 0.0521285   0.90755
   25.8972  0.245091 -0.224935 -0.193739 -0.490474 0.0538222  0.896792
   25.8972  0.260537 -0.252099 -0.191609 -0.491481 0.0588576  0.891528
   25.8972  0.274386 -0.277665  -0.18575 -0.485072 0.0606887   0.87926
   25.8972  0.286104 -0.295775 -0.179358 -0.478343 0.0670058  0.870242
   25.8972  0.296756 -0.312819 -0.172434 -0.476787 0.0761611  0.869143
   25.8972  0.303148 -0.324537 -0.160183 -0.473033 0.0810592  0.863467
   25.8973  0.305279 -0.330928 -0.144737  -0.46841 0.0835769  0.855182
   25.8973  0.303148 -0.331461 -0.126628 -0.467906 0.0896651  0.856097
   25.8973  0.303148 -0.323472 -0.110649 -0.473399 0.0882918  0.852252
   25.8973   0.310605  -0.314949 -0.0941369 -0.477336  0.084172  0.843692
   25.8973   0.313801  -0.309623 -0.0733643 -0.482234 0.0915877  0.847949
   25.8973   0.310605  -0.304829 -0.0483306 -0.489925  0.094609  0.850512
   25.8973   0.310072  -0.300568 -0.0222316 -0.494182  0.092549  0.842273
   25.8973    0.30954  -0.297373 -0.0025242  -0.49789 0.0977218  0.840304
   25.9964  0.304213 -0.288318 0.0150527 -0.499629  0.106007  0.849963
   25.9964  0.294626 -0.277133 0.0294337 -0.493632  0.105504  0.851336
   25.9964    0.2893  -0.26861 0.0432822 -0.483012  0.100606  0.845569
   25.9964    0.2893  -0.25849 0.0528696 -0.477794  0.105092  0.850787
   25.9965  0.281843 -0.246773 0.0512717 -0.472621  0.107838  0.854449
   25.9965  0.270657 -0.229728 0.0443474 -0.463008  0.105962  0.852298
   25.9965  0.257874 -0.210554 0.0342274 -0.456462  0.111455  0.851108
   25.9965  0.245091 -0.194575 0.0219769 -0.448726  0.110264   0.84772
   25.9965   0.232841  -0.179128 0.00919371 -0.442226  0.111043  0.851474
   25.9965   0.212068  -0.162617 -0.0121116 -0.441035  0.122441  0.864337
   25.9965  0.182773 -0.140779  -0.03608 -0.436732  0.122807  0.868777
   25.9965   0.154011  -0.112017 -0.0547222 -0.426936  0.115437  0.860629
   25.9965   0.133771 -0.0816565 -0.0738969 -0.424235  0.114979  0.859256
   25.9965   0.113531 -0.0544923 -0.0957348 -0.430507   0.11324  0.864474
   25.9965  0.0890298 -0.0273281   -0.11704 -0.431834  0.102254  0.862552
   25.9965   0.0645287 -0.00122908   -0.138345 -0.429729  0.100239  0.857379
   25.9965 0.0448214 0.0190109 -0.162314 -0.433345  0.101521  0.853854
   25.9965 0.0299077 0.0355225 -0.184684 -0.429591 0.0940139  0.852984
   25.9965 0.0133961 0.0552299  -0.20599 -0.422587 0.0950209  0.852206
   25.9965 -0.00844187   0.0744047   -0.225164 -0.422862 0.0970351  0.853122
   26.0967 -0.0286819  0.0946447  -0.241676 -0.417689 0.0892989  0.851199
   26.0967 -0.0435956   0.112222  -0.259253 -0.411372 0.0846755  0.848727
   26.0967 -0.0579767   0.128201  -0.276297 -0.411693 0.0838973  0.853213
   26.0967 -0.0670314   0.146843  -0.289613 -0.412425 0.0787246  0.854678
   26.0967 -0.0744883    0.15643  -0.297602 -0.409679 0.0714461  0.853763
   26.0967 -0.0824777   0.162289  -0.304527 -0.407573 0.0748793  0.854724
   26.0967 -0.0862062   0.168148  -0.308255 -0.405696 0.0784499  0.857333
   26.0967 -0.0872714   0.171344   -0.30719 -0.401301 0.0684707  0.858981
   26.0967 -0.0846083    0.17454  -0.305592  -0.39828 0.0597731  0.858478
   26.0967 -0.0760862   0.174007  -0.299733 -0.396403 0.0549209  0.856692
   26.0967 -0.0654335   0.168148  -0.292809 -0.392467 0.0506179  0.853625
   26.0967 -0.0553135   0.160159  -0.289613 -0.38885 0.051625 0.851291
   26.0968 -0.0451935   0.152169   -0.28695 -0.386699 0.0530898  0.848956
   26.0968 -0.0361387   0.145245  -0.283754 -0.381206 0.0504805  0.849368
   26.0968 -0.0265514   0.138853  -0.281623  -0.37498 0.0528609  0.853808
   26.0968 -0.0206924   0.132462  -0.277895 -0.374385  0.060826  0.854587
   26.0968 -0.0164313   0.128201  -0.270438 -0.375896 0.0638015  0.852252
   26.0968 -0.0100398   0.121809  -0.265645 -0.379558 0.0643508  0.852893
   26.0968 -0.00151765    0.114885   -0.262449 -0.389125 0.0658614  0.854632
   26.0968 0.00860236    0.10583  -0.257122 -0.402904 0.0670516    0.8539
   26.1963  0.014994 0.0925142   -0.2486 -0.413478 0.0685622  0.854632
   26.1963 0.0219182 0.0770679 -0.242209 -0.420711 0.0676009  0.856418
   26.1963 0.0336361 0.0610889 -0.239546 -0.428722 0.0639388  0.854541
   26.1963 0.0448214 0.0467078 -0.231023 -0.437923 0.0632064  0.855365
   26.1963 0.0538761 0.0349899 -0.218773 -0.446162 0.0660903  0.859668
   26.1963 0.0608003 0.0254025 -0.209718 -0.451427 0.0708968  0.861682
   26.1964 0.0682572 0.0110215 -0.200131 -0.456508 0.0730483  0.864474
   26.1964   0.0773119 -0.00229434   -0.190543 -0.461589 0.0693404  0.866717
   26.1964  0.0900951 -0.0134796  -0.183087 -0.463145  0.067784  0.862826
   26.1964   0.102346 -0.0241323   -0.17776 -0.460811 0.0722243  0.859576
   26.1964   0.109802 -0.0326544  -0.178293 -0.461314 0.0805098  0.862094
   26.1964  0.116194 -0.043307 -0.182554 -0.462047  0.085591  0.862323
   26.1964   0.116727 -0.0528944  -0.188413 -0.455455 0.0848128  0.858615
   26.1964   0.114596 -0.0544923  -0.198533 -0.452525 0.0905349  0.861865
   26.1964   0.114064 -0.0560902  -0.211316 -0.450969 0.0958907  0.866992
   26.1964   0.107139 -0.0582207  -0.220903 -0.445659 0.0948836  0.860263
   26.1964   0.101813 -0.0566228  -0.233687 -0.444652 0.0972182  0.855777
   26.1964   0.103411 -0.0523618  -0.250731 -0.443828 0.0981337  0.862185
   26.1964   0.104476 -0.0486333  -0.264047 -0.442042 0.0961196  0.863696
   26.1964   0.102346 -0.0443723  -0.275765 -0.443507  0.103718  0.862689
   26.2961  0.0996825 -0.0406439  -0.282156 -0.444835  0.116353  0.867999
   26.2961  0.0986172 -0.0385133  -0.286417 -0.444377  0.120564  0.871844
   26.2961  0.0980846 -0.0353175  -0.291744 -0.439754  0.112141  0.868365
   26.2961  0.0986172 -0.0342523  -0.292809 -0.433299  0.102391  0.864062
   26.2961  0.0996825 -0.0321217  -0.296005 -0.431468  0.101063  0.863238
   26.2962   0.108737 -0.0294586  -0.303461 -0.429545 0.0986373  0.864749
   26.2962  0.116727 -0.028926 -0.307722 -0.421306 0.0907637  0.864657
   26.2962   0.120455 -0.0283933   -0.30719 -0.414989 0.0853164  0.863055
   26.2962   0.127912 -0.0251975  -0.309853 -0.410869 0.0871016  0.859302
   26.2962   0.135901 -0.0225344  -0.315712 -0.403499 0.0948378  0.864108
   26.2962   0.142293 -0.0166754  -0.321571 -0.397044 0.0981795  0.874362
   26.2962     0.14975 -0.00549014   -0.324234 -0.388942 0.0938765  0.871432
   26.2962   0.155076 0.00356461  -0.326897 -0.386241  0.103535  0.870837
   26.2962  0.155609 0.0104888 -0.332224  -0.3894 0.117222 0.875186
   26.2962  0.158272 0.0147499 -0.334354 -0.385326  0.113515  0.871844
   26.2962  0.165196 0.0179457 -0.334887 -0.379558   0.11237    0.8707
   26.2962  0.172653 0.0211415 -0.334354 -0.380336  0.119191  0.877246
   26.2962  0.171055 0.0243373 -0.335419 -0.381572  0.119328  0.881183
   26.2962  0.167327 0.0301962 -0.338615 -0.377727  0.120015   0.88164
   26.2962  0.169457 0.0360552 -0.339148 -0.376582  0.120473  0.883838
   26.2962  0.175316 0.0371204 -0.338615 -0.382762  0.113331  0.884753
   26.2962  0.183838 0.0355225 -0.336485 -0.384593  0.109761  0.886355
   26.2962  0.187034 0.0349899 -0.330626 -0.38441 0.120381 0.891574
   26.3974  0.186502 0.0339247 -0.323701 -0.384868  0.122761  0.889743
   26.3974  0.193958  0.033392 -0.316245 -0.379787  0.113057  0.882098
   26.3974  0.208339 0.0344573 -0.306125 -0.379466   0.11237  0.877887
   26.3974  0.218459 0.0360552  -0.29707 -0.386607   0.11237  0.875277
   26.3974  0.222721 0.0349899 -0.293341 -0.389262  0.113698  0.874087
   26.3975  0.228047 0.0264678  -0.28695 -0.388667    0.1218  0.875964
   26.3975  0.235504 0.0195436 -0.280026 -0.392146  0.125279   0.87926
   26.3975  0.239765 0.0168804 -0.277895  -0.3959 0.126607 0.881778
   26.3975   0.24083 0.0163478 -0.273634 -0.394298  0.136998  0.881091
   26.3975  0.241363 0.0126194 -0.269373 -0.394252  0.151921   0.87157
   26.3975  0.240297 0.0067604 -0.266177 -0.3959 0.16103 0.86365
   26.3975   0.232841 0.00143408  -0.262449 -0.397822  0.168858   0.86539
   26.3975    0.226449 -0.00442487   -0.258188 -0.398646  0.176549    0.8642
   26.3975    0.222188 -0.00335961    -0.25659 -0.393199  0.174306  0.859576
   26.3975    0.214198 -0.00229434   -0.253927 -0.392787  0.173482  0.857562
   26.3975    0.208339 -0.00762067   -0.249666 -0.396495  0.176594  0.857242
   26.3975   0.205676 -0.0156101  -0.254459 -0.396907    0.1684  0.857745
   26.3975   0.206209 -0.0188059  -0.264047 -0.392238  0.160481  0.860217
   26.3975   0.211003 -0.0177407  -0.273634 -0.384593  0.160481  0.865207
   26.3975   0.215796 -0.0150775  -0.286417 -0.383723  0.160435  0.865802
   26.4969   0.216329 -0.0113491  -0.305592 -0.388576  0.162083  0.866031
    26.497    0.215264 -0.00868593   -0.326365 -0.392512  0.166386  0.874591
    26.497    0.215264 -0.00176171   -0.350333 -0.390315  0.170323  0.882556
    26.497   0.214198 0.00143408  -0.381758 -0.387752  0.171971  0.884616
    26.497     0.215264 -0.000696446    -0.414249 -0.393108  0.175404  0.886264
    26.497   0.221655 0.00729304   -0.44887 -0.39178 0.179936 0.887408
    26.497  0.225916 0.0184783 -0.482958 -0.392879     0.189   0.88631
    26.497  0.224318 0.0270004 -0.511721 -0.40446 0.202138  0.89075
    26.497  0.217394 0.0365878 -0.536754 -0.407069  0.208546  0.898715
    26.497  0.212068 0.0456426 -0.568712 -0.40771  0.20786 0.895419
    26.497  0.216329 0.0573605 -0.601203 -0.408763  0.199986   0.88544
    26.497  0.225384  0.069611 -0.623573 -0.413341  0.192113  0.881869
    26.497  0.232841 0.0749373  -0.64914 -0.423549  0.190785  0.882968
    26.497  0.237634 0.0765352 -0.678435 -0.427257  0.194905  0.895007
    26.497  0.244558 0.0845247  -0.70187 -0.425197  0.187215  0.909564
    26.497  0.263201 0.0962426 -0.722643 -0.42625 0.159886 0.910159
    26.497  0.294626  0.103167 -0.746611 -0.431697  0.141576  0.913135
    26.497  0.330845  0.110091 -0.768982 -0.439342  0.136128  0.920825
    26.497  0.365999  0.112754 -0.789755 -0.450557  0.132008  0.921466
    26.497  0.398489  0.107428 -0.811593 -0.46136 0.135258 0.919772
    26.597  0.427251 0.0994384 -0.833963 -0.466945   0.14034  0.914508
   26.5971  0.458144 0.0919816 -0.858464 -0.461269  0.136449  0.905536
   26.5971  0.485308 0.0909163 -0.882433 -0.453899  0.139516  0.901919
   26.5971 0.505016  0.09571 -0.90214 -0.454265  0.159978  0.906039
   26.5971  0.518331  0.105297 -0.919717 -0.452525  0.172932  0.906634
   26.5971  0.526854  0.114352 -0.934631 -0.451747  0.169453  0.898395
   26.5974    0.5423  0.120744 -0.945816 -0.459346  0.167393   0.89606
   26.5974  0.559344  0.125537 -0.955936 -0.470424  0.165837  0.898028
   26.5974  0.576388  0.124472 -0.963393 -0.477794  0.163136  0.891437
   26.5974  0.596096  0.122874 -0.969252 -0.488505  0.173161  0.887774
   26.5974  0.609412  0.122874 -0.971915 -0.502376  0.183324  0.889651
   26.5974  0.617934  0.122874 -0.968719 -0.507548  0.183644  0.887958
   26.5974   0.62326   0.12607 -0.964458 -0.50883 0.191197 0.886172
   26.5974   0.62326  0.137788 -0.956469 -0.51469 0.202824 0.889972
   26.5974   0.62326  0.152702 -0.941022 -0.523479  0.200078  0.892306
   26.5974   0.62326  0.167615 -0.921847 -0.531993  0.191197   0.88956
   26.5974 0.622195 0.182529 -0.90001 -0.541423  0.189412   0.89725
   26.5974  0.621129  0.197443 -0.875508 -0.552501  0.181035  0.905993
   26.5974  0.621129  0.211824 -0.852073 -0.564036  0.166341  0.901095
   26.5974  0.621662  0.217683 -0.827572 -0.575435  0.159062  0.896747
   26.6978  0.628054  0.220879 -0.799342 -0.58958 0.147206 0.896106
   26.6978  0.634445  0.224074 -0.772178 -0.590953  0.132695  0.891345
   26.6978  0.631782  0.226738 -0.748209 -0.582164  0.136357  0.892306
   26.6978  0.622195  0.219813 -0.730632 -0.588023  0.137135  0.894504
   26.6978  0.612607  0.207563 -0.716251 -0.583537  0.113606  0.886859
   26.6978  0.606748  0.206497 -0.702936 -0.564998 0.0924117    0.8875
   26.6978    0.5929  0.205965 -0.696011 -0.555339 0.0830733  0.897662
   26.6978  0.574258  0.205432 -0.693348 -0.544353 0.0706679  0.905719
   26.6979   0.55455  0.207563 -0.692283 -0.535152 0.0558364  0.909244
   26.6979  0.542832  0.207563 -0.692283 -0.528651 0.0425155   0.91112
   26.6979  0.543365  0.209693 -0.691218 -0.529292 0.0280959  0.913318
   26.6979 0.542832 0.213954 -0.68962 -0.534831 0.0200393  0.913318
   26.6979  0.541767  0.216085 -0.689087 -0.536296  0.021733  0.917026
   26.6979  0.5423 0.21502 -0.6795 -0.544398 0.0339553  0.922015
   26.6979  0.539637  0.209693 -0.664586 -0.551036 0.0444838  0.923297
   26.6979 0.536441 0.205432 -0.65926 -0.557902 0.0481459  0.915606
   26.6979  0.532712  0.199041 -0.648607 -0.565867 0.0513961  0.903842
   26.6979  0.527386  0.184127 -0.631563 -0.563075 0.0537307  0.900226
   26.6979  0.524723  0.167083 -0.612921 -0.557994 0.0550582  0.899173
   26.6979  0.520995  0.151636 -0.589485 -0.552318 0.0579421  0.900363
   26.6979  0.516201  0.142582 -0.562321 -0.546367 0.0695235  0.902926
   26.6979  0.51194 0.140451 -0.52983 -0.546916 0.0755202  0.898257
   26.6979  0.506081  0.139386 -0.495209 -0.550944 0.0721785   0.89606
   26.7978 0.501287  0.13406 -0.45686 -0.556758 0.0714461  0.893771
   26.7978  0.498624  0.128201 -0.415314 -0.561748 0.0742385  0.885531
   26.7978  0.492765  0.122874 -0.375899 -0.568523 0.0764815  0.875827
   26.7979  0.485308   0.11595 -0.337017 -0.576121 0.0795943  0.869464
   26.7979 0.474656 0.104232 -0.29707 -0.577174 0.0814711  0.864566
   26.7979  0.462405 0.0871879 -0.260851 -0.570445 0.0810134  0.857196
   26.7979  0.448024 0.0706763 -0.230491 -0.560512 0.0891616   0.85889
   26.7979  0.426186 0.0605563 -0.200131 -0.554561 0.0974471  0.863925
   26.7979  0.401152 0.0515015 -0.172967 -0.546825 0.0947921  0.863879
   26.7979  0.379314 0.0408489 -0.151661 -0.540553 0.0953414  0.867587
   26.7979  0.355879 0.0355225 -0.128225 -0.539226  0.100651  0.875735
   26.7979  0.332443 0.0312615 -0.108518 -0.540507  0.104542  0.879718
   26.7979   0.312735  0.0259352 -0.0898759 -0.545772  0.109395  0.879031
   26.7979   0.289832  0.0216741 -0.0717664 -0.555934   0.11562  0.880313
   26.7979  0.269592 0.0158152 -0.057918 -0.566005  0.114384  0.873858
    26.798   0.247222 0.00516251 -0.0440695 -0.570674  0.115391  0.862323
    26.798    0.217394 -0.00921856  -0.0323516 -0.575389  0.125691  0.863147
    26.798    0.19023  -0.023067 -0.0254274 -0.576854    0.1283  0.865252
    26.798   0.166794 -0.0347849 -0.0211663 -0.572963  0.128438  0.862002
   26.8971   0.144424 -0.0438397 -0.0179705 -0.566279  0.133794   0.86539
   26.8972   0.123118 -0.0507639 -0.0169053 -0.555934  0.139744  0.871478
   26.8972   0.103411 -0.0539597   -0.01584 -0.543025  0.146611  0.871753
   26.8972  0.0799751 -0.0518291 -0.0174379 -0.532863  0.155629  0.871798
   26.8972  0.0458866 -0.0454376  -0.021699 -0.524486  0.157002  0.866992
   26.8972  0.0144613 -0.0363828 -0.0296884 -0.510936  0.150914  0.859439
   26.8972  -0.011105 -0.0251975 -0.0408737 -0.504664   0.15833  0.863742
   26.8972 -0.0414651 -0.0134796 -0.0488632 -0.507548  0.171467  0.871982
   26.8972   -0.0776841 -0.000696446   -0.0541895 -0.501185  0.166295  0.868777
   26.8972  -0.110175  0.0115541 -0.0611138 -0.491527   0.15453  0.861087
   26.8972  -0.129882  0.0216741 -0.0659074 -0.491115  0.151509  0.865664
   26.9311  -0.143198  0.0360552 -0.0637769 -0.492671  0.152791  0.869189
   26.9312 -0.160775 0.0504363 -0.062179 -0.490886  0.155354  0.865252
   26.9312  -0.181015  0.0573605 -0.0643095 -0.489101  0.154439  0.865481
   26.9312  -0.196994  0.0562952 -0.0648422 -0.484569  0.143178  0.862781
   26.9312  -0.204451  0.0562952 -0.0659074 -0.47079 0.133519 0.860766
   26.9312  -0.207646  0.0637521 -0.0664401 -0.45811 0.140202 0.862277
   26.9312 -0.212973 0.0738721 -0.062179 -0.452342  0.149357  0.860309
   26.9312  -0.220962  0.0829268 -0.0552548 -0.446483  0.147206  0.856784
   26.9312 -0.231615 0.0893184   -0.0462 -0.443919  0.147618  0.851474
   26.9313  -0.235343  0.0973079 -0.0334169 -0.448268  0.146794  0.843646
   26.9977  -0.231615   0.102634 -0.0222316 -0.452479  0.142354  0.837558
   26.9977  -0.226288   0.099971 -0.0126442 -0.454906  0.147893  0.831698
   26.9977  -0.219897  0.0935795 0.00120422 -0.456462  0.154576  0.827487
   26.9977 -0.215636 0.0839921 0.0134548 -0.456737  0.154942  0.830325
   26.9977 -0.209777   0.07547 0.0198463 -0.455089  0.153569  0.836413
   26.9977 -0.204983 0.0669478   0.02464 -0.448131   0.15247  0.840075
   26.9977 -0.203385 0.0552299 0.0267706 -0.440211  0.144414  0.844012
   26.9978 -0.195928 0.0440447 0.0262379 -0.437099  0.130635    0.8501
   26.9978 -0.183678 0.0365878 0.0241074 -0.433528  0.122304  0.855319
   26.9978  -0.17196 0.0270004 0.0214442 -0.430965  0.117177  0.855456
   26.9978 -0.158644 0.0184783 0.0177158 -0.43275 0.114659 0.848544
   26.9978  -0.143198  0.0104888 0.00812844 -0.436458  0.120061  0.839618
   26.9978  -0.126686 -0.0065554 -0.0025242 -0.442409  0.124776  0.831973
   26.9978  -0.112305  -0.023067 -0.0126442 -0.445247  0.129719  0.826983
   26.9978  -0.106979 -0.0369154  -0.021699 -0.445933  0.142811  0.827716
   26.9978  -0.103783 -0.0481007 -0.0296884 -0.442775  0.156316  0.831057
   26.9978  -0.100055 -0.0528944 -0.0323516 -0.44044 0.166798 0.830462
   26.9978  -0.100055 -0.0507639 -0.0296884 -0.447261   0.17339  0.830646
   26.9978  -0.102718 -0.0475681 -0.0270253 -0.456874  0.177785  0.828128
   27.0936  -0.110175 -0.0465028 -0.0227642 -0.463924  0.178014   0.82062
   27.0937  -0.120295 -0.0465028 -0.0195684 -0.466029  0.173436  0.819476
   27.0937  -0.125621 -0.0496986 -0.0131768 -0.466167  0.169911  0.819797
   27.0937   -0.127751  -0.0544923 -0.00305684 -0.464656  0.160298  0.817462
   27.0937  -0.132545 -0.0614165 0.00386738 -0.457378  0.145512   0.81998
   27.0937  -0.133078 -0.0683407   0.010259 -0.448268  0.133153  0.822864
   27.0937  -0.128817 -0.0683407  0.0177158 -0.439433  0.127614  0.822452
   27.0937  -0.124556 -0.0662102  0.0283685 -0.434947  0.128758  0.828631
   27.0937  -0.120827 -0.0688734   0.040619   -0.436 0.129719  0.83797
   27.0939  -0.117631 -0.0710039  0.0528696 -0.435817  0.125737  0.836047
   27.0939 -0.112305 -0.075265 0.0651201 -0.431605  0.123402  0.829776
   27.0939  -0.103783 -0.0837871  0.0741748 -0.427119   0.13091  0.835086
   27.0939 -0.0915325 -0.0912439  0.0795012 -0.423411  0.138097   0.83797
   27.0939 -0.0862062  -0.099766   0.082697 -0.414851  0.145375  0.834033
   27.0939 -0.0851409  -0.108821  0.0874906 -0.405055  0.158925  0.838473
    27.127 -0.0851409  -0.110951   0.097078 -0.398601  0.168812  0.841815
    27.127 -0.089402 -0.110419  0.104002 -0.395442  0.179204  0.839984
    27.127 -0.0963262  -0.108288   0.109329 -0.393153  0.188542  0.843005
   27.1271 -0.10112 -0.10456  0.11572 -0.386287  0.183964  0.843142
   27.1271 -0.105381 -0.103494  0.119449 -0.385005  0.174855  0.838153
   27.1271 -0.110707 -0.101364  0.122644 -0.38528 0.172841 0.840075
      27.2 -0.115501 -0.103494   0.12371 -0.379375  0.170552  0.846393
   27.2001 -0.119762 -0.107756   0.12371 -0.372371  0.157872  0.844699
   27.2001 -0.119762 -0.107223  0.122112 -0.368205  0.148213   0.84035
   27.2001 -0.120827  -0.10456  0.116253 -0.368526  0.146657  0.848224
   27.2001 -0.119229 -0.100831  0.113057 -0.36967 0.141713 0.863421
   27.2001   -0.11337 -0.0944397   0.114122 -0.369212   0.13567  0.872348
   27.2001  -0.110175 -0.0869829   0.114655 -0.374477  0.141118  0.875644
   27.2001 -0.110707 -0.079526  0.119449 -0.387248  0.144459  0.878436
   27.2001  -0.106446 -0.0784608    0.12584 -0.396083  0.132558  0.874545
   27.2001 -0.0941957 -0.0816565   0.134362 -0.40359 0.125508 0.868045
   27.2001 -0.0803472 -0.0864502   0.145015 -0.409404   0.13091  0.869739
   27.2001 -0.0696946 -0.0971029   0.158331 -0.408076  0.135762  0.870013
   27.2001 -0.0649009  -0.107223   0.170581 -0.401851  0.138051  0.864062
   27.2001 -0.0649009  -0.113614   0.182832 -0.391048  0.142445   0.86571
   27.2002 -0.0659661  -0.117876   0.195615 -0.379512   0.13654  0.874728
   27.2002 -0.0654335  -0.113614   0.204137 -0.37054 0.129307 0.876101
   27.2002 -0.0617051   -0.10669    0.21692 -0.366099  0.136449  0.876559
   27.2002 -0.0654335  -0.103494   0.228106 -0.364635   0.13773  0.881595
   27.2002 -0.0659661  -0.095505   0.233965 -0.364863  0.126103  0.884387
   27.2002 -0.0611725 -0.0891134   0.244617 -0.367335  0.121297  0.884433
   27.2971 -0.0595746 -0.0843197     0.2574 -0.373515  0.123357  0.886172
   27.2971 -0.0563788 -0.0811239   0.266988 -0.379237   0.12061  0.885394
   27.2971 -0.0547809 -0.0816565    0.27764 -0.381389  0.117589  0.882327
   27.2971 -0.0489219 -0.0805913    0.28776 -0.385188  0.117406  0.888598
   27.2972 -0.0435956 -0.0779281   0.292554 -0.38354 0.110951 0.897708
   27.2972 -0.0403998 -0.0710039   0.297348 -0.378596  0.105275  0.903338
   27.2972 -0.0345408 -0.0630144   0.304805 -0.381984  0.110814  0.909701
   27.2972 -0.0308124 -0.0582207   0.310664 -0.390727   0.11118  0.914691
   27.2972 -0.0260187 -0.0507639   0.312261 -0.39677 0.104176 0.916751
   27.2972 -0.0190945 -0.0459702   0.312794 -0.402354  0.107747  0.917026
   27.2972 -0.0121703 -0.0449049   0.315457 -0.411418  0.113057  0.913501
   27.2972 -0.00950713  -0.0454376    0.313859 -0.42007 0.112965 0.912631
   27.2972 -0.00684397  -0.0523618    0.309598 -0.424739  0.115575  0.914462
   27.2972 -0.00418081  -0.0646123    0.306402 -0.425334  0.114842  0.914462
   27.2972 -0.00577871  -0.0715365    0.307468 -0.424098  0.108571  0.917849
   27.2972 -0.00418081  -0.0710039    0.309598 -0.426845   0.11118  0.921557
   27.2972 -0.00151765  -0.0726018    0.310664 -0.432567  0.117085  0.918353
   27.2972 0.000612881   -0.075265    0.313327 -0.441997  0.113835  0.913821
   27.2972 0.00221078 -0.0789934   0.317055 -0.455134  0.111867  0.913867
   27.2972  0.0075371 -0.0875155   0.322381 -0.46516 0.116032 0.916247
   27.3971  0.0117982 -0.0960376   0.328773 -0.473262  0.118733  0.917117
   27.3971 0.0133961 -0.104027  0.333034 -0.481135  0.120976  0.918948
   27.3971 0.0224508 -0.109353  0.336763 -0.484294  0.123128  0.919909
   27.3971 0.0267119 -0.110419  0.343154 -0.483058  0.118687  0.919726
   27.3971 0.0267119 -0.109353  0.347948 -0.482234  0.116948  0.923526
   27.3971 0.0341687 -0.109886  0.347948 -0.482646   0.11855  0.926089
   27.3971 0.0368319  -0.10456  0.343154 -0.483745  0.111821  0.920871
   27.3971  0.0373645 -0.0939071   0.336763 -0.490062  0.104954  0.914691
   27.3972  0.0400277 -0.0912439   0.326643 -0.497111  0.102208  0.914233
   27.3972  0.0421582 -0.0928418   0.312794 -0.501323 0.0985915  0.913272
   27.3972  0.0480171 -0.0901787    0.29575 -0.508922  0.102574  0.915469
   27.3972  0.0474845 -0.0875155   0.278173 -0.515239  0.114751  0.924579
   27.3972  0.0416256 -0.0875155   0.260596 -0.515788   0.11855  0.925265
   27.3972  0.0405603 -0.0869829   0.245682 -0.518123  0.115895  0.917392
   27.3972  0.0400277 -0.0880481   0.233965 -0.519633  0.121983  0.915515
   27.3972  0.0341687 -0.0816565   0.221181 -0.521693  0.127156  0.916568
   27.3972  0.0261792 -0.0741997   0.209463 -0.529246  0.125142  0.908099
   27.3972  0.0181897 -0.0699386   0.200941 -0.536571  0.128392  0.899218
   27.3972  0.009135 -0.069406  0.195082 -0.544765  0.132466  0.896197
   27.3972 0.00327604 -0.0699386   0.186028 -0.548518  0.131413  0.887866
   27.4979 -0.0089745 -0.0678081   0.174842 -0.551539  0.131139  0.883151
    27.498 -0.0281493 -0.0683407   0.163657 -0.557262    0.1283  0.886172
    27.498 -0.0425303 -0.0630144   0.149276 -0.557811   0.11768  0.888965
    27.498 -0.0526503 -0.0539597   0.134895 -0.559825  0.113057  0.894595
    27.498 -0.0601072  -0.043307   0.121579 -0.570537  0.114384  0.903064
    27.498 -0.0691619 -0.0273281   0.107731 -0.581798  0.106694  0.902514
    27.498 -0.079282 -0.012947 0.0949475 -0.590037 0.0936477  0.897021
    27.498  -0.0824778 -0.00335961   0.0779033 -0.601848 0.0876967  0.898623
    27.498 -0.0819451 0.00303198  0.0603264 -0.612971 0.0838057  0.896243
    27.498  -0.083543 0.00462988   0.046478 -0.614757 0.0822493  0.884204
    27.498 -0.0840756 0.00462988  0.0368906 -0.614665 0.0954787  0.875186
    27.498 -0.0872714 0.00196671  0.0283685 -0.612147 0.0987288  0.868045
    27.498 -0.0909999 0.00196671   0.020379 -0.600291  0.085179  0.859622
   27.4981 -0.0878041  0.0110215  0.0187811 -0.588161 0.0872847  0.858981
   27.4981 -0.0840756  0.0211415  0.0161179 -0.578731 0.0959365  0.865573
   27.4981 -0.0851409  0.0301962  0.0150527 -0.570079 0.0885665   0.86777
   27.4981 -0.0867388  0.0387183  0.0171832 -0.561519 0.0800521  0.864428
   27.4981 -0.0856735  0.0429794  0.0182485 -0.554378 0.0731398  0.864154
   27.4981 -0.0750209  0.0461752  0.0198463 -0.547923 0.0598189  0.863559
   27.4981 -0.0601072  0.0483057  0.0161179 -0.539363 0.0560195  0.862414
   27.5933 -0.0515851   0.049371   0.010259  -0.53062 0.0646254  0.864154
   27.5937 -0.0435956  0.0541647 0.00706318 -0.519725 0.0621993  0.864154
   27.5937 -0.0313451  0.0589584 0.00280212 -0.512767  0.056111  0.862369
   27.5937  -0.0206924   0.0621542 -0.00358947 -0.510982 0.0578505  0.863147
   27.5937 -0.0164313  0.0669478 -0.0131768 -0.512263 0.0569808  0.862552
   27.5937 -0.0105724  0.0749373 -0.0222316 -0.516429 0.0568892  0.854037
   27.5937 -0.00311554   0.0791984  -0.0355474 -0.519633 0.0611007  0.846896
   27.5937 0.00487394  0.0807963 -0.0509937 -0.523158 0.0610549  0.844012
   27.5937  0.0139287  0.0813289 -0.0616464 -0.524486 0.0602309  0.843234
   27.5937  0.0187224  0.0818615 -0.0738969 -0.525264  0.072911  0.846301
   27.5937  0.0197876  0.0839921 -0.0808211 -0.528102  0.079457  0.846942
   27.5937 0.0165918   0.08559 -0.088278 -0.529704 0.0757033  0.845935
   27.5937  0.0155266  0.0887858 -0.0978654 -0.530162 0.0704848  0.843783
   27.5937 0.0197876 0.0925142 -0.105322 -0.530162 0.0638015  0.841861
   27.5938 0.0224508 0.0962426 -0.114377 -0.530849 0.0640303  0.842456
   27.5938 0.0267119 0.0994384 -0.121301 -0.534968 0.0637099  0.840716
   27.6271  0.029375 0.0978405 -0.129291 -0.538585  0.060826  0.839068
   27.6271 0.0320382 0.0967753 -0.133019 -0.534968 0.0637557  0.838794
   27.6271 0.0347013 0.0973079 -0.133019 -0.526179 0.0653121  0.836917
   27.6271 0.0373645  0.101036 -0.135682 -0.520686 0.0648085  0.840121
   27.6271 0.0416256  0.106363 -0.134084 -0.519038  0.073918   0.84415
   27.6997 0.0426908  0.114352 -0.132486 -0.516841 0.0836684  0.842135
   27.6997 0.0400277  0.124472 -0.130356 -0.514964 0.0856826  0.844928
   27.6997 0.0347013  0.129798 -0.123964 -0.515513 0.0828902  0.845935
   27.6997 0.0341687  0.133527 -0.116508 -0.518535 0.0788619  0.835956
   27.6997 0.0384298  0.132994 -0.109051 -0.522883 0.0820662   0.83092
   27.6997  0.0405603   0.131929 -0.0999959 -0.527049 0.0902602  0.835772
   27.6997  0.0426908   0.130864 -0.0904085 -0.52888 0.092549 0.835086
   27.6997 0.0464193  0.130864 -0.078158 -0.526866 0.0912673  0.829181
   27.6997  0.0480171   0.132994 -0.0595159 -0.525584 0.0932814  0.826663
   27.6997  0.0528108   0.137788 -0.0451348 -0.527003  0.094609  0.824237
   27.6997   0.055474   0.139918 -0.0286232 -0.527827 0.0916793  0.822131
   27.6997  0.0565393    0.13619 -0.0142421 -0.526958 0.0907637  0.821673
   27.6998   0.0629309    0.131929 -0.00625263 -0.523936 0.0916335  0.820346
   27.6998  0.0687898   0.129266 0.00706318 -0.521602 0.0919997   0.81705
   27.6998 0.0687898  0.125005 0.0161179 -0.521419 0.0962111  0.816134
   27.6998 0.0623982  0.121276  0.020379  -0.51794 0.0972182  0.813983
   27.6998 0.0576045  0.116483  0.020379 -0.508418 0.0930068  0.806704
   27.6998 0.0560066  0.110624 0.0118569 -0.503337 0.0959823  0.807391
   27.6998  0.0506803   0.110091 0.00226949 -0.503886  0.107243  0.818881
   27.6998   0.0400277    0.110624 -0.00678526 -0.501506  0.112691  0.821353
   27.7979  0.0288424   0.113287 -0.0153074 -0.499995  0.116032  0.814807
   27.7979  0.0139287   0.120211 -0.0232969 -0.505992  0.121617  0.815585
   27.7979 -0.00151765    0.123407  -0.0296884 -0.514094  0.122945  0.817187
   27.7979 -0.0105724   0.122342   -0.03608 -0.524211  0.129948  0.812381
   27.7979 -0.0249535   0.120744 -0.0398085 -0.539409  0.140065  0.808124
   27.7979 -0.0388019   0.116483 -0.0355474 -0.546229  0.133931  0.803592
   27.7979  -0.047324   0.110091 -0.0312863 -0.544627  0.121251  0.794803
    27.798 -0.0563788   0.101569 -0.0307537 -0.544856   0.12299  0.794711
    27.798  -0.063303  0.0973079 -0.0312863 -0.540324  0.126607  0.803912
    27.798 -0.0696946  0.0919816   -0.03608 -0.529384  0.123585  0.803683
    27.798 -0.0803472  0.0866552 -0.0430043 -0.516978   0.12473  0.806247
    27.798 -0.0925978   0.089851 -0.0483306 -0.508235   0.12592  0.821078
    27.798  -0.104316  0.0973079 -0.0541895 -0.501781  0.119786  0.826846
    27.798  -0.112838   0.106363 -0.0605811 -0.496699  0.119786  0.821216
    27.798   -0.12136   0.113819 -0.0675053 -0.501552  0.121663  0.817782
    27.798   -0.13148   0.114352 -0.0792232 -0.508281  0.114659  0.814029
    27.798  -0.136806   0.109558 -0.0930717 -0.51002 0.111272 0.812243
    27.798 -0.143198  0.103167 -0.105322 -0.512034   0.11562  0.814441
    27.798 -0.150122 0.0978405 -0.117573 -0.51263 0.117406 0.812838
    27.798 -0.158644 0.0935795 -0.127693 -0.513087  0.112462   0.81261
   27.8973 -0.162905 0.0903837 -0.136748 -0.515285  0.110905  0.821032
   27.8974 -0.160775 0.0925142 -0.142606 -0.516017  0.109578  0.829593
   27.8974 -0.160775 0.0946447 -0.140476 -0.515468  0.107289  0.830188
   27.8974 -0.162373 0.0903837  -0.13728 -0.516154  0.112782  0.830417
   27.8974 -0.162905 0.0823942 -0.131954 -0.521602  0.113286  0.829226
   27.8974 -0.157579 0.0770679 -0.125562 -0.522929  0.102894  0.825473
   27.8974 -0.144796 0.0669478 -0.117573 -0.516978  0.100102  0.823916
   27.8974 -0.130947 0.0557626 -0.104257 -0.511668  0.100651  0.823642
   27.8974  -0.124023  0.0461752 -0.0930717 -0.504436 0.0970351  0.823092
   27.8974  -0.115501   0.033392 -0.0866801 -0.491664 0.0996444  0.820712
   27.8974  -0.109642  0.0275331 -0.0845496 -0.476787  0.103261  0.819659
   27.8975 -0.107511  0.029131 -0.082419 -0.465938 0.0992324  0.822223
   27.8975 -0.102718 0.0317941 -0.082419 -0.456508  0.100194   0.82886
   27.8975  -0.099522  0.0355225 -0.0850822 -0.450282  0.108754   0.83504
   27.8975 -0.0979241  0.0397836 -0.0856148 -0.45193 0.109166 0.833346
   27.8975 -0.0941957  0.0424468 -0.0872127 -0.454677  0.106785  0.828998
   27.8975 -0.0872714  0.0440447 -0.0904085 -0.457835  0.108205  0.823047
   27.8975 -0.0824777  0.0413815 -0.0941369 -0.463237   0.11118  0.816775
   27.8975 -0.0787493  0.0381857  -0.098398 -0.466533  0.118779  0.817187
   27.8975  -0.079282  0.0371204 -0.0989306 -0.468501  0.125142  0.819568
   27.9968 -0.0840756  0.0339247  -0.102659 -0.471248  0.125874  0.817965
   27.9968 -0.083543 0.0339247  -0.10479 -0.472026  0.127385  0.818011
   27.9969 -0.079282 0.0413815 -0.102659 -0.473262  0.129262  0.824786
   27.9969 -0.079282 0.0488384 -0.102126  -0.4761 0.131184 0.826159
   27.9969 -0.0808799  0.0520341 -0.0994633 -0.475459  0.134434  0.820666
   27.9969 -0.0830104  0.0584257 -0.0936043 -0.47729 0.139424 0.821902
   27.9969 -0.0803472  0.0674805  -0.088278 -0.481547  0.140614  0.822131
   27.9969 -0.0755535  0.0717415 -0.0845496 -0.486217  0.138875  0.818011
   27.9969  -0.073423  0.0738721 -0.0792232 -0.492351  0.141392  0.819797
   27.9969 -0.0691619  0.0728068 -0.0749622 -0.491756  0.139699  0.821307
   27.9969 -0.0643683   0.069611 -0.0707011 -0.485896  0.131276  0.816272
   27.9969 -0.057444 0.0685457 -0.068038 -0.479213    0.1283   0.81705
   27.9969 -0.0515851  0.0717415 -0.0685706 -0.474177  0.131322  0.823916
   27.9969 -0.0467914  0.0791984 -0.0712338 -0.472163  0.133107  0.818561
   27.9969 -0.0451935  0.0829268 -0.0744296 -0.472209  0.132466  0.815219
   27.9969 -0.0451935  0.0861226 -0.0770927 -0.474452  0.132558  0.818515
    27.997 -0.0366714  0.0893184 -0.0802885 -0.476604  0.131322  0.810229
    27.997  -0.027084  0.0882531 -0.0872127 -0.477656   0.13155  0.802722
    27.997 -0.0206924  0.0850573 -0.0968001 -0.479259  0.141621  0.804324
    27.997 -0.0158987  0.0813289  -0.102126 -0.479808  0.149174  0.801532
   28.0952 -0.0164314  0.0781331  -0.108518 -0.476329  0.149724  0.799701
   28.0953 -0.0185619  0.0765352  -0.113844 -0.470744  0.156224  0.808398
   28.0953 -0.0164314  0.0770679  -0.114377 -0.468272  0.162221  0.814166
   28.0953 -0.016964 0.0781331 -0.118105 -0.467128   0.16039  0.810687
   28.0953 -0.0196271  0.0786658  -0.121301 -0.461497  0.156819  0.804233
   28.0953 -0.0174966  0.0829268  -0.126095 -0.457011   0.15508  0.801257
   28.0953 -0.0196271  0.0903837   -0.13515 -0.456782  0.156865  0.802447
   28.0953 -0.0206924  0.0925142  -0.143672 -0.457561   0.15572  0.806384
   28.0953 -0.0174966  0.0951774  -0.150596 -0.457332   0.15421  0.808581
   28.0953 -0.021225  0.102634 -0.161781 -0.458018  0.166753  0.813067
   28.0953 -0.0324103   0.113819  -0.172967 -0.46136 0.175358 0.820941
   28.0953 -0.0441282   0.122874  -0.181489 -0.463969  0.161946  0.816043
   28.0953 -0.0467914   0.127135  -0.191609 -0.468501  0.154942   0.80762
   28.0953 -0.047324  0.129266 -0.201729 -0.47642 0.159016 0.810504
   28.0953 -0.0489219   0.130331  -0.211849 -0.480723  0.159062   0.81174
   28.0953 -0.0537156   0.129798  -0.220371 -0.480266  0.162953  0.810367
   28.0953 -0.0595746   0.130331  -0.230491 -0.47903 0.166615 0.812747
   28.0953 -0.0611725   0.132994  -0.237948 -0.474315  0.163411  0.813846
   28.0953 -0.0622377   0.134592  -0.245937 -0.47079 0.160527 0.812701
   28.0953 -0.0654335   0.136723  -0.253927 -0.471751  0.163182  0.815082
   28.0953 -0.0654335    0.13619  -0.259786 -0.470332  0.161305  0.814624
   28.0953 -0.0585093   0.132994  -0.269373 -0.465205  0.154072      0.81
   28.2011 -0.0510524   0.129266  -0.276297 -0.46374  0.15302 0.811374
   28.2012 -0.0467914   0.127668  -0.285885 -0.465205  0.154942  0.814944
   28.2012 -0.0483893    0.12607   -0.29707 -0.463145  0.156453  0.813662
   28.2012 -0.0483893   0.120211  -0.308788 -0.459163   0.15833  0.809451
   28.2012 -0.0462588   0.113819  -0.325299 -0.458751  0.154347  0.809131
   28.2012 -0.0451935    0.10583  -0.343941 -0.458705  0.146702  0.811099
   28.2012 -0.0361387  0.0994384  -0.362584 -0.456416  0.148396   0.81467
   28.2012 -0.0308124  0.0941121  -0.383356 -0.458659  0.157139  0.820071
   28.2012 -0.0313451  0.0845247  -0.402531 -0.464381  0.159337  0.825656
   28.2012 -0.0276166  0.0807963  -0.417445 -0.468455  0.158971  0.831286
   28.2012 -0.0228229  0.0802637  -0.433424 -0.476192  0.162907  0.832751
   28.2013 -0.0180292  0.0722742  -0.449935 -0.487956  0.164326  0.831195
   28.2013 -0.0105724  0.0637521  -0.462718 -0.497798  0.164418  0.832522
   28.2013 -0.00151765   0.0557626   -0.472306 -0.505534  0.165608  0.832705
   28.2013 0.00700447   0.043512  -0.479763 -0.511622  0.161122  0.830737
   28.2013 0.0208529 0.0323268 -0.484024 -0.51588 0.158879 0.834857
   28.2013 0.0331034 0.0211415 -0.488817 -0.518489  0.167393  0.840579
   28.2013 0.0410929 0.0110215 -0.492013 -0.521281  0.175404  0.841723
   28.2013  0.0512129 0.00569514  -0.495742 -0.520732  0.173482  0.842135
   28.2013    0.065594 -0.00122908   -0.496807 -0.520412  0.169408  0.843875
   28.2926   0.0837035 -0.00975119    -0.49734 -0.521052  0.167439  0.843966
   28.2927   0.103411 -0.0166754  -0.503199 -0.519862  0.166478  0.847766
   28.2927  0.117259 -0.023067 -0.505329 -0.524486  0.170781  0.858706
   28.2927   0.127912 -0.0315891  -0.507992 -0.52975 0.165562 0.859897
   28.2927   0.144424 -0.0401112  -0.516514 -0.530437  0.148305  0.851703
   28.2927   0.165196 -0.0427744  -0.523439 -0.533504  0.142171  0.851199
   28.2927   0.187567 -0.0470354  -0.534624 -0.538356  0.143727  0.857562
   28.2927   0.207807 -0.0544923   -0.54794 -0.544536  0.139653  0.863284
   28.2927   0.227514 -0.0624818  -0.560723 -0.553554   0.13654  0.869372
   28.2927   0.247222 -0.0726018  -0.577234 -0.558497  0.133427  0.872943
   28.2927   0.269592 -0.0832544  -0.591615 -0.557948  0.128621  0.868091
   28.2927   0.294093 -0.0912439  -0.607062 -0.560283  0.132329  0.868045
   28.2928  0.314866 -0.095505 -0.625171 -0.56454 0.142079 0.873309
   28.2928   0.32978  -0.10456 -0.644346 -0.562938  0.143132  0.871432
   28.2928  0.347356  -0.11468 -0.662988 -0.560557  0.136952  0.870791
   28.2928  0.368129 -0.115745 -0.678967 -0.558314  0.132878   0.87514
   28.2928  0.388369 -0.112017 -0.696011 -0.555385   0.12798  0.876742
   28.2928  0.409142 -0.113082 -0.712523 -0.559505  0.124959  0.878436
   28.2928  0.435241 -0.120539 -0.725839 -0.568797  0.126149  0.891849
   28.2933  0.466133 -0.128528 -0.735959 -0.575893  0.123677  0.903201
   28.3969  0.497026 -0.135985  -0.74235 -0.574794  0.122304  0.902377
   28.3969  0.524723  -0.14717 -0.747144 -0.571361  0.127202  0.906817
   28.3969  0.551355 -0.157823 -0.753536 -0.565639   0.12354  0.910067
   28.3969  0.579584 -0.164747 -0.764721 -0.554103  0.111775  0.902926
   28.3997   0.60302  -0.16741 -0.775374 -0.543941  0.107152  0.908465
   28.3997  0.626988 -0.161019 -0.787091 -0.533824  0.106373  0.926959
   28.3997  0.646696 -0.149833 -0.797211 -0.526958 0.0996901  0.934695
   28.3997  0.667468 -0.134387 -0.800407 -0.527232 0.0960738  0.939593
   28.3997   0.69197 -0.117343  -0.80307  -0.53474 0.0991408  0.951449
   28.3997   0.716471 -0.0992334  -0.794016 -0.547328 0.0968062  0.956851
   28.3997   0.739906 -0.0827218  -0.775374 -0.556438 0.0942428  0.955661
   28.3998   0.764407 -0.0736671  -0.759927 -0.568156 0.0969436  0.952136
   28.3998   0.790506 -0.0768629  -0.741818 -0.580653 0.0958907    0.9406
   28.3998   0.818736 -0.0859176  -0.719447 -0.585368 0.0892989   0.92792
   28.3998  0.851759 -0.089646 -0.697077 -0.578227 0.0962111  0.927142
   28.3998    0.87626 -0.0843197  -0.674706 -0.564769  0.116032   0.93703
   28.3998   0.887978 -0.0763302  -0.654466 -0.562022  0.128804  0.944995
   28.3998   0.887446 -0.0667428  -0.634226 -0.560741   0.13567  0.949435
   28.3998    0.88425 -0.0502312  -0.615584 -0.557307  0.133015  0.953326
   28.3998   0.887446 -0.0374481  -0.607062 -0.558223  0.116307  0.949618
    28.497   0.892772 -0.0283933  -0.603333 -0.55543 0.109761 0.946643
    28.497   0.893837 -0.0235996  -0.604931 -0.558223  0.113881  0.949298
    28.497   0.888511 -0.0235996  -0.612388 -0.563579  0.113789  0.947925
    28.497   0.878391 -0.0177407   -0.62091 -0.562709  0.118367  0.944537
    28.497    0.859216 -0.00389224   -0.633161 -0.563716  0.122853  0.943438
   28.4971   0.83578 0.0168804 -0.640618 -0.565684   0.11823  0.943026
   28.4971  0.810747 0.0419141 -0.647542 -0.573375  0.107426  0.940921
   28.4971  0.789441 0.0664152 -0.660858  -0.58633 0.0930526  0.939822
   28.4971  0.777191 0.0829268 -0.674173 -0.603084 0.0691573  0.931903
   28.4971  0.767603 0.0946447 -0.688555 -0.616908 0.0474593  0.918673
   28.4971  0.763342  0.102102 -0.696544 -0.624187 0.0484664  0.913135
   28.4971   0.75482  0.107961 -0.705066 -0.628032 0.0554702  0.912677
   28.4971  0.733515  0.118081 -0.721045 -0.633342 0.0553328  0.910891
   28.4971  0.720732  0.122342 -0.728502 -0.637233 0.0504348  0.904803
   28.4971  0.707416  0.122874 -0.738622 -0.635814  0.045674    0.9005
   28.4971  0.686111  0.128201 -0.749275 -0.632655 0.0437514  0.901004
   28.4971  0.678121  0.132994 -0.749807 -0.622218 0.0350997  0.905765
   28.4971 0.670132 0.139386 -0.75247  -0.61494 0.0283706  0.910022
   28.4971 0.656816 0.151636 -0.75247 -0.612147 0.0229232  0.913958
   28.4972  0.647761  0.165485 -0.744481 -0.607844 0.0178878  0.921237
   28.4972  0.640304  0.176137 -0.731698 -0.606975 0.0118911  0.918445
   28.4972  0.634978  0.177735 -0.715186     -0.60583 -0.000514328      0.90993
   28.4972  0.636043  0.170279 -0.694946   -0.59402 -0.0150712   0.908557
   28.5959  0.642435  0.161756 -0.676304  -0.576304 -0.0303147   0.902698
   28.5959  0.650957  0.155897 -0.657662  -0.559733 -0.0422166   0.897845
   28.5959 0.659479 0.146843 -0.63902  -0.541606 -0.0514176   0.902698
    28.596  0.669599  0.137255 -0.623573  -0.524577 -0.0587419   0.906863
    28.596  0.681849  0.128201 -0.603866  -0.509883 -0.0671647   0.906955
    28.596  0.693567  0.117548 -0.584691  -0.496791 -0.0735734   0.906955
    28.596  0.706351  0.105297 -0.569778  -0.486995 -0.0779679   0.903338
    28.596  0.720732 0.0871879 -0.556994 -0.478938 -0.085521  0.893725
    28.596  0.734047 0.0621542 -0.547407 -0.469646 -0.087169  0.889926
    28.596  0.742037 0.0403162 -0.542081 -0.461177 -0.077556  0.885943
    28.596  0.745765 0.0216741 -0.531961  -0.450465 -0.0663865   0.875186
    28.596  0.747363 0.0083583 -0.520775  -0.444789 -0.0588792   0.868182
    28.596   0.747896 0.00143408  -0.506927  -0.446254 -0.0493577   0.864886
    28.596    0.744167 -0.00762067   -0.488817 -0.452251 -0.042537  0.856646
    28.596  0.739374 -0.023067 -0.467512  -0.466762 -0.0377763   0.845523
    28.596   0.740972 -0.0459702  -0.443544  -0.484019 -0.0242723   0.839709
    28.596   0.742037 -0.0715365  -0.423836  -0.495921 -0.0189622   0.833346
    28.596   0.743635 -0.0992334  -0.405194  -0.499629 -0.0207933   0.822085
   28.5961  0.746831 -0.130126 -0.383889  -0.502513 -0.0133317   0.820254
   28.5961  0.747896 -0.159953 -0.366845   -0.503429 -0.00774699    0.820758
   28.6967  0.741504 -0.186052 -0.358855   -0.495189 -0.00413066    0.812564
   28.6967  0.726591 -0.210554 -0.352464  -0.487086 0.00159138   0.810962
   28.6967  0.717536 -0.231859 -0.350333   -0.478892 -0.00316936    0.817874
   28.6967  0.711144 -0.248903 -0.352996  -0.463466 -0.0151628   0.818652
   28.6968  0.701557  -0.25636 -0.363116  -0.451564 -0.0131944   0.815585
   28.6968  0.688241 -0.259023 -0.378563  -0.447993 0.00149983   0.818332
   28.6968  0.668534 -0.265415 -0.392411  -0.445247 0.00433797   0.818606
   28.6968  0.648826 -0.271274 -0.411586  -0.444377 0.00337666   0.814258
   28.6968  0.632847 -0.279263 -0.432891 -0.449824 0.0122573  0.814395
   28.6968  0.624325 -0.286187 -0.451533 -0.449229 0.0179335  0.813662
   28.6968  0.609944 -0.291514 -0.471773  -0.44836 0.0282332  0.809543
   28.6968  0.585976 -0.298971  -0.48935 -0.458522 0.0502059  0.813846
   28.6968  0.566801 -0.303232 -0.502133 -0.464885  0.065953   0.81998
   28.6969  0.543898 -0.303764 -0.513319 -0.462001  0.071263  0.816317
   28.6969  0.515668 -0.302699 -0.523439 -0.459163 0.0806929  0.815173
   28.6969  0.487971 -0.295775 -0.533026 -0.455958 0.0899398  0.818423
   28.6969  0.464536 -0.288851 -0.545276 -0.446162 0.0872847  0.813937
   28.6969  0.441632 -0.278198 -0.552733 -0.437739 0.0871016  0.814624
   28.6969  0.416066 -0.259556 -0.559125 -0.436092 0.0947921  0.826022
   28.6969  0.387304 -0.243044 -0.568712 -0.434077 0.0989577  0.829638
   28.7959  0.355879 -0.232391 -0.582028 -0.432246   0.10088  0.824832
   28.7959  0.330312 -0.222271 -0.592148 -0.430278  0.099919  0.820529
    28.796  0.313268 -0.208956 -0.599072 -0.425426 0.0914962  0.818744
    28.796  0.296756 -0.193509 -0.612388 -0.421626 0.0867812  0.824099
    28.796 0.273321 -0.17753 -0.62091  -0.42007 0.0949752   0.83092
    28.796  0.252548 -0.162617   -0.6289 -0.419795  0.099095  0.832705
    28.796  0.234438  -0.14504 -0.636357 -0.421214 0.0945632  0.832431
    28.796  0.216862 -0.127996  -0.64115 -0.423183 0.0982711  0.831103
    28.796   0.20035  -0.11468 -0.645944 -0.425975  0.102299  0.826343
    28.796  0.187034 -0.105092 -0.649672 -0.42863 0.104726 0.822955
    28.796   0.174784 -0.0949724  -0.654999 -0.431972  0.117543  0.823596
    28.796  0.156141 -0.085385 -0.658194 -0.437556  0.123769  0.824923
    28.796   0.140163 -0.0757976  -0.659792 -0.437327  0.116078  0.829776
    28.796   0.130575 -0.0651449  -0.659792 -0.433162  0.113148  0.835818
    28.796   0.122053 -0.0608839  -0.660858 -0.431926  0.113286  0.836688
    28.796   0.114064 -0.0608839  -0.661923 -0.429957  0.106053   0.83504
    28.796   0.107672 -0.0582207  -0.660858 -0.429912  0.101887  0.840762
    28.796   0.106074 -0.0512965  -0.656597 -0.433665  0.102849  0.845294
    28.796   0.105009 -0.0443723   -0.65127 -0.435451  0.102757  0.843554
    28.796   0.104476 -0.0395786  -0.646477 -0.439937  0.100377  0.844562
    28.895  0.111933 -0.039046 -0.637954 -0.447444 0.0963485  0.845752
   28.8951   0.122586 -0.0438397  -0.627834 -0.451839 0.0913131  0.842547
   28.8951  0.130043 -0.049166  -0.61878 -0.454585 0.0892989  0.843371
   28.8951   0.135369 -0.0523618  -0.608127 -0.455226 0.0934646  0.846621
   28.8951  0.142826 -0.053427 -0.596942  -0.45779 0.0959365   0.84241
   28.8951   0.148685 -0.0544923  -0.585224 -0.464244 0.0967147  0.838885
   28.8951   0.155609 -0.0550249  -0.573506 -0.469371 0.0981337  0.841037
   28.8951   0.163598 -0.0576881  -0.562321 -0.471568  0.097264  0.843692
   28.8951   0.167327 -0.0624818  -0.552733 -0.476558  0.100148  0.846484
   28.8951   0.171588 -0.0678081  -0.542613 -0.486766  0.108342  0.850558
   28.8951   0.175316 -0.0741997  -0.527167 -0.493632   0.11205  0.847079
   28.8951   0.179577 -0.0843197  -0.514916 -0.500224  0.109212  0.841495
   28.8951    0.18224 -0.0960376  -0.504264 -0.510066  0.108617  0.842135
   28.8951  0.184904 -0.106158 -0.492013 -0.515147  0.114018  0.839892
   28.8951  0.183306 -0.117876  -0.47923 -0.516841  0.124455  0.836551
   28.8951  0.177979 -0.132257  -0.46698 -0.522517  0.134068  0.839847
   28.8951  0.176914 -0.146638 -0.454729 -0.526729   0.12885  0.841266
   28.8951  0.179577 -0.156758 -0.440348 -0.522426  0.116765  0.839297
   28.8951   0.18011 -0.169541 -0.427032 -0.518535  0.113972  0.844058
   28.8951  0.178512 -0.186052 -0.413184 -0.518718  0.114476  0.850009
   28.9972  0.179577 -0.194042 -0.405727 -0.518947  0.107655  0.850787
   28.9972  0.181708 -0.196172 -0.405194 -0.517894   0.10381  0.851748
   28.9972  0.186502 -0.202031 -0.394542 -0.520824  0.109944  0.856326
   28.9973   0.19023 -0.208423 -0.374834 -0.524852  0.113789  0.859118
   28.9973  0.191295 -0.211086 -0.365247 -0.528926  0.110081    0.8539
   28.9973  0.189697 -0.210021 -0.358323 -0.535426  0.108479  0.845202
   28.9973  0.187034 -0.214815  -0.33968 -0.542567  0.112416  0.845385
   28.9973   0.19236    -0.226 -0.315712 -0.551402  0.107655  0.852252
   28.9973  0.203546 -0.237718 -0.288015 -0.555614  0.102116  0.857837
   28.9973  0.215264 -0.246773  -0.25872 -0.555293  0.110814  0.865985
   28.9973  0.228579 -0.254762  -0.22623 -0.554286  0.115071   0.87363
   28.9973  0.242428  -0.26648 -0.190543 -0.550624  0.106785  0.874637
   28.9973   0.26107 -0.279796 -0.150596 -0.548472  0.106969  0.879764
   28.9973  0.281843 -0.292046 -0.109051 -0.546916  0.108937  0.889193
   28.9973   0.303148  -0.305362 -0.0685706 -0.536845  0.101704  0.889789
   28.9973   0.330845  -0.321341 -0.0264927 -0.526134  0.106373  0.887683
   28.9973  0.361205 -0.342646 0.0155853 -0.518306  0.120656  0.888186
   28.9973  0.385173 -0.358625 0.0581959 -0.50645   0.1283 0.887958
   28.9973  0.399554 -0.362886 0.0896212 -0.498576  0.131459  0.891299
   28.9973  0.400087 -0.361288  0.108263 -0.498668  0.127064  0.899035
   28.9973  0.389967 -0.353299  0.113057  -0.49615 0.0952041  0.900042
   29.0925  0.381445  -0.34531 0.0933496 -0.493312 0.0470473  0.895968
   29.0925  0.383575 -0.334657 0.0432822 -0.491939   0.01743  0.900546
   29.0925   0.388369  -0.325069 -0.0307537  -0.495463 0.00108784   0.903705
   29.0925    0.3905 -0.316547  -0.12503  -0.496287 0.00424641   0.903109
   29.0925  0.379847 -0.298971 -0.234219 -0.497111 0.0409133   0.90462
   29.0926  0.355346   -0.2766 -0.339148 -0.506496  0.082112  0.893313
   29.0926  0.323388 -0.257425 -0.435022 -0.515925  0.116399  0.876376
   29.0926  0.284506 -0.241446 -0.517047 -0.527003  0.149495  0.867312
   29.0926  0.240297 -0.225467 -0.582028 -0.533916  0.173939  0.863971
   29.0926  0.193958 -0.203629 -0.635824 -0.537761  0.175175  0.852252
   29.0926   0.15987 -0.181791 -0.673108 -0.536891  0.155125  0.833621
   29.0926  0.144424 -0.164747 -0.692816 -0.521144  0.152379  0.835177
   29.0926  0.136434  -0.14504 -0.710392 -0.508967  0.169499  0.846164
   29.0926  0.122586 -0.122137 -0.724241 -0.513682  0.174397  0.843692
   29.0926  0.108205  -0.10456 -0.732763 -0.511622  0.169499  0.836459
   29.0927  0.0932909 -0.0965702  -0.734894 -0.504069   0.15746  0.837558
   29.0927   0.075714 -0.0960376    -0.7301 -0.498805  0.138005  0.852252
   29.0927  0.0629309 -0.0944397  -0.721578 -0.484111  0.118092  0.868777
   29.0927  0.0576045 -0.0880481   -0.71199 -0.473079 0.0963942  0.867221
   29.0927  0.0570719 -0.0843197   -0.70986 -0.472346 0.0795943  0.857654
   29.1269  0.0629309 -0.0827218  -0.713056  -0.47523 0.0681502    0.8501
   29.1996  0.0751814 -0.0816565  -0.721045 -0.481731 0.0605971  0.839755
   29.1996  0.0879646 -0.0816565  -0.731698 -0.484294 0.0662734  0.835498
   29.1996   0.100748 -0.0789934  -0.739687 -0.485988 0.0874221  0.839251
   29.1996   0.107139 -0.0699386   -0.74022 -0.492488  0.102025  0.842364
   29.1996   0.101813 -0.0550249  -0.737557 -0.503795   0.10056  0.843646
   29.1996   0.100215 -0.0395786  -0.733296 -0.517161 0.0944259  0.846896
   29.1997   0.102346 -0.0267954  -0.726371 -0.526912 0.0859572  0.851748
   29.1997   0.105009 -0.0220017  -0.721578 -0.535564 0.0703933  0.855365
   29.1997  0.115129 -0.023067  -0.71998 -0.543346 0.0567977  0.861773
   29.1997   0.131108 -0.0225344  -0.718915  -0.54449 0.0491073  0.860492
   29.1997   0.151348 -0.0204038  -0.715719 -0.539363 0.0454909   0.85628
   29.1997   0.168392 -0.0134796  -0.715186  -0.53419 0.0545089  0.864703
   29.1997     0.179045 -0.000163814     -0.71199 -0.533687 0.0643508  0.866946
   29.1997  0.188632 0.0158152 -0.701338  -0.53181 0.0684707  0.859118
   29.1997  0.199285 0.0323268 -0.693348 -0.528834 0.0713546  0.856234
   29.1997   0.21047 0.0461752 -0.682163 -0.527827 0.0710341  0.855639
   29.1997  0.220057 0.0557626 -0.665651 -0.524852 0.0710799  0.849597
   29.1997  0.231243 0.0658826 -0.650738 -0.526271 0.0773055  0.841952
   29.1997  0.247222 0.0717415 -0.634759 -0.527003 0.0844008  0.840716
   29.1997  0.259472 0.0701436 -0.619845  -0.52032 0.0811049  0.838061
   29.2965  0.265864 0.0706763 -0.607594 -0.510707 0.0775344  0.831973
   29.2965  0.275451 0.0738721 -0.598007 -0.502605 0.0813338  0.834857
   29.2965  0.286104 0.0802637 -0.593746 -0.498668 0.0776717  0.834262
   29.2965  0.293028 0.0909163 -0.596409 -0.496608  0.067372  0.820529
   29.2966  0.306876 0.0925142  -0.60067 -0.497523 0.0630233  0.816134
   29.2966  0.320725 0.0919816 -0.603333 -0.500865 0.0628402  0.823321
   29.2966  0.329247 0.0909163 -0.608127  -0.50471 0.0659987  0.823825
   29.2966  0.336704 0.0877205 -0.616117 -0.506633 0.0699355  0.819156
   29.2966  0.340965 0.0893184 -0.624639 -0.509471 0.0715377  0.819522
   29.2966  0.348954 0.0909163 -0.630498 -0.513316 0.0753371  0.820575
   29.2966  0.359074 0.0909163 -0.635824 -0.518489 0.0824782  0.819293
   29.2966  0.368129 0.0882531 -0.635824 -0.527553 0.0949752  0.820437
   29.2966  0.374521 0.0861226 -0.632628 -0.536296  0.104817  0.812335
   29.2966  0.375586 0.0877205 -0.632628 -0.539729  0.112599  0.798648
   29.2966  0.377184 0.0861226 -0.629432 -0.539821  0.123906  0.794482
   29.2966  0.376651 0.0839921 -0.621976 -0.543666  0.128758  0.794482
   29.2966  0.371858 0.0871879 -0.619312 -0.543346  0.132786  0.793063
   29.2966  0.367064 0.0893184 -0.615051 -0.542293  0.140477  0.793567
   29.2966   0.36227 0.0887858 -0.609725 -0.541286  0.138783  0.792743
   29.2966  0.358542 0.0866552 -0.604931 -0.537303  0.133336  0.785098
   29.3989  0.358009 0.0850573 -0.599605 -0.537669  0.141164  0.779376
    29.399  0.358542 0.0786658 -0.596942 -0.538127  0.152196  0.781161
    29.399   0.35215 0.0728068 -0.590018 -0.534968  0.152928  0.780017
    29.399  0.346824 0.0680131 -0.581495 -0.532313  0.155125  0.775119
    29.399  0.343628 0.0578931 -0.572441 -0.534144  0.154622   0.77315
   29.3995   0.34203 0.0488384 -0.566049 -0.532725  0.147572  0.773013
   29.3995  0.339367  0.043512 -0.558592 -0.524943  0.149357  0.772281
   29.3995  0.338302 0.0403162  -0.55007  -0.5227 0.154713 0.769854
   29.3995  0.335106 0.0381857 -0.543679 -0.526958  0.155217  0.766147
   29.3995  0.328714 0.0381857  -0.53995 -0.529887   0.16277  0.762713
   29.3995   0.33191 0.0312615 -0.535689 -0.53062 0.170918 0.761615
   29.3995  0.327116 0.0190109  -0.52983 -0.532863  0.178654  0.764224
   29.3996  0.319127 0.0136846 -0.528232 -0.537257   0.18726  0.767749
   29.3996   0.30954 0.0110215 -0.525569 -0.539409   0.18813  0.768664
   29.3996  0.294093 0.0067604 -0.522373 -0.539867  0.190373  0.769305
   29.3996   0.282375 0.00462988  -0.517047 -0.541743  0.191563  0.769534
   29.3996   0.273853 0.00090145  -0.511721 -0.547557  0.186528  0.770038
   29.3996   0.266929 -0.0049575  -0.506927 -0.552913  0.187306  0.775531
   29.3996   0.257874 -0.0124144  -0.501068 -0.55424 0.192891 0.780291
   29.3996    0.24083 -0.0182733  -0.498405 -0.556117  0.185063  0.775165
   29.3996   0.227514 -0.0235996  -0.496274 -0.554286  0.174763  0.771274
    29.497   0.222721 -0.0251975  -0.493611 -0.550258  0.174168  0.776584
    29.497   0.216329 -0.0235996   -0.48935 -0.553096  0.177602  0.785098
    29.497  0.208872 -0.023067 -0.488285 -0.561931  0.182133  0.792239
    29.497  0.194491 -0.023067  -0.48935 -0.566051  0.183781   0.79581
    29.497   0.183838 -0.0283933  -0.491481 -0.561702  0.176457  0.795398
    29.497   0.181708 -0.0315891   -0.49947 -0.557216  0.164647  0.795489
   29.4971   0.178512 -0.0369154  -0.508525 -0.554149  0.164464  0.805377
   29.4971    0.17212 -0.0443723  -0.518645 -0.547786  0.169179  0.813296
   29.4971   0.161468 -0.0507639  -0.535156 -0.535976  0.164555  0.813983
   29.4971  0.152946 -0.053427 -0.550603 -0.522563  0.157094  0.822177
   29.4971  0.146021 -0.049166 -0.568712 -0.515742  0.149907   0.83179
   29.5311  0.139097 -0.043307 -0.588952 -0.513042  0.145329  0.835864
   29.5311   0.138032 -0.0315891  -0.602268 -0.515559  0.147206  0.842135
   29.5311   0.138565 -0.0225344  -0.610258 -0.526683  0.147526  0.850009
   29.5311   0.139097 -0.0198712  -0.615584 -0.536983   0.14034  0.848864
   29.5312   0.147619 -0.0150775  -0.616117 -0.544169  0.133977  0.843554
   29.5312   0.164131 -0.0102838  -0.609725 -0.554606  0.140111  0.847217
   29.5312   0.176382 -0.0065554  -0.599072 -0.567515  0.144185  0.845065
   29.5312   0.187567 -0.0065554  -0.587887 -0.572917  0.142216  0.838473
   29.5312   0.203013 -0.0108165  -0.574039 -0.571956  0.144551  0.844333
   29.5973  0.216862 -0.012947 -0.554331 -0.567882  0.136586   0.85065
   29.5974   0.229112 -0.0113491  -0.533559 -0.555202  0.125096  0.852984
   29.5974    0.242961 -0.00975119   -0.516514 -0.543025  0.124043  0.861819
   29.5974    0.257342 -0.00282698   -0.503199 -0.534877  0.121342  0.869693
   29.5974  0.271723 0.0099562 -0.493079 -0.529384  0.110036   0.86896
   29.5974  0.283973 0.0216741 -0.485622 -0.529109  0.106328  0.875552
   29.5974  0.293028 0.0328594 -0.478697 -0.533595  0.111821  0.886355
   29.5974  0.302083 0.0451099 -0.474436 -0.53831 0.111546 0.883151
   29.5974  0.315399 0.0557626 -0.468577 -0.543941  0.114751  0.877932
   29.5974  0.328182 0.0610889 -0.461121 -0.552959  0.123036  0.879809
   29.5974  0.333508 0.0600236 -0.454729 -0.553645  0.125004  0.879214
   29.5974  0.334041 0.0562952 -0.443011 -0.555293  0.129216    0.8772
   29.5974  0.336704 0.0552299  -0.42863 -0.558086  0.135075  0.876101
   29.5974    0.3399 0.0562952 -0.420108 -0.55218 0.128667 0.872897
    29.631  0.342563 0.0578931 -0.413184 -0.545634  0.121068  0.869876
    29.631  0.347356 0.0584257 -0.406792 -0.541286  0.122075  0.876513
    29.631  0.348422 0.0610889  -0.40839 -0.535564  0.120473  0.882785
    29.631  0.345226 0.0685457 -0.410521 -0.534144  0.113881  0.879855
   29.6311    0.3399 0.0786658 -0.407857 -0.536021  0.109624  0.880221
   29.6311  0.336171 0.0871879 -0.414782 -0.540736  0.100926  0.882693
   29.6976  0.334573 0.0930468 -0.428097 -0.549159 0.0896193  0.878573
   29.6976  0.333508  0.099971 -0.439283 -0.554927 0.0909469  0.874316
   29.6976  0.332975  0.104232 -0.452598 -0.562663 0.0924575  0.874133
   29.6976 0.331378  0.10583 -0.46698 -0.569163 0.0889327  0.872531
   29.6976  0.328182  0.110091 -0.481893 -0.569026 0.0903975  0.873218
   29.6976  0.327116  0.119146 -0.493611 -0.573604 0.0923659  0.875918
   29.6976   0.32179  0.129266 -0.506927  -0.58047 0.0883834  0.873309
   29.6976  0.310605  0.136723 -0.520775 -0.577861 0.0779464  0.870059
   29.6976   0.31167   0.14418 -0.531961 -0.574153 0.0672805  0.867129
   29.6976  0.319127  0.152702 -0.545809 -0.573009 0.0557906  0.867679
   29.6977  0.327649  0.161224 -0.555929 -0.568889 0.0509841   0.87482
   29.6977  0.334573  0.170811 -0.562321 -0.563304 0.0531356  0.877978
   29.6977  0.335106  0.181996 -0.569778 -0.559413 0.0485579  0.873401
   29.6977 0.339367 0.188921  -0.5783 -0.554973 0.0446669  0.868411
   29.6977  0.346824  0.197443 -0.584159 -0.552959 0.0441634  0.866534
   29.6977 0.356411 0.203834 -0.58842 -0.555934 0.0416457  0.865298
   29.6977  0.367064  0.200639 -0.592681 -0.555614 0.0439345  0.867312
   29.6977 0.369194 0.199041 -0.59055 -0.551539 0.0491988  0.868503
   29.6977  0.371325  0.199573 -0.584691 -0.546504 0.0468642  0.867724
   29.6977  0.385173  0.199041 -0.576702 -0.541286 0.0417373  0.869922
   29.7969  0.400087  0.200106 -0.563919 -0.538264 0.0491073  0.872531
    29.797  0.407544  0.196377 -0.551668 -0.533046 0.0592238  0.868274
    29.797 0.412338 0.187323 -0.53995  -0.52856 0.0534102  0.858981
    29.797  0.423523   0.17454 -0.527167 -0.523387  0.046086  0.854953
    29.797  0.438969  0.156963 -0.514916 -0.510753 0.0476424  0.854083
    29.797  0.455481  0.139918 -0.505329 -0.497432 0.0497481  0.851291
    29.797  0.467199  0.125537 -0.498405 -0.490428 0.0538222  0.852893
    29.797   0.47359  0.111156 -0.491481 -0.486354 0.0514876  0.855502
    29.797  0.480515 0.0967753 -0.484024 -0.479671 0.0417373  0.852206
    29.797  0.491167 0.0813289 -0.474969   -0.4761 0.0395858  0.855273
    29.797  0.503418 0.0690784 -0.463784 -0.479304 0.0428817  0.864245
    29.797   0.51194 0.0600236 -0.449935 -0.484798 0.0409591  0.858661
    29.797  0.517799 0.0456426 -0.437685 -0.491206 0.0338179  0.845111
    29.797  0.525788 0.0259352 -0.429163 -0.492442 0.0271346  0.842547
   29.7971   0.538039 0.00462988  -0.421706 -0.491435 0.0216414  0.840762
   29.7971   0.549224 -0.0166754  -0.416379  -0.49496 0.0269515  0.835132
   29.7971   0.553485 -0.0358502  -0.414249 -0.500362 0.0427443  0.837649
   29.7971   0.549757 -0.0502312  -0.415314 -0.500178 0.0497023  0.841083
   29.7971   0.547626 -0.0651449  -0.417445 -0.496287 0.0526778   0.83797
   29.7971   0.549224 -0.0736671   -0.41851 -0.495967 0.0649917  0.840579
   29.8971     0.5423 -0.0789934  -0.419043 -0.496379 0.0732314  0.845477
   29.8971   0.526321 -0.0891134  -0.416379  -0.49583 0.0740554  0.845019
   29.8971   0.517266 -0.0939071  -0.413184  -0.49615 0.0762526  0.838199
   29.8971   0.509809 -0.0971029  -0.414782  -0.49702 0.0776259  0.831836
   29.8971    0.49383 -0.0976355  -0.417445 -0.499629 0.0836226  0.834399
   29.8972  0.476253 -0.095505 -0.419575 -0.506221 0.0870101   0.84003
   29.8972   0.455481 -0.0981681  -0.424369 -0.511943 0.0793654   0.83742
   29.8972   0.440567 -0.0987008  -0.429695 -0.515468 0.0801436  0.831836
   29.8972   0.432045 -0.0981681  -0.437152 -0.523707 0.0857283  0.833713
   29.8972  0.418729 -0.100831 -0.441413 -0.530665  0.082524  0.835818
   29.8972  0.402218 -0.104027 -0.440348 -0.533549 0.0886123  0.839068
   29.8973   0.38038 -0.105625 -0.444076 -0.535335   0.10294  0.845111
   29.8973  0.357477  -0.10456 -0.447805 -0.530437  0.102757   0.84154
   29.8973  0.337236 -0.102429 -0.450468 -0.523753 0.0963027  0.829547
   29.8973  0.320192 -0.100299 -0.457925 -0.520595  0.100056  0.829638
   29.8973   0.304213 -0.0949724  -0.465382 -0.520183  0.105046  0.835727
   29.8973   0.285039 -0.0917766  -0.474969 -0.514278  0.109029   0.83385
   29.8973   0.257874 -0.0949724  -0.484556 -0.504985  0.122075  0.832614
   29.8973   0.231243 -0.0960376  -0.494676 -0.497066   0.12354  0.830966
   29.8973   0.208872 -0.0923092  -0.510655 -0.482967  0.112004  0.826755
   29.8973   0.185969 -0.0869829  -0.526102 -0.469966  0.114842  0.827945
   29.8973   0.163066 -0.0837871  -0.544744 -0.464702   0.12679  0.837237
   29.9972  0.136967 -0.079526 -0.563919 -0.46223 0.132786 0.847812
   29.9972   0.110868 -0.0715365  -0.575104 -0.463512  0.134068  0.852069
   29.9972  0.0906277 -0.0630144  -0.586822 -0.467174  0.128346  0.852023
   29.9972  0.0778446 -0.0582207  -0.595877 -0.472941   0.11292  0.849093
   29.9973  0.0693224 -0.0576881  -0.601203 -0.482417  0.104359  0.848041
   29.9973  0.0639961 -0.0608839  -0.608127 -0.491344  0.103856  0.847903
   29.9973  0.0608003 -0.0688734   -0.61079 -0.496974 0.0957076  0.844974
   29.9973   0.061333 -0.0784608  -0.605464 -0.498576 0.0855452  0.846255
   29.9973  0.0682572 -0.0832544  -0.594279 -0.498897 0.0849501  0.852115
   29.9973 0.0810403 -0.085385 -0.583626 -0.497981 0.0832564  0.856234
   29.9973  0.0890298 -0.0901787  -0.575104 -0.494639 0.0770308  0.852618
   29.9973  0.0922256 -0.0971029  -0.567114 -0.491298 0.0753371  0.849048
   29.9973 0.0986172 -0.104027 -0.560723 -0.490886 0.0678756  0.845752
   29.9973  0.110868 -0.112017 -0.555396 -0.485988 0.0583083  0.845523
   29.9973  0.125781 -0.120539 -0.550603 -0.478664 0.0613753  0.853946
   29.9973  0.135901  -0.12693 -0.545809 -0.479167 0.0659072  0.857791
   29.9973  0.142826 -0.131191 -0.542081 -0.479076 0.0641677  0.861636
    30.031   0.15188 -0.133322 -0.538352 -0.476329 0.0617415  0.864612
    30.031  0.162533 -0.138648 -0.531961 -0.480723 0.0594527    0.8604
    30.031  0.174784 -0.143442 -0.525569 -0.489284 0.0585372  0.854907
    30.097  0.187034 -0.148236 -0.524504 -0.496425 0.0594527  0.853396
   30.0971  0.202481 -0.161019 -0.523439 -0.502421 0.0633437  0.850329
   30.0971  0.217927   -0.1754 -0.515449 -0.506312 0.0713088  0.850512
   30.0971  0.228579  -0.18552 -0.510123 -0.505672 0.0794112  0.857974
   30.0971  0.237102 -0.191911  -0.49947 -0.501643 0.0876052  0.858935
   30.0971  0.241895 -0.192977 -0.482958 -0.499309 0.0907637  0.852893
   30.0971  0.249352 -0.192977 -0.470175 -0.498668 0.0887496  0.851382
   30.0971   0.26107 -0.194042 -0.455262 -0.498668 0.0884749   0.85509
   30.0971  0.274919 -0.196172 -0.437685 -0.499309 0.0877425  0.849322
   30.0971  0.288234 -0.197238 -0.420108 -0.498347 0.0940139    0.8436
   30.0971  0.295691 -0.199368 -0.399335 -0.498073  0.107609   0.84685
   30.0971   0.30155 -0.200966  -0.38016 -0.496425  0.112416  0.844287
   30.0971  0.306344 -0.199901 -0.359388 -0.490153  0.112782  0.839114
   30.0971  0.311137 -0.200434 -0.339148 -0.485667   0.12093  0.842914
   30.0971  0.315931 -0.199368  -0.31944 -0.483012  0.122029  0.844653
   30.0971  0.320192 -0.200966 -0.299733 -0.478526   0.11292  0.837283
   30.0971  0.327116  -0.20576 -0.287482 -0.474132  0.113331  0.837649
   30.0971  0.334041 -0.212151 -0.277895 -0.469417  0.117085  0.841861
   30.0971  0.339367 -0.218543 -0.273101 -0.459117  0.116811  0.839526
   30.0971  0.339367 -0.219608 -0.270438 -0.448726  0.122853  0.839389
    30.197  0.337769  -0.21801 -0.273634 -0.442821  0.126927  0.842685
    30.197  0.338302 -0.219076 -0.281623 -0.434398  0.120473  0.841266
    30.197    0.3399 -0.221739 -0.291211 -0.429317   0.11617  0.839114
    30.197  0.340432 -0.224935 -0.303461 -0.429729  0.120198  0.843829
    30.197    0.3399 -0.229196 -0.314114 -0.426158   0.12354  0.846347
    30.197    0.3399  -0.23612 -0.324234 -0.423686  0.129536  0.844378
   30.1971  0.337769 -0.245175 -0.332224 -0.423137  0.138234  0.848224
   30.1971  0.338302 -0.250501 -0.337017 -0.420161  0.141392  0.854266
   30.1971  0.338302 -0.252099 -0.338615 -0.414714  0.148946  0.855365
   30.1971  0.337236 -0.253697 -0.341278 -0.40977 0.159886  0.85953
   30.1971  0.340432 -0.257425 -0.341278 -0.409038  0.160802   0.86159
   30.1971  0.344693 -0.262219 -0.338083 -0.406016  0.154256  0.855639
   30.1971  0.349487 -0.264349 -0.334887 -0.400798  0.160206  0.857562
   30.1971  0.351085 -0.265947 -0.329028 -0.397868  0.171696  0.865939
   30.1971  0.344161 -0.267545 -0.322104 -0.394939  0.172383  0.864978
   30.1971   0.33191 -0.269676 -0.316777 -0.394252  0.171559  0.862277
   30.1971  0.324453 -0.270741 -0.313581 -0.394298  0.164143  0.867221
   30.1971  0.324453 -0.268078 -0.311984 -0.394939   0.14565  0.872668
   30.1971  0.329247 -0.267013 -0.306657 -0.397731  0.138188  0.881503
   30.1971  0.334573  -0.26648 -0.303461 -0.40121 0.145283 0.895282
   30.2934  0.343095 -0.269676 -0.303461 -0.412929   0.13654  0.897342
   30.2935  0.353215 -0.280328 -0.302396 -0.425792  0.119969  0.892444
   30.2935   0.36227 -0.288318 -0.298668 -0.425426   0.12061  0.893588
   30.2935  0.377717 -0.295242 -0.288548 -0.429866  0.125188  0.895831
   30.2935  0.392098 -0.305895  -0.27896 -0.439937  0.130589  0.897708
   30.2935  0.393696 -0.318145 -0.270438 -0.443004  0.141026  0.903842
   30.2935  0.395826 -0.330928 -0.261383 -0.44543 0.138325 0.905398
   30.2935  0.403816 -0.341581 -0.250198 -0.439342  0.126469  0.902789
   30.2935  0.411272 -0.346375 -0.241143 -0.439525  0.123814  0.906131
   30.2935  0.416066 -0.346375  -0.23848 -0.450282  0.121022  0.913272
   30.2935  0.421925 -0.352234 -0.230491 -0.453624  0.116994  0.917895
   30.2935  0.431512 -0.360756 -0.220371 -0.452159  0.110997  0.922656
   30.2935  0.435241 -0.363419  -0.21824 -0.454951  0.104314  0.927508
   30.2935  0.440567 -0.368745 -0.213447 -0.459209  0.103627    0.9276
   30.2935  0.450687 -0.378865 -0.205457  -0.46104 0.0997817   0.92998
   30.2935  0.462405 -0.390583 -0.203327 -0.469325  0.090306  0.932177
   30.2935  0.475188 -0.403366 -0.201729 -0.476375 0.0840346  0.935336
   30.2935  0.490102 -0.417747 -0.199598 -0.479579 0.0770766  0.938952
   30.2936  0.506081 -0.433726 -0.201196 -0.485713  0.068608  0.938266
   30.2936  0.517799 -0.452901  -0.20599 -0.490703 0.0687911  0.941195
   30.2936  0.530049 -0.471011 -0.215044 -0.494731 0.0745589  0.943622
    30.327  0.546561 -0.483794 -0.223567   -0.4994 0.0764357  0.944125
   30.3996  0.557214 -0.497642 -0.235284 -0.504115 0.0809218  0.954608
   30.3997  0.561475 -0.510425 -0.250198 -0.505305 0.0918624  0.963214
   30.3997  0.563605 -0.518415 -0.265645 -0.505534  0.095616  0.962024
   30.3997  0.557214 -0.523741 -0.282689 -0.509791  0.099095  0.963672
   30.3997  0.549224 -0.528002 -0.301331 -0.514552 0.0961654   0.96738
   30.3997  0.543898 -0.533861 -0.328495 -0.520961 0.0799147  0.962665
   30.3997  0.536974 -0.538655 -0.355659 -0.528285 0.0661361  0.960833
   30.3997  0.536441 -0.540253 -0.384422 -0.532405 0.0567977  0.971225
   30.3997  0.539104 -0.540786 -0.413184  -0.5395 0.049977 0.971499
   30.3997  0.538039 -0.542383 -0.434489  -0.54948 0.0472304   0.96271
   30.3997  0.543898 -0.543981 -0.456859 -0.555156 0.0539595  0.961841
   30.3997  0.549224 -0.543449 -0.475502 -0.555339 0.0636641  0.953418
   30.3997  0.543365 -0.540786 -0.491481  -0.54948 0.0646254  0.936023
   30.3997  0.530049 -0.531731 -0.508525 -0.544307 0.0646712  0.924258
   30.3997  0.513005 -0.521611 -0.530363 -0.539775 0.0579421  0.914554
   30.3997  0.500755 -0.506697 -0.555396 -0.532588 0.0386245  0.907687
   30.3997  0.490102 -0.484859 -0.584691 -0.523021 0.0226485   0.91373
   30.3997  0.476253 -0.459825 -0.622508 -0.512721  0.014775  0.923572
   30.3998  0.466133 -0.432129  -0.66139  -0.507548 0.00790852   0.917895
   30.3998  0.454948 -0.402301 -0.698675 -0.512034 0.0087325  0.912448
   30.4972  0.440034  -0.37567 -0.734361 -0.521739 0.0229232  0.920138
   30.4972  0.425653 -0.352234 -0.763123 -0.526683 0.0349624  0.921878
   30.4972  0.409674 -0.325602   -0.7807 -0.533458  0.044255  0.912402
   30.4972  0.393695 -0.303764 -0.790287 -0.545222 0.0580794  0.903247
   30.4973  0.383043 -0.292046 -0.794016  -0.55012 0.0633895  0.893222
   30.4973  0.378249 -0.285655 -0.793483 -0.545268 0.0667312  0.883151
   30.4973  0.371858 -0.277133 -0.783363 -0.541926 0.0775802  0.877658
   30.4973   0.36227 -0.270208 -0.764721  -0.54037 0.0796401    0.8707
   30.4973  0.352683  -0.26861 -0.745014  -0.52737 0.0765273  0.860446
   30.4973  0.346291 -0.265415 -0.724774 -0.510295 0.0754287  0.863101
   30.4973  0.344161  -0.25849 -0.707197 -0.499446 0.0666396  0.875186
   30.4973  0.343628  -0.24837 -0.693881 -0.490291 0.0522658   0.88013
   30.4973  0.344693 -0.241979 -0.684826 -0.485988 0.0465438  0.883197
   30.4973  0.346824 -0.241979 -0.678435 -0.490977 0.0426986  0.885211
   30.4973  0.350552 -0.243044 -0.673641 -0.498256  0.028691  0.881595
   30.4973  0.358009 -0.251034 -0.672043 -0.503062 0.0240218  0.877109
   30.4973  0.366531 -0.261686 -0.670445  -0.50883 0.0319869  0.879672
   30.4973  0.366531 -0.269676 -0.665119 -0.511211  0.036885  0.881961
   30.4973  0.359074 -0.276067 -0.660858  -0.51089 0.0418288  0.875094
   30.4973  0.355346 -0.278198 -0.660325 -0.512721 0.0468184  0.869372
   30.5979  0.354281 -0.279263 -0.656597 -0.509425 0.0458114   0.86983
   30.5979  0.353215  -0.27873 -0.654466 -0.503978 0.0426986  0.867633
   30.5979  0.354281 -0.275002 -0.654999 -0.501323  0.051213  0.867495
   30.5979  0.352683 -0.267545 -0.652336 -0.502238 0.0641219  0.870151
    30.598  0.340432 -0.257958 -0.651803 -0.502513 0.0688369   0.86658
    30.598  0.330845 -0.249436 -0.651803 -0.498164 0.0728652  0.860766
    30.598  0.327116 -0.242511 -0.647009 -0.494823 0.0779006  0.853991
    30.598  0.315399  -0.23825 -0.640618  -0.48846 0.0852706  0.848956
    30.598  0.298354 -0.231326 -0.639552 -0.481776 0.0932814   0.84685
    30.598   0.27918 -0.215347 -0.639552 -0.474589 0.0950209  0.843051
    30.598  0.268527  -0.19777 -0.640618 -0.463054 0.0873763    0.8371
    30.598  0.264266 -0.184455 -0.644879 -0.452983 0.0814711  0.830279
    30.598  0.254146 -0.168476 -0.647009 -0.446208 0.0917251  0.832248
    30.598  0.240297 -0.151964 -0.647542 -0.445247  0.103123  0.837329
    30.598  0.221123  -0.13492 -0.652868 -0.444423  0.104176  0.838565
    30.598  0.201948 -0.114147 -0.659792 -0.442226  0.107289  0.837375
    30.598   0.187567 -0.0965703  -0.664053 -0.445659  0.108845   0.83385
    30.598  0.171055 -0.079526 -0.666184 -0.452113  0.112096  0.838015
    30.598   0.149217 -0.0662102  -0.666184 -0.456462  0.122258  0.846118
    30.598    0.13164 -0.0571555  -0.666717 -0.46017  0.12386 0.842868
   30.6976  0.124716 -0.043307 -0.662988 -0.463328  0.118001  0.837283
   30.6976   0.118325 -0.0321217  -0.657662 -0.463786  0.117085  0.838382
   30.6976   0.110335 -0.0246649  -0.648607 -0.463191  0.121937  0.835086
   30.6976   0.105009 -0.0150775  -0.635291 -0.460948   0.12354  0.829226
   30.6976  0.0991498 -0.0065554  -0.621443 -0.453853  0.123265  0.829822
   30.6976   0.100748 0.00303198  -0.607062 -0.444377  0.120427  0.825839
   30.6976  0.102346 0.0136846 -0.590018 -0.431514  0.116124  0.819476
   30.6977 0.0991498 0.0248699 -0.576169 -0.418056  0.117131  0.824878
   30.6977  0.100215 0.0365878  -0.56818 -0.409816  0.109349  0.825793
   30.6977  0.105541 0.0467078 -0.559125 -0.403453 0.0945174  0.817691
   30.6977  0.115661 0.0552299 -0.558592 -0.396953 0.0913588   0.81911
   30.6977  0.128445 0.0648173 -0.562853 -0.394343 0.0902602  0.827716
   30.6977  0.140163 0.0738721  -0.56818 -0.395076 0.0849959  0.824237
   30.6977  0.146021 0.0791984 -0.579898 -0.397136 0.0895736  0.818194
   30.6977  0.150283 0.0823942 -0.595344 -0.401439 0.0992324  0.820941
   30.6977   0.15188 0.0834594 -0.610258 -0.403133  0.099919  0.815906
   30.6977  0.150283 0.0877205 -0.620378 -0.402949  0.102071  0.810138
   30.6977  0.148685 0.0935795 -0.629965 -0.409267  0.108067  0.815402
   30.6977  0.147619   0.09571 -0.635824 -0.417323  0.106785  0.815722
   30.6977  0.149217 0.0983731 -0.637422 -0.419292  0.104268  0.811603
   30.6977  0.155076 0.0983731 -0.643813 -0.424098   0.10262  0.810962
   30.7932  0.159337   0.09571 -0.648607 -0.433848 0.0983168  0.810183
   30.7933  0.158805 0.0941121 -0.650738 -0.438792 0.0956618  0.810046
   30.7933  0.163598 0.0909163 -0.654999 -0.443462 0.0914504  0.805377
   30.7933  0.168925 0.0893184 -0.657129 -0.449962 0.0873305  0.800708
   30.7933   0.17212 0.0845247 -0.661923 -0.451793 0.0874221  0.800708
   30.7933  0.179577 0.0760026 -0.670978 -0.454585 0.0865523  0.805514
   30.7933  0.191295 0.0669478 -0.673641 -0.462001  0.080281  0.809726
   30.7933  0.203013 0.0589584 -0.672576 -0.468959 0.0790908  0.805377
   30.7933  0.206742 0.0509689 -0.673641  -0.47784 0.0952041  0.805789
   30.7934  0.207807  0.039251 -0.674173 -0.488689  0.104451      0.81
   30.7934  0.213666 0.0243373 -0.673641 -0.491893 0.0927321  0.801898
   30.7934  0.227514 0.0083583 -0.673641 -0.492763 0.0908095  0.797366
   30.7934     0.24083 -0.00389224    -0.67151 -0.497478  0.105183  0.804645
   30.7934   0.242428 -0.0177407  -0.668847 -0.502284   0.11118  0.806888
   30.7934  0.241363 -0.033187 -0.668315 -0.502925  0.114888  0.807071
   30.7934   0.245624 -0.0475681  -0.665119 -0.502055  0.121297  0.809863
   30.7934   0.249352 -0.0603513  -0.662988 -0.501277  0.116719  0.810321
   30.7934   0.255211 -0.0710039  -0.660858 -0.496974  0.115758  0.807345
   30.7934    0.26107 -0.0864502  -0.658194 -0.495372  0.130177  0.808032
   30.7934  0.257874 -0.101364 -0.657662 -0.496287  0.137364  0.811191
   30.7934  0.252548 -0.110419  -0.65926 -0.49409 0.133656 0.812655
    30.794  0.247754 -0.117343 -0.660325 -0.491023   0.13448  0.811236
   30.8982  0.245091 -0.123734  -0.65926 -0.489787  0.134251  0.813113
   30.8982  0.241363 -0.127996 -0.660325 -0.492168  0.132741  0.819247
   30.8982  0.235504 -0.131724 -0.666184 -0.499492  0.140889  0.822864
   30.8983  0.231243 -0.138116 -0.670445 -0.509746    0.1451  0.826068
   30.8983  0.227514 -0.144507 -0.672043 -0.512996  0.141164  0.829089
   30.8983  0.228047 -0.150366 -0.672576 -0.511668  0.147298  0.830325
   30.8983  0.222188 -0.161551 -0.669912 -0.512492  0.159016   0.83092
   30.8983  0.213133 -0.171671 -0.672576 -0.508876  0.161351  0.833117
   30.8983  0.206209 -0.176465 -0.675771 -0.501185  0.161992  0.833301
   30.8983  0.200883 -0.178063 -0.678435 -0.493678  0.167485  0.834262
   30.8983   0.20035 -0.176998 -0.682163 -0.483607  0.164601  0.838885
   30.8983  0.200883 -0.175932 -0.682163 -0.474773  0.163777  0.845019
   30.8983  0.199817 -0.170606 -0.683228 -0.469691  0.175908  0.848773
   30.8983  0.193426 -0.164747 -0.684293 -0.461955   0.17989  0.847583
   30.8983  0.187567 -0.158888 -0.682163 -0.456279  0.173161  0.846118
   30.8983  0.187034 -0.154627 -0.683228 -0.448772  0.168904  0.843051
   30.8983  0.187567  -0.15516 -0.686957 -0.440806  0.165745  0.839343
   30.8983  0.191828 -0.158888 -0.693881 -0.440761  0.161214  0.841952
   30.8983   0.20035 -0.164747 -0.702403 -0.439525  0.158696  0.849414
   30.8983  0.204078  -0.16741 -0.710392 -0.434672  0.158238  0.855319
   30.9994  0.204611 -0.165812 -0.723176 -0.431605  0.160618  0.860995
   30.9994  0.208339 -0.165812 -0.733828 -0.43069 0.164509 0.867038
   30.9994  0.213666 -0.169541  -0.74235 -0.431422  0.163914  0.868091
   30.9994  0.217394 -0.171671 -0.749807 -0.434764  0.161809  0.870425
   30.9994  0.223253 -0.173802 -0.757797 -0.441173  0.164784  0.882235
   30.9994  0.229112 -0.180726  -0.76259 -0.450969  0.168675  0.888415
   30.9994  0.236569 -0.190846 -0.761525 -0.459163  0.166936  0.879901
   30.9994  0.247754 -0.205227  -0.76046 -0.464976  0.166753  0.875186
   30.9994   0.25894 -0.223337 -0.755666 -0.473537  0.170872  0.877658
   30.9994  0.272255 -0.243044 -0.747677 -0.478892  0.174626  0.873446
   30.9995  0.279712 -0.262219 -0.739155 -0.479625  0.183781  0.871295
   30.9995  0.280245 -0.273404 -0.727969 -0.476283   0.19637  0.876056
   30.9995  0.278647 -0.283524 -0.715719 -0.468684  0.198521   0.87363
   30.9995  0.278114 -0.293644 -0.708262 -0.463237  0.192891  0.870654
   30.9995  0.278114 -0.299503  -0.69974 -0.458018  0.190465  0.875003
   30.9995  0.280777 -0.302166 -0.693348 -0.451106  0.184239  0.874591
   30.9995  0.286636 -0.305895 -0.693881 -0.449641  0.180714  0.869327
   30.9995  0.288234 -0.311754 -0.693881 -0.452434  0.183507   0.87189
   30.9995    0.2893 -0.315482 -0.694413 -0.451015  0.177922   0.87157
   30.9995   0.29143 -0.324004 -0.697077 -0.446849   0.17307  0.866305
   31.0978  0.290365 -0.328798  -0.70187 -0.442821  0.176228  0.869601
   31.0978  0.289832 -0.329863 -0.713588 -0.438518  0.174992  0.872165
   31.0978  0.294093 -0.329331 -0.723708 -0.429134  0.168812  0.867495
   31.0978  0.296224 -0.324537 -0.728502 -0.420344  0.172108  0.873034
   31.0979  0.297289 -0.316547 -0.735959 -0.420116  0.175816  0.883334
   31.0979  0.298354 -0.304829 -0.741285 -0.417598  0.177876   0.88251
   31.0979  0.296756 -0.292046  -0.75247 -0.417415  0.188084  0.880588
   31.0979   0.29143 -0.279796 -0.757264 -0.420619  0.190007  0.882647
   31.0979  0.290897 -0.267013 -0.757797 -0.419063  0.180485  0.882876
   31.0979  0.296756 -0.252632  -0.76259 -0.420573  0.178197  0.879947
   31.0979  0.297822 -0.239848 -0.759927 -0.421077  0.183781  0.883655
   31.0979  0.298887  -0.22813 -0.759395 -0.418376  0.176411  0.884295
   31.0979  0.303681 -0.217478 -0.765786  -0.4127 0.165471 0.880084
   31.0979  0.308474 -0.206292 -0.773776 -0.405147  0.159932  0.884479
   31.0979  0.317529 -0.190846 -0.781765 -0.396678  0.144597  0.890292
   31.0979  0.328182 -0.174335 -0.794016 -0.386287  0.126744  0.895511
   31.0979  0.339367 -0.162617 -0.812125 -0.382213  0.111775  0.909976
   31.0979 0.351085 -0.14504  -0.8313 -0.380382 0.0918624  0.926913
   31.0979  0.371325 -0.120006  -0.85154 -0.377772 0.0728194  0.933551
   31.0979  0.396891 -0.099766 -0.869649 -0.383311 0.0688369  0.940417
    31.198   0.418729 -0.0837871  -0.885096 -0.399013 0.0747878  0.946185
    31.198   0.438437 -0.0678081  -0.901075 -0.41627 0.079045 0.942111
    31.198   0.453883 -0.0560902   -0.91013   -0.4295 0.0857283  0.937854
    31.198   0.474123 -0.0528944  -0.915456 -0.441127  0.095616  0.933505
    31.198   0.496494 -0.0502312  -0.919184 -0.449184  0.101338  0.927005
    31.198   0.515136 -0.0438397  -0.920782 -0.453395  0.109624  0.925906
    31.198   0.530582 -0.0385133  -0.918652 -0.452296   0.12473  0.928927
    31.198   0.537506 -0.0363828  -0.915989 -0.450328  0.128438  0.931628
    31.198   0.542832 -0.0278607  -0.912793 -0.448817  0.122258  0.934237
    31.198   0.555616 -0.0108165  -0.905336  -0.4463 0.120198 0.935748
    31.198    0.563073 -0.00229434   -0.901075 -0.445933  0.122029  0.936114
    31.198   0.569464 0.00622777  -0.898944 -0.448268   0.11736  0.937762
    31.198  0.583845 0.0206088 -0.897346 -0.450969   0.11086  0.939044
   31.1981  0.591835 0.0264678 -0.897879 -0.453075  0.104542  0.942523
   31.1981  0.600357 0.0312615 -0.895216 -0.454585 0.0992324  0.944171
   31.1981  0.623793  0.043512 -0.889357  -0.45779 0.0993239  0.940783
   31.1981  0.649892 0.0541647 -0.882965 -0.465114  0.101659  0.935611
   31.1981  0.669066 0.0632194  -0.87977 -0.470698  0.115941  0.928927
   31.1981  0.679719 0.0701436 -0.879237 -0.474269  0.126927   0.91936
   31.1981  0.683447 0.0733394 -0.876041 -0.472346  0.123128  0.913913
   31.1981  0.682915 0.0770679 -0.877106 -0.462504  0.118413  0.918124
   31.1981  0.679186 0.0845247 -0.882433  -0.4528 0.114018 0.921191
   31.1981  0.679719 0.0967753 -0.888292 -0.445064  0.110905  0.926547
   31.2934  0.676523  0.112754 -0.894683 -0.440578  0.110585  0.936206
   31.2935  0.666403  0.125537 -0.901075 -0.441447  0.103581  0.940646
   31.2935  0.658414  0.139386 -0.905336  -0.44662 0.0925948  0.939639
   31.2936  0.653087  0.159626 -0.906401 -0.459437 0.0931899  0.941745
   31.2936  0.642435  0.171344 -0.897879 -0.477885 0.0996901  0.943713
   31.2936  0.627521  0.180399 -0.884563 -0.497706 0.0971267  0.938769
   31.2936  0.617934  0.191051 -0.868052 -0.520778 0.0935561  0.935016
   31.2936  0.609412  0.199041 -0.840355 -0.541423 0.0922744  0.935061
   31.2936  0.601955  0.206498 -0.807332 -0.558681 0.0906264  0.929477
   31.2936 0.593433 0.209161 -0.77058 -0.568843 0.0944259  0.925036
   31.2936  0.583313  0.210759 -0.734361  -0.57159 0.0922744  0.923938
   31.2936  0.575323  0.218215 -0.696011 -0.573146 0.0762069  0.909884
   31.2936  0.570529  0.220346 -0.659792 -0.567103 0.0649001  0.896197
   31.2936 0.568931 0.220346  -0.6289 -0.560145  0.064717  0.895328
   31.2936  0.567866  0.224607 -0.599072 -0.549754 0.0637099  0.890475
   31.2936   0.56254  0.225672 -0.573506 -0.536433 0.0588576  0.877521
   31.2936  0.552952  0.227803 -0.556462 -0.524852 0.0559737  0.875323
   31.2936  0.543365  0.228868 -0.545809 -0.510295 0.0513503  0.876697
   31.2936  0.535376  0.228335 -0.537287 -0.496883 0.0474135  0.869235
   31.3982  0.523125   0.22727 -0.533559 -0.488368  0.043431  0.869601
   31.3982  0.509809   0.22514 -0.537287 -0.475413 0.0292403  0.873355
   31.3982  0.500755  0.224074 -0.542613 -0.455318 0.0116622  0.867679
   31.3982  0.500755  0.223009 -0.549005  -0.440852 0.00964803   0.868319
   31.3982  0.506613  0.223009 -0.558592 -0.437602 0.0233809  0.882052
   31.3982  0.506081  0.221944 -0.567647  -0.44012 0.0272262  0.886584
   31.3982  0.503418  0.219281 -0.574039 -0.440211 0.0254409  0.878711
   31.3982  0.502885   0.21502 -0.577767 -0.444057 0.0275466  0.877109
   31.3982  0.501287  0.206497 -0.581495 -0.452113  0.019078   0.87633
   31.3982  0.500222  0.195845 -0.586289  -0.45637 0.0164687  0.872165
   31.3982  0.503418  0.179866 -0.587354 -0.459758   0.03217  0.869601
   31.3982  0.510342  0.161224 -0.587354 -0.461497 0.0451247  0.869143
   31.3982  0.510342  0.145245 -0.587887 -0.459392 0.0523116  0.870013
   31.3982  0.500755  0.132994 -0.585757 -0.457469 0.0629775  0.869922
   31.3982 0.490102 0.124472 -0.58043 -0.455455 0.0690657   0.87221
   31.3982  0.481047  0.118081 -0.571908 -0.454677 0.0658156  0.874362
   31.3982  0.470927  0.113819 -0.559125 -0.461452 0.0677382  0.880588
   31.3982   0.46134  0.107961 -0.543679 -0.474635 0.0701186   0.88576
   31.3982  0.452818 0.0989058 -0.532493 -0.483333 0.0655867  0.879077
   31.3982  0.442698 0.0839921 -0.522373 -0.490565 0.0676009  0.872439
   31.3983  0.432578 0.0626868 -0.512253  -0.49821 0.0693862  0.870929
   31.4972  0.419262 0.0440447 -0.505329 -0.496287 0.0696151  0.870929
   31.4972  0.409674 0.0312615 -0.498937 -0.490382 0.0827529  0.875781
   31.4972  0.391565 0.0206088 -0.487752 -0.483378  0.101475  0.884845
   31.4972  0.359607 0.0152825 -0.473371 -0.478892  0.106465  0.890246
   31.4973   0.32978 0.0168804 -0.464849 -0.476604  0.100468  0.890521
   31.4973   0.30155  0.023272 -0.455794 -0.473262  0.099095  0.888736
   31.4973  0.277582 0.0275331 -0.440881 -0.477473  0.096028  0.884341
   31.4973  0.262668 0.0264678 -0.427565 -0.487681 0.0957534  0.882144
   31.4973  0.245624 0.0222067 -0.411053 -0.495875  0.106373  0.881091
   31.4973  0.221655 0.0147499 -0.392411 -0.494136  0.108983  0.873492
   31.4973  0.197687 0.0099562 -0.375899 -0.486262  0.105092   0.86745
   31.4973  0.175316 0.0120867 -0.356725 -0.480357  0.110264  0.868503
   31.4973  0.152413 0.0158152 -0.337017 -0.475185  0.120747  0.869876
   31.4973   0.12951 0.0158152 -0.322104 -0.473445  0.129445  0.868365
   31.4973  0.102878 0.0142173 -0.308788 -0.467403  0.131459  0.868548
   31.4973 0.0735835 0.0126194 -0.297602 -0.457286  0.130177  0.866214
   31.4974 0.0549414  0.013152 -0.286417 -0.446986  0.131962  0.865298
   31.4974 0.0368319 0.0120867  -0.27683 -0.43275 0.140477 0.869967
   31.4974 0.00860237  0.0115541  -0.269906 -0.42158 0.148534 0.868457
   31.4974 -0.021225 0.0184783 -0.260318 -0.415172   0.14565  0.865802
   31.5974 -0.0457261  0.0238046  -0.254459 -0.407985  0.137959  0.867541
   31.5974 -0.0649009  0.0227394  -0.247535 -0.39915 0.133061 0.866763
   31.5974 -0.0814125  0.0206088  -0.239013 -0.395671  0.133198  0.860217
   31.5974 -0.0947283  0.0211415  -0.234219 -0.395122  0.137685  0.857425
   31.5974 -0.108577  0.023272 -0.229426 -0.391826  0.142949   0.85747
   31.5974 -0.122958 0.0259352 -0.221969 -0.390681  0.142262  0.850741
   31.5974 -0.133078 0.0312615 -0.210783 -0.393336  0.137639  0.844287
   31.5974 -0.143198  0.033392 -0.199065 -0.397365   0.13892   0.84241
   31.5974 -0.158644 0.0285983 -0.192674 -0.399242  0.137501  0.833621
   31.5974 -0.173558 0.0243373 -0.189478 -0.398189  0.126881  0.824878
   31.5975 -0.178884 0.0227394 -0.184684 -0.398967  0.120381   0.82474
   31.5975 -0.179417 0.0211415 -0.179891 -0.399425   0.12029  0.827624
   31.5975 -0.188472 0.0248699 -0.174564 -0.402629  0.120198  0.831241
   31.5975 -0.201787 0.0301962 -0.167108 -0.408809  0.119374  0.833941
   31.5975 -0.212973 0.0296636  -0.16551 -0.412562  0.107976  0.829867
   31.5975 -0.218299  0.029131 -0.166042 -0.413844 0.0891616  0.820254
   31.5975 -0.218832 0.0243373 -0.167108 -0.420116 0.0831649  0.821032
   31.5975 -0.214571  0.017413 -0.170303 -0.428126 0.0848586  0.830096
   31.5975 -0.209777 0.0110215 -0.174564 -0.426066 0.0807845  0.831653
    31.697  -0.210309 0.00622777  -0.178825 -0.424007 0.0780379  0.834308
    31.697  -0.210842 0.00622777  -0.182554 -0.425334 0.0791823  0.839526
    31.697  -0.209244 0.00462988  -0.189478 -0.425471 0.0754744  0.843646
    31.697  -0.204451 0.00303198  -0.194804 -0.429591  0.066548  0.843417
    31.697 -0.196994 0.0067604    -0.198 -0.439296 0.0679671  0.839847
    31.697 -0.189004 0.0083583 -0.200131 -0.454402 0.0754744  0.840716
    31.697  -0.181547 0.00249935  -0.201729 -0.469234 0.0689742  0.835681
    31.697  -0.173025 -0.0049575  -0.203859 -0.477336 0.0602309  0.828219
    31.697  -0.161307 -0.0108165  -0.206522  -0.48347 0.0600936  0.826526
    31.697  -0.145328 -0.0166754  -0.209718 -0.483333 0.0551497  0.824008
   31.7374 -0.127751 -0.023067 -0.215044 -0.478618 0.0467727  0.822131
   31.7375  -0.112838 -0.0273281  -0.221969 -0.474773 0.0463607  0.830005
   31.7375 -0.0989893 -0.0321217  -0.229958 -0.467219 0.0457198   0.84241
   31.7375 -0.0824777 -0.0321217   -0.23635 -0.459895 0.0392653  0.847537
   31.7375 -0.0670314 -0.0198712  -0.239546 -0.460216 0.0383498  0.847995
   31.7375  -0.0505198 -0.00975119   -0.240078 -0.464748 0.0375716  0.849551
   31.7375 -0.0345408 -0.0065554  -0.237415 -0.467311 0.0293776  0.846484
   31.7375  -0.0127029 -0.00335961   -0.232089 -0.469874 0.0306136  0.842959
   31.7376  0.0139287 0.00090145  -0.226762 -0.474177 0.0427443   0.84122
   31.7376   0.0362992 0.000368818   -0.220371 -0.474589 0.0501601   0.83797
   31.7376   0.0565393 -0.00176171   -0.211316 -0.469966 0.0561568  0.836505
   31.7935  0.0762467 0.00143408  -0.201196 -0.464976 0.0683333  0.843509
   31.7935 0.0964867 0.0083583 -0.186815 -0.460307 0.0767562  0.850696
   31.7935  0.112466 0.0195436 -0.171369 -0.456416 0.0818831  0.850558
   31.7936  0.119923 0.0301962 -0.158053 -0.453395 0.0885207  0.854129
   31.7936  0.127379 0.0344573 -0.150596 -0.450236 0.0811049  0.852847
   31.7936  0.145489 0.0344573 -0.145802 -0.442775 0.0698439  0.845248
   31.7936  0.168925 0.0365878 -0.139411 -0.436412 0.0792739  0.847308
   31.7936  0.187034 0.0403162 -0.134617 -0.431331 0.0938308   0.85184
   31.7936  0.199285 0.0445773 -0.132486 -0.422816  0.102803  0.851932
   31.7936  0.208339 0.0515015 -0.126628 -0.413249  0.115025  0.849917
   31.7936  0.215264 0.0621542 -0.119171 -0.403453  0.119878  0.846621
   31.7936  0.217927 0.0749373  -0.11491 -0.396083  0.115803  0.843554
   31.7936  0.216329 0.0882531 -0.107985 -0.393657   0.12148  0.840716
   31.7936  0.212601 0.0983731 -0.109051 -0.392238  0.129033  0.835086
   31.7936  0.208339  0.105297 -0.119703 -0.387431  0.124272  0.832339
   31.7936  0.208872  0.109026 -0.130889 -0.383861   0.12093  0.844241
   31.7936  0.212601  0.109026 -0.142606 -0.38029 0.131047 0.861087
   31.7936   0.21047  0.117015 -0.150596 -0.377681  0.144276  0.872302
   31.7937  0.198752  0.129798 -0.159651 -0.38029 0.152379 0.877704
   31.8375  0.177979   0.13619 -0.174032 -0.381755  0.153157  0.880038
   31.8997  0.160403  0.144712 -0.186282 -0.380565  0.144047  0.879123
   31.8997  0.153478    0.1543 -0.197468 -0.383861  0.138188  0.878848
   31.8997  0.150815  0.158561 -0.209718 -0.389995  0.144597  0.882144
   31.8997  0.144956  0.160691 -0.219838 -0.395991  0.148396  0.879443
   31.8997  0.133771  0.160691 -0.229426 -0.403773  0.146107  0.877978
   31.8997  0.124716  0.161756 -0.239013 -0.410274  0.144414  0.884707
   31.8997  0.124716  0.162289 -0.245937 -0.410045  0.140568  0.889239
   31.8997  0.125781  0.160158 -0.249666 -0.415446  0.143086  0.892718
   31.8997 0.124184 0.157495  -0.2486 -0.428218  0.148534  0.901919
   31.8997  0.124716  0.151104 -0.244339 -0.43275 0.144414 0.904574
   31.8997  0.126847  0.144712 -0.237948 -0.435817  0.139241  0.896197
   31.8997  0.134836  0.137788 -0.229958 -0.440532   0.13979  0.893084
   31.8997  0.146021  0.127135 -0.222501 -0.442363  0.137639  0.895282
   31.8997  0.152413  0.110091 -0.214512 -0.440028  0.131001  0.893039
   31.8998  0.157207 0.0930468 -0.207055 -0.436778  0.126607  0.895923
   31.8998  0.171588  0.079731 -0.200131 -0.432109  0.121159  0.901782
   31.8998  0.188632 0.0706763 -0.191609 -0.423411  0.116307  0.901462
   31.9002  0.202481   0.06535 -0.180423 -0.423045  0.122166   0.90668
   31.9002  0.209405 0.0578931  -0.16764 -0.428172  0.129857  0.915698
   31.9414  0.217927 0.0483057 -0.158053 -0.42982 0.124455 0.913547
   31.9968  0.233373 0.0381857 -0.145802 -0.430827  0.123723  0.910846
   31.9968  0.251483 0.0285983 -0.133019 -0.439204  0.137501  0.919131
   31.9968  0.267462 0.0200762 -0.119703 -0.451198   0.14629  0.922107
   31.9968  0.275451 0.0115541 -0.103192 -0.456645  0.149953  0.919269
   31.9968    0.281843 -0.00282698  -0.0866801 -0.45843 0.154942 0.919269
   31.9968   0.292495 -0.0134796 -0.0754948 -0.461177  0.153844  0.918582
   31.9968   0.303681 -0.0156101 -0.0712338 -0.463603  0.154164  0.916842
   31.9968   0.309007 -0.0220017 -0.0712338 -0.467219  0.167073   0.92261
   31.9968   0.311137 -0.0326544 -0.0728317 -0.472301  0.177052  0.930804
   31.9968   0.318062 -0.0422418 -0.0786906 -0.474635  0.177327  0.933642
   31.9969   0.322855 -0.0496986  -0.088278 -0.475963  0.183552  0.939364
   31.9969   0.316464  -0.053427 -0.0930717 -0.480586  0.194264  0.948474
   31.9969   0.310072 -0.0560902 -0.0994633 -0.483974  0.197789  0.946231
   31.9969   0.306344 -0.0571555  -0.105322 -0.48585 0.196644   0.9444
   31.9969   0.303681 -0.0619492  -0.107985 -0.496013  0.190694  0.954013
   31.9969    0.30155 -0.0704713  -0.111181 -0.506267  0.177876  0.959231
   31.9969   0.304213 -0.0763302  -0.112779 -0.513133  0.173299  0.956576
   31.9969   0.313268 -0.0821892  -0.114377 -0.526225  0.177144  0.951678
   31.9969   0.319127 -0.0917766  -0.115975 -0.536388  0.174672  0.948565
   31.9969  0.323921 -0.108821 -0.116508 -0.538768  0.175954  0.944583
   32.0953  0.330845   -0.1248 -0.115975 -0.536799  0.183369  0.943942
   32.0953  0.335639  -0.13705 -0.116508 -0.531489  0.187215  0.946002
   32.0953   0.33191 -0.149301 -0.119703 -0.526317  0.187535  0.944537
   32.0953  0.325519 -0.153562 -0.119171 -0.521419  0.185567  0.941195
   32.0953  0.322323 -0.151964 -0.126095 -0.521693  0.175862  0.940143
   32.0954  0.318594  -0.15516 -0.141009 -0.527598  0.158055    0.9341
   32.0954  0.316464 -0.159953 -0.160183 -0.533412  0.147526  0.927279
   32.0954  0.312203  -0.16741 -0.187348 -0.539683  0.138646  0.925586
   32.0954  0.305811 -0.178063 -0.215044 -0.549159  0.119466  0.924807
   32.0954  0.303148 -0.182324 -0.228893 -0.553004  0.106923  0.928836
   32.0954  0.307409  -0.18552 -0.243807 -0.551494  0.106007  0.932361
   32.0954  0.315399 -0.193509 -0.277362 -0.552455  0.111821  0.934558
   32.0957 0.321258 -0.19564 -0.30932 -0.553554  0.121663  0.938907
   32.0957  0.322323 -0.193509 -0.341278 -0.551448  0.127339  0.936664
   32.0957  0.314866  -0.19564 -0.377497 -0.549571  0.128758  0.926822
   32.0957  0.307409 -0.195107 -0.414249 -0.547511  0.122166  0.918673
   32.0958  0.302083  -0.19564 -0.454729 -0.540828  0.113652  0.917941
   32.0958   0.29942 -0.197238 -0.497872 -0.533687  0.115987  0.921054
   32.0958  0.294626 -0.190314 -0.532493 -0.531764    0.1218  0.923297
   32.0958  0.280245 -0.180726 -0.554331 -0.531489  0.127522  0.925723
   32.0958  0.267462 -0.162084  -0.57031 -0.532817  0.135853  0.928607
   32.1976  0.258407 -0.133322 -0.577234 -0.547328  0.138463   0.92316
   32.1977  0.242428 -0.108288 -0.579898 -0.567058  0.133336  0.909701
   32.1977   0.223253 -0.0933745  -0.588952 -0.583034  0.123082  0.895373
   32.1977   0.215264 -0.0880481  -0.598007 -0.595943   0.10619   0.88425
   32.1977   0.216329 -0.0768629  -0.602268 -0.607158 0.0957991   0.88663
   32.1977   0.209937 -0.0656776  -0.601203 -0.61851 0.104542 0.907138
   32.1977   0.199285 -0.0454376  -0.594279 -0.623271  0.112233  0.915103
   32.1977    0.189165 -0.00708803     -0.5783 -0.631236  0.116261  0.905353
   32.1977  0.177979 0.0259352 -0.550603 -0.651149  0.127019  0.908832
   32.1977  0.172653 0.0573605 -0.516514 -0.670466  0.128712  0.900134
   32.1977   0.17212 0.0834594 -0.478165 -0.685069  0.132054  0.874408
   32.1977  0.175316 0.0914489 -0.437685 -0.698894  0.144368  0.860263
   32.1977  0.179577 0.0877205 -0.394542 -0.694728  0.140202  0.849231
   32.1977  0.184371 0.0765352 -0.350333 -0.671428  0.126424  0.840991
   32.1977  0.194491 0.0621542 -0.308255 -0.643642  0.116032  0.842685
   32.1977  0.215264 0.0568278 -0.267242 -0.604503  0.115895  0.851748
   32.1977  0.233373 0.0674805 -0.226762 -0.569484  0.120061  0.864154
   32.1977  0.238699 0.0813289 -0.190011 -0.553325  0.118596  0.873309
   32.1977  0.241895 0.0887858 -0.155922 -0.544261  0.116856  0.885257
   32.1978  0.247754 0.0935795 -0.123964 -0.534144  0.103398  0.884524
   32.2928   0.256276  0.0978405 -0.0952022 -0.523707 0.0898024  0.864703
   32.2928   0.265864  0.0973079 -0.0643095 -0.521052 0.0876052  0.856784
   32.2928   0.272255  0.0914489 -0.0366127 -0.524074 0.0768935  0.854861
   32.2928   0.276516   0.079731 -0.0201011   -0.5227 0.0607345  0.842135
   32.2928    0.278114   0.0664152 -0.00998105 -0.515697 0.0507552  0.836642
   32.2928    0.280245   0.0568278 -0.00678526 -0.507182 0.0464064  0.842273
   32.2928    0.283441   0.0499036 -0.00731789 -0.502971 0.0462233  0.841449
   32.2928    0.278647   0.0467078 -0.00998105 -0.505672 0.0509841  0.839755
   32.2928   0.263733  0.0429794 -0.0238295 -0.510524 0.0570723  0.839755
   32.2928   0.243493  0.0381857 -0.0440695 -0.513087 0.0495192  0.828814
   32.2928   0.221123  0.0344573 -0.0637769 -0.515239 0.0453994  0.821216
   32.2928   0.203546  0.0339247 -0.0802885 -0.518214 0.0603225  0.825198
   32.2928   0.188632   0.039251 -0.0941369 -0.526774 0.0748336  0.824191
   32.2928  0.164131 0.0413815  -0.10692 -0.541469 0.0901229  0.818286
   32.2929  0.131108 0.0403162 -0.113312 -0.55717 0.105046 0.813159
   32.2929  0.100748 0.0419141 -0.115975 -0.566691  0.108479  0.800754
   32.2929  0.071453 0.0381857 -0.117573 -0.569438  0.107106  0.782901
   32.2929 0.0432235 0.0254025 -0.116508 -0.568202  0.109852  0.775851
   32.2929 0.0203203 0.0136846 -0.115975 -0.561793  0.111317  0.777545
   32.2934 -0.00790923  0.00569514   -0.119171 -0.546092  0.109532  0.781756
   32.3981 -0.0388019 0.00196671  -0.121301 -0.525813  0.116673  0.790362
   32.3981 -0.0680967 0.00356461  -0.118638 -0.514186  0.118092   0.79732
   32.3981 -0.0952609 0.00729304  -0.113844 -0.506953  0.102711  0.802401
   32.3981  -0.11124 0.0142173 -0.109051 -0.504252 0.0963942  0.803866
   32.3981 -0.124023 0.0184783 -0.102659 -0.509563 0.0971724  0.800387
   32.3981  -0.134143  0.0152825 -0.0973327 -0.514323 0.0874678  0.792697
   32.3981  -0.140535 0.00569514 -0.0978654 -0.515697 0.0811965  0.782901
   32.3981  -0.147459 -0.0065554  -0.101594 -0.519176 0.0819747   0.78107
   32.3981 -0.149057 -0.012947 -0.102659 -0.525218 0.0842635  0.790545
   32.3981   -0.15385 -0.0145449  -0.098398 -0.529796 0.0912215  0.803317
   32.3981  -0.164503 -0.0177407 -0.0952022 -0.533092  0.104039  0.810595
   32.3981  -0.171427 -0.0198712 -0.0893433 -0.537944  0.109166   0.81206
   32.3981  -0.175688 -0.0220017 -0.0813538 -0.542659  0.103398  0.810962
   32.3981  -0.177286 -0.0235996  -0.078158 -0.543483  0.100239  0.805743
   32.3981  -0.174623 -0.0241323 -0.0770927 -0.540416 0.0965773  0.800342
   32.3981  -0.170895  -0.028926 -0.0738969 -0.537944  0.093785  0.796084
   32.3981  -0.168764 -0.0363828 -0.0701685 -0.534328 0.0926864  0.793658
   32.3981  -0.166101 -0.0438397 -0.0691032 -0.525767 0.0845839  0.793475
   32.3981  -0.161307 -0.0507639 -0.0701685 -0.512858 0.0714919  0.794574
   32.3981  -0.154383  -0.053427 -0.0738969 -0.499675  0.065953   0.79906
   32.4978  -0.145328 -0.0528944 -0.0845496 -0.492076 0.0642135  0.800937
   32.4978  -0.137872 -0.0523618 -0.0962675  -0.48846 0.0586745  0.802813
   32.4978  -0.126686 -0.0502312  -0.100529  -0.48315 0.0615126  0.810092
   32.4978  -0.118164 -0.0475681   -0.10479 -0.477382 0.0700271  0.813937
   32.4978  -0.108577 -0.0459702   -0.10692  -0.47523 0.0732772  0.806338
   32.4979 -0.0920651  -0.043307  -0.107453 -0.481319 0.0757949   0.80025
   32.4979  -0.079282 -0.0438397  -0.110649 -0.488368 0.0800063  0.794986
   32.4979 -0.0670314 -0.0486333  -0.109583 -0.490428 0.0846297  0.783954
   32.4979  -0.053183 -0.0539597  -0.104257 -0.492168 0.0874678  0.785144
   32.4979 -0.0446609 -0.0566228  -0.101594 -0.487361 0.0895736  0.792376
   32.4979 -0.0382693 -0.0555576  -0.101061 -0.476604 0.0915877   0.79201
   32.4979 -0.0313451 -0.0465028 -0.0968001 -0.469234 0.0942885  0.793567
   32.4979 -0.0254861 -0.0374481 -0.0936043 -0.466441  0.101384  0.798419
    32.498 -0.0201598 -0.0326544 -0.0920064 -0.465526  0.105366  0.798327
    32.498 -0.0180292  -0.023067 -0.0888106 -0.462184  0.109212  0.795581
    32.498 -0.0132356 -0.0118817 -0.0856148 -0.462276  0.113698  0.795718
    32.498 -0.00790923 0.000368818  -0.0808211 -0.466624  0.105412  0.789172
    32.498 -0.00684397  0.00729304  -0.0776253 -0.466991 0.0955245  0.781207
    32.498 0.00274341  0.0120867  -0.078158 -0.466258  0.094197  0.780566
    32.498 0.0165918 0.0211415 -0.082419 -0.472209  0.101475  0.787799
    32.498  0.0208529  0.0254025 -0.0861475 -0.482051  0.108296  0.792193
   32.5974 0.0213855 0.0254025 -0.088278 -0.485942  0.107838  0.789355
   32.5974  0.0224508  0.0275331 -0.0920064 -0.483607  0.110356  0.786975
   32.5974  0.0229834  0.0296636 -0.0936043 -0.481364  0.121617  0.787799
   32.5974  0.0229834  0.0285983 -0.0952022 -0.481456   0.13036  0.791003
   32.5974 0.0208529  0.033392 -0.102126 -0.480678   0.13242  0.794391
   32.5975 0.0171245 0.0419141 -0.110649 -0.475001  0.130864  0.795306
   32.5975 0.0123308 0.0483057  -0.11704 -0.467815  0.134343  0.795581
   32.5975 0.00540657  0.0557626  -0.123432 -0.46429 0.141713 0.804507
   32.5975 0.00380867  0.0653499  -0.130889 -0.459346  0.133244  0.805468
   32.5975 0.00380867  0.0733394  -0.138345 -0.455546  0.127339  0.804049
   32.5975 0.0059392 0.0776005 -0.142606 -0.455638  0.134206  0.811328
   32.5975 0.0075371  0.079731 -0.141541 -0.454631  0.140111  0.812655
   32.5975 0.000612881   0.0807963   -0.137813 -0.456599   0.14684   0.80881
   32.5975 -0.0073766  0.0834594  -0.130889 -0.46136 0.153615 0.811923
   32.5975 -0.0143008  0.0882531  -0.121834 -0.465571  0.150731  0.818469
   32.5975 -0.0222903  0.0941121  -0.111181 -0.475413  0.148167  0.818469
   32.5975 -0.0313451  0.0973079 -0.0989306 -0.493404  0.150868  0.825061
   32.5975 -0.0382693  0.0951774 -0.0877454 -0.507686  0.144643   0.83536
   32.5975 -0.0398672  0.0909163 -0.0808211 -0.51826 0.130315 0.834125
   32.5975 -0.0361387  0.0829268 -0.0717664 -0.528148  0.126378  0.833667
   32.5975 -0.0334756  0.0712089 -0.0611137 -0.532497  0.126561   0.84035
   32.5975 -0.0356061  0.0605563 -0.0552548 -0.530803  0.122212  0.839938
   32.6968 -0.0425303  0.0515015 -0.0509937 -0.524715  0.125783  0.834674
   32.6968 -0.0521177  0.0413815 -0.0515264 -0.518901   0.12798  0.834628
   32.6968 -0.0643683  0.0312615 -0.0563201 -0.514415  0.119466  0.831332
   32.6968 -0.0728904  0.0254025 -0.0691032  -0.5097 0.115483 0.826892
   32.6969 -0.0787493  0.0222067 -0.0861475 -0.50471 0.123723 0.828402
   32.6969 -0.0909999   0.017413  -0.101594 -0.505855  0.124592  0.831927
   32.6969 -0.103783 0.0126194 -0.120236 -0.509013  0.122029  0.835132
   32.6969 -0.116034 0.0067604 -0.139943 -0.510799  0.132512  0.837604
   32.6969   -0.128817 -0.00176171   -0.158053 -0.514781  0.138508  0.838244
   32.6969  -0.142665 -0.0102838  -0.176695 -0.518901  0.135258  0.838519
   32.6969  -0.157579 -0.0214691  -0.192674 -0.522883  0.131962  0.840716
   32.6969  -0.164503 -0.0342523  -0.202794 -0.529887   0.12354  0.840899
   32.6969  -0.161307 -0.0486333  -0.213447 -0.533412  0.112416  0.843692
   32.6969  -0.156514 -0.0640797  -0.223034 -0.533595  0.108433  0.851565
   32.6969  -0.152785 -0.0800586  -0.229426 -0.538631  0.107426  0.853442
   32.6969  -0.146394 -0.0944397  -0.236882 -0.542293  0.104909  0.853717
   32.6969 -0.137872  -0.10669 -0.242741 -0.542613  0.104359  0.856555
   32.6969 -0.130415 -0.120006 -0.245937 -0.545039   0.10088  0.853946
   32.6969 -0.122425 -0.135452 -0.249666 -0.548015 0.0968062  0.853259
   32.6969 -0.115501 -0.151431 -0.250731 -0.549571 0.0978591   0.86008
   32.7938 -0.109109 -0.164215 -0.248068 -0.549251 0.0968062  0.864566
   32.7939 -0.0941957  -0.180194  -0.247002 -0.548015   0.08907  0.864795
   32.7939 -0.0771514  -0.198303    -0.2486  -0.54687 0.0820205  0.863284
   32.7939 -0.0638356  -0.214282  -0.252861 -0.545314 0.0813796  0.860766
   32.7939 -0.0478567  -0.230261  -0.260851 -0.541606 0.0821578  0.857333
   32.7939 -0.0313451  -0.245175  -0.266177 -0.538219 0.0796859  0.859118
   32.7939 -0.0158987  -0.260621  -0.267775 -0.534785 0.0796401  0.866809
   32.7939 0.00167815   -0.26861  -0.267775 -0.528651 0.0831191  0.869418
   32.7939 0.0197876 -0.270741 -0.262449 -0.527324 0.0916335  0.874774
   32.7939 0.0347013 -0.275002 -0.254992 -0.535564  0.105229  0.884341
   32.7939  0.049615 -0.276067 -0.241143 -0.546229  0.110768  0.879306
   32.7939 0.0687898 -0.284589 -0.219838 -0.555064  0.112508  0.868457
   32.7939 0.0906277 -0.301101 -0.199065 -0.562388  0.118779  0.864795
   32.7939  0.111933 -0.318145  -0.17563 -0.56335 0.120015 0.859622
   32.7939  0.128977 -0.336787 -0.152726 -0.554103  0.119649  0.855502
    32.794  0.142293 -0.349038  -0.13515 -0.537852  0.120701  0.861957
    32.794  0.153478 -0.351168 -0.120236 -0.52119 0.117589 0.871707
    32.794  0.163598 -0.346907 -0.112246 -0.506816  0.112233   0.88045
    32.794   0.17212 -0.343179 -0.110116 -0.502696  0.115025  0.898669
    32.794  0.175316 -0.343712 -0.108518 -0.506587  0.120015   0.91405
   32.8978  0.178512 -0.341048  -0.10692 -0.508143  0.115254  0.913455
   32.8978  0.181708 -0.335722 -0.109051 -0.509334  0.111455  0.913592
   32.8978  0.184904 -0.338918 -0.115442 -0.512858  0.109715  0.920413
   32.8978  0.194491  -0.34744 -0.119171 -0.515376  0.104634  0.915515
   32.8978  0.206742 -0.358093 -0.124497 -0.515513  0.101063  0.909518
   32.8978  0.217927 -0.367147 -0.133019 -0.507731  0.101613  0.916522
   32.8978  0.229112 -0.368745 -0.136215 -0.490291 0.0971724   0.92023
   32.8978  0.242961 -0.357027 -0.138878 -0.478068 0.0929152  0.919406
   32.8978  0.253613 -0.340516 -0.142074 -0.475139  0.100697  0.922793
   32.8978  0.255744 -0.321874 -0.139943 -0.473491  0.107335  0.921512
   32.8978  0.259472 -0.303764 -0.136748 -0.475276  0.104909   0.91373
   32.8978  0.264266 -0.289916  -0.13515 -0.483287   0.10262  0.914416
   32.8978  0.268527 -0.272339 -0.131954 -0.490474 0.0968978  0.913821
   32.8978  0.275984  -0.25849 -0.127693  -0.49203 0.0923201  0.901141
   32.8979  0.282375 -0.247305 -0.129823 -0.493358 0.0970809  0.892306
   32.8979  0.284506 -0.232391  -0.13515 -0.496333 0.0961196  0.897799
   32.8979  0.283441 -0.213217 -0.139411 -0.493907 0.0877425  0.903933
   32.8979  0.280777 -0.192977 -0.148465 -0.485805 0.0903518  0.906497
   32.8979  0.272788 -0.169541 -0.160183 -0.479213 0.0987746  0.914142
   32.8979  0.258407 -0.144507 -0.177228 -0.474773 0.0883376  0.917163
   32.9969  0.245624 -0.111484    -0.198 -0.469188 0.0748336  0.912036
   32.9969   0.236569 -0.0704713  -0.216642 -0.466624 0.0761611  0.912311
   32.9969   0.224318 -0.0369154  -0.231023 -0.469096 0.0768935   0.91524
   32.9969    0.208872 -0.00389224   -0.243807 -0.473811 0.0807845  0.913089
   32.9969   0.19023 0.0275331 -0.254459 -0.482234 0.0917251  0.910937
   32.9969  0.173186 0.0600236 -0.257122 -0.487407 0.0895278  0.908465
   32.9969  0.160935 0.0983731 -0.251796 -0.487865 0.0741927  0.905215
   32.9969  0.150815   0.13619 -0.247002 -0.493129 0.0697982  0.904712
    32.997  0.146554  0.155365 -0.247002 -0.503474 0.0745589  0.905398
    32.997 0.140163 0.172409 -0.23635 -0.509379  0.075978  0.905353
    32.997  0.125249  0.201171 -0.215577 -0.510661 0.0709884  0.901599
    32.997  0.116727  0.212889 -0.205457 -0.512767 0.0653579  0.895511
    32.997  0.114596  0.220879 -0.194272 -0.513591  0.064717  0.893176
    32.997  0.108737  0.235792 -0.171369 -0.511989 0.0595443  0.888736
    32.997  0.105009  0.242716 -0.159651 -0.500682  0.049153  0.879352
    32.997 0.0996825  0.245912 -0.152194 -0.490977 0.0439345  0.874408
    32.997 0.0874319  0.256032 -0.141541 -0.481135  0.038716  0.875735
    32.997 0.0778446  0.273077 -0.136748 -0.462825 0.0206344  0.876468
    32.997 0.0698551  0.283197 -0.138345   -0.449412 -0.00220805    0.881595
    32.997  0.061333  0.287458 -0.145802  -0.439708 -0.0202897   0.890704
   32.9971 0.0560066  0.290653 -0.159118  -0.433208 -0.0339769   0.900363
   32.9971 0.0538761  0.283197 -0.176162  -0.433894 -0.0487626   0.908008
   32.9971  0.055474  0.268283 -0.192141  -0.434123 -0.0627244   0.914508
   33.0958 0.0586698  0.250706  -0.20812  -0.432567 -0.0682634   0.916797
   33.0959  0.061333  0.230466 -0.224099   -0.43394 -0.0749009   0.911075
   33.0959 0.0661266   0.20703 -0.242209  -0.435863 -0.0749009   0.912768
   33.0959 0.0719856  0.178801  -0.25659  -0.434901 -0.0693162    0.91643
   33.0959 0.0778446  0.147375 -0.266177  -0.430598 -0.0761369   0.911624
   33.0959 0.0906277  0.114885 -0.274699  -0.430644 -0.0816301   0.912723
   33.0959  0.103944   0.08559 -0.282689  -0.430049 -0.0799821   0.916614
   33.0959    0.1114 0.0589584 -0.285352  -0.430598 -0.0772355   0.912723
   33.0959  0.120455 0.0312615 -0.283754  -0.437007 -0.0722917   0.910663
   33.0959   0.130575 0.00409724  -0.282689  -0.442454 -0.0668443   0.913043
   33.0959   0.136434 -0.0262628  -0.277362  -0.447032 -0.0695909   0.913547
   33.0959   0.147619 -0.0550249  -0.269373  -0.448268 -0.0768235   0.912494
   33.0959  0.165729 -0.085385 -0.260851  -0.453441 -0.0732988   0.917941
   33.0959  0.181708 -0.122669 -0.250731  -0.467403 -0.0656083   0.918536
   33.0959  0.194491 -0.159953  -0.23635  -0.479671 -0.0582383    0.91199
   33.0959  0.204078 -0.204162 -0.219838  -0.486903 -0.0432237   0.908786
   33.0959  0.212601 -0.251566 -0.205457  -0.489055 -0.0308183   0.903155
   33.0959  0.216862  -0.29684 -0.195337  -0.487636 -0.0272477   0.889056
   33.0959  0.216329 -0.344244 -0.190543  -0.480403 -0.0249131   0.875323
   33.0959  0.217927 -0.384192 -0.187348   -0.46342 -0.0241349    0.87189
   33.1967  0.220057 -0.415084  -0.18788  -0.441356 -0.0277513   0.873492
   33.1968  0.218992 -0.435857 -0.194804  -0.423137 -0.0228532     0.8772
   33.1968  0.212068 -0.439585 -0.204392   -0.413249 -0.00120097    0.882922
   33.1968  0.195556 -0.441716 -0.215577 -0.401942 0.0182998  0.879901
   33.1968  0.175316 -0.441183  -0.22623 -0.390956  0.036473  0.877383
   33.1968  0.152413 -0.425737 -0.233154  -0.38853 0.0589949  0.887225
   33.1968  0.123118 -0.407095 -0.233687 -0.381801 0.0698439  0.893817
   33.1968 0.0906277 -0.391649 -0.233687 -0.389033 0.0701186  0.888553
   33.1969 0.0650614 -0.371941 -0.231023 -0.398372 0.0723616  0.884753
   33.1969 0.0490824 -0.353832  -0.22836  -0.39741 0.0707137  0.884112
   33.1969 0.0336361  -0.34744 -0.229426 -0.403224 0.0614669  0.876376
   33.1969 0.0160592 -0.346375 -0.232621 -0.407939 0.0594985  0.874362
   33.1969 0.00221078   -0.34744  -0.241676 -0.406886 0.0614669  0.879031
   33.1969 -0.0153661   -0.34531  -0.253394 -0.394664 0.0581252  0.882281
   33.1969 -0.0388019  -0.334657  -0.264579 -0.383266 0.0588576  0.891299
   33.1969 -0.0622377  -0.321874  -0.280558 -0.378871 0.0610549  0.904254
   33.1969 -0.083543 -0.308025 -0.303461 -0.371501 0.0538222  0.907412
   33.1969 -0.100055 -0.291514 -0.318908 -0.365092 0.0522658  0.905536
   33.1969 -0.116034 -0.275535 -0.327963 -0.365321 0.0621993  0.910434
   33.1969 -0.128817 -0.259556 -0.332756 -0.367015 0.0635268  0.914279
   33.2922 -0.139469 -0.243044 -0.330626 -0.369258 0.0628859  0.908877
   33.2922 -0.151187 -0.226533 -0.321571 -0.372142 0.0737807  0.901645
   33.2922  -0.16184  -0.21588 -0.308255 -0.371821 0.0742843  0.892993
   33.2923 -0.169297 -0.208423 -0.292809 -0.373378 0.0629317  0.886172
   33.2923  -0.17196 -0.198836 -0.273101 -0.375804 0.0607345  0.889651
   33.2923 -0.171427 -0.186052 -0.252861 -0.370814 0.0583083  0.898669
   33.2923 -0.167699 -0.166878 -0.230491 -0.365367 0.0556991  0.906543
   33.2923 -0.165036 -0.143442 -0.204924 -0.367976 0.0616958   0.91112
   33.2923 -0.168232 -0.125865 -0.179358 -0.378093 0.0613753   0.91199
   33.2923 -0.166634 -0.117343 -0.158053 -0.383998 0.0511214  0.911212
   33.2923 -0.157579 -0.107223 -0.140476 -0.382854 0.0427901  0.907824
   33.2923 -0.148524 -0.099766  -0.12716 -0.381984 0.0395858  0.901462
   33.2923  -0.141067 -0.0960376  -0.118105 -0.377177 0.0369307  0.899447
   33.2923  -0.134676 -0.0917766  -0.110116 -0.36935 0.033406 0.900042
   33.2923  -0.127751 -0.0875155  -0.105855 -0.362208 0.0340011  0.901004
   33.2923  -0.120827 -0.0789934  -0.104257 -0.353694 0.0334517  0.900271
   33.2923  -0.117631 -0.0726018  -0.105855  -0.34463 0.0308425  0.897479
   33.2923  -0.112838 -0.0726018  -0.107985 -0.337764 0.0326278  0.893451
   33.2923  -0.102185 -0.0715365  -0.109051 -0.336619 0.0297896  0.885714
   33.2929 -0.0904672 -0.0699386  -0.111714 -0.339137 0.0293776  0.884753
   33.3973 -0.0824777 -0.0672755  -0.110649  -0.34138 0.0410964   0.88869
   33.3974 -0.0782167 -0.0608839  -0.106387 -0.341472 0.0524489  0.882876
   33.3974 -0.0702272 -0.0544923  -0.103192 -0.345683 0.0584914  0.873996
   33.3974 -0.0622377 -0.0486333 -0.0989306 -0.353053 0.0607802  0.866626
   33.3974 -0.0595746 -0.0449049 -0.0920064 -0.359096 0.0586745  0.858661
   33.3974 -0.0558461  -0.043307 -0.0877454 -0.368434 0.0561568  0.858294
   33.3974 -0.0521177  -0.043307 -0.0904085 -0.379283 0.0562484  0.863421
   33.3974 -0.0537156 -0.0411765 -0.0952022 -0.382121 0.0504805  0.863604
   33.3974 -0.0537156  -0.033187 -0.0989306 -0.380382 0.0391738  0.862185
   33.3974 -0.0505198  -0.023067   -0.10479 -0.386058 0.0351455   0.86896
   33.3974 -0.0457261 -0.0150775  -0.113312 -0.395259 0.0336348  0.875277
   33.3974  -0.043063 -0.0118817  -0.121301 -0.403361 0.0315291   0.86983
   33.3974 -0.0425303 -0.0134796  -0.123432 -0.411418  0.034413  0.866809
   33.3974 -0.0345408 -0.0182733   -0.12503 -0.413386 0.0331771  0.868411
   33.3974 -0.0249535  -0.028926  -0.127693 -0.407939 0.0264937  0.860629
   33.3974 -0.0217577 -0.0363828  -0.127693 -0.399608 0.0286452  0.857928
   33.3974  -0.016964 -0.0401112  -0.126628 -0.391139 0.0416915  0.866168
   33.3974 -0.0089745 -0.0475681  -0.123964 -0.387065 0.0493361  0.870196
   33.3974 -0.00577871  -0.0512965   -0.122366 -0.379924 0.0437972  0.870151
   33.3974 0.00114551 -0.0512965  -0.116508 -0.366649 0.0398604  0.873858
   33.3974 0.0123308 -0.049166 -0.105855 -0.360515 0.0414626  0.877612
   33.3974  0.0165918 -0.0470354  -0.101061 -0.359416 0.0459945  0.883105
   33.4975   0.025114 -0.0443723 -0.0946696 -0.356532 0.0498397  0.886493
   33.4976  0.0384298 -0.0417091 -0.0829517 -0.359462 0.0453994  0.881823
   33.4976  0.0485498 -0.0422418 -0.0717664 -0.365367   0.03954  0.881961
   33.4976  0.0623982 -0.0438397 -0.0637769 -0.362208 0.0293319  0.882968
   33.4976  0.0767793 -0.0481007 -0.0648422 -0.356761 0.0193068   0.88164
   33.4976   0.091693 -0.0512965 -0.0685706 -0.355296  0.027455  0.892718
   33.4976   0.103944 -0.0502312 -0.0717664 -0.355067 0.0394027  0.906405
   33.4976   0.112466 -0.0470355 -0.0738969 -0.351131 0.0394942  0.904254
   33.4976   0.115129 -0.0449049 -0.0733643 -0.347697 0.0390365  0.900775
   33.4976   0.118325 -0.0417091 -0.0733643 -0.349895 0.0353743  0.900958
   33.4977   0.130043 -0.0395786 -0.0749622  -0.34962 0.0263564  0.894961
   33.4977   0.144956  -0.039046 -0.0792232 -0.348567 0.0303389  0.891711
   33.4977   0.162533 -0.0417091 -0.0818864 -0.349437 0.0455825  0.899081
   33.4977   0.175316 -0.0475681 -0.0834843 -0.345821 0.0562484  0.904254
   33.4977   0.184371 -0.0518291 -0.0802885 -0.338222 0.0708053  0.902698
   33.4977   0.190763 -0.0523618 -0.0685706  -0.33076 0.0910384  0.907504
   33.4977    0.19236 -0.0507639 -0.0552548 -0.323436 0.0932357  0.910617
   33.4977   0.194491 -0.0528944 -0.0430043 -0.321239 0.0854079  0.907092
   33.4977    0.20035 -0.0555576 -0.0254274 -0.321742 0.0860488  0.906268
   33.4977     0.208339   -0.0576881 -0.000393674 -0.319499 0.0824782  0.904483
   33.4977   0.214731 -0.0624818  0.0166506 -0.318355 0.0738723  0.898761
   33.5966   0.222188 -0.0699386  0.0262379 -0.317805 0.0749709  0.894549
   33.5967   0.232841 -0.0773955  0.0384885 -0.319362 0.0785872  0.891894
   33.5967   0.240297 -0.0864502  0.0459453 -0.321376 0.0783126  0.892947
   33.5967   0.243493 -0.0960376  0.0470106 -0.323115 0.0878798    0.9005
   33.5967   0.241363 -0.0976355  0.0480759 -0.329066  0.100285  0.909884
   33.5967   0.236569 -0.0981681  0.0496738 -0.333507  0.106236  0.917758
   33.5967  0.228047 -0.103494 0.0512717 -0.335887  0.111088   0.92142
   33.5967  0.215796 -0.108821 0.0518043 -0.341151  0.119282  0.923343
   33.5967  0.204078 -0.114147 0.0475432 -0.341701  0.123585   0.92467
   33.5967  0.189697 -0.118941 0.0454127 -0.337901  0.129124  0.924304
   33.5967   0.17212   -0.1248 0.0422169 -0.336116  0.139149   0.92229
   33.5967  0.153478 -0.130659 0.0368906 -0.333644  0.139882  0.921283
   33.5967  0.136967 -0.140246 0.0331622 -0.327281   0.13947  0.924441
   33.5967  0.123651 -0.149833 0.0299664 -0.319408  0.146931  0.929614
   33.5967  0.110868 -0.156225 0.0331622 -0.314921  0.157139  0.932589
   33.5967 0.0927583  -0.16741 0.0384885 -0.309154   0.16364  0.935061
   33.5967 0.0751814 -0.172204 0.0459453 -0.296886  0.169682  0.939731
   33.5968 0.0581372 -0.173802 0.0560653 -0.291759  0.169774  0.945041
   33.5968 0.0410929 -0.178063 0.0661854 -0.297069  0.161397   0.95209
   33.5968 0.0267119 -0.178596 0.0795012 -0.299678  0.158604  0.958774
   33.6961 0.0160592  -0.18765 0.0949475 -0.300044  0.151784  0.958407
   33.6961  0.009135 -0.200434  0.108796 -0.301967  0.135625  0.955707
   33.6961  0.009135 -0.214815  0.124242 -0.303935  0.122441  0.957629
   33.6961 0.0181897 -0.235055  0.134362 -0.303294   0.11768  0.958362
   33.6961 0.0245813 -0.253697  0.137558 -0.297572  0.122578  0.960055
   33.6961 0.0256466 -0.272872  0.143417 -0.290248  0.129262  0.969531
   33.6961 0.0224508 -0.296307  0.143417 -0.283382  0.128895  0.978732
   33.6961 0.0219182 -0.319211  0.138623 -0.272807  0.121892  0.987338
   33.6961 0.0261792  -0.33732   0.13596 -0.263148  0.123402   1.00235
   33.6961 0.0261792 -0.347973  0.132232 -0.255229  0.131322   1.01329
   33.6962 0.0219182 -0.351168   0.12371 -0.250331  0.131413   1.01792
   33.6962 0.0160592 -0.354897  0.110394 -0.259761  0.123402   1.02259
   33.6962 0.0144613 -0.359158  0.100806 -0.267085  0.114247   1.02922
   33.6962 0.0213855  -0.35543 0.0981433 -0.268596  0.114888   1.03105
   33.6962  0.029375 -0.351701  0.100806 -0.28828  0.11649  1.02245
   33.6962 0.0347013 -0.357027    0.1056 -0.308421  0.114613   1.01206
   33.6962 0.0405603 -0.371941  0.110926 -0.310069  0.104863   1.00359
   33.6962 0.0544087 -0.386855  0.118383 -0.306819 0.0917708   1.00052
   33.6962 0.0687898 -0.396442   0.12584  -0.30508 0.0917251   1.00684
   33.7941 0.0805077  -0.40603  0.133297 -0.299632 0.0917708   1.01412
   33.7941 0.0970193 -0.413486  0.139689 -0.289104 0.0914962   1.01476
   33.7941  0.114064 -0.419345  0.148743 -0.283244 0.0995528     1.024
   33.7941   0.13164 -0.415617  0.163124 -0.279491  0.106877   1.03668
   33.7941  0.147087 -0.402301  0.176973 -0.274501  0.116307   1.03582
   33.7941  0.152946 -0.390051  0.189223 -0.27679 0.123082  1.03417
   33.7941  0.154544 -0.379931  0.198811 -0.280772  0.109715   1.02831
   33.7941  0.156674 -0.361288  0.204137 -0.283382 0.0849959   1.01398
   33.7941   0.15987 -0.334657  0.199876 -0.292079 0.0703933   1.00679
   33.7941  0.163598 -0.314949  0.177505 -0.306453 0.0616958   1.00991
   33.7941  0.166262 -0.303232   0.14608 -0.312587 0.0410048   1.00753
   33.7941  0.173186 -0.293112  0.114655 -0.306224 0.0277297    1.0007
   33.7941  0.184904 -0.284589  0.076838 -0.301784 0.0414626   1.00803
   33.7941  0.189165 -0.270741 0.0326295 -0.292491 0.0545089   1.01778
   33.7941    0.18011  -0.238783 -0.0153074 -0.280315 0.0573012   1.01371
   33.7943  0.161468 -0.192444 -0.068038 -0.285579 0.0633895   1.00286
   33.7943  0.136967 -0.142909 -0.123964 -0.299129 0.0551497  0.988162
   33.7943  0.114596 -0.099766 -0.182021  -0.31515 0.0320784   0.97301
   33.7943   0.100748 -0.0624818  -0.240078 -0.342204 0.0210921  0.962939
   33.7943  0.0932909 -0.0262628  -0.291211 -0.372325 0.0296981    0.9612
   33.7947  0.0837035 0.00622777  -0.336485 -0.397365 0.0478713  0.962024
   33.8993  0.071453  0.029131 -0.374301 -0.419475 0.0631606  0.958774
   33.8993 0.0480171 0.0477731 -0.395607 -0.438243 0.0644423  0.962344
   33.8993 0.0240487 0.0728068 -0.403064 -0.449138 0.0541427  0.970401
   33.8993 0.0165918 0.0994384 -0.398803 -0.468364  0.050801  0.974246
   33.8993 0.0128634  0.117015 -0.379628 -0.499538 0.0504348   0.97182
   33.8993  0.009135  0.123407 -0.354061 -0.515147 0.0367934   0.96358
   33.8993 0.0107329  0.114352 -0.325832 -0.528606 0.0203597  0.953463
   33.8993 0.0133961  0.104232 -0.309853 -0.545131 0.0111586  0.947467
   33.8993 0.0187224 0.0946447 -0.285885   -0.54948 0.00767964   0.946734
   33.8993 0.0336361 0.0765352 -0.243807  -0.55186 0.0019576   0.94527
   33.8993 0.0432235 0.0680131 -0.225697   -0.561107 -0.00161296    0.937167
   33.8994 0.0576045 0.0589584 -0.203327   -0.567973 0.000538528     0.93053
   33.8994 0.0863667 0.0413815 -0.158585 -0.580333 0.0162856  0.927554
   33.8994  0.105009  0.013152 -0.114377  -0.60432 0.0421035  0.925952
   33.8994   0.107672 -0.0326544 -0.0744296 -0.612926 0.0620162  0.923526
   33.8994   0.106607 -0.0832544 -0.0403411 -0.610637 0.0730025    0.9173
   33.8994      0.1114   -0.129061 -0.00998106 -0.598186 0.0776717  0.922381
   33.8994  0.117259 -0.164747   0.01452 -0.578685 0.0864608    0.9379
   33.8994  0.116194 -0.190846 0.0326295  -0.56216 0.0947463  0.943347
   33.8994  0.107139 -0.209488 0.0448801  -0.54806 0.0979964  0.935473
   33.8994 0.0922256 -0.230261 0.0518043 -0.539592 0.0971724  0.923251
   33.9969  0.071453 -0.255827 0.0534022 -0.534877 0.0886123  0.914554
   33.9969 0.0570719 -0.283524 0.0486085 -0.528514 0.0753371   0.91112
   33.9969 0.0480171 -0.314417 0.0374232 -0.514278  0.063893  0.913226
   33.9969 0.0373645 -0.331461 0.0289011 -0.505443 0.0549666  0.927096
   33.9969 0.0304403 -0.336787 0.0267706 -0.509517 0.0535933  0.941104
   33.9969 0.0277771 -0.342646 0.0235748 -0.52357 0.053868 0.942065
   33.9969 0.0331034 -0.354897 0.0235748 -0.538173 0.0521743  0.933551
   33.9969 0.0426908 -0.378865 0.0273032 -0.548976 0.0510299  0.917666
   33.9969 0.0538761 -0.404964 0.0310316  -0.55749 0.0524947   0.90018
   33.9969 0.0661266 -0.437988 0.0342274 -0.559184 0.0631148  0.893817
   33.9969 0.0751814 -0.473141 0.0395537 -0.550899 0.0741469  0.892398
   33.9969 0.0799751 -0.496577 0.0496738 -0.538722 0.0822493  0.885714
   33.9969  0.085834 -0.512023 0.0619243 -0.526454 0.0909469  0.879535
   33.9969 0.0874319 -0.518415 0.0736422 -0.517848  0.100423  0.876834
   33.9969 0.0789098 -0.522143  0.082697 -0.514781  0.101613   0.86658
   33.9969 0.0735835 -0.530666  0.092817 -0.514232  0.095616  0.854999
   33.9969 0.0751814 -0.544514  0.100806 -0.517345 0.0944716  0.853305
   33.9969 0.0783772 -0.563156  0.110926 -0.518443 0.0939223  0.850467
   33.9969  0.081573 -0.587125  0.121046  -0.51382 0.0926406  0.841128
   33.9969 0.0778446 -0.608962  0.129036 -0.503474 0.0898482  0.834994
   34.0963  0.075714 -0.621746   0.14395 -0.488963  0.077809   0.83092
   34.0963 0.0805077 -0.626007  0.155135 -0.478206 0.0629775  0.824283
   34.0963 0.0799751 -0.627072  0.161527 -0.479579 0.0588118  0.822909
   34.0964 0.0773119 -0.634529  0.162592   -0.4864 0.0603682  0.823733
   34.0964 0.0767793 -0.645714  0.157798 -0.483562 0.0567977  0.817645
   34.0964 0.0767793 -0.654236  0.149809 -0.475825 0.0593612  0.815494
   34.0964  0.071453 -0.657965  0.137025 -0.470973 0.0789077  0.825015
   34.0964 0.0597351 -0.658497  0.126373 -0.463878 0.0988662  0.832705
   34.0964  0.045354 -0.652106  0.121046 -0.457011   0.12061  0.832431
   34.0964 0.0267119 -0.640388  0.118383 -0.456737  0.142674  0.829867
   34.0964 0.000612882   -0.629202    0.120514 -0.452067  0.146886  0.827395
   34.0964 -0.0265514   -0.61855   0.124242 -0.442409  0.136861  0.818652
   34.0964 -0.0393345  -0.610028   0.125308 -0.433253  0.126744  0.814029
   34.0964 -0.0446609  -0.603636    0.12584 -0.423091  0.116627  0.817645
   34.0964 -0.0547809  -0.599375   0.127438 -0.411143  0.099919  0.813891
   34.0964 -0.0617051  -0.593516   0.129569 -0.394801 0.0891616  0.812564
   34.0964 -0.063303 -0.582331  0.130101  -0.38203 0.0836684  0.829455
   34.0964 -0.0686293  -0.568482   0.129569 -0.387157 0.0671889  0.845111
   34.0964 -0.0691619  -0.564221    0.12371 -0.384181 0.0516707   0.85921
   34.0964 -0.0595746  -0.563689   0.117318  -0.37054 0.0462691  0.877109
   34.1975 -0.0398672  -0.558362   0.118383 -0.367976 0.0431105  0.886218
   34.1975 -0.0164313  -0.550373   0.121579 -0.366511 0.0478255  0.881823
    34.198 -0.00364818   -0.542916    0.127971 -0.366283  0.060002  0.866672
   34.1981 0.00434131  -0.541318   0.134362 -0.368159 0.0676467   0.84978
   34.1981  0.014994 -0.543449   0.13596  -0.36967 0.0722701  0.835544
   34.1981  0.019255 -0.548242  0.136493 -0.373561 0.0816085  0.831286
   34.1981 0.0229834 -0.550373  0.134895 -0.378734 0.0899398  0.836871
   34.1981 0.0256466 -0.552503   0.13383 -0.375529 0.0968978  0.846347
   34.1981 0.0224508  -0.55783  0.132764 -0.365275   0.10825  0.851886
   34.1981  0.014994 -0.565287  0.132232 -0.352412  0.103306  0.851336
   34.1981 0.00487394  -0.569548   0.132764 -0.331309 0.0860488  0.851382
   34.1981 0.00274341  -0.570613   0.126373 -0.306727 0.0848128  0.857379
   34.1981 0.00114551  -0.577537    0.11359  -0.29684 0.0836226  0.860492
   34.1981 -0.00631134   -0.584994    0.097078  -0.28297 0.0730025  0.855273
   34.1981 -0.0143008  -0.589788  0.0779033 -0.255458  0.064717  0.859118
   34.1981 -0.0158987  -0.588722  0.0597938 -0.231059 0.0632522  0.874682
   34.1981 -0.0116377  -0.575407  0.0454127   -0.2149 0.0658156   0.88869
   34.1981 -0.00524607   -0.551438   0.0384885 -0.209132 0.0766189  0.897937
   34.1981 -0.00950713   -0.520013   0.0384885 -0.209361  0.102254  0.900546
   34.1981 -0.0281493  -0.491251  0.0422169 -0.215221  0.118825  0.895923
   34.2941 -0.0505198  -0.471011  0.0534022 -0.220393  0.110722  0.884707
   34.2942 -0.0638356   -0.45663  0.0672506 -0.222362 0.0853164  0.864978
   34.2942 -0.0654335  -0.450238  0.0656527 -0.220256 0.0571181  0.848544
   34.2942 -0.0643683  -0.455564  0.0528696 -0.215221 0.0441634  0.854724
   34.2942 -0.0606398  -0.466217  0.0310316 -0.206157 0.0393111  0.876239
   34.2942 -0.0558461  -0.473674 0.00067159 -0.190364 0.0338637   0.89606
   34.2942 -0.0499872  -0.473674 -0.0227642 -0.170039 0.0398604  0.915973
   34.2942 -0.0515851  -0.465152    -0.0462 -0.156169 0.0566604  0.934054
   34.2942 -0.0585093  -0.447042 -0.0728317 -0.147838 0.0657699  0.932544
   34.2942 -0.0654335  -0.425737 -0.0930717 -0.133922 0.0757033  0.928561
   34.2942 -0.0798146  -0.403899  -0.110649 -0.127742 0.0885207  0.933459
   34.2942 -0.0979241  -0.380996  -0.133552 -0.119411 0.0866439  0.925815
   34.2942 -0.107511 -0.362354 -0.148998 -0.111171 0.0844924  0.908465
   34.2942 -0.111773 -0.349038 -0.156988 -0.114192 0.0870559   0.89963
   34.2942 -0.117099 -0.332526 -0.166042 -0.109706 0.0852706  0.896243
   34.2943 -0.117099 -0.309623 -0.167108 -0.108104 0.0889327  0.892215
   34.2943 -0.106979 -0.289383 -0.153792 -0.115428  0.102482  0.897937
   34.2943 -0.0984567  -0.280328  -0.142606 -0.126918  0.126057  0.903384
   34.2943 -0.0824777  -0.273937  -0.118638 -0.135936  0.141988  0.902606
   34.2943 -0.0521177  -0.244109 -0.0648422 -0.140834  0.169408  0.875506
   34.2943  -0.0569114   -0.212684 -0.00998105 -0.177867  0.232533  0.876788
      34.4 -0.115501 -0.229728 0.0139874 -0.20016 0.225987  0.89606
      34.4  -0.160775  -0.272339 0.00120422 -0.145228 0.0998732  0.857837
      34.4  -0.127219  -0.290981 -0.0227642  -0.0808211 -0.00811321     0.84566
      34.4 -0.0579767  -0.289383 -0.0488632   -0.071849 0.000218093    0.895831
      34.4 -0.0265514  -0.274469 -0.0818864 -0.076747 0.0792281  0.946414
      34.4 -0.0585093  -0.248903  -0.115975 -0.0716658   0.166844   0.976123
      34.4 -0.134143    -0.226 -0.143139 -0.0640212   0.196004   0.981021
      34.4 -0.200722 -0.212684 -0.176162 -0.0456191   0.139012   0.969668
   34.4001 -0.225223 -0.213217 -0.227828 -0.00890645   0.0429732    0.954837
   34.4001 -0.198592  -0.20576 -0.284819  0.0242814 -0.0208848   0.924121
   34.4001 -0.152253 -0.180194 -0.327963 0.00125591  0.0121657   0.908328
   34.4001 -0.144796 -0.149833 -0.358855 -0.0464888   0.115941   0.922702
   34.4001 -0.195928 -0.120006 -0.385487 -0.0705672   0.199162   0.930118
   34.4001  -0.267834 -0.0880481  -0.405194 -0.0621444   0.202046   0.917941
   34.4001  -0.306716 -0.0512965  -0.412118 -0.0784407   0.153432   0.892123
   34.4001  -0.302455 -0.0177407  -0.404662 -0.123439  0.143132  0.898623
   34.4001   -0.31364 -0.0257302  -0.404129 -0.144725  0.144551  0.934741
   34.4001  -0.326423 -0.0379807  -0.408923 -0.125041 0.0957534  0.905215
   34.4001   -0.300324 -0.00602277   -0.396139 -0.115245 0.0965773  0.896151
   34.4001 -0.291802 0.0238046 -0.376432 -0.126643   0.13979  0.923663
   34.4978 -0.299259 0.0600236 -0.352464 -0.134837  0.153065  0.919726
   34.4978 -0.320564 0.0903837 -0.331691  -0.1515 0.165883 0.912631
   34.4979 -0.350392  0.106895 -0.315179 -0.164226  0.172246  0.890201
   34.4979 -0.366903   0.11595 -0.295472 -0.179195  0.160115  0.886767
   34.4979 -0.385545  0.100504 -0.282689 -0.181758  0.134251  0.896563
   34.4979 -0.396198 0.0882531 -0.275765 -0.161571  0.109349  0.893268
   34.4979 -0.395665 0.0962426 -0.265645 -0.143993  0.114293  0.910251
   34.4979  -0.41484  0.113287 -0.254992 -0.145686  0.135716  0.948474
   34.4979 -0.454788  0.122874 -0.248068 -0.143855  0.124409  0.967151
   34.4979 -0.479289  0.130864 -0.241676 -0.140468  0.090718  0.968615
   34.4979 -0.485148  0.135125 -0.237948 -0.147975 0.0603225  0.961612
   34.4979 -0.480887   0.11595 -0.243807 -0.163219 0.0427443   0.95058
   34.4979  -0.48355 0.0690784 -0.262981  -0.16711 0.0340011  0.954287
    34.498 -0.485148 0.0126194 -0.290678   -0.137813 -0.00568706    0.949664
    34.498  -0.457983 -0.0156101  -0.314114 -0.0891982 -0.0306352   0.934649
    34.498   -0.42283 0.00409724  -0.313049 -0.0830184   0.043431   0.949664
    34.498 -0.439874 0.0254025 -0.299733 -0.116618  0.145604  0.989856
    34.498 -0.502725  0.033392 -0.288548 -0.135112  0.164876   1.00107
    34.498 -0.550129 0.0360552 -0.275765 -0.139415  0.120152  0.987246
    34.498 -0.557053 0.0190109 -0.269906 -0.138682 0.0591781  0.961154
    34.597  -0.517106 0.00303198  -0.254992 -0.149028 0.0406844  0.946322
    34.597 -0.492072 -0.039046 -0.237948 -0.178233 0.0922744   1.00803
    34.597 -0.507518 -0.117343 -0.239546  -0.16093 0.0982253    1.0517
    34.597 -0.502192 -0.173802 -0.242209 -0.0843917  0.0437972    1.03426
    34.597  -0.47343 -0.191911 -0.241143 -0.0370131  0.0388076    1.04286
   34.5971 -0.457983 -0.192444 -0.235284 -0.0277205  0.0848128    1.05944
   34.5971 -0.472897 -0.186052 -0.228893 -0.0218612   0.134206    1.05838
   34.5971 -0.508584 -0.182324 -0.230491 -0.0270797   0.159337     1.0614
   34.5971 -0.542139 -0.183922 -0.227828 -0.0377456   0.137685    1.06227
   34.5971  -0.55652 -0.190846 -0.225164 -0.0488234  0.0989119    1.05953
   34.5971 -0.547998 -0.205227 -0.229426 -0.0582534  0.0789534    1.06356
   34.5971 -0.516573 -0.222271 -0.225697 -0.076747 0.0814711    1.0707
   34.5971 -0.478223 -0.227065 -0.200663 -0.10641 0.106053  1.09514
   34.5971 -0.462245 -0.204695 -0.154324 -0.130763  0.126149   1.11689
   34.5971  -0.459581  -0.174335 -0.0999959 -0.142848   0.10175   1.13703
   34.5971  -0.422297  -0.156225 -0.0446021  -0.12971 0.0128524   1.13259
   34.5971  -0.318966  -0.147703 0.00280212  -0.103709 -0.0763658    1.10604
   34.5971 -0.188472  -0.15729 0.0230421  -0.110484 -0.0930284    1.12462
   34.5971 -0.0872714  -0.190846  0.0209116  -0.111629 -0.0702775    1.15309
   34.5971 -0.00844187   -0.210021     0.01452 -0.0537215 -0.0510972    1.14307
   34.6973  0.0570719  -0.187118 0.00812844 0.00583354 -0.0132859    1.12352
   34.6974   0.0826382    -0.13705 -0.00305684 0.0209397 0.0536391   1.10608
   34.6974  0.0586698 -0.0843197 -0.0211663 0.0208482 0.0948378    1.0755
   34.6974  0.0267119 -0.0454376 -0.0451348 0.0204362 0.0821578   1.05467
   34.6974  0.0224508 -0.0113491 -0.0685706 0.0110978 0.0416457   1.04195
   34.6974  0.0331034  0.0259352 -0.0856148 -0.00579365   0.0291488     1.02639
   34.6974 0.0320382 0.0515015 -0.100529 -0.0299636  0.0645797    1.02281
   34.6974 0.0208529 0.0685457 -0.115442 -0.0435592  0.0823867    1.02094
   34.6974  0.029375 0.0882531 -0.123432 -0.0579329  0.0631606    1.00574
   34.6974 0.0512129 0.0893184 -0.131421 -0.0938674  0.0558822    1.01416
   34.6974 0.0709203   0.07547 -0.146868 -0.109019 0.0396773    1.0354
   34.6974  0.109802 0.0584257 -0.162847 -0.125819 0.0107467   1.02098
   34.6975  0.152413 0.0211415 -0.181489   -0.154384 -0.00147563     1.00432
   34.6975   0.193426 -0.0225344  -0.207588  -0.153606 -0.0125077    1.00766
   34.6975   0.242428 -0.0555576  -0.240611  -0.137675 -0.0248674     1.0344
   34.6975   0.286104 -0.0720692  -0.275765  -0.115108 -0.0204728    1.07065
   34.6975   0.315399 -0.0699386  -0.310386  -0.10229 0.0220076   1.09294
   34.6975   0.318594 -0.0582207  -0.346072 -0.0929976  0.0646254    1.09546
   34.6975    0.31167 -0.0369154  -0.380693 -0.074916 0.0709884   1.07454
   34.6975   0.303148 -0.0118817  -0.416379 -0.0719863    0.06696    1.06026
   34.7931   0.292495 0.00782567  -0.451001 -0.0859023  0.0560195    1.06612
   34.7935  0.286636 0.0158152 -0.484024 -0.100368 0.0229689   1.07559
   34.7935  0.307942 0.0190109 -0.504264  -0.0994979 -0.00939494      1.0197
   34.7935   0.35002 0.0142173 -0.510655 -0.129161 0.0182998  0.954379
   34.7935    0.36227 -0.0124144  -0.516514 -0.172877 0.0675094  0.949069
   34.7935   0.347889 -0.0374481  -0.511188 -0.166514 0.0842635  0.970859
   34.7935   0.330845 -0.0385133  -0.494676 -0.154201 0.0927321   1.00684
   34.7935  0.321258 -0.033187 -0.485622 -0.150355 0.0807845   1.01522
   34.7936   0.312203 -0.0267954  -0.474436 -0.145732 0.0659987   1.00753
   34.7936   0.298887 -0.0214691  -0.460055 -0.152278 0.0550124   1.00469
   34.7936   0.294626 -0.0225344  -0.456859 -0.149531 0.0242965   1.00826
   34.7936   0.297822 -0.0257302  -0.454729  -0.140239 0.00456685    1.01467
   34.7936   0.307409 -0.0267954  -0.456327  -0.131999 0.00273579    1.02707
   34.7936   0.307942 -0.0193386  -0.464849 -0.133647 0.0284163   1.05797
   34.7936     0.28131 -0.00602277    -0.47923 -0.146648 0.0746505   1.07637
   34.7936  0.236036 0.0120867 -0.495209 -0.148112 0.0973098   1.06978
   34.7936   0.18224 0.0387183 -0.505862 -0.152598 0.0992782   1.05829
   34.7936  0.131108 0.0621542 -0.513319 -0.168849 0.0906722     1.049
   34.7936  0.085834 0.0760026 -0.519177 -0.187297 0.0674636   1.04126
   34.7936 0.0528108  0.089851 -0.521841 -0.205974 0.0290572   1.03801
   34.7936 0.0426908  0.109026 -0.515449   -0.226894 -0.00239116     1.04914
   34.8269  0.039495  0.137255 -0.496807    -0.25706 -0.00738078     1.06978
   34.9036 0.0261792  0.167615 -0.466447   -0.301234 -0.00326091     1.07839
   34.9036 0.0112655  0.184127 -0.429695  -0.3493 -0.01205  1.07047
   34.9036 0.0123308  0.182529 -0.389748  -0.389262 -0.0324205    1.05449
   34.9036 0.0283098  0.174007  -0.33968  -0.411372 -0.0464738    1.04419
   34.9036  0.045354  0.171876 -0.284287  -0.417873 -0.0344804    1.04735
   34.9036 0.0469519  0.169746 -0.229958  -0.439708 -0.0177262    1.04447
   34.9036 0.0405603  0.147375 -0.176695  -0.464244 -0.0220292    1.02954
   34.9036 0.0464193  0.113287 -0.134084  -0.453624 -0.0415757    1.01869
   34.9036  0.0661266  0.0935795 -0.0936043  -0.423503 -0.0532029    1.02085
   34.9036  0.0842361  0.0861226 -0.0552548  -0.409267 -0.0447343    1.03797
   34.9036  0.0789098  0.0760026 -0.0264927  -0.410457 -0.0330613    1.05088
   34.9036   0.0645287    0.059491 -0.00465473  -0.396495 -0.0435441    1.03897
   34.9036 0.0597351 0.0403162 0.0113242  -0.361796 -0.0740312     1.0186
   34.9036 0.0570719 0.0211415 0.0161179 -0.337581 -0.101863   1.01787
   34.9036    0.0597351 -0.000163814   0.00759581 -0.340922 -0.112483   1.02272
   34.9036    0.061333  -0.0305239 -0.00731789 -0.348933 -0.111247   1.01512
   34.9036  0.0576045 -0.0726018 -0.0291558 -0.341243 -0.114497   1.00725
   34.9036  0.0544087  -0.110419 -0.0509937 -0.325633 -0.119396   1.00304
   34.9036   0.055474  -0.139181 -0.0733643  -0.31776 -0.119716   1.00011
   34.9036  0.0592024  -0.162084 -0.0898759 -0.319957 -0.106853  0.995349
   34.9968 0.0469519 -0.194042 -0.102126  -0.342525 -0.0825456   0.998828
   34.9968 0.0384298 -0.244109 -0.118105   -0.35818 -0.0908769   0.991412
   34.9969 0.0528108 -0.298438 -0.129291 -0.350169 -0.119899  0.973422
   34.9969  0.075714 -0.348505 -0.139411 -0.344356 -0.120082  0.970721
   34.9976 0.0948888 -0.392714 -0.148465 -0.343257  -0.10081  0.966418
   34.9976 0.0996825 -0.427868 -0.148465  -0.347056 -0.0712846   0.954104
   34.9976 0.0906277 -0.459825 -0.143672  -0.356578 -0.0416215    0.94591
   34.9976 0.0773119 -0.493914 -0.136215  -0.360606 -0.0306352   0.949481
   34.9976 0.0687898 -0.531198  -0.12716  -0.346919 -0.0488999    0.94797
   34.9976 0.0741161 -0.564754 -0.121834  -0.325496 -0.0675767   0.943026
   34.9977 0.0799751 -0.593516 -0.122366  -0.319133 -0.0675767   0.954379
   34.9977 0.0783772 -0.629202 -0.132486  -0.308009 -0.0790208   0.957354
   34.9977 0.0810403 -0.660095 -0.144737  -0.284526 -0.0939897   0.946872
   34.9977 0.0810403 -0.680335 -0.153792  -0.272258 -0.0926164   0.948611
   34.9977 0.0751814  -0.70164 -0.163912  -0.270061 -0.0842851   0.951358
   34.9977 0.0682572 -0.727739 -0.182554  -0.268733 -0.0764115   0.939639
   34.9977  0.055474 -0.758632 -0.202794 -0.262324 -0.072017  0.928653
   34.9977  0.035234  -0.79059 -0.220371  -0.25413 -0.075496   0.92554
   34.9977 0.0144613 -0.819885  -0.24647  -0.237331 -0.0795243   0.934695
   34.9977 -0.00577871    -0.84119   -0.271503  -0.212932 -0.0740312   0.950305
   35.0974 -0.0302798  -0.850245   -0.28908  -0.198787 -0.0646012   0.956622
   35.0974 -0.0696946  -0.848647  -0.319973  -0.190684 -0.0748094   0.952228
   35.0974 -0.115501 -0.835331 -0.383356 -0.194621 -0.123882  0.954333
   35.0974 -0.117631 -0.842255 -0.440348 -0.198558  -0.19218  0.935153
   35.0974 -0.0606398  -0.890192  -0.447805 -0.207301  -0.18687  0.924853
   35.0974 -0.0324103  -0.969022  -0.421706  -0.264842 -0.0659288    1.01261
   35.0974 -0.0643683   -1.02814  -0.384422   -0.280955 -0.00316936     1.07399
   35.0975  -0.10112  -1.02175 -0.347137  -0.219661 -0.0494035    1.04392
   35.0975 -0.110707  -0.99086 -0.313049   -0.19041 -0.0922959    1.01586
   35.0975 -0.0904672  -0.977544  -0.288015 -0.201854 -0.127086   1.00643
   35.0975 -0.0611725   -0.98287  -0.269906 -0.206294 -0.173732   1.01169
   35.0975 -0.0196271  -0.995653  -0.244339 -0.18629 -0.21754  1.03554
   35.0975 0.0437561  -1.00098 -0.203327 -0.152278 -0.224635   1.04758
   35.0975  0.106607 -0.996719 -0.144204  -0.13145 -0.179271   1.03202
   35.0975   0.130043  -0.980207 -0.0786906  -0.101878 -0.0981095     1.0235
   35.0975   0.118325  -0.934933 -0.0121116 -0.0361434 -0.0318711    1.02735
   35.0975  0.095954  -0.84918 0.0518043  0.0627793 -0.0107682    1.03907
   35.0975 0.0469519 -0.702706 0.0986759  0.235768 0.0115706   1.07001
   35.0975 -0.0366714  -0.491783   0.124242  0.435536 0.0482375   1.09601
   35.0975 -0.120827 -0.264349   0.13383   0.53391 0.0181624   1.05889
   35.1972  -0.159709 -0.0614165   0.133297     0.5584 -0.0758165   0.994067
   35.1973 -0.161307  0.131929  0.124242 0.561879 -0.14915 0.966235
   35.1973 -0.13148 0.311426 0.111459  0.528508 -0.200877  0.942248
   35.1973 -0.0718251   0.425942   0.100274  0.438832 -0.244685  0.891574
   35.1973 -0.011105  0.444584 0.0842949  0.305623 -0.252651  0.818698
   35.1973 0.0357666  0.378005 0.0539348  0.182027 -0.223171  0.765826
   35.1973 0.0469519  0.280533  0.010259   0.10851 -0.183254  0.781207
   35.1973   0.045354   0.219281 -0.0355474 0.0956926 -0.185726  0.835223
   35.1973 0.0698551  0.206497 -0.072299 0.0998582 -0.220241  0.888186
   35.1973  0.103411  0.224074 -0.098398 0.0870866 -0.221019  0.931857
   35.1973  0.123118  0.261891 -0.112779 0.0619554 -0.185634  0.943164
   35.1973  0.124716  0.301306 -0.113844 0.0187883 -0.139812  0.930072
   35.1973  0.105541  0.327405 -0.113312   -0.03152 -0.0939897   0.929843
   35.1973 0.0629309  0.335927 -0.118105 -0.0830184 -0.0683091    0.96239
   35.1973 0.0331034  0.333264 -0.126628 -0.133052 -0.106899  0.983264
   35.1973 0.0490824   0.31835 -0.134084 -0.178142 -0.174922  0.971591
   35.1974 0.0677245  0.305567 -0.136215   -0.2214 -0.195934  0.952182
   35.1974  0.091693  0.284794 -0.132486 -0.269328 -0.165996  0.934741
   35.1974  0.135369  0.233662 -0.123964 -0.298991 -0.141094  0.929339
   35.1974  0.155076  0.203302 -0.119171 -0.316341 -0.118938  0.936892
   35.1974  0.154544  0.163887 -0.109583  -0.339274 -0.0895494   0.952044
   35.1974   0.148685  0.0909163 -0.0872127  -0.344859 -0.0823167   0.959643
   35.2937   0.143358  0.0573605 -0.0744296  -0.346553 -0.0999406   0.965365
   35.2939   0.151348  0.0174131 -0.0664401 -0.333003 -0.131343  0.963946
   35.2939   0.190763 -0.0539597 -0.0456674  -0.31776 -0.145122  0.956805
   35.2939   0.241363  -0.117876 -0.0291558 -0.296016 -0.101863  0.960513
   35.2939   0.257874  -0.178596 -0.0243621  -0.274272 -0.0586045   0.964221
   35.2939   0.245091  -0.223337 -0.0248948  -0.241908 -0.0591996    0.94884
   35.2939   0.225916  -0.247838 -0.0248948  -0.209544 -0.0597947   0.933459
   35.2939   0.215796  -0.268078 -0.0232969  -0.198512 -0.0644639   0.951083
   35.2939  0.215264 -0.290981 -0.021699   -0.18748 -0.0691331   0.968707
   35.2939   0.215796  -0.316015 -0.0206337 -0.173747 -0.059337  0.992144
   35.2939   0.215796  -0.343712 -0.0232969  -0.160014 -0.0495408    1.01558
   35.2939  0.216329  -0.36555 -0.021699 -0.138362  -0.05421   1.02941
   35.2939   0.222188    -0.3778 -0.0131768   -0.11671 -0.0588792    1.04323
    35.294    0.232841   -0.379398 -0.00944842 -0.0874129 -0.0339311    1.04131
    35.294    0.234971   -0.369811 -0.00678526   -0.058116 -0.00898296     1.03939
    35.294     0.227514    -0.343179 -0.000393674 -0.0439711 0.00246114    1.03343
    35.294   0.207807  -0.304297 0.00173685 -0.0168258  0.0259444    1.00716
    35.294     0.168925    -0.263284 -0.000393674 0.00583354  0.0570723   0.967883
    35.294    0.113531   -0.216945 -0.00625263 0.0246934 0.0897109  0.935611
    35.294  0.0464193  -0.172204 -0.0147747 0.0338945  0.103261   0.92229
    35.294  -0.011105  -0.128528 -0.0222316 0.0255174 0.0895278  0.932223
   35.3981 -0.0526503  -0.089646  -0.031819 0.0171403 0.0757949  0.942157
   35.3981  -0.083543 -0.0582207 -0.0414064 -0.00391682   0.0624282    0.940417
   35.3981  -0.116566 -0.0353175 -0.0483306 -0.024974 0.0490615  0.938678
   35.3981   -0.15385  -0.033187 -0.0552548 -0.0485488  0.0148665   0.953463
   35.3981  -0.162905 -0.0395786 -0.0589832 -0.0691481 -0.0210679   0.986926
   35.3981  -0.149589 -0.0353175 -0.0563201  -0.0678664 -0.00724345     1.02236
   35.3981  -0.149057 -0.0204038 -0.0483306 -0.0695601 0.00832051    1.03911
   35.3981  -0.165036 0.00622777 -0.0355474 -0.0799514  0.0154158    1.03408
   35.3981   -0.18208  0.0376531 -0.0238295 -0.0903426  0.0225112    1.02904
   35.3981 -0.218832 0.0376531  -0.01584 -0.108745 0.0660903   1.02231
   35.3981 -0.28328 0.017413 -0.00572 -0.127147  0.109669   1.01558
   35.3981  -0.312575  0.0200762 0.00706318 -0.0858107  0.0510756   0.953509
   35.3982  -0.29127 0.0557626 0.0241074  -0.0444747 -0.00751811    0.891437
   35.3982 -0.253453  0.102634 0.0400864    -0.05894 -0.00413066    0.927051
   35.3982 -0.216701  0.138321 0.0550001  -0.0734053 -0.00074321    0.962665
   35.3982  -0.20232  0.158028 0.0704464 -0.0954238  0.0475966   0.988025
   35.3982 -0.240137  0.157495 0.0805664 -0.117442 0.0959365   1.01338
   35.3982 -0.299259  0.138853 0.0752401 -0.108836 0.0481917   1.01256
   35.3982 -0.302455  0.110624 0.0555327 -0.0665389 -0.0793412    1.01847
   35.3982 -0.235876 0.0962426 0.0299664 -0.0328475  -0.159129     1.0252
   35.4978  -0.161307   0.103699 0.00280212 -0.0359603 -0.0619462    1.06392
   35.4978  -0.149057   0.114885 -0.0211663 -0.0390731   0.035237    1.10265
   35.4978   -0.20232   0.129798 -0.0403411 -0.0305129  0.0691573    1.04763
   35.4978   -0.26091    0.17454 -0.0515264 -0.0219527   0.103078   0.992602
   35.4978  -0.267301   0.232064 -0.0493958 -0.0574752  0.0655867    0.94472
   35.4978  -0.233213   0.261359 -0.0398085 -0.0929976  0.0280959   0.896838
   35.4978  -0.191135   0.253902 -0.0408737  -0.11021 0.0136763  0.929339
   35.4978  -0.159709   0.229401 -0.0499285   -0.127421 -0.00074321    0.961841
   35.4978  -0.149057   0.224074 -0.0536569 -0.104808 0.0126235  0.935061
   35.4979  -0.145861   0.240053 -0.0515264 -0.0821944  0.0259902   0.908282
   35.4979  -0.137871     0.2555 -0.0472653 -0.0991774  0.0242049   0.927508
   35.4979  -0.135208   0.264554 -0.0446021  -0.11616 0.0224196  0.946734
   35.4979  -0.144263   0.269881 -0.0456674 -0.0993605  0.0148665    0.95003
   35.4979  -0.145861   0.278403 -0.0472653 -0.0825606 0.00731343   0.953326
   35.4979  -0.135208   0.289055 -0.0504611   -0.0784407 -0.000605881     0.952456
   35.4979  -0.119229   0.297045 -0.0557874  -0.0743209 -0.00852519    0.951587
   35.4979   -0.11124   0.307165 -0.0648422 -0.0676375 0.00516194   0.959002
   35.4979  -0.118697   0.315154 -0.0776253  -0.060176 0.00882405   0.955981
   35.4979  -0.120827   0.314089 -0.0946696 -0.0577041 -0.0107682   0.937167
   35.4979 -0.107511  0.309828  -0.11704 -0.0560103 -0.0203355    0.92879
   35.5973 -0.0973914   0.295447  -0.144737 -0.0656691 -0.0142472   0.943164
   35.5973 -0.102185  0.262957 -0.174564 -0.0748702 -0.0245469   0.933871
   35.5973 -0.101653  0.228868 -0.207588 -0.0723525 -0.0423082    0.91167
   35.5974 -0.0952609   0.193714  -0.242741 -0.0681868 -0.0352128    0.92879
   35.5974 -0.10325 0.159626 -0.27683 -0.0599471 -0.0321916   0.950671
   35.5974 -0.125621  0.130864 -0.315712  -0.049739 -0.0462907   0.962253
   35.5974 -0.156514  0.111156 -0.358323 -0.0308791 -0.0877641   0.958041
   35.5974 -0.173025 0.0989058 -0.407325 -0.024562 -0.130611  0.973514
   35.5974 -0.178884  0.069611 -0.463251 -0.0382949  -0.123882   0.991412
   35.5974 -0.186874 0.0264678 -0.512786 -0.0322524  -0.090236   0.959048
   35.5974  -0.174623 0.00782567  -0.539418 -0.0315657 -0.0277513   0.949115
   35.5974 -0.173558 0.0206088 -0.541015 -0.0623275  0.0630233   0.989993
   35.5974 -0.223625 0.0349899 -0.530895 -0.0951033   0.105412    1.01229
   35.5974 -0.297129 0.0397836 -0.516514 -0.111262 0.0476424   0.97745
   35.5974 -0.334945 0.0413815 -0.497872  -0.121974 -0.0517381   0.939227
   35.5974 -0.317369 0.0349899 -0.480828  -0.142207 -0.0845597   0.959918
   35.5974 -0.288606 0.0136846 -0.463784  -0.162212 -0.0563157    1.00661
   35.5974   -0.28328 -0.0102838  -0.447805  -0.169398 -0.0366319    1.03453
   35.5974  -0.292335 -0.0204038  -0.432358  -0.169993 -0.0187333    1.05724
   35.5974  -0.304585 -0.0134796  -0.401998  -0.180888 0.00227803    1.07706
   35.6971  -0.312575 0.00196671  -0.357257 -0.197642 0.0054366   1.08562
   35.6971 -0.309912 0.0211415 -0.305592  -0.212886 0.00571126    1.09528
   35.6971 -0.297661 0.0307289 -0.251796  -0.228999 0.00474995    1.09894
   35.6971 -0.277954 0.0216741 -0.202794  -0.226985 -0.0120957    1.08882
   35.6971  -0.253453 0.00462988   -0.15752  -0.200984 -0.0201982    1.07738
   35.6971   -0.23268 -0.0134796  -0.120236  -0.16775 0.0089156   1.08535
   35.6971  -0.225223 -0.0225344  -0.105322 -0.126094 0.0372054   1.07816
   35.6971   -0.23055  -0.023067 -0.0888106  -0.10078 0.0409133   1.05852
   35.6973  -0.228952 0.00143408 -0.0573853 -0.0960646  0.0359237    1.05014
   35.6973  -0.206581  0.0541647 -0.0222316 -0.109431 0.0505263   1.06562
   35.6973 -0.194331 0.0962426  0.010259 -0.136348 0.0632522   1.09848
   35.6973  -0.20232  0.105297 0.0262379 -0.135799 0.0265395   1.08937
   35.6973 -0.203918 0.0919816 0.0251727  -0.114833 -0.0262864    1.05605
   35.6973 -0.178884 0.0701436 0.0171832 -0.0909835 -0.0563157    1.03536
   35.6973  -0.135208   0.043512 0.00493265 -0.0642043 -0.0467027     1.0376
   35.6973 -0.119762 0.0280657  -0.01584 -0.0354567 -0.0100358    1.04726
   35.6973  -0.146926   0.033392 -0.0371453 -0.00826558  0.00763386     1.04273
   35.6973  -0.183145  0.0477731 -0.0584506 0.00752727  -0.010814     1.0241
   35.6973  -0.196461  0.0562952 -0.0776253 0.00327007 -0.0403855    1.00341
   35.6973  -0.177286  0.0578931 -0.0872127 -0.00858601  -0.0383714     1.00487
   35.6973  -0.151187   0.053632 -0.0962675  -0.0226394 -0.00500041     1.02657
   35.7924 -0.150655 0.0376531 -0.111714 -0.0283156 0.00790852    1.03284
   35.7924 -0.165568 0.0195436 -0.130356 -0.0255233 -0.0124162    1.00826
   35.7924  -0.168232 0.00782567  -0.144204  -0.024974 -0.0384629   0.969851
   35.7924   -0.150122 -0.00335961   -0.153259 -0.0322066 -0.0408433   0.949801
   35.7924  -0.126154 -0.0193386  -0.161249 -0.0442458 -0.0146134   0.950992
   35.7924 -0.118164 -0.033187 -0.166042 -0.0447493  0.0140426   0.946917
   35.7924  -0.125621 -0.0422418  -0.168705 -0.0433761  0.0199477   0.936297
   35.7924  -0.128284 -0.0539597  -0.168173 -0.0355025 0.00886983   0.924075
   35.7924  -0.117099 -0.0603513  -0.166042 -0.0149947  -0.003856   0.899997
   35.7925 -0.0989893 -0.0528944  -0.164977  0.00244609 -0.00564128    0.873172
   35.7925 -0.0872714 -0.0369154  -0.160183 0.000111498   0.0110671    0.865115
   35.7925 -0.0920651 -0.0246649  -0.156988 -0.0123855  0.0266768   0.862964
   35.7925  -0.108577 -0.0166754  -0.153792 -0.0156813  0.0252578   0.852023
   35.7925   -0.126154 -0.00868593   -0.148465 -0.0271712  0.0163314    0.87482
   35.7925   -0.160775 -0.00389224   -0.153792  -0.0672255 -0.00390178    0.974154
   35.7925  -0.227354 -0.0326544  -0.180423  -0.105357 -0.0664781    1.08365
   35.7925 -0.280617 -0.119473 -0.232089 -0.0905257  -0.152858    1.09198
   35.7925 -0.274758 -0.208423 -0.289613 -0.0500136   -0.22903    1.05646
   35.7926 -0.218832 -0.254229 -0.347137 0.00935832  -0.256954     1.0083
   35.7927 -0.140535 -0.233989 -0.394009  0.052617 -0.181331  0.972644
   35.8998 -0.0957936  -0.156758  -0.415314  0.0190171 -0.0572312    1.01755
   35.8998  -0.132545 -0.0885808  -0.421173 -0.0409041  0.0318038    1.05605
   35.8998  -0.228419 -0.0614165  -0.425967 -0.0859023  0.0618789    1.03215
   35.8998  -0.330152 -0.0736671  -0.429695 -0.113414 0.0348708  0.978091
   35.8999 -0.386611 -0.109886 -0.424369  -0.122295 -0.0272935   0.934466
   35.8999 -0.377023 -0.156758 -0.407325  -0.116756 -0.0987962    0.91817
   35.8999 -0.322695 -0.182857 -0.382291 -0.111995 -0.113216  0.964633
   35.8999  -0.28328 -0.172737 -0.354594   -0.12971 -0.0549424    1.05156
   35.8999 -0.304053 -0.140779  -0.31944   -0.14825 -0.0189164    1.08681
   35.8999   -0.34187 -0.0971029  -0.275232  -0.158504 -0.0494493    1.06772
   35.8999  -0.340272 -0.0566228  -0.215577 -0.196818 -0.098018   1.05957
   35.8999  -0.302987 -0.0475681  -0.160183 -0.234264 -0.124202   1.07541
   35.8999  -0.263573 -0.0662102  -0.117573 -0.227351 -0.118526   1.07083
   35.8999  -0.244931 -0.0779281 -0.0760275  -0.199428 -0.0955003    1.04039
   35.8999  -0.248126 -0.0731344 -0.0350148  -0.164226 -0.0772813    1.01856
   35.8999  -0.262507 -0.0449049  0.0113242  -0.120189 -0.0649217     1.0127
   35.8999  -0.278486 0.00356461  0.0555327 -0.0834304 -0.0578721    1.01279
   35.8999 -0.290204 0.0467078 0.0896212 -0.0594436 -0.0703691    1.00638
   35.8999 -0.294998 0.0760026  0.108263 -0.0530806 -0.0916093    1.00309
   35.8999 -0.299792   0.07547  0.110394 -0.0440169  -0.107173    1.01677
   35.9967 -0.298194 0.0360552 0.0906864 -0.0115157  -0.147823    1.01755
   35.9967  -0.274225 0.00462988  0.0576632 0.0382432 -0.193462   1.00872
   35.9967 -0.237474 0.0067604   0.02464 0.0754136 -0.195751   1.01902
   35.9967   -0.208712   0.0285983 -0.00998105 0.0793962 -0.173915   1.02977
   35.9967  -0.198059  0.0632194 -0.0403411 0.0660295 -0.151393    1.0224
   35.9967  -0.211907   0.101036 -0.0584506 0.0457048 -0.161006  0.981891
   35.9968  -0.204451   0.140984 -0.0659074 0.0113267 -0.192409  0.958682
   35.9968  -0.162373   0.151104 -0.0738969 -0.0414077  -0.188335   0.992877
   35.9968  -0.130947   0.121809 -0.0786906 -0.0860396  -0.162517    1.02382
   35.9968 -0.121893 0.0861226 -0.082419 -0.0978957  -0.139446    1.00867
   35.9968  -0.126686  0.0637521 -0.0898759 -0.0908004  -0.133724   0.965228
   35.9968  -0.117631  0.0589584 -0.0866801 -0.093135 -0.137889  0.937808
   35.9968 -0.0867388  0.0509689 -0.0744296  -0.11259 -0.120448  0.953372
   35.9968 -0.0579767  0.0307289 -0.0632443  -0.123942 -0.0963243   0.988894
   35.9968 -0.0425303  0.0104888 -0.0568527   -0.10879 -0.0853837    1.01201
   35.9968 -0.0345408 -0.0166754  -0.057918 -0.0922194 -0.0811723    1.04035
   35.9968 -0.0276166 -0.0550249 -0.0712338 -0.0681868  -0.101222    1.05321
   35.9968 -0.0100398 -0.0864502 -0.0936043 -0.0366011  -0.135326    1.05554
   35.9968 0.0181897 -0.106158 -0.119703 -0.00501546   -0.151073     1.06031
   35.9968  0.0464193 -0.0933745  -0.142074  0.039113 -0.163799   1.01265
   36.0951  0.0735835 -0.0502312  -0.162847 0.0466203 -0.156566  0.960422
   36.0951   0.085834 -0.0257302   -0.18575 0.00496379  -0.120311    0.97008
   36.0951  0.0805077 -0.0523618  -0.204924 -0.0247451 -0.0984758     1.0007
   36.0951  0.0810403 -0.0987008  -0.221436 -0.00927266   -0.109508     1.00858
   36.0951  0.100748 -0.118408 -0.234752 0.0214433 -0.127544  0.994662
   36.0951  0.135369 -0.105625 -0.240078 0.0235948 -0.113948  0.982211
   36.0952   0.153478 -0.0832544  -0.237948 0.00308696 -0.0760453   0.983539
   36.0952   0.135901 -0.0699386  -0.239546 -0.0170546 -0.0498613   0.992053
   36.0952  0.0986172 -0.0635471  -0.242209 -0.0377913 -0.0520127   0.998828
   36.0952  0.0693224 -0.0646123   -0.23635 -0.0541793 -0.0818589    1.01485
   36.0952  0.0767793 -0.0678081  -0.225164 -0.0610457   -0.12466    1.03224
   36.0952   0.115129 -0.0715365  -0.215577 -0.0573378   -0.15652     1.0311
   36.0952   0.166262 -0.0672755  -0.203859 -0.0471755  -0.151119    1.02703
   36.0952   0.191295 -0.0582207   -0.19587 -0.063655 -0.111522   1.07527
   36.0952  0.163066 -0.059286  -0.19587 -0.0692397  -0.121089    1.10498
   36.0952   0.138032 -0.0619492   -0.19587 -0.0373793   -0.19987    1.04351
   36.0952   0.151348 -0.0507639  -0.192674 -0.0205794   -0.24464   0.999927
   36.0952   0.199285 -0.0262628  -0.179891 -0.0429641  -0.232189    1.01824
   36.0952  0.233906 -0.012947 -0.170303 -0.0809584  -0.193645    1.04991
   36.0952  0.252548 -0.012947  -0.16551 -0.0965682  -0.167552    1.06328
   36.0952   0.282375 -0.0102838  -0.150063 -0.0958358  -0.151027     1.0522
   36.1982   0.319127 -0.0081533  -0.122366 -0.091075 -0.107768   1.01572
   36.1982   0.368129 -0.0182733 -0.0829517  -0.120921 -0.0467027    1.06218
   36.1982   0.360672 -0.0358502 -0.0557874  -0.111583 -0.0465654    1.07875
   36.1982   0.356944 -0.0225344   -0.03608 -0.0448409  -0.118617    0.95914
   36.1982   0.419794  0.0152825 -0.0041221 -0.0538588  -0.109371   0.939502
   36.1982  0.451752 0.0275331 0.0235748 -0.0983992 -0.0332902    1.01082
   36.1982  0.417131 0.0163478 0.0379558  -0.105952 -0.0256456    1.04131
   36.1982  0.377184 0.0158152 0.0523369 -0.0886031 -0.0811265    1.05005
   36.1982  0.376119  0.013152 0.0677833 -0.0890609 -0.0997117    1.07903
   36.1982   0.371325 0.00356461  0.0789685 -0.0800887 -0.0875352    1.04621
   36.1982  0.368129 0.0163478 0.0906864 -0.0316573  -0.102229   0.960605
   36.1982  0.383043 0.0488383  0.101339 -0.00533589  -0.0940812    0.935061
   36.1982 0.386239 0.069611 0.101339   -0.01472 -0.0655625   0.948428
   36.1982  0.379847 0.0712089 0.0890885  -0.016368 -0.0407518   0.951404
   36.1982  0.369727 0.0637521 0.0741748 -0.000804029  -0.00280315     0.943942
   36.1982  0.357477  0.053632 0.0587285 0.00230876  0.0351912   0.949389
   36.1982  0.334573 0.0445773 0.0411516 -0.00643452     0.05428     0.95859
   36.1982  0.302083 0.0307289 0.0182485 -0.0165969  0.0510756   0.957217
   36.1982    0.266929   0.0179457 -0.00944842 -0.0301925  0.0371596   0.976489
   36.1983   0.236036 0.00729304 -0.0355474 -0.0312453  0.0150496    1.00098
   36.2926   0.217927  0.0120867 -0.0499285 -0.0310164  0.0071761   0.993197
   36.2931    0.19236  0.0227394 -0.0664401 -0.0575209  0.0168349   0.992282
   36.2932   0.138565  0.0115541 -0.0898759 -0.100322 0.0222365   1.01462
   36.2932  0.0666593 -0.0283933  -0.113312 -0.128932 0.0257155   1.02597
   36.2932  0.0458866 -0.0683407  -0.124497 -0.0918532 0.00282735   0.954425
   36.2932  0.0911604 -0.0646123  -0.110649 -0.0414992  0.0192611   0.893863
   36.2932  0.0922256  -0.049166 -0.0957348 -0.0616408  0.0965316   0.960879
   36.2932   0.019255 -0.0576881 -0.0941369 -0.0758315   0.126927   0.975894
   36.2932  -0.063303 -0.0736671  -0.098398 -0.0524398    0.10175   0.904757
   36.2932  -0.125621  -0.095505 -0.0946696 -0.0451613  0.0702102    0.89812
   36.2932  -0.154383   -0.11681 -0.0770927 -0.042781 0.0382125  0.921283
   36.2932  -0.147459   -0.11681 -0.0509937 -0.0373793 0.00662678   0.929843
   36.2932  -0.13148 -0.106158  -0.02596   -0.0425063 -0.000972092     0.954471
   36.2933   -0.128817  -0.0960376 -0.00358947 -0.0438338  0.0176131    0.98363
   36.2933  -0.138404 -0.0757976  0.0155853 -0.0381575  0.0266311   0.980563
   36.2933  -0.156514 -0.0598186  0.0299664 -0.0439711  0.0171096   0.953326
   36.2933  -0.174623 -0.0550249  0.0416843 -0.0513411 0.00772542   0.936664
   36.2933  -0.186341 -0.0614165  0.0475432   -0.0474044 -0.000697434     0.951907
   36.2933  -0.198592 -0.0715365   0.046478 -0.0333968 -0.0126908   0.977496
   36.2933 -0.208179 -0.059286 0.0470106 -0.0138503 -0.0238603   0.984546
   36.3976  -0.211375 -0.0294586  0.0502064 -0.0107833 -0.0303147   0.985873
   36.3976   -0.204983 -0.00229434   0.0486085   -0.02209 -0.0367692   0.999011
   36.3976 -0.196994 0.0179457 0.0496738  -0.024562 -0.0344346    1.01105
   36.3979 -0.202853 0.0381857 0.0496738  -0.025569 -0.0288041    1.00547
    36.398 -0.213505 0.0499036 0.0459453 -0.0316573 -0.0376847   0.983081
    36.398 -0.218299 0.0520341  0.046478 -0.0326186 -0.0550798    0.96001
    36.398 -0.212973 0.0589584 0.0486085 -0.0332595 -0.0688584   0.948245
    36.398 -0.202853 0.0685457 0.0534022 -0.0326644 -0.0736192   0.946872
    36.398 -0.195396 0.0834594  0.060859 -0.0291396 -0.0707811   0.952731
    36.398 -0.193798  0.106895 0.0720443 -0.0314742 -0.0690873   0.955249
    36.398   -0.1922  0.131396 0.0944149 -0.0402175 -0.0803483   0.954562
    36.398 -0.162905  0.135657  0.124242 -0.0891066 -0.0465654      1.011
    36.398 -0.140002  0.105297    0.1562 -0.0996352  0.0314376    1.06099
    36.398 -0.209777  0.129798  0.182832 -0.0220443 -0.0195573   0.953051
    36.398 -0.252387  0.214487  0.200941 0.0155381 -0.172954  0.856418
    36.398 -0.164503  0.261359  0.215322 -0.0363723   -0.24171   0.909244
    36.398 -0.0670314   0.257098   0.218518 -0.0788985  -0.200511   0.967929
    36.398 -0.0244208   0.243782   0.200409 -0.0445662  -0.128688   0.928195
    36.398 -0.0158987   0.248575   0.179103 -0.0152236 -0.0856584   0.868503
    36.398 -0.0286819   0.251239   0.165788 -0.0189772 -0.0704148   0.892764
   36.4971 -0.0462588   0.249641   0.150341 -0.0152694 -0.0843766   0.939959
   36.4971 -0.037204  0.258163  0.131699 -0.00409993     -0.1188    0.949161
   36.4971 -0.00790923    0.281599    0.118383 0.00555889  -0.121501   0.952228
   36.4971 0.0075371   0.30823  0.100274 0.00537578 -0.0978349   0.965686
   36.4971 0.00647184    0.31835   0.076838 -0.0164138   -0.08369    0.96683
   36.4971 0.0059392  0.312491 0.0576632 -0.0374709 -0.0883592   0.942614
   36.4971 0.0112655  0.302904 0.0336948 -0.0451156    -0.1123   0.919406
   36.4971  0.0197876   0.290653 0.00546528 -0.0537673  -0.111888   0.927875
   36.4971  0.0235161   0.282664 -0.0264927 -0.0504714 -0.0930284   0.930942
   36.4971 0.0240487  0.283197 -0.057918 -0.0422774 -0.0881303   0.920688
   36.4971   0.019255   0.286392 -0.0813538 -0.0455733 -0.0823167   0.927234
   36.4971  0.0107329   0.293849 -0.0994633 -0.0547744 -0.0760453   0.937762
   36.4972 0.00540657   0.306632  -0.115442 -0.0636092 -0.0805314   0.938403
   36.4972 0.00380867   0.322079  -0.122366 -0.0772048 -0.0837815   0.938632
   36.4972  0.009135  0.330068 -0.128225 -0.100185 -0.073253  0.948611
   36.4972 0.00860236    0.32847   -0.13515  -0.119685 -0.0645555   0.959414
   36.4972 0.000612881     0.32847   -0.135682   -0.12733 -0.0676683   0.961612
   36.4972 -0.000985015     0.327405    -0.136748  -0.132548 -0.0684922   0.968936
   36.4972 0.00221078   0.322611  -0.137813  -0.133647 -0.0636399   0.988711
   36.4972 0.00167815   0.320481   -0.13728   -0.12614 -0.0647843   0.994296
   36.5962 0.00327604   0.324742  -0.139411  -0.116756 -0.0691331   0.986697
   36.5963 0.0059392  0.332199 -0.145802  -0.113048 -0.0705064    0.98775
   36.5963 0.00647184   0.340188  -0.146868  -0.109981 -0.0696824   0.987475
   36.5963 0.0117982  0.344449 -0.146868  -0.104854 -0.0659288   0.983172
   36.5965 0.0117982  0.349776 -0.149531  -0.106639 -0.0615342    0.98157
   36.5965 0.0133961    0.3567  -0.14527  -0.10966 -0.063823  0.981662
   36.5965 0.0208529  0.360961  -0.13728  -0.111812 -0.0655168   0.987109
   36.5965 0.0229834  0.364157 -0.133019  -0.118953 -0.0574144    1.00048
   36.5965 0.0187224  0.362559 -0.126095  -0.123485 -0.0517381    1.00899
   36.5965  0.019255  0.366287 -0.115442   -0.11758 -0.0630448   0.989764
   36.5965 0.0347013  0.372679 -0.101594 -0.111766 -0.072429   0.96651
   36.5965  0.0442887   0.375342 -0.0872127  -0.119868 -0.0552629   0.975253
   36.5965  0.0400277   0.376407 -0.0792232  -0.126826 -0.0419877   0.989764
   36.5965 0.0389624  0.380668 -0.072299   -0.11996 -0.0521043   0.989352
   36.5965  0.0437561    0.38706 -0.0643095   -0.11465 -0.0586503   0.989032
   36.5965  0.0522782    0.38919 -0.0589832  -0.119731 -0.0559495   0.996173
   36.5965  0.0586698   0.385995 -0.0531243  -0.128062 -0.0502732    1.00867
   36.5965  0.0597351   0.384929 -0.0472653  -0.131908 -0.0431779    1.01549
   36.5965  0.0565393   0.384929 -0.0440695   -0.13763 -0.0416673    1.01636
   36.5965  0.0565393   0.380136 -0.0366127  -0.148982 -0.0427201    1.02272
   36.5965  0.0586698   0.369483 -0.0248948  -0.159419 -0.0407518    1.03055
   36.6962  0.0538761   0.355635 -0.0185032  -0.165187 -0.0352586    1.03115
   36.6963  0.0506803   0.341253 -0.0121116  -0.164775 -0.0343431    1.03224
   36.6963   0.0506803    0.327938 -0.00145894  -0.158412 -0.0368608    1.03737
   36.6963  0.0528108    0.31835 0.00440002   -0.14738 -0.0325578    1.03462
   36.6963 0.0549414  0.311426 0.0113242  -0.137309 -0.0266984    1.02671
   36.6964 0.0528108  0.308763 0.0171832  -0.129848 -0.0235398    1.02011
   36.6964  0.049615  0.306632 0.0214442  -0.120967 -0.0245011    1.00666
   36.6964  0.045354  0.299708 0.0241074  -0.111949 -0.0297197   0.985507
   36.6964 0.0368319  0.293849 0.0251727  -0.104854 -0.0289415   0.969531
   36.6964  0.025114  0.286392 0.0225095 -0.0977584 -0.0278886   0.961886
   36.6964 0.0107329   0.27787 0.0166506 -0.0930434 -0.0370896   0.962069
   36.6964 -0.000985015      0.27787    0.0134548 -0.0956984 -0.0506852   0.971316
   36.6964 -0.00684397    0.281066   0.0123895  -0.105495 -0.0590623   0.987521
   36.6964 -0.00950713     0.28586   0.0123895 -0.119044 -0.065471   1.00775
   36.7311 -0.0105724   0.289055  0.0177158  -0.141933 -0.0717881    1.02574
   36.7313 -0.00790923    0.289055   0.0294337  -0.168529 -0.0711015    1.03929
   36.7313 0.00114551   0.284794  0.0411516  -0.184138 -0.0698197    1.04355
   36.7313 0.00700447   0.275207  0.0539348  -0.193843 -0.0727952    1.03742
   36.7314 0.00434131   0.259228  0.0661854  -0.201076 -0.0697282    1.03215
   36.7314 0.00487394   0.244847  0.0752401  -0.195674 -0.0669358    1.02483
   36.7934  0.009135  0.234727 0.0773706  -0.178599 -0.0722459    1.00876
    36.794 0.00860236   0.223542  0.0784359  -0.161983 -0.0727952   0.996539
    36.794 0.00487394   0.215552  0.0752401 -0.146327  -0.06895  0.987109
    36.794 -0.00364818    0.212889   0.0635222  -0.133281 -0.0692247   0.972369
    36.794 -0.0148335   0.212889  0.0539348  -0.131221 -0.0741685   0.960788
    36.794 -0.0318777   0.202769  0.0379558  -0.136485 -0.0790666   0.970859
    36.794 -0.0435956    0.18679  0.0193137 -0.137035 -0.102413  0.975619
    36.794 -0.0398672   0.180931 0.00759581 -0.141063 -0.118251  0.980838
    36.794  -0.0382693    0.181996 -0.00199157  -0.160655 -0.0962785    1.01728
    36.794  -0.0467914    0.185725 -0.00785053  -0.183406 -0.0840104    1.04323
    36.794 -0.0467914   0.188388   -0.00572  -0.203044 -0.0949968    1.04378
    36.794   -0.0340082     0.183594 -0.000926307   -0.22314 -0.0990708    1.05023
    36.794  -0.021225   0.168681 0.00706318  -0.240718 -0.0877183    1.07486
    36.794 -0.0222903   0.142582  0.0187811   -0.25088 -0.0481675     1.1081
    36.794 -0.0451935   0.129266  0.0257053  -0.223277 -0.0714219    1.06131
    36.794 -0.0190945   0.142049   0.030499 -0.177775  -0.14558  0.995074
   36.7941 0.0261792  0.140451 0.0315643 -0.183406 -0.119624   1.03252
   36.7941 0.0203203  0.125537 0.0214442  -0.185649 -0.0601609    1.05037
   36.7941 -0.00524607    0.130864  0.00972634  -0.148204 -0.0560868    1.00455
   36.8271 -0.0201598   0.135125 -0.0025242  -0.143123 -0.0780595   0.979602
    36.898 -0.0185619   0.125005 -0.0195684  -0.160106 -0.0888627    0.98569
    36.898 -0.0158987   0.114352 -0.0344821  -0.163447 -0.0819505     1.0018
    36.898 -0.0201598   0.107961 -0.0515264  -0.166789 -0.0720628    1.02007
    36.898 -0.0302798   0.103699 -0.0643095 -0.176265 -0.064647   1.03325
    36.898 -0.0403998  0.0978405 -0.0707011  -0.193294 -0.0695909    1.04616
    36.898 -0.0414651  0.0871879 -0.0776253  -0.212794 -0.0888169    1.05774
    36.898 -0.0324103  0.0765352 -0.0850822   -0.22465 -0.0982469    1.06191
    36.898 -0.0228229  0.0664152 -0.0866801  -0.231792 -0.0840104    1.06603
    36.898 -0.0174966  0.0552299 -0.0840169  -0.237193 -0.0700029    1.06786
    36.898 -0.0174966  0.0472405 -0.0792232  -0.233668 -0.0720628    1.05408
   36.8981 -0.0121703  0.0381857 -0.0733643  -0.220439 -0.0753129    1.03206
   36.8981 -0.00311554   0.0270004  -0.0707011  -0.203822 -0.0715135    1.01696
   36.8981 -0.000452383    0.0190109   -0.0712338 -0.189586 -0.062816   1.00167
   36.8981 -0.00844187   0.0126194   -0.072299 -0.174571 -0.055034  0.977176
   36.8981  -0.016964 0.00409724 -0.0770927  -0.159328 -0.0543931   0.956027
   36.8981  -0.0222903 -0.00282698  -0.0845496  -0.147929 -0.0598405   0.942706
   36.8981 -0.0313451 -0.0108165 -0.0914738  -0.140742 -0.0591996   0.936755
   36.8981 -0.0414651 -0.0118817  -0.102126  -0.139964 -0.0495408    0.94266
   36.8981 -0.0478567 -0.0108165  -0.106387  -0.146602 -0.0493119   0.956942
   36.8981 -0.0478567  -0.017208  -0.106387  -0.158458 -0.0616258   0.966144
   36.9967 -0.0441282 -0.0220017  -0.103724  -0.172786 -0.0614884   0.970538
   36.9967 -0.0435956 -0.0262628 -0.0962675  -0.188304 -0.0534318   0.986468
   36.9967 -0.0388019 -0.0305239 -0.0893433   -0.19929 -0.0574144    1.00162
   36.9967 -0.0260187 -0.0374481 -0.0776253  -0.202449 -0.0623124    1.00638
   36.9967 -0.0153661 -0.0454376 -0.0627116  -0.206569 -0.0617173    1.00702
   36.9967 -0.00684397  -0.0502312  -0.0504611  -0.209956 -0.0612138    1.00624
   36.9967 -0.00364818  -0.0560902  -0.0382106  -0.203548 -0.0606187    1.00345
   36.9967 -0.00151765  -0.0619492  -0.0296884  -0.195994 -0.0645555   0.992602
   36.9967 0.00860237 -0.0662102 -0.0232969  -0.190501 -0.0707353   0.983722
   36.9967  0.0144613 -0.0704713 -0.0163726  -0.182582 -0.0684922   0.984591
   36.9967  0.0112655 -0.0710039 -0.0105137  -0.175304 -0.0660203   0.986239
   36.9967  0.00860236  -0.0667428 -0.00518736  -0.169765 -0.0705064   0.977771
   36.9967  0.0112655 -0.0603513 0.00226949  -0.167064 -0.0720628   0.965732
   36.9968   0.014994 -0.0523618  0.0118569  -0.171046 -0.0725206   0.967517
   36.9968  0.014994 -0.049166 0.0182485  -0.176402 -0.0727952   0.976993
   36.9968  0.0144613 -0.0502312   0.020379   -0.17686 -0.0717881   0.985049
   36.9968   0.014994 -0.0459702  0.0251727  -0.175853 -0.0727037   0.989032
   36.9968  0.0171245 -0.0395786  0.0347601  -0.178279 -0.0751756   0.992099
   36.9968  0.0187224 -0.0374481  0.0395537   -0.18423 -0.0787461   0.995944
   37.0309  0.0229834 -0.0353175   0.046478  -0.187755 -0.0798448   0.996722
    37.031  0.0304403 -0.0315891   0.060859  -0.194484 -0.0756333    1.00157
    37.031  0.0378971 -0.0283933  0.0720443  -0.199061 -0.0725206    1.00794
   37.1187  0.0442887 -0.0251975  0.0805664  -0.196223 -0.0759538    1.00281
   37.1187  0.0474845 -0.0278607  0.0837622  -0.195445 -0.0727037   0.994662
   37.1187  0.0448214 -0.0353175  0.0842949  -0.189494 -0.0677598   0.988803
   37.1187  0.0458866 -0.0406439  0.0821643  -0.179469 -0.0744889   0.975253
   37.1188  0.0512129 -0.0449049  0.0747075  -0.171184 -0.0744889   0.964633
   37.1188  0.0485498 -0.0459702  0.0683159  -0.160289 -0.0639604   0.964404
   37.1188  0.0432235 -0.0449049  0.0576632  -0.150767 -0.0633653   0.959826
   37.1188  0.0378971 -0.0438397  0.0454127 -0.150264 -0.069362  0.952228
   37.1188  0.0368319 -0.0443723  0.0352927  -0.157176 -0.0698655   0.953601
   37.1188  0.0410929 -0.0470355  0.0262379    -0.1618 -0.0684007   0.959369
   37.1188  0.0410929 -0.0523618  0.0230421  -0.164592 -0.0660203   0.967242
   37.1188  0.0325708 -0.0544923  0.0225095  -0.174022 -0.0617173    0.97832
   37.1188   0.029375 -0.0539597  0.0209116  -0.185649 -0.0656083   0.985644
   37.1188  0.0378971 -0.0582207  0.0262379  -0.193523 -0.0798448   0.989169
   37.1188 0.0448214 -0.063547 0.0347601  -0.199199 -0.0823167   0.995944
   37.1188  0.0480171 -0.0646123  0.0432822  -0.201259 -0.0725206    1.00606
   37.1188  0.0517456 -0.0646123   0.050739  -0.201213 -0.0758165    1.00647
   37.1188  0.0570719 -0.0688734  0.0603264  -0.202769 -0.0829576   0.998141
   37.1188  0.0608003 -0.0736671  0.0688485  -0.199153 -0.0814012   0.989627
   37.1188  0.0629309 -0.0789934  0.0731096  -0.188579 -0.0788377   0.980243
   37.2417  0.0666593 -0.0869829  0.0757727  -0.174251 -0.0761827    0.97333
   37.2417  0.0623982 -0.0960376  0.0715117  -0.159968 -0.0697282   0.971545
   37.2417 0.0533435 -0.101364 0.0661854  -0.149486 -0.0706437   0.967425
   37.2417 0.0458866 -0.102962  0.060859  -0.141383 -0.0793412   0.961291
   37.2417  0.039495 -0.103494 0.0518043  -0.140193 -0.0776475   0.965869
   37.2417 0.0384298 -0.100299 0.0427495  -0.145366 -0.0759538   0.977771
   37.2417  0.0389624 -0.0939071  0.0411516  -0.152324 -0.0808061   0.987842
   37.2417  0.0357666 -0.0875155  0.0448801  -0.159511 -0.0746263   0.997592
   37.2417  0.0304403 -0.0827218  0.0512717  -0.168025 -0.0668443    1.00505
   37.2417  0.0288424 -0.0789934  0.0581959 -0.176173 -0.071193   1.00647
   37.2417  0.0288424 -0.0741997  0.0672506  -0.179469 -0.0693162    1.00176
   37.2417  0.0256466 -0.0720692  0.0773706  -0.184459 -0.0599778    0.99393
   37.2417  0.0224508 -0.0731344  0.0810991  -0.187205 -0.0637315   0.984729
   37.2417  0.0203203 -0.0731344  0.0842949  -0.180659 -0.0694078   0.976809
   37.2417 0.0176571 -0.075265 0.0842949   -0.17187 -0.0622209   0.972781
   37.2417   0.014994 -0.0784608  0.0832296 -0.162898 -0.058513   0.96738
   37.2417   0.009135 -0.0800587  0.0789685  -0.157497 -0.0641435   0.957766
   37.2418 8.02493e-05  -0.0832544   0.0651201  -0.155665 -0.0678056    0.94971
   37.2418 -0.00684397  -0.0885808   0.0550001  -0.151774 -0.0691789   0.947375
   37.2418 -0.0158987 -0.0912439   0.046478  -0.151637 -0.0717424    0.94884
   37.3715 -0.0228229 -0.0891134  0.0342274  -0.150813 -0.0732988   0.952456
   37.3723 -0.0249535 -0.0885808  0.0273032  -0.148524 -0.0743516   0.954196
   37.3724 -0.0297472 -0.0848523    0.02464  -0.149715 -0.0761369   0.958774
   37.3724 -0.0308124 -0.0800586  0.0193137  -0.153148 -0.0766404   0.971454
   37.3724 -0.0324103 -0.0779281  0.0187811 -0.162074 -0.079799  0.982989
   37.3724 -0.0286819  -0.069406  0.0257053  -0.170039 -0.0880845   0.991504
   37.3724 -0.0164313 -0.0614165  0.0358253  -0.173976 -0.0892289    1.00002
   37.3724 -0.0089745 -0.0571555   0.046478  -0.175029 -0.0827745    1.00432
   37.3724 -0.00311554  -0.0518291   0.0571306  -0.176402 -0.0819963     1.0029
   37.3724 0.00700447 -0.0438397  0.0693812  -0.176311 -0.0810807   0.999423
   37.3724  0.0133961 -0.0379807  0.0800338  -0.173289 -0.0726121   0.992511
   37.3724  0.0139287 -0.0347849  0.0858928  -0.171001 -0.0647386   0.978274
   37.3724 0.0128634 -0.033187 0.0880233  -0.162578 -0.0613969   0.966968
   37.3724  0.0107329 -0.0321217  0.0874906  -0.149028 -0.0620378   0.960696
   37.3724 0.00806973 -0.0299912  0.0842949  -0.137767 -0.0647386   0.954974
   37.3724 0.00114551 -0.0273281   0.076838  -0.133739 -0.0637315   0.958957
   37.3724 -0.00790923   -0.023067   0.0720443  -0.134013 -0.0607103   0.969531
   37.3724 -0.0132356 -0.0177407  0.0683159  -0.137126 -0.0662492   0.976077
   37.3724 -0.0143008 -0.0161428   0.060859 -0.149394 -0.076732  0.987796
   37.3724 -0.0100398 -0.0161428  0.0592611  -0.158641 -0.0776475    1.00386
   37.4539 -0.00524607   -0.017208    0.060859  -0.162395 -0.0718339    1.00437
   37.4544 -0.00471344  -0.0220017   0.0640548  -0.169032 -0.0657457   0.996081
   37.4544 -0.00418081   -0.028926   0.0635222  -0.172603 -0.0587419   0.993838
   37.4544 -0.00151765  -0.0385133   0.0613917  -0.170497 -0.0596116   0.984088
   37.4544 0.00221078 -0.0486333  0.0603264  -0.162898 -0.0661119   0.970309
   37.4544 -0.000452383   -0.0571555    0.0560653   -0.15388 -0.0621293   0.967975
   37.4544 -0.00524607  -0.0630144   0.0512717  -0.145091 -0.0609391   0.964953
   37.4544 -0.0105724 -0.0662102  0.0438148  -0.135066 -0.0710099   0.956897
   37.4544 -0.0158987 -0.0688734  0.0384885  -0.131221 -0.0753587   0.954287
   37.4544 -0.0164314 -0.0720692  0.0347601  -0.130534 -0.0729783    0.96033
   37.4544 -0.0185619 -0.0715365  0.0294337  -0.128154 -0.0762742   0.966327
   37.4544 -0.0233556 -0.0736671  0.0251727  -0.130946 -0.0774186    0.96976
   37.4544 -0.0233556 -0.0768629    0.02464  -0.140193 -0.0776017   0.977176
   37.4544 -0.0196271 -0.0757976  0.0267706  -0.149943 -0.0882218    0.98363
   37.4544 -0.0137682 -0.0726018  0.0315643  -0.154658 -0.0868486   0.991092
   37.4544 -0.00844187  -0.0688734    0.040619  -0.163081 -0.0715593    1.00464
   37.4544 -0.00418081  -0.0667428   0.0496738  -0.168941 -0.0738023    1.00949
   37.4544 0.00540657  -0.063547  0.0539348  -0.169444 -0.0846055    1.00373
   37.4544 0.0128634 -0.059286 0.0581959  -0.170817 -0.0805314    1.00455
   37.4544  0.0133961 -0.0576881  0.0656527  -0.169673 -0.0755876    1.00702
    37.504  0.0112655 -0.0576881  0.0683159  -0.165645 -0.0775102    1.00176
    37.504  0.0123308 -0.0571555   0.066718  -0.162028 -0.0787461   0.997821
    37.504  0.0155266 -0.0555576  0.0635222  -0.159099 -0.0797532   0.996859
    37.504  0.0165918 -0.0539597  0.0550001  -0.152965 -0.0804856   0.993014
    37.504 0.0165918 -0.053427 0.0491411  -0.147792 -0.0750383   0.989261
    37.504  0.0128634 -0.0512965  0.0459453  -0.148387 -0.0713304   0.989718
    37.504  0.0075371 -0.0496986  0.0400864  -0.150767 -0.0727037   0.991321
    37.504  0.0059392 -0.0502312  0.0374232  -0.151637 -0.0794328   0.985461
   37.5041 0.00540657 -0.0465028  0.0331622  -0.154292 -0.0857041   0.977221
   37.5041 0.00806973 -0.0422418  0.0283685  -0.156077 -0.0852464   0.974841
   37.5041  0.0112655 -0.0417091  0.0278358  -0.157954 -0.0782426   0.982806
   37.5041 0.0102003 -0.043307 0.0251727 -0.159785 -0.070186   0.98981
   37.5041 0.00487394 -0.0427744  0.0214442  -0.157909 -0.0708268   0.983539
   37.5041 -0.000985015    -0.043307    0.0150527  -0.155757 -0.0756333   0.973697
   37.5041 -0.000452383   -0.0486333    0.0118569  -0.153468 -0.0826371   0.968982
   37.5041 0.00221078 -0.0528944 0.00919371  -0.149165 -0.0833696   0.969668
   37.5041 0.00327604  -0.053427 0.00173685  -0.142253 -0.0718797   0.973742
   37.5041 -0.00151765  -0.0518291 -0.00358947  -0.137858 -0.0703233   0.975161
   37.5041 -0.00524607  -0.0518291 -0.00785053  -0.136531 -0.0849717   0.969119
   37.5041 -0.00311554  -0.0507639  -0.0110463  -0.134334 -0.0869859   0.966739
   37.5041 0.00274341 -0.0481007 -0.0147747  -0.135661 -0.0764573   0.971637
   37.5041 0.00487394 -0.0512965 -0.0163726  -0.135936 -0.0735276   0.975207
   37.5041 0.00114551 -0.0523618 -0.0179705  -0.132228 -0.0764115   0.970172
   37.5979  0.0059392 -0.0486333  -0.021699  -0.130946 -0.0817216    0.96271
   37.5979  0.0117982 -0.0486333 -0.0243621  -0.130397 -0.0818589     0.9677
   37.5979  0.0144613 -0.0502312   -0.02596  -0.129253 -0.0733445   0.974017
   37.5979  0.0181897 -0.0512965 -0.0275579  -0.131084 -0.0709184   0.972094
   37.5979  0.0139287 -0.0496986 -0.0275579    -0.1347 -0.0778306   0.972278
   37.5979  0.0128634 -0.0481007 -0.0280906  -0.137172 -0.0812181   0.972369
   37.5979  0.0197876 -0.0502312 -0.0296884  -0.137721 -0.0753587   0.975299
   37.5979  0.0235161 -0.0502312 -0.0302211 -0.137584 -0.071193  0.982531
   37.5979  0.0245813  -0.049166 -0.0270253  -0.138179 -0.0682634   0.985187
   37.5979  0.0235161 -0.0512965 -0.0232969  -0.139552 -0.0673936   0.982165
   37.5979  0.0245813 -0.0523618 -0.0243621  -0.138225 -0.0729783   0.977176
    37.598  0.0288424 -0.0502312  -0.021699  -0.138682 -0.0731156   0.980014
    37.598  0.0336361 -0.0465028   -0.01584  -0.141475 -0.0635026   0.988162
    37.598  0.0378971 -0.0443723  -0.011579  -0.140605 -0.0570939   0.990176
    37.598  0.0362992 -0.0422418   -0.00572  -0.142757 -0.0591539   0.985919
    37.598   0.0347013  -0.0417091 0.000138958  -0.146876 -0.0585588    0.98537
    37.598  0.0368319 -0.0438397 0.00333475  -0.142619 -0.0552171   0.983539
    37.598  0.0378971 -0.0459702 0.00866107  -0.134563 -0.0513261   0.979327
    37.598  0.0368319 -0.0465028  0.0123895  -0.130763 -0.0432237   0.982257
    37.598  0.0315056 -0.0465028  0.0107916  -0.124904 -0.0439561   0.977771
   37.6961  0.0256466 -0.0486333   0.010259  -0.120875 -0.0523332   0.969668
   37.6962  0.0176571 -0.0470355 0.00972634  -0.123851 -0.0513719   0.976489
   37.6962  0.0107329 -0.0438397 0.00546528  -0.126231 -0.0475724   0.988666
   37.6962  0.0075371 -0.0422418 0.00440002  -0.128383 -0.0517381   0.992694
   37.6967 0.00434131 -0.0358502 0.00972634  -0.135936 -0.0571397   0.998645
   37.6971 0.00434131 -0.0310565  0.0113242  -0.143123 -0.0557206    1.01119
   37.6972  0.0059392 -0.0278607  0.0139874  -0.145732 -0.0565904    1.01325
   37.6972 0.00700447 -0.0220017  0.0219769  -0.146876 -0.0577348     1.0083
   37.6972 0.00487394 -0.0220017  0.0289011 -0.145869 -0.051555   1.00629
   37.6972 0.00327604 -0.0246649  0.0336948  -0.141978 -0.0526994   0.994937
   37.6972 0.00380867 -0.0278607  0.0358253  -0.136165 -0.0594285   0.985553
   37.6972 0.00221078 -0.0310565  0.0379558  -0.128978 -0.0567735   0.988208
   37.6972 0.00274341 -0.0353175  0.0352927  -0.121379 -0.0550798   0.984088
   37.6972 0.00221078 -0.0358502  0.0273032  -0.114558 -0.0570939   0.973193
   37.6972 -0.00205028  -0.0358502   0.0230421  -0.108699 -0.0527452   0.968478
   37.6972 -0.0073766 -0.0438397  0.0161179   -0.10316 -0.0534776   0.965777
   37.6972 -0.0105724 -0.0496986 0.00173685 -0.0961562 -0.0635026   0.960559
   37.6972  -0.0127029  -0.0512965 -0.00785053 -0.0956984 -0.0671189   0.964953
   37.6972 -0.0174966 -0.0555576 -0.0169053  -0.104076 -0.0637773   0.978045
   37.6973 -0.0158987  -0.059286   -0.02596  -0.108974 -0.0686296   0.988116
   37.7935 -0.0132356  -0.059286 -0.0232969  -0.111537 -0.0713304   0.996997
   37.7935 -0.0137682 -0.0571555 -0.0201011  -0.118907 -0.0684007    1.00968
   37.7936 -0.00844187  -0.0528944  -0.0163726  -0.127742 -0.0706895    1.01531
   37.7936 -0.000452383    -0.049166  -0.00731789   -0.13296 -0.0656541    1.00949
   37.7936   0.0102003  -0.0496986 0.000138958    -0.1347 -0.0594743    1.00537
   37.7936  0.0197876 -0.0539597 0.00759581  -0.132228 -0.0640061   0.998965
   37.7936  0.0224508 -0.0544923    0.01452  -0.122752 -0.0653337   0.987842
   37.7936   0.025114 -0.0539597   0.020379   -0.11465 -0.0564988   0.984042
   37.7936  0.0272445 -0.0486333  0.0225095  -0.108699 -0.0528367   0.980884
   37.7936  0.0256466 -0.0438397  0.0225095  -0.105586 -0.0577806   0.972644
   37.7936  0.0240487 -0.0438397  0.0225095  -0.106227 -0.0556291   0.967471
   37.7936  0.0197876 -0.0422418  0.0182485  -0.108745 -0.0507768   0.971087
   37.7936  0.0133961 -0.0411765  0.0134548  -0.112819 -0.0511888   0.979281
   37.7936   0.009135 -0.0379807  0.0161179  -0.116939 -0.0527452   0.982715
   37.7936 0.00540657 -0.0353175  0.0177158  -0.125499 -0.0545304   0.986285
   37.7937 0.00434131 -0.0342523  0.0166506 -0.131724 -0.052379  0.994296
   37.7937 0.00540657 -0.0310565  0.0219769  -0.133556 -0.0477098   0.998187
   37.7937 0.00221078 -0.0278607  0.0257053  -0.138682 -0.0454209   0.995624
   37.7937 8.02491e-05  -0.0251975   0.0278358  -0.138774 -0.0474351   0.989444
   37.7939 -0.00258291  -0.0214691   0.0310316  -0.131358 -0.0518754   0.979922
   37.9015 -0.00364818  -0.0241323   0.0315643  -0.126002 -0.0501817   0.975573
   37.9015 -0.00364818  -0.0278607   0.0289011  -0.120967 -0.0473436   0.979419
   37.9015 -0.00950713  -0.0251975   0.0262379  -0.114055 -0.0487168   0.980884
   37.9015 -0.0116377 -0.0241323  0.0230421  -0.109386 -0.0535234   0.976306
   37.9016 -0.0153661  -0.023067  0.0177158  -0.110484 -0.0624955   0.973697
   37.9016 -0.0222903 -0.0209365  0.0118569  -0.116984 -0.0686296   0.977771
   37.9016 -0.0185619 -0.0193386 0.00812844  -0.120097 -0.0668443   0.981341
   37.9016 -0.0127029 -0.0150775 0.00706318  -0.119868 -0.0641435   0.981433
   37.9016 -0.0174966 -0.0113491 0.00812844 -0.121883 -0.066295  0.984958
   37.9016  -0.0206924 -0.00442487   0.0107916  -0.125041 -0.0698197   0.987567
   37.9017  -0.016964 0.00303198  0.0123895  -0.126323 -0.0698655   0.986285
   37.9017 -0.0116377 0.00729304  0.0139874  -0.127376 -0.0674852   0.985049
   37.9017 -0.0100398  0.0110215  0.0166506  -0.127742 -0.0630906   0.983859
   37.9017 -0.0121703  0.0115541  0.0182485  -0.121013 -0.0654252   0.978778
   37.9017  -0.011105 0.00889093  0.0177158  -0.115794 -0.0714219   0.974017
   37.9017 -0.00684397   0.0083583   0.0161179  -0.114192 -0.0759996    0.97301
   37.9017 -0.00364818   0.0104888   0.0150527  -0.111766 -0.0753129   0.975528
   37.9017 -0.00418081   0.0083583   0.0123895  -0.110942 -0.0700486   0.979052
   37.9017 -0.00311554  0.00729304  0.00759581  -0.105998 -0.0689958   0.973834
   37.9017 -0.00151765   0.0083583  0.00546528 -0.0977584 -0.0678971   0.965777
   37.9017 -0.000985015    0.0104888   0.00386738 -0.0944625 -0.0678514   0.962939
   37.9018  -0.00311554    0.0142173 -0.000393674 -0.0954696 -0.0660661   0.962344
   37.9018 -0.00790923   0.0195436  -0.0041221 -0.0926772   -0.06895   0.959964
   37.9975 -0.00631134   0.0259352 -0.00944842 -0.0862685  -0.073665   0.955295
   37.9975 -0.00471344   0.0317941  -0.0142421  -0.083705 -0.0659288   0.952685
   37.9975 -0.0073766  0.0403162 -0.0174379 -0.0838881 -0.0562699   0.953692
   37.9975 -0.0105724  0.0456426 -0.0190358 -0.0819198 -0.0608934    0.95122
   37.9975 -0.0121703  0.0504363 -0.0179705 -0.0791732 -0.0688584   0.951724
   37.9975 -0.0132356  0.0557626 -0.0195684  -0.080638 -0.0647843   0.966189
   37.9976 -0.0143008  0.0605563 -0.0195684 -0.0830642 -0.0660661   0.979739
   37.9976 -0.0137682  0.0685457 -0.0169053 -0.0905257 -0.0753129   0.989947
   37.9976 -0.00790923   0.0781331   -0.011579   -0.10847 -0.0793412    1.00679
   37.9976  0.00221078   0.0839921 -0.00305684  -0.125362 -0.0814469    1.01874
   37.9976  0.0112655  0.0850573 0.00812844 -0.135661 -0.077144   1.01988
   37.9976 0.0208529 0.0861226 0.0187811  -0.145045 -0.0649675    1.02529
   37.9976 0.0283098   0.08559 0.0283685  -0.151774 -0.0586961     1.0279
   37.9976 0.0384298 0.0818615  0.040619  -0.151454 -0.0608934     1.0186
   37.9976 0.0480171 0.0791984 0.0518043  -0.150676 -0.0540727    1.01412
   37.9976 0.0485498 0.0749373 0.0592611  -0.151271 -0.0475724     1.0111
   37.9976 0.0437561 0.0685457 0.0629896  -0.148021 -0.0546678   0.999972
   37.9976  0.039495 0.0632194 0.0629896 -0.148936 -0.058101  0.989627
   37.9976 0.0373645 0.0557626  0.060859  -0.155482 -0.0554002   0.989627
   38.0968 0.0368319 0.0472405 0.0581959   -0.15768 -0.0579179   0.991046
   38.0968 0.0288424 0.0381857 0.0534022  -0.153972 -0.0565904   0.990497
   38.0968 0.0208529 0.0307289 0.0486085  -0.154613 -0.0495408   0.993976
   38.0969 0.0171245 0.0259352 0.0427495  -0.158183 -0.0516923   0.990817
   38.0969 0.0117982 0.0200762 0.0326295 -0.158183 -0.060344  0.984271
   38.0969 0.0075371 0.0083583 0.0235748 -0.163447 -0.062404  0.992328
   38.0969  0.00327604 -0.00176171   0.0161179  -0.168071 -0.0613053    1.00803
   38.0969 -0.00151765  -0.0049575  0.00866107  -0.167934 -0.0650132    1.01673
   38.0969 -0.000985015  -0.00762067   0.00333475  -0.172191 -0.0645555    1.02135
   38.0969   0.00700447   -0.0124144 -0.000926307  -0.177501 -0.0628617    1.02684
   38.0969   0.0123308  -0.0161428 -0.00944842  -0.179607 -0.0696366    1.02771
   38.0969  0.0165918 -0.0204038 -0.0131768  -0.176997 -0.0664781     1.0197
   38.0969  0.0224508 -0.0257302 -0.0142421  -0.172328 -0.0603898    1.01348
   38.0969  0.0240487 -0.0294586 -0.0227642  -0.164867 -0.0626786    1.00826
   38.0969  0.0240487 -0.0315891 -0.0296884  -0.153651 -0.0618089    0.99837
   38.0969  0.0245813 -0.0353175   -0.03608  -0.148707 -0.0617631    0.99393
   38.0969  0.0219182 -0.0385133 -0.0403411  -0.144633 -0.0642808   0.995212
   38.0969  0.0219182  -0.039046 -0.0430043  -0.135295 -0.0630906   0.995852
   38.0969  0.0235161 -0.0379807 -0.0504611 -0.131908 -0.058925  0.996264
   38.0969  0.0213855 -0.0374481 -0.0536569  -0.137126 -0.0608476   0.997226
   38.0969  0.0219182 -0.0385133 -0.0552548   -0.13882 -0.0646012   0.995898
   38.1977  0.0229834 -0.0417091 -0.0595159 -0.135478 -0.061168   0.99425
   38.1977  0.0235161 -0.0465028 -0.0627116  -0.139873 -0.0583757    0.99068
   38.1977  0.0229834  -0.049166 -0.0611137   -0.14619 -0.0586045   0.985049
   38.1977  0.0197876 -0.0502312 -0.0600485  -0.150081 -0.0597947   0.980426
   38.1977  0.0197876 -0.0550249 -0.0643095 -0.154246 -0.063823  0.978183
   38.1977  0.0219182 -0.0630144 -0.0664401  -0.153102 -0.0652879    0.97919
   38.1977  0.0229834 -0.0683407 -0.0664401  -0.151546 -0.0631364   0.975253
   38.1977   0.025114 -0.0731344 -0.0669727  -0.148936 -0.0633195   0.966556
   38.1979  0.0288424  -0.079526 -0.0712338  -0.148433 -0.0667527   0.964541
   38.1979  0.0309729 -0.0869829  -0.072299  -0.145778 -0.0700029   0.966235
   38.1979  0.0315056 -0.0869829  -0.072299  -0.138454 -0.0712388   0.966556
   38.1979  0.0309729  -0.085385 -0.0738969  -0.136989 -0.0715593    0.96889
   38.1979  0.0341687 -0.0859176 -0.0712338  -0.139232 -0.0715135   0.972552
   38.1979   0.039495 -0.0816565 -0.0675053  -0.136119 -0.0694535   0.973285
   38.1979  0.0437561 -0.0779281 -0.0659074  -0.128886 -0.0657914   0.970263
   38.1979  0.0458866 -0.0715365 -0.0605811  -0.125728 -0.0617631    0.96651
   38.1979  0.0464193 -0.0656776 -0.0515264  -0.119914 -0.0594743   0.962665
    38.198  0.0464193 -0.0619492 -0.0467327  -0.111171 -0.0594743   0.957446
    38.198  0.0464193 -0.0571555    -0.0462  -0.105174 -0.0579179   0.958728
    38.198 0.0432235 -0.053427   -0.0462 -0.0981704 -0.0538896   0.962802
   38.2935  0.0373645 -0.0459702 -0.0456674 -0.0922652 -0.0575975   0.960742
   38.2935  0.0357666 -0.0363828    -0.0462 -0.0935012 -0.0617173   0.961657
   38.2935  0.0357666  -0.028926 -0.0477979 -0.0988112  -0.057277   0.967883
   38.2935  0.0347013 -0.0209365 -0.0456674   -0.10348 -0.0551255   0.972918
   38.2935  0.0368319  -0.012947 -0.0483306  -0.109202 -0.0540727   0.976901
   38.2935   0.0400277 -0.00708803  -0.0488632  -0.114833 -0.0467027   0.982623
   38.2935   0.0362992 0.000368818   -0.041939  -0.121699 -0.0449632   0.983355
   38.2935  0.0320382 0.00782567 -0.0339495   -0.13058 -0.0510514   0.979464
   38.2936  0.0336361  0.0115541 -0.0238295  -0.142482 -0.0466111   0.985507
   38.2936 0.0368319 0.0120867  -0.01584  -0.151958 -0.0403398   0.993518
   38.2936   0.0362992   0.0115541 -0.00944842  -0.149211 -0.0407975   0.989123
   38.2936  0.0362992  0.0099562 0.00120422   -0.14706 -0.0366777   0.987155
   38.2936  0.0347013 0.00622777 0.00919371  -0.152232 -0.0361741    0.99068
   38.2936    0.0299077 -0.000696446    0.0113242  -0.152186 -0.0424913   0.986651
   38.2936   0.0299077 -0.00921856   0.0118569  -0.145732 -0.0401567   0.982989
   38.2936  0.0256466 -0.0140123  0.0134548  -0.143672 -0.0318711   0.988986
   38.2936  0.0176571 -0.0193386  0.0134548  -0.143443 -0.0344346   0.991687
   38.2936  0.0133961 -0.0241323  0.0107916  -0.138408 -0.0399736   0.988666
   38.2936  0.0107329 -0.0257302 0.00972634  -0.137584 -0.0369981   0.994433
   38.2941 0.00966763 -0.0310565 0.00599791  -0.138911 -0.0371354   0.999789
   38.4017 0.00540657  -0.033187 0.00440002  -0.135982 -0.0369523   0.995212
   38.4017 -0.000985015   -0.0374481   0.00173685  -0.136577 -0.0321916   0.990039
   38.4017 -0.00684397  -0.0454376 -0.00305684  -0.135432 -0.0367234   0.987658
   38.4017 -0.0116377 -0.0502312   -0.00572  -0.129756 -0.0470689   0.984546
   38.4017  -0.0153661  -0.0555576 -0.00944842  -0.127742 -0.0459703   0.983996
   38.4017 -0.0174966 -0.0576881 -0.0126442   -0.12646 -0.0423539   0.989489
   38.4017 -0.0217577 -0.0571555 -0.0131768 -0.124858 -0.043773  0.992968
   38.4017 -0.0297472 -0.0539597 -0.0153074 -0.125362 -0.050731  0.989032
   38.4017 -0.0318777  -0.049166 -0.0153074   -0.12852 -0.0556291    0.98688
   38.4017 -0.0324103 -0.0465028   -0.01584   -0.13383 -0.0539811   0.992419
   38.4017 -0.0350735 -0.0443723   -0.01584  -0.135524 -0.0543931    0.99599
   38.4017 -0.0377366 -0.0411765 -0.0121116  -0.136119 -0.0522416   0.995807
   38.4017  -0.0419977  -0.0406439 -0.00678526  -0.138545 -0.0538438   0.993884
   38.4017 -0.0441282 -0.0422418 -0.0025242 -0.139735 -0.061992  0.989489
   38.4017 -0.0403998 -0.0427744 0.00120422  -0.135524 -0.0625413   0.986468
   38.4017 -0.0388019 -0.0406439 0.00333475  -0.127879 -0.0565446    0.98656
   38.4017 -0.0419977 -0.0363828 0.00226949  -0.125499 -0.0561784   0.982028
   38.4017 -0.0446609  -0.033187 0.00067159  -0.12234 -0.065059  0.972049
   38.4018 -0.0467914 -0.0326544 -0.0025242  -0.117351 -0.0704606   0.963351
   38.4018  -0.0467914  -0.0347849 -0.00731789  -0.117442 -0.0713304   0.961566
   38.4954 -0.0462588 -0.0353175 -0.0110463  -0.119044 -0.0753129   0.967837
   38.4954 -0.0446609 -0.0321217  -0.011579  -0.122615 -0.0736192   0.974521
   38.4954 -0.0435956 -0.0294586  -0.011579  -0.133647 -0.0739854   0.978457
   38.4954 -0.0393345 -0.0283933 -0.0105137  -0.144542 -0.0745347    0.98244
   38.4954 -0.0318777 -0.0283933 -0.0131768  -0.147197 -0.0675767   0.987109
   38.4955 -0.0292145 -0.0305239 -0.0121116  -0.144267 -0.0638688   0.988391
   38.4962  -0.0313451  -0.0347849 -0.00944842  -0.139964 -0.0645555    0.98601
   38.4963  -0.0334756  -0.0369154 -0.00731789 -0.132686 -0.062816  0.981708
   38.4963  -0.0318777  -0.0369154 -0.00891579  -0.123576 -0.0625413   0.975848
   38.4963 -0.0324103 -0.0379807 -0.0153074  -0.116023 -0.0646928    0.97063
   38.4963 -0.0313451 -0.0342523 -0.0190358  -0.108333 -0.0637315   0.971682
   38.4963 -0.0286819  -0.028926 -0.0248948  -0.102931 -0.0641893   0.973102
   38.4963 -0.0313451 -0.0241323 -0.0280906  -0.103984 -0.0660203   0.967151
   38.4963 -0.0313451 -0.0235996 -0.0312863  -0.111995 -0.0622666   0.967837
   38.4963 -0.0302798 -0.0251975 -0.0366127  -0.115153 -0.0595201   0.973422
   38.4963 -0.0286819 -0.0214691 -0.0366127  -0.114329 -0.0625413   0.972323
   38.4963 -0.0292145 -0.0193386 -0.0344821  -0.117442 -0.0621293   0.971957
   38.4963 -0.0345408 -0.0166754 -0.0355474  -0.118587 -0.0592454   0.974795
   38.4963 -0.0340082 -0.0118817 -0.0344821  -0.118678 -0.0600694   0.972644
   38.4963 -0.0366714 -0.0118817 -0.0334169  -0.120555 -0.0608476   0.973971
   38.5968 -0.0393345 -0.0118817 -0.0323516  -0.123302 -0.0575059   0.981982
   38.5968  -0.0388019 -0.00762067   -0.031819  -0.123027 -0.0623124   0.982577
   38.5968  -0.0382693 -0.00602277  -0.0312863   -0.12408 -0.0700029     0.9845
   38.5968 -0.0324103 -0.0049575 -0.0307537  -0.128978 -0.0649217   0.996768
   38.5968  -0.0297472 -0.00442487  -0.0296884  -0.12971 -0.064647   1.00423
   38.5968  -0.0238882 -0.00229434    -0.02596  -0.130488 -0.0692247    1.00011
   38.5968  -0.0180292 0.000368818  -0.0190358  -0.134059 -0.0642808   0.999698
   38.5969  -0.0174966 -0.00122908  -0.0174379  -0.134196 -0.0630906    1.00107
   38.5969  -0.0164314 -0.00122908  -0.0163726  -0.135203 -0.0671647   0.998279
   38.5969  -0.0132356  0.00143408 -0.00944842  -0.139049 -0.0656083    1.00441
   38.5969 -0.00950713  0.00462988 -0.00625263   -0.14326 -0.0624955    1.01032
   38.5969 -0.00524607  0.00303198 -0.00358947  -0.143352 -0.0650132    1.00354
   38.5969 -0.000452383   0.00249935   0.00120422  -0.141978 -0.0664781   0.999743
   38.5969 0.00221078 0.00249935 0.00226949  -0.142024 -0.0608018    1.00299
   38.5969  0.00380867 -0.00335961 0.000138958  -0.136623 -0.0587419   0.999652
   38.5969  0.00434131 -0.00868593  0.00120422  -0.128703 -0.0599321   0.991229
   38.5969   0.00487394   -0.0124144 -0.000926307  -0.123759 -0.0559953   0.987475
   38.5969  0.00487394  -0.0161428 -0.00625263  -0.119594 -0.0588792   0.983767
   38.5969 0.00327604 -0.0193386 -0.0110463  -0.113551 -0.0649675   0.978961
   38.5969 0.000612881  -0.0220017    -0.01584  -0.113277 -0.0574144   0.984363
   38.6968 -0.000985015    -0.023067   -0.0190358  -0.115199 -0.0508683   0.989718
   38.6968 -0.00151765  -0.0273281  -0.0238295  -0.11465 -0.057277  0.981433
   38.6968 -0.00151765  -0.0358502  -0.0296884  -0.113322 -0.0597947   0.972781
   38.6968 -0.00311554  -0.0417091  -0.0323516  -0.108012 -0.0561326   0.975207
   38.6969 -0.00524607  -0.0438397  -0.0334169  -0.102611 -0.0606645   0.977908
   38.6969 -0.00418081  -0.0443723  -0.0328842  -0.103252 -0.0621751   0.979373
   38.6969 -0.00311554  -0.0411765  -0.0291558  -0.109935 -0.0590623   0.987292
   38.6969 -0.00258291  -0.0369154  -0.0238295  -0.114146 -0.0644639   0.993747
   38.6969 0.00327604 -0.0347849 -0.0201011 -0.116893 -0.068538  0.996081
   38.6969  0.0107329 -0.0315891 -0.0142421  -0.123118 -0.0628617    1.00089
   38.6969   0.0144613  -0.0299912 -0.00785053  -0.126872 -0.0611222    1.00318
   38.6969   0.0171245   -0.028926 -0.00305684  -0.128429 -0.0606187    1.00107
   38.6969  0.0187224 -0.0283933 0.00226949  -0.129573 -0.0550798   0.996951
   38.6969  0.0181897 -0.0310565 0.00653054  -0.125362 -0.0565904   0.993564
   38.6969  0.0181897 -0.0315891 0.00972634  -0.117534 -0.0585588   0.991595
   38.6969  0.0203203 -0.0267954   0.010259  -0.114421 -0.0530198   0.991504
   38.6969  0.0165918  -0.023067 0.00812844  -0.111034 -0.0518296   0.992694
   38.6969  0.0133961 -0.0220017 0.00599791  -0.104304 -0.0543016   0.988437
   38.6969  0.0133961 -0.0177407 0.00653054  -0.100871 -0.0506852   0.981753
   38.6969  0.0102003 -0.0145449 0.00493265  -0.101008 -0.0481218   0.976855
   38.7925    0.0059392   -0.0145449 -0.000926307  -0.101054 -0.0462449   0.975299
   38.7927 8.0249e-05 -0.0134796   -0.00572 -0.0977584 -0.0440477   0.971499
   38.7927 -0.00684397  -0.0145449  -0.0121116 -0.0933638 -0.0483506   0.968341
   38.7927 -0.0089745 -0.0150775 -0.0201011 -0.0916243 -0.0555833   0.970721
   38.7927 -0.00790923 -0.00975119    -0.02596 -0.0918532 -0.0575975   0.975528
   38.7927 -0.00844187 -0.00122908  -0.0302211 -0.0938216 -0.0548967   0.980838
   38.7927 -0.00950713  0.00569514   -0.031819  -0.100047 -0.0605729    0.98569
   38.7927 -0.0105724  0.0099562 -0.0307537  -0.111079 -0.0738938   0.993152
   38.7927 -0.00577871   0.0136846  -0.0291558  -0.121837 -0.0787919    1.00084
   38.7927 0.00487394  0.0158152  -0.021699  -0.130076 -0.0725663    1.00748
   38.7927  0.0139287  0.0152825 -0.0126442  -0.139918 -0.0639604    1.01343
   38.7927   0.0160592   0.0179457 -0.00465473  -0.144221 -0.0636399     1.0127
   38.7927  0.0219182  0.0190109 0.00493265 -0.144038 -0.069362   1.00377
   38.7927 0.0315056 0.0158152 0.0123895  -0.147746 -0.0676683    1.00052
   38.7927  0.035234 0.0136846 0.0182485 -0.147563 -0.057689   1.00363
   38.7927 0.0357666 0.0126194  0.020379  -0.141795 -0.0556749   0.998462
   38.7927 0.0336361 0.0099562 0.0209116  -0.138591 -0.0596116   0.992785
   38.7927  0.0325708 0.00356461  0.0214442  -0.135707 -0.0619004   0.989398
   38.7928   0.0331034 -0.00602277    0.020379  -0.129161 -0.0577348   0.985782
   38.7928  0.0320382 -0.0140123  0.0187811  -0.120647 -0.0491746   0.980792
   38.8272   0.029375 -0.0188059  0.0155853  -0.110805 -0.0484422   0.971682
   38.8971  0.0224508 -0.0235996 0.00812844  -0.103068 -0.0473436   0.968158
   38.8971  0.0165918 -0.0262628 0.00173685 -0.0974379 -0.0480302   0.966693
   38.8972    0.0139287   -0.0246649 -0.000393674  -0.092311 -0.0526536   0.965823
   38.8972  0.0059392 -0.0251975 -0.0041221 -0.0902511  -0.050731   0.972232
   38.8972 -0.00524607  -0.0241323 -0.00944842 -0.0942794 -0.0495866   0.977862
   38.8972 -0.0100398 -0.0241323 -0.0142421 -0.0971633 -0.0564073   0.977359
   38.8972 -0.0127029 -0.0278607 -0.0179705 -0.0986281 -0.0624955    0.98363
   38.8972 -0.0137682 -0.0278607 -0.0179705 -0.0990859 -0.0649675   0.996035
   38.8972  -0.011105  -0.023067 -0.0142421 -0.0967513 -0.0682634    1.00235
   38.8972  -0.0089745  -0.0166754 -0.00944842  -0.103297 -0.0656083    1.00826
   38.8972 -0.00364818   -0.012947  -0.0041221  -0.116252 -0.0587876    1.01302
   38.8972  0.00380867 -0.00921856  0.00333475  -0.123622 -0.0643724    1.00766
   38.8972 0.00487394 -0.0081533  0.0139874  -0.125453 -0.0683549    1.00258
   38.8972  0.00487394 -0.00921856   0.0214442  -0.124492 -0.0625413    1.00762
   38.8973  0.00806973 -0.00708803   0.0273032   -0.11996 -0.0606187    1.00634
   38.8973   0.009135 0.00090145  0.0310316  -0.116618 -0.0591081    0.99956
   38.8973 0.00806973 0.00143408  0.0336948  -0.118037 -0.0556749   0.998141
   38.8973   0.00966763 -0.000696446     0.036358  -0.119502 -0.0559495    0.99718
   38.8973  0.0112655 0.00090145  0.0336948  -0.115977 -0.0610307   0.991458
   38.8973     0.009135 -0.000163814     0.030499  -0.116389 -0.0580094   0.987704
   38.9964  0.00380867 -0.00282698   0.0267706  -0.117808 -0.0520585   0.988437
   38.9965 0.000612881 -0.00921856    0.020379  -0.115062 -0.0598405   0.981799
   38.9965 8.0249e-05 -0.0156101  0.0123895  -0.115199 -0.0661119   0.973834
   38.9965 -0.00418081  -0.0225344  0.00440002 -0.114741 -0.060344  0.977496
   38.9965 -0.00844187  -0.0294586 -0.00465473  -0.110988 -0.0597032   0.980472
   38.9965  -0.011105  -0.028926 -0.0142421  -0.108012 -0.0662034   0.977725
   38.9965 -0.0132356 -0.0294586 -0.0222316  -0.109294 -0.0664781   0.980334
   38.9965 -0.0143008 -0.0315891 -0.0243621  -0.109157 -0.0661576   0.985049
   38.9965 -0.0127029  -0.028926 -0.0280906  -0.106914 -0.0660661   0.989764
   38.9965 -0.0127029 -0.0278607 -0.0328842  -0.108516 -0.0640061   0.992557
   38.9965  -0.011105 -0.0267954 -0.0280906  -0.108378 -0.0675767   0.992282
   38.9966 -0.00631134   -0.023067  -0.0238295  -0.107326 -0.0727037   0.991549
   38.9966 -0.00364818  -0.0161428  -0.0227642   -0.10847 -0.0675309   0.996768
   38.9966 -0.00151765  -0.0102838  -0.0179705  -0.110118 -0.0616258    1.00336
   38.9966  0.00487394 -0.00389224 -0.00944842  -0.112315 -0.0660203    1.00061
   38.9966  0.00966763  0.00303198 -0.00199157  -0.114329 -0.0623124    0.99338
   38.9966 0.00860236 0.00409724 0.00226949  -0.118358 -0.0547593   0.992419
   38.9966 0.00966763 0.00462988 0.00546528  -0.116618 -0.0585588   0.993564
   38.9966 0.00860236 0.00409724 0.00759581  -0.108836 -0.0565446    0.98981
   38.9966 0.00540657 0.00409724  0.0107916  -0.106685 -0.0493577    0.99013
   39.0966 0.00380867 0.00462988  0.0113242  -0.109065 -0.0515092   0.995761
   39.0966 0.00221078 0.00303198 0.00653054  -0.110026 -0.0554917   0.996768
   39.0966  0.000612881 -0.000163814   0.00546528 -0.109798 -0.052974  0.993655
   39.0966 -0.00151765 -0.00389224  0.00599791  -0.111766 -0.0519212   0.992923
   39.0966  0.00167815 -0.00389224  0.00280212  -0.114329 -0.0508226   0.991824
   39.0966   0.00221078  -0.00868593 -0.000393674  -0.114009 -0.0459703   0.985461
   39.0966 -0.00311554  -0.0145449  -0.0025242  -0.109706 -0.0490831   0.980609
   39.0966 -0.00364818  -0.0177407  -0.0025242   -0.10522 -0.0526536   0.983905
   39.0966 -0.00524607  -0.0193386  -0.0041221   -0.10554 -0.0500444   0.988666
   39.0966 -0.00631134  -0.0204038    -0.00572  -0.109202 -0.0544847   0.988757
   39.0967 -0.00631134  -0.0278607 -0.00625263  -0.113185 -0.0600236   0.988437
   39.0967 -0.00684397   -0.033187 -0.00465473   -0.11584 -0.0575517   0.991137
   39.0967 -0.00471344  -0.0369154 0.000138958 -0.116115 -0.057689  0.991916
   39.0967 -0.00790923  -0.0443723  0.00120422  -0.113917 -0.0576432   0.989535
   39.0967  -0.011105 -0.0454376 0.00226949  -0.113734 -0.0548051   0.987155
   39.0967 -0.00790923  -0.0449049  0.00440002  -0.110438 -0.0593827   0.982303
   39.0967 -0.00631134  -0.0512965  0.00493265  -0.105357 -0.0604814   0.978824
   39.0967 -0.0100398 -0.0544923 0.00706318  -0.10348 -0.051967  0.982669
   39.0967 -0.0127029  -0.049166 0.00866107 -0.0991774 -0.0496324    0.98363
   39.0967 -0.0153661 -0.0438397 0.00972634 -0.0962935 -0.0549882   0.975436
   39.1962  -0.016964  -0.043307 0.00866107   -0.09579 -0.0597489   0.974154
   39.1962 -0.0132356 -0.0385133 0.00866107 -0.0943709 -0.0602983   0.981616
   39.1962 -0.0143008 -0.0337196  0.0113242 -0.0939132 -0.0592454   0.983264
   39.1962 -0.0180292 -0.0310565   0.010259 -0.0981704 -0.0584672   0.984683
   39.1963 -0.0201598 -0.0262628  0.0118569  -0.101878 -0.0610307   0.987842
   39.1963  -0.016964 -0.0225344  0.0139874  -0.10197 -0.069774  0.987018
   39.1963 -0.0116377 -0.0177407  0.0139874  -0.107005 -0.0721543    0.98981
   39.1963 -0.0137682 -0.0113491  0.0155853   -0.10966 -0.0635484   0.997958
   39.1963 -0.0153661 -0.0049575  0.0182485  -0.110484 -0.0610765    0.99718
   39.1963   -0.0105724 -0.000696446    0.0209116  -0.116618 -0.0657914   0.989993
   39.1963   -0.0089745 -0.000163814    0.0230421  -0.119639 -0.0646012   0.992328
   39.1963 -0.0089745 0.00090145  0.0289011  -0.119548 -0.0664323   0.994113
   39.1963 -0.0073766 0.00569514  0.0331622  -0.117946 -0.0707353   0.989581
   39.1963 -0.00790923   0.0104888   0.0331622  -0.119777 -0.0631822    0.98981
   39.1963 -0.00205028    0.013152   0.0336948  -0.120967 -0.0581468   0.987979
   39.1963 -0.000985015    0.0147499    0.0358253  -0.117671 -0.0609849   0.979373
   39.1963 -0.00524607   0.0142173   0.0347601  -0.117351 -0.0554002   0.974658
   39.1963 -0.00790923  0.00889093   0.0326295  -0.114787 -0.0502275   0.973697
   39.1963 -0.0105724  0.0067604  0.0310316  -0.107509 -0.0561784   0.964816
   39.1963  -0.011105 0.00942357  0.0235748  -0.101924 -0.0584672   0.957766
   39.2957 -0.0158987  0.0126194  0.0150527 -0.0984908 -0.0535691   0.961657
   39.2957 -0.0196271  0.0152825  0.0113242 -0.0948745 -0.0565446   0.963443
   39.2957 -0.0254861  0.0147499 0.00599791 -0.0946914 -0.0597032   0.964312
   39.2957 -0.0313451  0.0136846 0.00120422  -0.099269 -0.0594285   0.969348
   39.2957  -0.027084  0.0168804 0.00067159  -0.102428 -0.0612596   0.972278
   39.2958  -0.0228229   0.0184783 -0.00145894 -0.101741 -0.067302  0.970126
   39.2958  -0.0174966   0.0179457 -0.00199157  -0.103389 -0.0697282   0.971682
   39.2958 -0.0153661  0.0190109 0.00280212   -0.10934 -0.0627702   0.980151
   39.2958 -0.0158987   0.023272 0.00546528  -0.113002 -0.0633653   0.985827
   39.2958 -0.0116377  0.0259352 0.00706318  -0.113917 -0.0718339   0.983127
   39.2958 -0.0089745  0.0254025  0.0129221  -0.117717 -0.0733903   0.982852
   39.2958 -0.00471344   0.0248699   0.0177158  -0.121471 -0.0717881   0.990085
   39.2958 -0.00258291   0.0243373   0.0214442  -0.117625 -0.0754045   0.992785
   39.2958 0.000612881   0.0270004   0.0289011  -0.113231 -0.0730241   0.991549
   39.2958 0.00700447   0.029131  0.0336948  -0.115108 -0.0716508   0.989215
   39.2958 0.0123308 0.0280657 0.0352927 -0.116939 -0.076732  0.988162
   39.2958 0.0139287 0.0264678 0.0390211  -0.116847 -0.0743974   0.987521
   39.2958 0.0102003 0.0280657 0.0400864  -0.116664 -0.0677598   0.987063
   39.2958 0.00860236  0.0296636  0.0395537  -0.114055 -0.0657914   0.987613
   39.2958 0.0075371 0.0296636 0.0390211   -0.11085 -0.0662492   0.982852
   39.2958 0.0059392  0.029131 0.0374232  -0.109477 -0.0617631   0.980288
   39.3981 0.00114551  0.0275331  0.0368906  -0.109294 -0.0599321   0.984134
   39.3981 -0.00577871   0.0285983   0.0347601  -0.109157 -0.0633195   0.987109
   39.3981 -0.0073766  0.0323268  0.0310316   -0.10815 -0.0602525   0.987521
   39.3981 -0.0073766  0.0360552  0.0278358  -0.110622 -0.0604356    0.98569
   39.3981 -0.0143008   0.033392  0.0262379  -0.114467 -0.0636399   0.987246
   39.3982 -0.0190945  0.0275331  0.0251727  -0.117992 -0.0640519   0.995715
   39.3982 -0.0137682  0.0307289  0.0230421  -0.123759 -0.0677598    1.00153
   39.3982 -0.0132356  0.0339247  0.0235748  -0.129161 -0.0672105    1.00464
   39.3982 -0.0148335   0.033392  0.0262379  -0.131358 -0.0636399     1.0089
   39.3982 -0.0148335  0.0323268    0.02464  -0.132457 -0.0660203    1.00464
   39.3982 -0.0180292  0.0312615  0.0219769  -0.134105 -0.0700486    1.00157
   39.3982 -0.0180292  0.0280657  0.0235748  -0.136073 -0.0710099    1.00821
   39.3982 -0.0116377  0.0227394  0.0262379   -0.13882 -0.0716508    1.01073
   39.3982 -0.00471344   0.0216741   0.0273032  -0.142299 -0.0740312    1.01242
   39.3982 8.0249e-05  0.0179457  0.0289011 -0.146785 -0.073253   1.01618
   39.3982 0.00434131  0.0126194  0.0315643  -0.144679 -0.0716508    1.01535
   39.3982  0.0075371 0.00889093  0.0310316  -0.138728 -0.0727494    1.00565
   39.3982  0.0075371 0.00356461  0.0283685  -0.131862 -0.0680345   0.993106
   39.3982   0.00700447 -0.000163814    0.0241074  -0.121333 -0.0616258   0.982348
   39.3982  0.00860236 -0.00282698    0.020379  -0.108516 -0.0640061   0.970355
   39.4925  0.00380867 -0.00708803   0.0139874  -0.101237 -0.0659288   0.967563
   39.4925 -0.00151765  -0.0108165  0.00546528 -0.0973006 -0.0613969   0.968936
   39.4925  -0.00577871   -0.0108165 -0.000926307 -0.0908004 -0.0627702   0.963626
   39.4925 -0.0105724 -0.0102838   -0.00572 -0.0928145 -0.0695451   0.960879
   39.4925 -0.0105724  -0.012947 -0.0105137 -0.0983535 -0.0687211   0.966601
   39.4925 -0.0105724 -0.0113491 -0.0179705  -0.101237 -0.0682176   0.971133
   39.4925  -0.0132356 -0.00975119  -0.0211663  -0.107646 -0.0690416   0.975299
   39.4925 -0.0153661  -0.012947 -0.0211663  -0.115977 -0.0647386   0.988208
   39.4925  -0.011105 -0.0113491 -0.0169053  -0.118083 -0.0713761   0.995669
   39.4925 -0.00631134 -0.00868593  -0.0137095  -0.116847 -0.0793412   0.994296
   39.4925 -0.000452383  -0.00762067   -0.0110463  -0.116801 -0.0707353   0.998599
   39.4925  0.00434131 -0.00442487    -0.00572  -0.117671 -0.0669816   0.998691
   39.4925  0.00380867 0.000368818  -0.0041221  -0.114192 -0.0742143   0.986743
   39.4925    0.009135  0.00409724 0.000138958  -0.110484 -0.0763658   0.977221
   39.4925  0.0102003 0.00622777 0.00120422  -0.110713 -0.0734361    0.97539
   39.4925   0.00700447    0.0120867 -0.000926307  -0.106868 -0.0729325   0.972003
   39.4925  0.00647184   0.0168804 -0.00305684  -0.104671 -0.0707811   0.969302
   39.4925   0.00167815    0.0211415 -0.000926307  -0.108836 -0.0674852   0.973422
   39.4926 0.00487394  0.0285983 0.00333475  -0.112865 -0.0743058   0.973193
   39.4932  0.0123308  0.0317941 0.00493265  -0.116664 -0.0794328   0.971957
   39.5981  0.0117982  0.0365878 0.00599791  -0.121425 -0.0707811     0.9807
   39.5981  0.0112655  0.0451099 0.00812844  -0.123118 -0.0644181   0.985599
   39.5981 0.0133961 0.0499036 0.0129221 -0.124858 -0.068126  0.978778
   39.5981  0.014994 0.0515015 0.0150527    -0.1309 -0.0694993   0.977588
   39.5981 0.0181897 0.0546973 0.0166506  -0.133372 -0.0656083   0.979556
   39.5981 0.0187224  0.053632 0.0171832  -0.129573 -0.0621751   0.972598
   39.5981 0.0165918  0.049371   0.01452  -0.127971 -0.0557206   0.968066
   39.5981 0.0144613 0.0467078 0.0118569  -0.127055 -0.0517381   0.966006
   39.5981  0.0133961  0.0419141 0.00759581 -0.118495 -0.057277  0.956439
   39.5981  0.0144613  0.0365878 0.00120422  -0.109935 -0.0572312   0.950122
   39.5981   0.0123308   0.0323268 -0.00785053  -0.105632 -0.0537065   0.956622
   39.5981 0.00487394  0.0339247   -0.01584 -0.0997725 -0.0586045    0.96152
   39.5981 -0.000452383    0.0381857   -0.0238295 -0.0978042 -0.0605729   0.960925
   39.5981 -0.00524607   0.0387183  -0.0312863  -0.104167 -0.0617173   0.965777
   39.5981 -0.00790923   0.0397836  -0.0366127  -0.109523 -0.0670732   0.973056
   39.5981 -0.00524607   0.0408489  -0.0376779  -0.110713 -0.0678971   0.978183
   39.5981 -0.00364818   0.0445773   -0.031819  -0.114146 -0.0623124   0.985873
   39.5981 -0.00311554   0.0509689  -0.0286232   -0.11909 -0.0615342   0.993518
   39.5981 -0.00151765   0.0552299  -0.0222316  -0.123668 -0.0672563   0.995349
   39.5981  0.00434131   0.0578931 -0.00944842  -0.125911 -0.0640061   0.994342
   39.6965   0.00860236    0.0584257 -0.000926307   -0.12408 -0.0610765   0.998324
   39.6965 0.00966763  0.0637521 0.00706318  -0.121562 -0.0637315    1.00331
   39.6965 0.0117982 0.0701436 0.0166506  -0.121974 -0.0641435    1.00107
   39.6965  0.014994 0.0712089 0.0230421  -0.123897 -0.0655625   0.996127
   39.6965  0.014994 0.0717415 0.0273032  -0.125224 -0.0640977   0.997088
   39.6965 0.0144613 0.0712089 0.0299664  -0.127238 -0.0613053    1.00313
   39.6965 0.0117982 0.0685457 0.0315643  -0.128062 -0.0629075    1.00537
   39.6965 0.00966763  0.0680131  0.0315643  -0.128703 -0.0668443    1.00881
   39.6965 0.0128634 0.0685457 0.0273032  -0.13264 -0.071193   1.01522
   39.6965 0.0144613 0.0674805 0.0235748  -0.136577 -0.0719255    1.01824
   39.6965 0.0139287 0.0648173 0.0262379  -0.141017 -0.0702775    1.01892
   39.6965 0.0102003  0.059491 0.0257053  -0.143581 -0.0657914    1.01819
   39.6965 0.00700447  0.0562952  0.0225095  -0.141521 -0.0631822    1.01055
   39.6965 0.0112655 0.0515015 0.0230421   -0.14532 -0.0661576    1.00002
   39.6966 0.0155266 0.0413815 0.0198463  -0.150676 -0.0676683   0.996356
   39.6966 0.0155266 0.0360552 0.0161179  -0.150722 -0.0640519    1.00043
   39.6966 0.0112655  0.029131 0.0150527  -0.148433 -0.0555375    1.00331
   39.6966 0.00966763  0.0184783 0.00919371  -0.146098 -0.0506395    1.00212
   39.6966  0.0123308  0.0147499 0.00440002  -0.146922 -0.0526078    1.00057
   39.6966  0.00860236   0.0104888 0.000138958  -0.147426 -0.0598863     1.0013
   39.6966   0.00487394 -0.000163814     -0.00572  -0.137172 -0.0600694    1.00615
   39.6966 0.00487394 -0.0102838 -0.0126442  -0.121608 -0.0538896    1.00743
   39.6966 8.02493e-05  -0.0150775  -0.0190358  -0.119456 -0.0546678    1.01004
   39.7948 -0.0073766 -0.0161428 -0.0227642  -0.123073 -0.0504106    1.01371
   39.7948 -0.00844187  -0.0177407  -0.0264927  -0.122752 -0.0489915    1.00711
   39.7948 -0.00524607  -0.0182733  -0.0275579  -0.124721 -0.0501359   0.999789
   39.7948 -0.00631134  -0.0225344  -0.0280906 -0.127879 -0.041118   1.00162
   39.7948 -0.00950713  -0.0321217  -0.0291558  -0.124766 -0.0403398   0.998553
   39.7948 -0.0132356 -0.0358502 -0.0264927  -0.116893 -0.0479386   0.988711
   39.7948 -0.0153661 -0.0401112   -0.02596  -0.113048 -0.0478013   0.987887
   39.7948 -0.0164314 -0.0459702 -0.0248948  -0.110393 -0.0472978   0.991549
   39.7948 -0.0164314 -0.0465028 -0.0195684  -0.104442 -0.0511888   0.987979
   39.7948 -0.0164314 -0.0422418 -0.0174379  -0.102794 -0.0491746   0.986148
   39.7948 -0.0201598  -0.039046 -0.0163726 -0.104625 -0.049495  0.988254
   39.7948 -0.0217577 -0.0385133 -0.0147747  -0.105357 -0.0605729   0.980151
   39.7948 -0.0174966 -0.0374481 -0.0126442  -0.105952 -0.0646928   0.974338
   39.7949 -0.0148335 -0.0379807  -0.011579  -0.105998 -0.0578263   0.984363
   39.7949  -0.0180292  -0.0374481 -0.00891579 -0.104762 -0.063823  0.989627
   39.7949 -0.0164313  -0.028926   -0.00572  -0.110438 -0.0755418   0.985278
   39.7949  -0.0089745  -0.0198712 -0.00199157  -0.119502 -0.0738023   0.986972
   39.7949 -0.00311554  -0.0156101  0.00546528   -0.12321 -0.0728868   0.995761
   39.7949  0.00114551 -0.00868593   0.0123895  -0.127284 -0.0743516   0.998279
   39.7949  0.00647184 -0.00176171    0.020379  -0.133876 -0.0728868   0.994571
   39.8969   0.0117982 -0.00122908   0.0278358  -0.136577 -0.0777391   0.991549
   39.8969   0.0144613 -0.00122908   0.0310316  -0.130855 -0.0817674   0.984317
   39.8969  0.0171245 0.00303198  0.0347601  -0.128749 -0.0751756   0.983035
   39.8969  0.0208529 0.00356461  0.0368906  -0.127376 -0.0682634    0.98569
   39.8969  0.0219182 0.00516251  0.0320969  -0.120143 -0.0700029   0.977771
   39.8969 0.0208529 0.0083583 0.0283685  -0.119548 -0.0732988    0.97269
   39.8969 0.0187224 0.0083583  0.020379   -0.12321 -0.0735276   0.977496
   39.8969  0.0208529 0.00729304 0.00972634  -0.122706 -0.0800279   0.978503
   39.8969  0.0208529 0.00409724 0.00493265  -0.122295 -0.0821336   0.978137
   39.8969    0.0208529   0.00356461 -0.000926307  -0.127193 -0.0694993   0.982989
   39.8969   0.0213855  0.00516251 -0.00465473   -0.12939 -0.0655168   0.981982
   39.8969   0.0181897  0.00409724 -0.00891579   -0.12353 -0.0740312   0.973193
   39.8969  0.0224508 0.00143408 -0.0147747  -0.116984 -0.0745805   0.969439
   39.8969   0.0261792 -0.00282698  -0.0174379  -0.114238 -0.0717881   0.974154
   39.8969   0.0229834 -0.00335961  -0.0190358  -0.113002 -0.0732072   0.978412
   39.8969   0.0224508 -0.00282698  -0.0206337 -0.110484 -0.069362  0.977908
   39.8969   0.0277771 -0.00389224  -0.0227642  -0.107555 -0.0699113   0.978229
   39.8969   0.0320382 -0.00335961  -0.0243621  -0.108653 -0.0744432   0.981799
   39.8969   0.0336361 -0.00282698  -0.0275579   -0.11021 -0.0688127   0.984088
   39.8969   0.0309729 -0.00282698  -0.0312863  -0.111491 -0.0685838   0.986972
   40.0344   0.0267119 -0.00549014  -0.0323516  -0.115428 -0.0764115   0.989947
   40.0344   0.0261792 -0.00549014  -0.0323516  -0.117396 -0.0758622   0.993564
   40.0344   0.0283098 -0.00229434   -0.031819  -0.121699 -0.0728868    1.00139
   40.0344  0.0320382 0.00143408 -0.0302211  -0.128291 -0.0711015    1.01018
   40.0344  0.0378971 0.00249935 -0.0280906   -0.13351 -0.0645555    1.01261
   40.0344  0.0442887 0.00249935 -0.0227642  -0.136256 -0.0624498    1.00753
   40.0344   0.045354 0.00356461 -0.0163726  -0.136165 -0.0652879    1.00414
   40.0344    0.0458866 -0.000163814   -0.0153074  -0.134242 -0.0605729     1.0018
   40.0344   0.0474845 -0.00335961  -0.0105137    -0.1282 -0.0487626   0.998919
   40.0344   0.0442887 -0.00176171 -0.00518736  -0.122203 -0.0435899   0.993197
   40.0344   0.0384298 0.000368818    -0.00572  -0.116481 -0.0473893   0.983493
   40.0344   0.0325708 -0.00229434 -0.00944842   -0.10879 -0.0509141   0.977176
   40.0344   0.0288424 -0.00335961  -0.0137095  -0.103618 -0.0513719   0.976214
   40.0345   0.0288424 -0.00176171  -0.0179705  -0.101787 -0.0455125   0.980197
   40.0345  0.0229834 0.00249935  -0.021699  -0.102977 -0.0369523   0.981341
   40.0345  0.0123308 0.00782567 -0.0270253  -0.104533 -0.0406602   0.973147
   40.0345 0.00434131 0.00622777 -0.0339495  -0.112086 -0.0506852   0.972232
   40.0345 8.02491e-05  0.00143408  -0.0350148  -0.123668 -0.0543016   0.982806
   40.0345 -0.00205028  0.00090145  -0.0355474  -0.126048 -0.0559495   0.989856
   40.0345 -0.00151765  0.00622777  -0.0339495 -0.127925 -0.055446  0.993152
   40.1617 8.02491e-05  0.00889093  -0.0286232  -0.139049 -0.0497239   0.998919
   40.1617 -0.00258291  0.00569514  -0.0232969  -0.150081 -0.0512803   0.997867
   40.1618 -0.00364818 0.000368818  -0.0179705  -0.152049 -0.0586503   0.992099
   40.1618 0.000612881 -0.00602277  -0.0137095 -0.150584 -0.054622  0.994708
   40.1618  0.00647184  -0.0140123 -0.00678526  -0.146098 -0.0530656   0.997134
   40.1618  0.0075371 -0.0225344 -0.0041221    -0.1347 -0.0577806   0.991778
   40.1618  0.00540657  -0.0241323 -0.00625263  -0.125453 -0.0578721   0.987704
   40.1618  0.00647184  -0.0220017 -0.00465473  -0.118358 -0.0565904    0.98601
   40.1618  0.00700447  -0.0225344 -0.00465473  -0.110438 -0.0573228   0.974246
   40.1618   0.0075371  -0.0257302 -0.00891579  -0.105083 -0.0573228   0.962436
   40.1618 0.00647184 -0.0305239 -0.0137095  -0.099269 -0.0531114   0.962573
   40.1618 0.00221078 -0.0326544 -0.0179705 -0.0911208 -0.0556291   0.962161
   40.1618 -0.00258291  -0.0310565  -0.0222316 -0.0907546 -0.0616258    0.96033
   40.1618 -0.00258291  -0.0251975  -0.0243621 -0.0978042 -0.0559037   0.967105
   40.1618 -0.000985015   -0.0193386   -0.0243621  -0.102794 -0.0532945   0.974154
   40.1618 -0.00471344  -0.0150775   -0.021699 -0.108699 -0.062404  0.976031
   40.1618 -0.00684397  -0.0113491  -0.0174379   -0.11758 -0.0654252   0.981524
   40.1618 -0.00471344 -0.00975119  -0.0121116  -0.123347 -0.0605271    0.99068
   40.1619  0.00114551 -0.00708803    -0.00572  -0.124812 -0.0598405   0.993426
   40.1619  0.00114551 -0.00389224  -0.0025242  -0.128703 -0.0595201   0.995807
   40.2811  -0.00258291 -0.000696446   0.00173685  -0.132457 -0.0614427     1.0002
   40.2811 -0.00258291  0.00196671  0.00546528  -0.130626 -0.0702317   0.998462
   40.2811 -0.000985015   0.00303198   0.00706318  -0.128154 -0.0749925   0.996539
   40.2811 0.00806973 0.00782567 0.00972634  -0.132182 -0.0675309   0.999103
   40.2811 0.0155266 0.0115541 0.0107916  -0.136943 -0.0537522    1.00299
   40.2811 0.0133961 0.0115541 0.0134548  -0.137675 -0.0474351    1.00432
   40.2811  0.009135 0.0126194 0.0193137  -0.134654 -0.0530656   0.996951
   40.2811 0.00700447  0.0136846  0.0225095 -0.128795 -0.058925  0.982257
   40.2812 0.00700447  0.0126194  0.0209116  -0.125957 -0.0591539   0.974933
   40.2812 0.0102003 0.0126194 0.0193137  -0.124126 -0.0566362   0.976993
   40.2812 0.0133961 0.0126194 0.0177158  -0.116939 -0.0562242   0.980151
   40.2812 0.0075371 0.0115541 0.0134548  -0.109706 -0.0563157   0.976306
   40.2812 8.0249e-05  0.0152825  0.0107916  -0.109569 -0.0530656    0.97214
    40.282 -0.00418081   0.0211415  0.00706318  -0.110622 -0.0590623   0.972735
    40.282 -0.00631134   0.0227394  0.00386738  -0.114925 -0.0661119   0.974933
    40.282 -0.00364818   0.0238046  0.00067159  -0.121837 -0.0624498   0.983767
    40.282 -0.00524607   0.0248699 -0.00465473  -0.127284 -0.0608476   0.995074
    40.282 -0.00631134    0.023272 -0.00625263  -0.135432 -0.0665238   0.999057
    40.282 -0.00205028   0.0227394 -0.00465473  -0.140697 -0.0698655    0.99837
    40.282  0.000612881    0.0200762 -0.000926307  -0.140376 -0.0682634   0.999789
    40.282 0.00540657  0.0152825 0.00120422  -0.138454 -0.0664781   0.999789
   40.2821  0.0059392  0.0126194 0.00173685   -0.13383 -0.0626786   0.996585
   40.2821 0.00274341 0.00782567 0.00226949  -0.123622 -0.0593827   0.991824
   40.3685   0.00167815  -0.00122908 -0.000393674  -0.112269 -0.0626329   0.986377
   40.3685  0.00167815 -0.00868593 -0.00358947   -0.10348 -0.0655625   0.984042
   40.3685  0.00327604  -0.0102838 -0.00944842 -0.0976668 -0.0607103   0.985187
   40.3686  0.00327604 -0.00975119  -0.0169053 -0.0924025 -0.0573686   0.981936
   40.3686 -0.00151765  -0.0081533  -0.0206337 -0.0891066 -0.0600694   0.975711
   40.3686 -0.00258291 -0.00549014  -0.0243621 -0.0911666 -0.0593827    0.97507
   40.3686 -0.000985015  -0.00389224   -0.0275579   -0.09579 -0.0594743   0.975345
   40.3686  -0.0073766 -0.00389224  -0.0312863 -0.0990859 -0.0617173   0.978869
   40.3686  -0.0127029 -0.00335961  -0.0323516  -0.100459 -0.0601609   0.986331
   40.3686 -0.0132356 0.00143408 -0.0280906  -0.106135 -0.0655625   0.990222
   40.3686 -0.0100398  0.0083583 -0.0248948  -0.116847 -0.0738481   0.997683
   40.3686 -0.00524607   0.0115541  -0.0195684  -0.126231 -0.0712846    1.00615
   40.3686  8.0249e-05   0.0142173 -0.00998105 -0.133876 -0.065471   1.01151
   40.3686  0.00380867   0.0190109 -0.00305684  -0.142161 -0.0657457    1.01421
   40.3686 0.00860236  0.0163478 0.00280212  -0.145778 -0.0678514    1.01251
   40.3686  0.0165918  0.0104888 0.00812844  -0.145915 -0.0670274    1.00739
   40.3686  0.0224508 0.00889093  0.0129221  -0.143535 -0.0629991    1.00482
   40.3686  0.0229834 0.00462988  0.0187811   -0.13795 -0.0559953    1.00428
   40.3686  0.0213855 0.00303198   0.020379  -0.133006 -0.0553086    0.99544
   40.3686  0.0235161 0.00569514  0.0198463  -0.127009 -0.0591996   0.984088
   40.4507  0.0245813 0.00196671  0.0150527  -0.123347 -0.0576432   0.979785
   40.4508    0.025114 -0.00389224  0.00599791  -0.118175 -0.0541642   0.977542
   40.4508   0.0235161 -0.00708803  0.00067159  -0.109798 -0.0527909   0.972873
   40.4508   0.0165918 -0.00975119 -0.00785053  -0.109706 -0.0518296   0.973376
   40.4508 0.00806973 -0.0108165 -0.0185032  -0.111949 -0.0544847   0.978091
   40.4508 0.00274341 -0.0124144 -0.0275579 -0.113322 -0.063823  0.982028
   40.4508   0.009135 -0.0140123  -0.031819  -0.118999 -0.0661119   0.989764
   40.4508   0.014994 -0.0156101 -0.0323516  -0.123714 -0.0570024    0.99924
   40.4508   0.014994 -0.0145449 -0.0328842  -0.125636 -0.0571855   0.997271
   40.4508  0.0171245 -0.0134796 -0.0286232  -0.125819 -0.0610765   0.991229
   40.4508  0.0139287 -0.0161428 -0.0254274 -0.125545 -0.055446  0.993289
   40.4508  0.0123308 -0.0182733  -0.021699  -0.122066 -0.0539811   0.991183
   40.4508   0.014994 -0.0177407 -0.0179705  -0.11584 -0.055034   0.98212
   40.4508  0.0139287 -0.0177407 -0.0169053  -0.112773 -0.0502732   0.979693
   40.4508  0.0102003 -0.0193386   -0.01584   -0.10554 -0.0527452   0.984088
   40.4508 0.00966763 -0.0182733 -0.0153074 -0.0962478 -0.0600694   0.984317
   40.4509  0.0128634  -0.012947 -0.0142421 -0.0968886 -0.0555833   0.987704
   40.4509  0.0133961 -0.0065554 -0.0110463  -0.102748 -0.0472062   0.992923
   40.4509   0.0102003 -0.00229434 -0.00891579  -0.102611 -0.0483964   0.987704
   40.4509 0.00434131 0.00249935 -0.0041221  -0.104304 -0.0514176   0.985095
    40.512   0.00274341   0.00356461 -0.000926307  -0.113734 -0.0513719   0.992694
   40.5121  0.0075371 0.00516251 0.00067159  -0.117946 -0.0539353   0.997867
   40.5121 0.00860236  0.0115541 0.00972634  -0.121104 -0.0532945    1.00139
   40.5122 0.00806973  0.0163478  0.0177158  -0.129069 -0.0495866    1.00638
   40.5122 0.00700447  0.0190109  0.0251727   -0.13296 -0.0532945    1.00496
   40.5122 0.00700447  0.0195436  0.0294337  -0.131496 -0.0576432   0.999606
   40.5122  0.009135 0.0163478 0.0315643  -0.132365 -0.0491746   0.998782
   40.5122 0.00540657   0.013152  0.0347601  -0.128337 -0.0449632   0.996768
   40.5122 -0.000985015    0.0099562    0.0352927 -0.118861 -0.051967  0.991275
   40.5122 -0.00418081   0.0083583   0.0342274  -0.114925 -0.0486253   0.986377
   40.5122 -0.00684397   0.0083583    0.030499   -0.11259 -0.0461991   0.985599
   40.5122 -0.011105 0.0083583 0.0235748  -0.106731 -0.0540269   0.986377
   40.5122 -0.0196271 0.00782567  0.0182485  -0.105174 -0.0524247   0.980792
   40.5122 -0.0292145 0.00942357  0.0155853 -0.108699 -0.051143  0.977633
   40.5122 -0.0308124 0.00942357  0.0113242  -0.110255 -0.0584214   0.980243
   40.5123  -0.027084 0.00782567 0.00386738  -0.112681 -0.0580094    0.98276
   40.5269 -0.0297472 0.00782567 0.00120422   -0.11822 -0.0526078    0.98601
   40.5269   -0.0361387   0.00622777 -0.000393674   -0.12234 -0.0554917   0.987842
    40.527  -0.0366714  0.00356461 -0.00145894   -0.12527 -0.0640519   0.986148
    40.527  -0.0356061 -0.00122908  0.00120422  -0.127925 -0.0695451   0.988208
   40.5976  -0.0286819 -0.00442487  0.00067159  -0.128062 -0.0691331   0.993243
   40.5976   -0.021225 -0.00762067  0.00173685  -0.127193 -0.0629533   0.995807
   40.5977   -0.016964 -0.00975119  0.00546528  -0.122798 -0.0590623   0.994891
   40.5977 -0.0137682 -0.0108165 0.00812844  -0.119273 -0.0667985   0.989489
   40.5977 -0.0137682  -0.012947 0.00333475  -0.118541 -0.0738938    0.98537
   40.5977 -0.00950713  -0.0124144  0.00333475  -0.115337 -0.0678514    0.98981
   40.5977 -0.00205028 -0.00921856  0.00866107  -0.112361 -0.0601152   0.995257
   40.5977 0.00327604 -0.0081533  0.0123895  -0.113002 -0.0579179    0.99274
   40.5979 0.00327604 -0.0049575  0.0155853  -0.110301 -0.0575059   0.982531
   40.5979   0.00487394 -0.000696446    0.0129221  -0.100047 -0.0597032   0.974704
   40.5979   0.00860236 -0.000163814    0.0118569 -0.0932723 -0.0606645     0.9742
   40.5979  0.0075371 0.00356461  0.0118569 -0.0916701 -0.0560868    0.97539
   40.5979 0.00434131  0.0099562  0.0107916 -0.0897933 -0.0541642   0.971499
   40.5979 -0.000452383    0.0168804    0.0113242 -0.0912581 -0.0591539   0.966968
   40.5979 -0.00364818   0.0211415   0.0118569 -0.0960189 -0.0637315   0.969577
   40.5979 -0.000985015    0.0227394   0.00866107 -0.0985823 -0.0645555   0.971911
   40.5979 0.00274341  0.0270004 0.00759581  -0.100093 -0.0621293   0.969623
   40.5979 0.00380867  0.0296636 0.00972634  -0.101558 -0.0569108   0.969119
   40.5979 0.00167815  0.0317941 0.00866107  -0.101512 -0.0541185   0.970904
   40.5979 -0.00151765   0.0328594  0.00599791  -0.106731 -0.0549882   0.974658
   40.5979 -0.00418081   0.0339247  0.00972634  -0.113368 -0.0585588   0.975116
   40.6981 -0.00471344   0.0376531   0.0139874  -0.118129 -0.0625871   0.972415
   40.6981 -0.000452383    0.0403162    0.0166506  -0.125636 -0.0577806   0.978686
   40.6981 0.00114551  0.0440447  0.0241074 -0.127238 -0.046016  0.984775
   40.6982 -0.000985015    0.0472405    0.0320969  -0.12202 -0.044185  0.977084
   40.6982 8.0249e-05  0.0488384  0.0374232  -0.118816 -0.0496781   0.967837
   40.6982 -0.000452383    0.0483057    0.0395537  -0.115153 -0.0461991   0.968661
   40.6982 -0.00258291   0.0488384   0.0422169  -0.108607 -0.0440477   0.967975
   40.6982 -0.00631134    0.049371   0.0400864  -0.104854 -0.0490831   0.966006
   40.6982 -0.0121703  0.0477731  0.0374232  -0.108195 -0.0504563   0.970675
   40.6982 -0.016964 0.0515015 0.0411516  -0.113689 -0.0559495   0.973559
   40.6982 -0.0180292  0.0584257  0.0438148  -0.117076 -0.0613511   0.975528
   40.6982 -0.0153661   0.059491  0.0448801  -0.123347 -0.0546678   0.988299
   40.6982 -0.0137682  0.0562952  0.0459453   -0.13026 -0.0501817    1.00002
   40.6982 -0.00950713   0.0541647   0.0454127  -0.134975 -0.0557206   0.999881
   40.6982 -0.00577871    0.049371   0.0523369 -0.142848 -0.059337   1.00409
   40.6982 -0.00471344   0.0451099    0.060859  -0.149531 -0.0591081    1.01462
   40.6982 -0.00258291   0.0456426   0.0651201  -0.147014 -0.0603898    1.01476
   40.6982 -0.00205028    0.043512    0.070979  -0.146052 -0.0564073    1.00945
   40.6982 -0.00258291   0.0387183   0.0752401  -0.150905 -0.0563615    1.01041
   40.6982 0.000612881   0.0355225   0.0784359 -0.150264 -0.065471   1.00908
   40.7976 0.00380867  0.0328594  0.0805664  -0.143809 -0.0640519    1.00405
   40.7977 0.00221078  0.0301962  0.0773706  -0.140102 -0.0530656     1.0062
   40.7977 -0.00311554   0.0264678   0.0741748  -0.136577 -0.0516923    1.00226
   40.7977 -0.00790923   0.0190109   0.0720443  -0.129665 -0.0562699   0.987796
   40.7977 -0.0121703  0.0120867  0.0645875  -0.128154 -0.0563615   0.984454
   40.7977 -0.0148335  0.0104888  0.0571306  -0.12234 -0.060344  0.987384
   40.7977 -0.0206924 0.00782567  0.0486085  -0.113505 -0.0647843   0.986102
   40.7977 -0.0286819 0.00729304  0.0384885  -0.117213 -0.0625871   0.991549
   40.7977 -0.0313451  0.0067604  0.0336948  -0.126048 -0.0660203   0.998507
   40.7977 -0.0292145 0.00409724  0.0278358  -0.134883 -0.0782884    1.00029
   40.7977 -0.0244208 0.00356461  0.0251727  -0.143077 -0.0812638    1.00739
   40.7977   -0.0217577 -0.000163814    0.0262379  -0.149165 -0.0747178    1.01696
   40.7977  -0.0180292 -0.00762067   0.0283685  -0.152553 -0.0734361    1.01462
   40.7977 -0.0137682 -0.0166754  0.0294337  -0.149669 -0.0730241    1.00409
   40.7977 -0.0100398 -0.0246649  0.0289011  -0.142848 -0.0713761   0.995852
   40.7977 -0.00631134  -0.0305238   0.0289011  -0.131633 -0.0728868   0.989444
   40.7977 -0.00364818  -0.0342523   0.0251727  -0.116618 -0.0725206   0.982394
   40.7978 -0.00311554  -0.0353175   0.0209116   -0.10554 -0.0700029   0.974795
   40.7978 -0.00418081  -0.0353175   0.0139874 -0.0966597 -0.0739396    0.96889
   40.7978 -0.00631134  -0.0347849  0.00972634 -0.0910292 -0.0796159   0.967288
   40.8974 -0.00844187  -0.0315891  0.00493265 -0.0923568 -0.0783342   0.971179
   40.8975  -0.00631134   -0.0267954 -0.000393674 -0.0987197 -0.0763658   0.978137
   40.8975 -0.00524607  -0.0198712  0.00067159  -0.106868 -0.0759538   0.984408
   40.8975 -0.00364818  -0.0166754  0.00546528  -0.113414 -0.0716508   0.989078
   40.8975 0.00167815  -0.012947  0.0123895 -0.120051 -0.072017  0.991824
   40.8975  0.00487394 -0.00921856   0.0182485 -0.125407 -0.077144  0.996447
   40.8975 0.00806973 -0.0081533  0.0235748  -0.129207 -0.0734819    1.00112
   40.8975   0.0107329 -0.00229434   0.0283685  -0.132869 -0.0666612    1.00048
   40.8975  0.0139287 0.00249935  0.0326295 -0.134288 -0.068126   1.00203
   40.8975  0.0208529 0.00356461  0.0358253  -0.133144 -0.0699571    1.00254
   40.8975  0.0240487 0.00462988  0.0336948  -0.128383 -0.0650132   0.997867
   40.8975  0.019255 0.0099562 0.0331622  -0.122752 -0.0642808   0.993472
   40.8975  0.014994  0.013152 0.0331622  -0.122386 -0.0624498   0.990313
   40.8975 0.0165918  0.013152 0.0278358  -0.125545 -0.0591081   0.983172
   40.8975 0.0160592 0.0104888 0.0230421  -0.126231 -0.0636399   0.980609
   40.8975 0.00966763 0.00942357  0.0193137 -0.126277 -0.066295  0.990817
   40.8976 0.0112655 0.0115541 0.0155853  -0.130488 -0.0678971   0.994021
   40.8976 0.0208529 0.0136846   0.01452   -0.13589 -0.0684922   0.990909
   40.8976 0.0245813 0.0136846 0.0150527  -0.139918 -0.0586961   0.992602
   40.8976  0.019255 0.0104888   0.01452  -0.142665 -0.0485337   0.991687
   40.9944  0.0139287 0.00889093  0.0123895  -0.141475 -0.0515092   0.983264
   40.9945  0.0112655 0.00516251  0.0129221  -0.137584 -0.0553544   0.975619
   40.9945   0.0075371 -0.00282698   0.0139874  -0.134746 -0.0539353   0.979739
   40.9945 0.00434131 -0.0118817 0.00706318  -0.129069 -0.0579637   0.982623
   40.9945 8.0249e-05 -0.0145449 0.00067159  -0.122752 -0.0625413   0.982257
   40.9945 -0.00258291  -0.0108165 -0.00305684  -0.120006 -0.0613511   0.985644
   40.9945 -0.00151765  -0.0102838 -0.00998105  -0.118816 -0.0635942   0.983081
   40.9945 0.000612881  -0.0166754  -0.0201011  -0.119777 -0.0690416   0.979281
   40.9945 -0.00311554  -0.0193386  -0.0254274  -0.123622 -0.0683549   0.982623
   40.9946 -0.00844187  -0.0188059  -0.0232969  -0.124675 -0.0688127   0.987018
   40.9946 -0.00577871  -0.0193386  -0.0238295  -0.125911 -0.0733903   0.988208
   40.9946 -0.000452383   -0.0177407   -0.0243621   -0.13882 -0.0739854   0.992557
   40.9946 0.00380867 -0.0204038 -0.0174379  -0.150951 -0.0739396   0.997455
   40.9946  0.00966763  -0.0214691 -0.00838316  -0.153239 -0.0777391   0.996997
   40.9946    0.0187224   -0.0235996 -0.000393674  -0.157313 -0.0776475   0.998004
   40.9946  0.0219182 -0.0278607 0.00546528  -0.158046 -0.0675767    1.00125
   40.9946  0.0208529 -0.0273281  0.0113242  -0.148936 -0.0620378    0.99544
   40.9946  0.019255 -0.033187 0.0134548  -0.139232 -0.0659745   0.982806
   40.9946  0.0171245 -0.0401112  0.0113242  -0.131312 -0.0683549   0.977817
   40.9946  0.0181897 -0.0411765 0.00812844  -0.121471 -0.0706895   0.976031
   41.0979   0.014994 -0.0401112 0.00493265  -0.111903 -0.0689042   0.971408
   41.0979  0.00700447  -0.0385133 -0.00145894  -0.109843 -0.0612138   0.972918
   41.0979 0.00327604 -0.0385133 -0.0142421    -0.1114 -0.0656541   0.971408
   41.0979 0.00380867 -0.0385133 -0.0201011  -0.110805 -0.0765947   0.965457
   41.0979 0.00167815  -0.039046 -0.0206337  -0.110301 -0.0789292   0.964587
    41.098 -0.00151765  -0.0395786  -0.0243621 -0.114238 -0.068538  0.969211
    41.098 -0.00258291  -0.0395786  -0.0275579  -0.118678 -0.0591996   0.977725
    41.098 -0.00844187   -0.039046  -0.0307537  -0.119182 -0.0602525   0.981616
    41.098 -0.0164314 -0.0342523 -0.0328842 -0.121196 -0.063228   0.97832
    41.098 -0.0190945 -0.0305239 -0.0312863   -0.12408 -0.0655625   0.977817
    41.098 -0.0196271 -0.0283933 -0.0286232  -0.127467 -0.0667985   0.987246
   41.0983 -0.0174966 -0.0198712 -0.0232969  -0.129344 -0.0713761    0.99219
   41.0983 -0.0148335 -0.0102838 -0.0195684  -0.130076 -0.0686296   0.992145
   41.0983  -0.0137682 -0.00176171  -0.0153074  -0.132365 -0.0635026   0.997912
   41.0983  -0.011105 0.00569514 -0.0121116  -0.133739 -0.0702317   0.997592
   41.0983 -0.00950713   0.0104888 -0.00731789 -0.133784 -0.075908  0.989215
   41.0983 -0.00684397   0.0163478 -0.00465473  -0.134608 -0.0714219   0.987246
   41.0983 -0.00631134   0.0200762    -0.00572  -0.134563 -0.0693162   0.990085
   41.0983 -0.0073766  0.0195436 -0.0041221  -0.134013 -0.0722459   0.985507
   41.0983 -0.00684397   0.0200762 -0.00731789  -0.135112 -0.0723832   0.980014
   41.0983 -0.00844187   0.0190109  -0.0105137  -0.13502 -0.074077  0.978686
   41.1309 -0.00790923   0.0184783  -0.0147747  -0.134425 -0.0770066   0.978366
   41.1975 -0.00684397   0.0190109  -0.0238295  -0.135387 -0.0705979   0.979968
   41.1975 -0.00524607   0.0142173  -0.0307537  -0.139781 -0.0677598   0.977862
   41.1975 -0.00364818   0.0067604  -0.0344821  -0.140651 -0.0731614   0.975665
   41.1975  -0.00684397 -0.000163814   -0.0408737  -0.137904 -0.0738023   0.979648
   41.1976 -0.00577871 -0.00442487  -0.0493958  -0.140193 -0.0754502    0.98862
   41.1976 0.000612881 -0.00762067  -0.0557874 -0.14651 -0.07632 0.991137
   41.1976 0.00380867 -0.0124144 -0.0584506 -0.152324 -0.074077  0.987338
   41.1976  0.0075371 -0.0198712  -0.057918   -0.15063 -0.0723832   0.984912
   41.1976 0.00860236 -0.0299912 -0.0584506  -0.143809 -0.0717424   0.984546
   41.1976 0.00806973 -0.0385133 -0.0616464  -0.135753 -0.0696824   0.984866
   41.1976 0.00806973 -0.0438397 -0.0616464  -0.125133 -0.0625871   0.977954
   41.1976 0.00540657 -0.0512965  -0.062179   -0.11378 -0.0625413   0.969348
   41.1976 0.00434131 -0.0550249 -0.0675053  -0.105678 -0.0660661   0.967929
   41.1976 0.00434131 -0.0544923 -0.0712338 -0.0965224 -0.0646928   0.970859
   41.1976 0.00434131 -0.0566228 -0.0749622 -0.0868636 -0.0648759   0.974841
   41.1976 0.00274341 -0.0544923 -0.0760275 -0.0876876 -0.0651963   0.979373
   41.1976 0.00327604 -0.0486333 -0.0760275 -0.0925399 -0.0630906   0.981662
   41.1976 0.00647184 -0.0481007 -0.0765601 -0.0978499 -0.0627244   0.981662
   41.1977 0.00700447 -0.0481007 -0.0744296  -0.104442 -0.0617173   0.987338
   41.1977  0.0059392 -0.0411765 -0.0669727  -0.109157 -0.0530198   0.997455
   41.2975 0.00380867 -0.0342523 -0.0589832  -0.114238 -0.0521501   0.999194
   41.2975 0.00434131 -0.0299912 -0.0525916  -0.118678 -0.0605729   0.997363
   41.2975 0.00806973 -0.0257302 -0.0472653  -0.121059 -0.0581926    1.00103
   41.2976   0.009135 -0.0188059  -0.041939  -0.120555 -0.0548509     1.0045
   41.2976  0.0128634 -0.0108165 -0.0334169   -0.12527 -0.0576432    1.00455
   41.2976   0.0155266 -0.00868593  -0.0291558 -0.135524  -0.05421   1.00418
   41.2976   0.0181897 -0.00762067  -0.0286232  -0.139094 -0.0555833    1.00135
   41.2976   0.0245813 -0.00602277  -0.0227642  -0.140193 -0.0619004    0.99512
   41.2976   0.0235161 -0.00975119  -0.0174379  -0.141978 -0.0557206    0.99306
   41.2976  0.0208529 -0.0134796 -0.0206337  -0.136989 -0.0469316    0.99013
   41.2976  0.0197876 -0.0118817 -0.0232969  -0.128245 -0.0490373    0.97951
   41.2976  0.0160592 -0.0134796 -0.0275579  -0.126643 -0.0524247   0.973147
   41.2976  0.0176571 -0.0193386 -0.0339495  -0.128612 -0.0507768   0.978549
   41.2976  0.0187224 -0.0193386 -0.0350148  -0.124995 -0.0534776   0.983264
   41.2976 0.0112655 -0.012947  -0.03608  -0.125545 -0.0513261   0.982577
   41.2976  0.0107329 -0.0113491 -0.0376779  -0.134608 -0.0445054   0.982577
   41.2976  0.0128634 -0.0140123 -0.0350148  -0.137813 -0.0491746   0.980517
   41.2976  0.0117982 -0.0177407 -0.0328842   -0.13232 -0.0534318   0.978274
   41.2976  0.0102003 -0.0214691 -0.0307537  -0.128841 -0.0451005    0.98482
   41.2976   0.009135 -0.0182733 -0.0280906  -0.124858 -0.0406602   0.990176
    41.397 0.00487394 -0.0113491 -0.0286232  -0.117076 -0.0449174   0.979739
    41.397 8.02491e-05  -0.0065554    -0.02596  -0.111812 -0.0448259   0.970675
    41.397 -0.000452383  -0.00442487   -0.0254274 -0.103938 -0.042949  0.973193
    41.397 -0.00311554 0.000368818  -0.0286232 -0.0955153 -0.0452378   0.969577
    41.397 -0.00631134  0.00942357  -0.0302211 -0.0935469 -0.0457414   0.963992
    41.397 -0.0121703  0.0142173 -0.0302211 -0.0928145 -0.0445512   0.967334
    41.397 -0.0201598  0.0195436 -0.0302211 -0.0916701 -0.0519212    0.96683
   41.3971 -0.0228229  0.0275331 -0.0307537 -0.0948287 -0.0565904   0.967013
   41.3971 -0.0238882  0.0301962 -0.0312863  -0.103938 -0.0551255   0.977908
   41.3971 -0.0260187  0.0339247 -0.0286232  -0.111034 -0.0608018   0.986148
   41.3971 -0.0233556  0.0397836 -0.0248948   -0.11758 -0.0671647   0.986651
   41.3971 -0.0153661  0.0429794 -0.0185032  -0.128657 -0.0659745   0.986377
   41.3971  -0.0089745   0.0419141 -0.00838316 -0.136165 -0.061992  0.992557
   41.3971 -0.00631134    0.039251 -0.00358947  -0.140102 -0.0627244   0.996722
   41.3971 -0.00524607   0.0360552  0.00440002  -0.140971 -0.0635026   0.996814
   41.3971 -0.00364818   0.0307289   0.0113242  -0.141749 -0.0672563   0.997775
   41.3971 0.00647184  0.0254025  0.0134548  -0.143214 -0.0748551   0.994388
   41.3971 0.0155266 0.0222067 0.0187811  -0.141521 -0.0699113   0.991778
   41.3971 0.0144613 0.0158152 0.0235748   -0.13795 -0.0583757   0.991229
   41.3971 0.0128634 0.0083583 0.0251727  -0.131175 -0.0558122   0.987063
    41.496   0.014994 0.00303198  0.0241074   -0.12289 -0.0550798   0.977908
    41.496   0.0171245 -0.00122908   0.0214442  -0.113277 -0.0535691    0.96976
    41.496   0.0128634 -0.00762067   0.0182485  -0.105266 -0.0538896   0.967517
   41.4961 0.00860236 -0.0102838   0.010259 -0.0975753 -0.0488999   0.969165
   41.4961  0.00647184 -0.00921856  0.00440002 -0.0911666 -0.0433152   0.971179
   41.4961 0.000612881 -0.00975119  0.00120422 -0.0911208 -0.0472062    0.97269
   41.4961 -0.00205028 -0.00602277 -0.00358947 -0.0933638  -0.050731   0.975711
   41.4961  -0.00471344 -0.000696446  -0.00465473 -0.0965224 -0.0502732   0.984225
   41.4961 -0.00684397  0.00356461 -0.00838316 -0.0999556 -0.0512345   0.992602
   41.4961 -0.00790923  0.00782567 -0.00891579  -0.105815 -0.0501817   0.998324
   41.4961   -0.011105   0.0158152 -0.00465473  -0.112407 -0.0509599   0.999698
   41.4961 -0.0121703  0.0211415 -0.0041221 -0.116664 -0.054622  0.997821
   41.4961 -0.00844187   0.0184783  0.00067159  -0.118907 -0.0564988   0.998095
   41.4961 -0.00418081    0.017413  0.00599791  -0.121791 -0.0530656    1.00176
   41.4961 -0.00151765   0.0248699   0.0107916   -0.12321 -0.0487168    1.00707
   41.4961 0.000612881   0.0307289   0.0150527  -0.123851 -0.0513261    1.00478
   41.4961 -0.000452383    0.0312615     0.020379  -0.125957 -0.0548509    1.00084
   41.4961 8.0249e-05  0.0312615  0.0267706 -0.129207 -0.055034  0.999377
   41.4961 0.00274341  0.0323268   0.030499 -0.131175 -0.055446  0.998919
   41.4961 0.0059392 0.0307289 0.0326295  -0.128337 -0.0593827    1.00011
   41.4961 0.00860236  0.0317941  0.0358253   -0.13145 -0.0620378    1.00084
   41.4961 0.00806973  0.0360552   0.036358  -0.139735 -0.0594743    1.00441
   41.5959 0.0107329 0.0328594  0.036358 -0.145869 -0.060756   1.00569
    41.596 0.0133961 0.0259352 0.0390211 -0.151271 -0.065471   1.00093
    41.596 0.0112655 0.0179457 0.0379558  -0.151729 -0.0653794   0.999057
    41.596 0.0128634 0.0104888 0.0384885  -0.144405 -0.0606187   0.999011
    41.596  0.0165918 0.00356461  0.0390211  -0.139735 -0.0583757   0.990451
    41.596    0.0128634 -0.000163814    0.0352927   -0.13708 -0.0571397   0.983081
    41.596   0.0107329 -0.00389224   0.0310316  -0.126872 -0.0539811   0.980288
    41.596   0.0123308 -0.00975119   0.0267706  -0.115748 -0.0538438   0.974017
    41.596 0.00700447 -0.0113491   0.020379  -0.111034 -0.0546678   0.971957
    41.596 8.0249e-05  -0.012947  0.0139874  -0.106227 -0.0542558   0.973834
    41.596 0.000612881  -0.0108165  0.00866107  -0.100322 -0.0620835   0.971499
    41.596 0.00380867 -0.0081533 0.00173685  -0.100825 -0.0692704   0.972918
   41.5961  0.00274341 -0.00708803 -0.00199157  -0.103801 -0.0630906   0.986239
   41.5961  0.00380867 -0.00176171  -0.0025242  -0.104945 -0.0617173    0.99306
   41.5961  0.00540657 0.000368818  -0.0041221  -0.109294 -0.0669816   0.988345
   41.5961  0.00806973 -0.00122908 -0.00199157  -0.118861 -0.0675309   0.991916
   41.5961   0.0144613 -0.00122908  0.00386738  -0.124217 -0.0689042   0.998187
   41.5961  0.0208529 0.00516251 0.00919371  -0.122844 -0.0711473   0.998095
   41.5961 0.0272445 0.0099562 0.0139874  -0.126506 -0.0627702    1.00148
   41.5961 0.0288424 0.0083583 0.0209116 -0.131953 -0.056453   1.00583
   41.6955  0.0267119 0.00942357    0.02464  -0.131312 -0.0646012    1.00231
   41.6959 0.0325708 0.0115541 0.0283685  -0.129527 -0.0648301   0.998553
   41.6961 0.0416256 0.0120867 0.0326295  -0.128154 -0.0555833     1.0008
   41.6963 0.0400277 0.0110215 0.0347601   -0.12765 -0.0548051   0.997363
   41.6965  0.0347013 0.00942357  0.0395537  -0.128291 -0.0545762   0.984637
   41.6968 0.0309729 0.0067604 0.0390211  -0.126872 -0.0532487   0.973147
    41.697  0.0304403 0.00249935  0.0336948  -0.117763 -0.0537522   0.969256
   41.6972   0.029375 0.00356461  0.0299664  -0.107188 -0.0501359   0.969485
   41.6975  0.0229834 0.00409724  0.0241074 -0.104991 -0.044185  0.969439
   41.6977  0.0176571 0.00303198  0.0177158  -0.102611 -0.0426744   0.967929
   41.6979  0.0139287 0.00462988  0.0113242 -0.0997268 -0.0493119   0.960742
   41.6981   0.009135 0.00516251 0.00493265  -0.100688 -0.0507768   0.955752
   41.6984  0.00167815  0.00516251 0.000138958 -0.0981246 -0.0467027   0.960238
   41.6986 -0.00258291   0.0067604 -0.00678526 -0.0928603 -0.0466111   0.961703
   41.6988 -0.00577871   0.0120867 -0.00891579 -0.0936385 -0.0476182   0.963122
    41.699 -0.00950713    0.017413  -0.0041221    -0.1011 -0.0503648   0.967975
   41.6992 -0.00950713   0.0200762  -0.0041221  -0.104716 -0.0561784   0.970309
   41.6995 -0.0100398  0.0285983   -0.00572  -0.103297 -0.0570024   0.975299
   41.6997  -0.0137682   0.0360552 -0.00465473  -0.108699 -0.0560411   0.982257
   41.6999  -0.0143008   0.0365878 0.000138958  -0.116435 -0.0642808   0.986651
   41.7946 -0.0100398  0.0419141 0.00866107  -0.123668 -0.0729325   0.992236
   41.7946 -0.00631134   0.0456426   0.0155853   -0.13351 -0.0699113     1.0008
   41.7947 -0.00311554   0.0488384   0.0225095  -0.141612 -0.0666154    1.01036
   41.7947 -0.00205028   0.0515015   0.0289011  -0.147014 -0.0686753    1.01357
   41.7947 0.00274341  0.0477731  0.0363579 -0.150218 -0.067714    1.0094
   41.7947 0.0112655 0.0445773 0.0422169  -0.149669 -0.0685838    1.00853
   41.7947 0.0160592 0.0403162 0.0432822  -0.146419 -0.0702317    1.00959
   41.7947 0.0155266 0.0355225 0.0459453  -0.142848 -0.0633653    1.00542
   41.7947 0.0160592 0.0312615  0.046478   -0.13969 -0.0601152   0.999011
   41.7947  0.014994 0.0259352 0.0395537  -0.136394 -0.0667527   0.994616
    41.795  0.014994 0.0216741 0.0326295  -0.129939 -0.0657457   0.989901
   41.7951 0.0165918 0.0158152 0.0262379  -0.122981 -0.0623124   0.985827
   41.7951  0.0139287 0.00889093  0.0187811  -0.117442 -0.0591996   0.985553
   41.7951 0.00966763  0.0083583 0.00866107  -0.114284 -0.0521958   0.985919
   41.7951  0.00221078   0.0067604 -0.00199157  -0.112681 -0.0561326   0.981753
   41.7951 0.000612881 0.000368818 -0.00891579  -0.113505 -0.0669358   0.982989
   41.7951  0.00487394 -0.00176171  -0.0153074  -0.118266 -0.0648301   0.993564
   41.7951  0.00487394 -0.00335961  -0.0201011  -0.123027 -0.0566819    1.00153
   41.7951  0.00380867 -0.00762067  -0.0206337  -0.127833 -0.0564073   0.999606
   41.7951  0.00434131 -0.00975119  -0.0201011   -0.12852 -0.0561784     0.9975
   41.8952 0.00380867 -0.0118817 -0.0195684   -0.12115 -0.0548051    1.00148
   41.8952  0.0059392 -0.0134796 -0.0169053  -0.113734 -0.0575975    1.00034
   41.8952  0.00221078 -0.00868593  -0.0169053  -0.111354 -0.0552171   0.995807
   41.8952 -0.00258291  -0.0049575  -0.0163726  -0.110988 -0.0526994   0.993472
   41.8952 -0.00205028 -0.00442487  -0.0142421  -0.106135 -0.0598863   0.986743
   41.8953 -0.00258291 -0.00335961  -0.0153074   -0.10229 -0.0629991   0.983355
   41.8953 -0.00205028 -0.00122908  -0.0142421  -0.102565 -0.0597947   0.987796
   41.8953 -0.000985015   0.00143408   -0.0153074  -0.102565 -0.0595658   0.986102
   41.8953 -0.00258291  0.00303198  -0.0201011 -0.107326 -0.060756  0.983493
   41.8953 -0.00524607  0.00356461  -0.0190358  -0.113734 -0.0617173   0.987842
   41.8953 -0.00631134  0.00622777    -0.01584 -0.118724 -0.065883     0.991
   41.8953 -0.00418081   0.0110215  -0.0126442  -0.126094 -0.0675309   0.992236
   41.8953  0.00167815   0.0142173 -0.00998105  -0.136943 -0.0624955    1.00093
   41.8953  0.00700447   0.0142173 -0.00731789   -0.14294 -0.0616716    1.00569
   41.8953    0.0102003    0.0115541 -0.000926307  -0.145915 -0.0670732   0.996676
   41.8953   0.0139287  0.00569514 0.000138958  -0.150264 -0.0659288   0.993014
   41.8953    0.0171245 -0.000696446  -0.00305684  -0.147563 -0.0597032   0.996905
   41.8953   0.0139287 -0.00549014 -0.00465473  -0.139415 -0.0599778   0.989627
   41.8953   0.0107329 -0.00975119 -0.00465473  -0.133601 -0.0605729   0.979785
   41.8953  0.00806973 -0.00975119 -0.00518736  -0.127238 -0.0564988    0.97951
   41.9928  0.0075371 -0.0102838 -0.0126442  -0.116939 -0.0591539    0.97626
   41.9929 0.00966763 -0.0102838 -0.0190358  -0.109752 -0.0588792   0.971866
   41.9929    0.009135 -0.00868593  -0.0201011 -0.107829 -0.048076  0.972094
   41.9929  0.00647184 -0.00921856  -0.0222316  -0.104899 -0.0488999   0.968295
   41.9929  0.00167815 -0.00921856  -0.0286232  -0.102244 -0.0556749   0.964129
   41.9929 -0.000452383  -0.00868593   -0.0328842  -0.102656 -0.0581926   0.962207
   41.9929 -0.00151765 -0.00708803  -0.0339495  -0.105311 -0.0549424   0.967654
   41.9929 -0.00684397 -0.00335961  -0.0350148  -0.107555 -0.0491746   0.975024
   41.9929   -0.011105 -0.00122908  -0.0350148   -0.1076 -0.049907  0.982165
   41.9929   -0.0100398 -0.000163814   -0.0355474 -0.109294 -0.051967  0.987979
   41.9929 -0.0100398 0.00622777 -0.0339495  -0.116298 -0.0529283   0.988116
   41.9929 -0.0116377   0.013152 -0.0291558  -0.123668 -0.0555833   0.991641
   41.9929 -0.0100398  0.0142173 -0.0275579  -0.124675 -0.0592912    0.99274
   41.9929 -0.00577871   0.0158152    -0.02596   -0.12527 -0.0538896   0.994616
   41.9929 -0.00577871   0.0158152  -0.0201011  -0.126231 -0.0488084   0.996905
   41.9929 -0.00950713   0.0163478  -0.0163726  -0.121425 -0.0531114   0.992099
   41.9929 -0.00844187   0.0195436  -0.0137095  -0.115382 -0.0540727   0.984912
   41.9929 -0.00684397   0.0184783 -0.00998105  -0.113643 -0.0516465   0.985415
   41.9929 -0.00524607   0.0190109 -0.00998105  -0.115382 -0.0547593   0.989901
   41.9929 -0.00471344   0.0211415  -0.0131768  -0.119777 -0.0557206   0.988299
   41.9929 -0.00844187   0.0211415  -0.0131768  -0.122615 -0.0543931    0.98363
   41.9929 -0.0089745  0.0200762 -0.0131768  -0.125041 -0.0573228   0.984454
   41.9929 -0.00950713   0.0184783  -0.0142421  -0.128566 -0.0569566   0.987018
   42.0978 -0.0105724  0.0158152 -0.0110463  -0.131221 -0.0504106    0.98743
   42.0978  -0.0100398   0.0126194 -0.00944842  -0.133418 -0.0499528   0.989489
   42.0978 -0.00950713  0.00942357 -0.00891579  -0.132503 -0.0544847   0.987979
   42.0978  -0.0089745  0.00729304 -0.00518736  -0.130351 -0.0539353   0.984134
   42.0978 -0.00844187  0.00462988 -0.00199157  -0.129848 -0.0543016   0.987201
   42.0978 -0.00844187  0.00249935 0.000138958  -0.130031 -0.0548509   0.994388
   42.0979 -0.0089745 0.00196671 0.00226949  -0.128978 -0.0549424   0.995395
   42.0979 -0.00950713  0.00196671  0.00386738  -0.126735 -0.0586961   0.989856
   42.0979 -0.00844187 0.000368818  0.00440002  -0.124904 -0.0598863   0.990725
   42.0979 -0.00631134 -0.00229434  0.00440002  -0.124492 -0.0593827   0.998324
   42.0979  -0.0073766 -0.00389224  0.00440002  -0.123668 -0.0583299   0.998645
   42.0979  -0.0105724 -0.00389224  0.00386738  -0.122935 -0.0569108   0.994937
   42.0979  -0.0127029 -0.00282698  0.00759581  -0.123485 -0.0591539   0.994571
   42.0979  -0.00790923 -0.000696446   0.00972634  -0.121059 -0.0569108   0.994479
   42.0979  -0.00258291 -0.000163814   0.00972634  -0.119456 -0.0504563   0.993518
   42.0979 -0.00577871 -0.00122908   0.0118569   -0.11996 -0.0498155   0.994571
   42.0979 -0.0121703 0.00090145  0.0134548 -0.121516 -0.052379  0.994021
   42.0979 -0.0127029 0.00516251  0.0139874  -0.126323 -0.0563615   0.992602
   42.0979 -0.0137682  0.0067604  0.0118569  -0.132365 -0.0604356   0.997134
   42.0979 -0.0158987  0.0067604  0.0139874  -0.133876 -0.0584214    1.00354
   42.1962 -0.0137682  0.0104888  0.0166506  -0.134608 -0.0569566    1.00377
   42.1962 -0.0143008  0.0142173  0.0214442  -0.142299 -0.0591539    1.00327
   42.1962 -0.0137682  0.0158152  0.0257053  -0.148662 -0.0597032    1.00583
   42.1962 -0.0132356  0.0120867  0.0251727  -0.146922 -0.0585588    1.00162
   42.1962 -0.0148335 0.00782567  0.0283685  -0.144816 -0.0568193   0.996036
   42.1967 -0.0143008 0.00462988   0.030499  -0.143626 -0.0510057   0.996814
   42.1967  -0.0143008 -0.00122908   0.0278358  -0.138087 -0.0525163   0.992694
   42.1967 -0.0158987 -0.0049575  0.0267706  -0.133006 -0.0625871   0.984866
   42.1967  -0.0164314 -0.00602277   0.0241074   -0.13557 -0.0621751   0.989993
   42.1967  -0.0132356 -0.00762067   0.0187811   -0.13763 -0.0627244    1.00167
   42.1967  -0.0116377 -0.00868593   0.0134548  -0.137675 -0.0706437    1.00739
   42.1967 -0.0143008 -0.0081533 0.00972634  -0.148707 -0.0727494    1.01302
   42.1967 -0.0089745 -0.0118817 0.00972634  -0.161296 -0.0755418    1.02167
   42.1967 0.00380867  -0.017208 0.00972634 -0.163127 -0.079387   1.02661
   42.1967  0.0160592 -0.0204038  0.0139874  -0.163219 -0.0737107    1.02877
   42.1967  0.0240487 -0.0251975   0.020379    -0.1645 -0.0635026    1.03151
   42.1967  0.0309729 -0.0310565  0.0289011  -0.159877 -0.0642808    1.02103
   42.1967   0.035234 -0.0353175  0.0379558 -0.151363 -0.068538   1.00249
   42.1967 0.0362992 -0.039046 0.0395537  -0.139552 -0.0629533    0.99956
   42.1968  0.0341687 -0.0417091   0.036358   -0.12527 -0.0625413     1.0007
   42.2965  0.0267119 -0.0417091  0.0331622  -0.114467 -0.0634568    0.99306
   42.2966  0.0208529 -0.0374481  0.0283685 -0.111034 -0.058925  0.985827
   42.2966  0.0165918 -0.0342523  0.0182485  -0.105723 -0.0590165   0.982943
   42.2966 0.00966763 -0.0315891 0.00866107 -0.0987655 -0.0600236   0.981341
   42.2966 -0.00205028  -0.0267954 -0.00199157 -0.0971633 -0.0573686   0.983676
   42.2966 -0.0143008 -0.0241323 -0.0163726 -0.0996352 -0.0589707   0.988711
   42.2971  -0.021225 -0.0198712 -0.0280906 -0.105037 -0.068126  0.987979
   42.2971 -0.0190945 -0.0166754 -0.0366127  -0.112361 -0.0668901   0.990725
   42.2972 -0.0185619 -0.0134796 -0.0430043  -0.119273 -0.0582383   0.997134
   42.2972 -0.0222903 -0.0081533 -0.0472653  -0.121883 -0.0620835   0.997455
   42.2972  -0.0217577 -0.00549014  -0.0504611  -0.122249 -0.0653337   0.993609
   42.2972 -0.0201598 -0.0049575 -0.0541895  -0.125362 -0.0614884   0.988757
   42.2972 -0.0201598 -0.0049575 -0.0552548  -0.133052 -0.0619004   0.987475
   42.2972   -0.021225 -0.00389224  -0.0557874  -0.137996 -0.0623124   0.986194
   42.2972  -0.0222903 -0.00176171  -0.0563201  -0.135707 -0.0559953   0.986102
   42.2972  -0.0233556 -0.00229434  -0.0493958  -0.135295 -0.0566819   0.982715
   42.2972  -0.0217577 -0.00389224  -0.0446022  -0.137172 -0.0625871   0.974154
   42.2972  -0.0180292 -0.00762067  -0.0435369  -0.132136 -0.0565446   0.969165
   42.2972 -0.0143008 -0.0118817 -0.0392758  -0.12614 -0.049907  0.963534
   42.2972 -0.0143008 -0.0150775 -0.0392758  -0.121471 -0.0534776    0.95708
   42.3965 -0.0180292 -0.0166754 -0.0371453  -0.113277 -0.0549424   0.948474
   42.3965 -0.0190945 -0.0177407 -0.0339495  -0.106456 -0.0536607   0.939456
   42.3965 -0.0196271 -0.0204038 -0.0355474  -0.104213 -0.0513719   0.935977
   42.3965  -0.021225 -0.0214691 -0.0355474 -0.0972548 -0.0438645   0.931491
   42.3965 -0.0238882 -0.0193386   -0.03608  -0.087184 -0.0388291   0.925998
   42.3965 -0.0286819 -0.0161428 -0.0371453 -0.0843001 -0.0426286   0.921512
   42.3965 -0.0350735 -0.0134796 -0.0382106 -0.0852614 -0.0478013   0.918216
   42.3965 -0.0388019 -0.0081533 -0.0403411  -0.083705 -0.0484422   0.919909
   42.3965  -0.0409324 -0.00389224  -0.0430043  -0.084941 -0.0517381    0.92847
   42.3965   -0.043063 -0.00335961  -0.0446021 -0.0953322 -0.0565446   0.941836
   42.3965 -0.0441282 0.00143408 -0.0440695  -0.102611 -0.0582383   0.948565
   42.3965 -0.0446609  0.0067604 -0.0398085  -0.108516 -0.0637315   0.954699
   42.3966 -0.0441282 0.00729304   -0.03608  -0.123897 -0.0749009   0.969623
   42.3966 -0.0377366  0.0136846 -0.0312863  -0.133372 -0.0805772   0.978412
   42.3966 -0.0249535  0.0206088 -0.0190358  -0.137035 -0.0767778   0.988208
   42.3966 -0.0185619  0.0211415  -0.011579  -0.143489 -0.0687669    1.00189
   42.3966  -0.0127029   0.0270004 -0.00305684  -0.146281 -0.0645555    1.00579
   42.3966 -0.00258291   0.0360552   0.0161179  -0.150676 -0.0643724    1.00263
   42.3966 0.00647184  0.0429794   0.036358  -0.158229 -0.0640519   0.996768
   42.3966 0.0176571 0.0477731 0.0534022  -0.160792 -0.0618547   0.985736
   42.3966  0.025114 0.0456426 0.0693811  -0.155345 -0.0603898   0.970401
   42.3966 0.0256466 0.0440447 0.0810991  -0.140651 -0.0568193   0.961978
   42.4927 0.0267119 0.0456426 0.0880233  -0.120463 -0.0481218    0.95708
   42.4927 0.0235161 0.0477731 0.0896212  -0.101787 -0.0470231   0.946917
   42.4927 0.014994 0.053632 0.082697 -0.0906173 -0.0526078   0.940646
   42.4927 0.00327604  0.0605563  0.0704464 -0.0889235 -0.0571397   0.948611
   42.4927 -0.0073766  0.0674805  0.0592611 -0.0941878 -0.0661119   0.956988
   42.4927 -0.00950713   0.0749373   0.0502064   -0.10435 -0.0705064   0.964541
   42.4927 -0.00950713    0.079731   0.0411516  -0.119273 -0.0636857   0.980655
   42.4927 -0.0158987  0.0845247  0.0379558 -0.132777 -0.060344  0.991229
   42.4927 -0.0153661  0.0877205   0.036358  -0.141612 -0.0626786   0.991137
   42.4927 -0.0132356  0.0866552  0.0336948  -0.150813 -0.0616716   0.991183
   42.4928 -0.0196271  0.0861226  0.0358253  -0.156581 -0.0574144    0.99187
   42.4928 -0.0222903  0.0818616  0.0374232  -0.153743 -0.0557206   0.988986
   42.4928 -0.0238882  0.0765352  0.0379558  -0.145274 -0.0575059   0.985965
   42.4928 -0.0276166  0.0744047  0.0368906  -0.135615 -0.0581468   0.987292
   42.4928 -0.0302798    0.07547  0.0336948  -0.128291 -0.0649675   0.987521
   42.4928 -0.0324103  0.0802637  0.0283685  -0.126781 -0.0751298   0.991504
   42.4928 -0.0334756  0.0823942  0.0257053  -0.131267 -0.0772813    1.00089
   42.4928 -0.0292145  0.0829268  0.0230421  -0.135387 -0.0801194    1.00341
   42.4928 -0.0276166  0.0839921  0.0219769  -0.138133 -0.0834611    1.00423
   42.4928 -0.0260187  0.0818615  0.0230421  -0.146281 -0.0759996    1.00803
   42.5967 -0.0222903  0.0786658  0.0214442  -0.149989 -0.0735276    1.00789
   42.5967 -0.0217577  0.0744047  0.0241074  -0.146052 -0.0827287     1.0008
   42.5968 -0.0164313  0.0712089  0.0278358  -0.147197 -0.0797074   0.998919
   42.5968 -0.0116377  0.0669478  0.0336948  -0.146373 -0.0723374    1.00276
   42.5968 -0.0089745  0.0632194   0.036358  -0.137813 -0.0749925   0.995807
   42.5968 -0.00631134   0.0600236   0.0352927  -0.133464 -0.0741685   0.987109
   42.5968 -0.00471344   0.0541647   0.0331622  -0.132274 -0.0713304    0.98862
   42.5968 -0.00205028   0.0472405   0.0267706  -0.127559 -0.0803483   0.989444
   42.5968 -0.000985015    0.0419141    0.0187811  -0.124263 -0.0842851    0.99306
   42.5968 0.00114551  0.0403162 0.00972634 -0.125362 -0.079799   1.00496
   42.5968 0.00221078  0.0408489 0.00599791  -0.130488 -0.0858415    1.00844
   42.5968 0.00647184  0.0419141 0.00546528  -0.138042 -0.0892289    1.00286
   42.5968    0.0123308    0.0403162 -0.000926307  -0.146373 -0.0790208    1.00382
   42.5968  0.0165918  0.0371204 -0.0025242  -0.148799 -0.0719255    1.00327
   42.5968   0.0208529   0.0328594 0.000138958 -0.143214 -0.071193  0.991229
   42.5968  0.0224508  0.0307289 -0.0025242  -0.138225 -0.0656999   0.978961
   42.5968   0.0197876   0.0280657 -0.00465473  -0.132091 -0.0626786   0.972049
   42.5968    0.014994   0.0259352 -0.00465473  -0.124126 -0.0672563   0.965136
   42.5968   0.0117982   0.0264678 -0.00998105   -0.11822 -0.0688127   0.962024
   42.5968 0.00860236  0.0296636 -0.0174379   -0.11346 -0.0658372   0.964267
   42.5968 0.00114551  0.0328594 -0.0232969  -0.110942 -0.0690416   0.963855
   42.6993 -0.00418081   0.0349899  -0.0296884  -0.114192 -0.0752214   0.965182
   42.6993 -0.00471344   0.0381857  -0.0339495  -0.123073 -0.0782884   0.971728
   42.6993 -0.00577871   0.0403162  -0.0376779  -0.130717 -0.0792497   0.979373
   42.6993 -0.00577871    0.043512  -0.0387432  -0.139323 -0.0768235   0.988116
   42.6993 -0.00577871   0.0472405  -0.0366127  -0.151866 -0.0755418   0.993976
   42.6993 -0.00364818   0.0520341  -0.0291558  -0.162761 -0.0781053    0.99425
   42.6993 0.00274341   0.053632 -0.0190358    -0.1683 -0.0790208   0.994891
   42.6993  0.0117982  0.0520341 -0.0147747 -0.167979 -0.073253  0.997271
   42.6993   0.0181897   0.0509689 -0.00944842  -0.167018 -0.0674852   0.994937
   42.6993   0.0229834   0.0467078 -0.00305684  -0.162166 -0.0664781   0.987063
   42.6993    0.0256466    0.0397836 -0.000926307  -0.150813 -0.0627244   0.978503
   42.6993   0.0245813   0.0360552 -0.00145894  -0.142345 -0.0605271   0.971591
   42.6994   0.0219182   0.0360552 -0.00518736  -0.135432 -0.0605729   0.969256
   42.6994    0.014994   0.0371204 -0.00944842 -0.127925 -0.057689  0.968524
   42.6994   0.009135  0.0381857 -0.0105137  -0.126231 -0.0608476   0.966922
   42.6994 0.00700447  0.0376531 -0.0121116  -0.131084 -0.0664323    0.97182
   42.6994 0.00540657  0.0408489 -0.0121116  -0.136623 -0.0622666   0.983355
   42.6994 0.00647184  0.0456426 -0.0121116  -0.140788 -0.0550798   0.990771
   42.6994 0.00327604  0.0456426 -0.0131768  -0.145915 -0.0544847   0.989078
