            0.400323 -0.475382 -0.349241  -1.73973  0.00258553   0.0120177 0.000378627 -0.0303404 -0.0256155 -0.0102827  1.44112e-08 -2.00943e-08 -1.02023e-08 -1.88405e-08 -6.19891e-08 -7.33683e-09 1 0 0 20970
            0.400323 -0.475382 -0.349241  -1.73973  0.00258553   0.0120177 0.000378627 -0.0303404 -0.0256155 -0.0102827  1.44112e-08 -2.00943e-08 -1.02023e-08 -1.88405e-08 -6.19891e-08 -7.33683e-09 1 0 0 0
            0.500153  0.546278 -0.785737  -3.05794   0.0115425   0.0621218 -0.00448435  0.00199912   0.0988163 -0.00278661  -2.4425e-05  3.35351e-06 -6.13932e-06  -2.8856e-07 -2.19496e-05  4.32238e-06 1 0 0 20887
            0.500153  0.359646 -0.743675  -3.01095   0.0244548    0.101894 -0.00287808 0.0427625  0.207768 0.0059287 -8.09592e-06  1.27101e-06  -1.3233e-05 -5.59042e-06 -3.71064e-05  3.01248e-06 0.999965        0        0 0
                 0.6 0.387861 0.563685 -4.17183   0.0415085    0.160103 -0.00329996   0.229497   0.469953 0.00753819 -4.13878e-05 -7.00381e-06 -9.70366e-06  8.21521e-06 -0.000134327  4.95561e-06 1.00003       0       0 20904
                 0.6 0.167119 0.607592 -4.14683    0.0534023     0.194511 -0.000116894  0.342246  0.779593 0.0373146 -2.80372e-05 -1.02809e-05 -1.03942e-05 -4.47653e-05 -0.000210911 -5.17392e-06 1.00046       0       0 0
            0.700709 -0.182375    1.7378   -3.8964    0.0914147     0.293299 -0.000321733 0.430313 0.847249  0.01369 -6.30459e-05 -4.35984e-07 -1.35615e-05  9.71501e-05 -0.000353504  1.67124e-05 1.00056       0       0 21365
            0.700709 -0.336714    1.7634  -3.88124  0.0854599   0.285189 0.00672129  0.382175  0.793917 0.0584709 -3.91818e-05 -7.60527e-06 -1.64999e-05  0.000219928 -0.000316443 -1.85477e-05 1.00385       0       0 0
            0.800556 -0.0526463    1.76366   -3.23371  0.124844  0.365492 0.0034568   0.415905   0.777573 -0.0372652 -6.58693e-05    9.745e-06 -1.39871e-05  0.000318568 -0.000361036  0.000106885 1.00386       0       0 21515
            0.800556 -0.200222   1.71379  -3.15011   0.125432   0.364946 0.00669473    0.42224   0.775016 -0.0147041 -4.61696e-05  1.35977e-05 -2.41747e-05  0.000289867 -0.000356733  5.02459e-05 1.00174       0       0 0
            0.900386 0.267225 0.519648  -1.5408    0.166193    0.447632 -0.00377905  0.429426  0.777354 -0.105262 -5.58215e-05  2.02666e-05 -2.32127e-05  0.000425935 -0.000507498  0.000190319 1.00173       0       0 21257
            0.900386 0.227148  0.54023 -1.46613     0.167101     0.445304 -0.000526855   0.43751  0.762205 -0.084044 -5.00026e-05  1.65343e-05 -3.22635e-05  0.000389947 -0.000456399  0.000115015 1.00251       0       0 0
             1.00023  0.839522 -0.960443  0.275829   0.210086   0.524063 -0.0123485   0.447075   0.728045 -0.0941624 -5.74175e-05  2.57768e-05 -2.22006e-05  0.000475259 -0.000652594  0.000231506 1.00251       0       0 20891
             1.00023 0.769284 -0.93309 0.348155   0.209515   0.522198 -0.0119178   0.440351   0.714917 -0.0907082 -4.96349e-05  2.26724e-05 -3.06344e-05  0.000499917 -0.000597038  0.000217136 1.00159       0       0 0
             1.10007   1.20538 -0.451069   1.68315   0.253511   0.597186 -0.0196382   0.459902   0.680788 -0.0412176 -5.22677e-05  8.41434e-06 -1.79914e-05  0.000606616 -0.000820873  0.000279144 1.00162       0       0 20518
             1.10007    1.1378 -0.257722   1.71733   0.250872   0.593744 -0.0173955   0.432598   0.656078 -0.0279681 -4.53308e-05 -1.39065e-05 -2.15079e-05  0.000721678 -0.000718806  0.000219594 1.0052      0      0 0
              1.2003 1.40679 1.01963 2.39963  0.289235  0.668594 -0.018804  0.348616  0.666766 0.0139391   -4.269e-05  9.55522e-06 -1.09018e-05 0.000736673 -0.00103301 0.000235765 1.00521       0       0 20721
              1.2003  1.33894 0.992984  2.42681    0.28817   0.671803 -0.0168601  0.340154   0.68791 0.0261381 -3.31515e-05   1.3661e-05 -1.44267e-05 0.000767494 -0.00111715 0.000185563 1.0053      0      0 0
             1.30013  0.51037 0.886164  1.67493   0.317332   0.737272 -0.0157825  0.264167  0.576952 0.0172321 -3.88365e-05  2.43942e-05  3.43923e-07 0.000828009 -0.00119814 0.000241381 1.00531       0       0 20892
             1.30013 0.331432  0.97559  1.68557   0.317669   0.727801 -0.0118353  0.258982  0.507972 0.0452958 -2.2813e-05 1.40986e-05 1.16156e-07  0.000861095 -0.000925246  0.000119748 1.00517       0       0 0
             1.39995  -1.01666  0.832357 -0.961357   0.336395    0.78295 -0.0117001      0.1422    0.460481 -0.00254402 -2.45484e-05  2.25235e-05   1.0653e-05 0.000944249 -0.00123936 0.000213661 1.00521       0       0 21205
             1.39995 -1.08934   1.0105 -0.95241    0.333223    0.775158 -0.00379059  0.105893  0.401059 0.0510999 -1.96741e-05  4.01645e-06  9.91674e-06   0.00110328  -0.00101137 -7.83425e-06 1.00555       0       0 0
             1.50058 -1.53618  1.04007 -4.87285    0.333884    0.820475 -0.00826669 -0.0251507   0.351207 0.00937473 -3.15242e-05  1.26806e-05  1.72537e-05  0.00123994 -0.00130643 0.000273139 1.00555       0       0 21408
             1.50058 -1.71968  1.11221 -4.90223   0.335429   0.826186 -0.0110695 -0.00540756    0.393863 -0.00892941 -7.70381e-06   1.3997e-06   2.0338e-05  0.00116218 -0.00147088  0.00034754 1.00533       0       0 0
             1.60041 -2.49521    1.587 -10.0749   0.334129   0.872372 -0.0120125 -0.0220258   0.340706  0.0311835 -5.37247e-06  3.55566e-07  1.77353e-05  0.00113373 -0.00190096 0.000441022 1.00535       0       0 21449
             1.60041 -2.65452  1.63793 -10.1515   0.329534   0.861252 -0.0109732 -0.072327  0.261537 0.0383124  9.06858e-06 -1.68959e-06  2.76577e-05  0.00131626 -0.00156813 0.000422193 1.00296       0       0 0
             1.70026 -3.56363  2.24779 -15.1538   0.318952   0.885822 -0.0105347 -0.125229  0.162691 0.0298605 -7.25883e-06 -1.82415e-06  1.51791e-05  0.00142756 -0.00169565 0.000537968 1.00299       0       0 21792
             1.70026 -3.81763  2.21679 -15.1401    0.314834    0.884664 -0.00734017 -0.162738  0.158797 0.0473681 2.34948e-05 3.78914e-06 1.39498e-05  0.00157613 -0.00164603 0.000472651 1.00038       0       0 0
             1.80017 -4.87033  2.80276 -19.3976    0.300603    0.900195 -0.00450824 -0.172121  0.057315 0.0323806  1.69506e-05 -8.51451e-06 -1.06393e-06  0.00146689 -0.00183897 0.000501602 1.00041       0       0 22144
             1.80017 -5.02513  2.72591 -19.4229    0.297291    0.889874 -0.00370866   -0.196929 -0.00501865   0.0378174  3.0241e-05 2.73952e-06 3.51995e-06   0.0015119 -0.00157063 0.000494502 1.00261       0       0 0
             1.90001  -5.7253  2.57286 -23.3882    0.282155    0.911314 0.000962865 -0.206552  0.033178 0.0506161  2.29476e-05 -1.01255e-05 -1.27519e-05  0.00159007 -0.00227039 0.000439965 1.00258       0       0 22258
             1.90001  -5.9633  2.39407 -23.4078   0.273822    0.88892 -0.0036405  -0.259451 -0.0994358   0.025265  3.87984e-05  1.48462e-05 -6.21611e-06  0.00163508 -0.00171178 0.000586079 1.00173       0       0 0
             2.00066 -6.68582  1.99171 -26.6324    0.24701   0.884532 0.00565638 -0.286185 -0.158033 0.0678358  4.17982e-05 -4.84138e-06 -2.44099e-05  0.00182037 -0.00199282 0.000431176 1.00174       0       0 22304
             2.00066 -6.76978  1.84808 -26.6405    0.23966   0.871608 0.00715571 -0.334753 -0.233848 0.0773733  4.38859e-05  1.57815e-05 -2.01255e-05  0.00189149  -0.0016388 0.000427159 0.996278        0        0 0
             2.10049 -6.93079  1.61577 -29.2189  0.20763 0.854859 0.016045 -0.354605 -0.246619 0.0741675  3.68182e-05 -5.75877e-06 -3.34559e-05  0.00200457 -0.00192279  0.00035462 0.9963      0      0 22197
             2.10049 -7.02686  1.43383 -29.2048  0.204801  0.852596 0.0142582 -0.377071 -0.257288  0.063634  4.68626e-05  1.77618e-05 -3.19796e-05  0.00206058 -0.00184847 0.000409445 0.999561        0        0 0
             2.20035  -6.3552   1.2374 -30.4932  0.168127   0.83451 0.0224064 -0.385213 -0.242996 0.0645579  3.14811e-05 -8.27146e-06 -4.20652e-05  0.00222291 -0.00211392 0.000317088 0.999556        0        0 22176
             2.20035 -6.54015 0.998595  -30.469  0.165349  0.828663 0.0189855 -0.400793 -0.281557 0.0435113  4.89528e-05  1.97691e-05 -4.11307e-05  0.00219642 -0.00195786 0.000423632 0.999748        0        0 0
             2.30019  -6.1959  1.05645 -30.9459  0.126128  0.810397 0.0245152 -0.387957  -0.23259 0.0426447  4.51548e-05  2.03884e-06 -5.62608e-05  0.00251089  -0.0022377 0.000353863 0.999814        0        0 22147
             2.30019 -6.36872 0.872019 -30.9505 0.119126 0.795945 0.022143  -0.42661 -0.334735  0.028589  5.24301e-05  2.17577e-05 -5.18045e-05  0.00243537 -0.00182116 0.000461712 0.999246        0        0 0
             2.40003 -6.16712  1.43989 -30.6881 0.0826253  0.776096 0.0278906 -0.371219 -0.247922 0.0485248   4.4755e-05  2.49391e-06 -6.15062e-05  0.00263492 -0.00221361 0.000347531 0.999222        0        0 22183
             2.40003 -6.3302 1.23058 -30.669 0.080231 0.771038 0.024305 -0.384955 -0.282899 0.0256594  5.95735e-05  2.63367e-05 -6.04074e-05  0.00260303 -0.00207571 0.000458326 0.999843        0        0 0
             2.50027 -5.60757  2.32038 -30.1011 0.0446257  0.750241 0.0320577 -0.334725 -0.207226 0.0612881  4.01294e-05  4.04228e-07 -6.43543e-05  0.00277583  -0.0022356 0.000311753 0.999803        0        0 22154
             2.50027 -5.80117  2.08223 -30.0973 0.0401414  0.738377 0.0282607 -0.354855 -0.295861 0.0367894  5.23329e-05  2.42405e-05 -6.01945e-05  0.00265478 -0.00190398 0.000448476 1.00191       0       0 0
             2.60012 -5.05659  2.95803 -29.8611 0.00758409   0.723575  0.0335072 -0.301991 -0.144847 0.0457876  4.61545e-05  1.14929e-05 -6.43089e-05  0.00295189 -0.00219483 0.000395102 1.00195       0       0 22296
             2.60012 -5.20421  2.76756 -29.8611 0.00313053   0.713651  0.0309869  -0.32681 -0.218412 0.0299995 5.42008e-05 3.13738e-05 -6.0519e-05  0.00288137 -0.00189995 0.000490752 1.00094       0       0 0
             2.69995 -4.42572  3.90451 -30.2802 -0.0247688   0.708163  0.0348056   -0.26519 -0.0657342  0.0343722  4.87198e-05  1.87625e-05 -6.10431e-05  0.00319159  -0.0022594 0.000455587 1.001     0     0 22370
             2.69995 -4.55206  3.69345 -30.2846 -0.0303991   0.695262  0.0313839 -0.295924 -0.161355 0.0130141  5.19353e-05  4.05806e-05 -5.62213e-05  0.00309683 -0.00187766 0.000579232 1.00718       0       0 0
             2.80066 -3.81079  3.94312 -31.6525 -0.0558721     0.6952   0.036965  -0.270184 -0.0398334  0.0410356  4.31893e-05    2.295e-05 -5.28779e-05  0.00336877 -0.00229227 0.000438512 1.00714       0       0 22522
             2.80066 -4.00108  3.67879 -31.6441 -0.0610458   0.678999  0.0318554  -0.290945  -0.159946 0.00889902  5.80801e-05  5.45507e-05 -4.89323e-05  0.00317776 -0.00183618 0.000604285 1.0037      0      0 0
              2.9005  -3.5376  3.29248 -34.2314 -0.0884507   0.677857  0.0383152  -0.286855 -0.0916078  0.0653019  5.24932e-05  2.54867e-05 -4.36659e-05  0.00360792  -0.0023068 0.000471849 1.00384       0       0 22581
              2.9005 -3.67705  3.08118 -34.2359 -0.0900956   0.672892  0.0347737 -0.293714 -0.127725 0.0426603  6.91198e-05   5.2237e-05 -4.11096e-05  0.00353853 -0.00216394 0.000579932 1.00226       0       0 0
             3.00035  -3.5836  3.60642 -36.3242 -0.115141  0.670531 0.0440301 -0.262103 -0.106393 0.0849641  6.84528e-05   1.8027e-05 -4.82516e-05  0.00388955 -0.00257155 0.000464193 1.00232       0       0 22506
             3.00035 -3.75142   3.3589 -36.3203 -0.117916  0.659639 0.0365923 -0.267531 -0.189345 0.0347845  8.50186e-05  4.56978e-05 -4.71061e-05  0.00369761  -0.0022761 0.000699297 1.00143       0       0 0
              3.1002 -4.60234  3.21167 -37.8856 -0.144762  0.650095  0.050324 -0.301729 -0.179333  0.103943  8.27935e-05  2.83917e-05 -5.49269e-05   0.0040383 -0.00261249 0.000400299 1.00147       0       0 22575
              3.1002 -4.69203  2.79435 -37.8901 -0.146661  0.632965 0.0397133 -0.293418 -0.320505 0.0328117  8.11244e-05  6.33236e-05 -4.97844e-05  0.00367053 -0.00219224 0.000710746 0.995991        0        0 0
             3.20005 -4.91773  1.87659  -38.858 -0.181803  0.607729 0.0514018  -0.35787 -0.346023 0.0818946 8.34201e-05 4.47918e-05  -6.055e-05  0.00420753 -0.00242537 0.000475461 0.996019        0        0 22429
             3.20005 -4.98627  1.62566  -38.858 -0.184379  0.595671 0.0445429 -0.362743 -0.445711 0.0351359   7.9534e-05  6.50216e-05 -5.73126e-05  0.00397264 -0.00211865 0.000679666 0.991994        0        0 0
             3.30029 -4.70476   1.6664 -39.4831 -0.222437  0.557908 0.0539835  -0.38796  -0.47014 0.0685788  8.53062e-05  4.25917e-05 -6.39077e-05  0.00445163 -0.00241219 0.000487137 0.992121        0        0 22348
             3.30029 -4.78404  1.36777 -39.4911 -0.223891  0.544358 0.0476195  -0.38171 -0.586224 0.0249741  8.09884e-05  6.53672e-05 -5.93882e-05  0.00413092 -0.00208792 0.000682411 0.988728        0        0 0
             3.40013 -5.03627  1.39235 -39.8857 -0.263071  0.495127  0.057123 -0.400834 -0.571374 0.0847642  9.12015e-05  3.93814e-05 -6.78899e-05  0.00462069 -0.00243562 0.000490574 0.988763        0        0 22131
             3.40013 -5.11543  1.05584 -39.8809 -0.263681  0.482286 0.0477253  -0.39068 -0.682498 0.0215924  9.01904e-05  7.22625e-05 -6.36648e-05  0.00428627 -0.00214103 0.000770985 0.986893        0        0 0
             3.49998 -5.44574  1.26558 -39.8906 -0.305543  0.420549 0.0592266 -0.388005 -0.666831  0.110307   8.5581e-05   3.4724e-05 -7.19882e-05  0.00480076 -0.00231948 0.000561811 0.98697       0       0 22321
             3.49998 -5.48151    1.044 -39.9075 -0.306767  0.408932 0.0542065 -0.383943 -0.770448 0.0770588 8.41126e-05 5.99003e-05 -6.6175e-05  0.00448548 -0.00200626 0.000728908 0.983558        0        0 0
             3.60061 -5.33769  2.69039 -40.2847 -0.343298  0.344748  0.068965 -0.345596 -0.662649    0.1275  8.06565e-05  2.10246e-05 -7.31895e-05  0.00504647 -0.00239041  0.00052385 0.983724        0        0 22348
             3.60061 -5.41268  2.39486 -40.2984  -0.34473  0.330217 0.0636187 -0.338865 -0.793308 0.0914981   8.7397e-05  5.76788e-05 -6.69462e-05  0.00464504 -0.00198975 0.000716392 0.990206        0        0 0
             3.70046 -6.24182   3.2996 -41.4579 -0.376474  0.268634 0.0746598  -0.29198 -0.623774 0.0986496  8.89723e-05  3.00943e-05 -6.94055e-05  0.00525806 -0.00240624 0.000613285 0.990286        0        0 22451
             3.70046 -6.32219  3.00099 -41.4619 -0.380306  0.253711 0.0703548 -0.303969 -0.754475  0.069134  9.67312e-05  6.66488e-05 -6.35184e-05   0.0049178 -0.00195076 0.000779632 0.987632        0        0 0
             3.80037  -6.9113  2.70513 -42.5797 -0.406008  0.199502 0.0802997 -0.244648 -0.562445 0.0934683  9.44052e-05  4.10198e-05 -7.41851e-05  0.00554794 -0.00248725 0.000683725 0.987659        0        0 22663
             3.80037 -6.90512  2.35104  -42.578 -0.405062  0.187302 0.0737547 -0.220781 -0.674139 0.0491798  9.14009e-05  8.47406e-05 -6.78103e-05  0.00512911  -0.0022113 0.000895427 0.985219        0        0 0
             3.90021 -7.62747 0.972867 -43.1775 -0.425063  0.133864 0.0833458 -0.185351 -0.570636 0.0378668  9.68355e-05  4.78479e-05 -7.46719e-05  0.00566168 -0.00253662 0.000674554 0.985193        0        0 22287
             3.90021  -7.6589 0.691235 -43.2067 -0.426286  0.119049 0.0772509   -0.176361   -0.700803 -0.00305066  9.80077e-05   8.2182e-05 -6.53944e-05  0.00523175 -0.00216487 0.000889771 0.980207        0        0 0
             4.00004 -8.20093 0.337643 -43.9831 -0.446806  0.060184 0.0788889  -0.186712  -0.626461 -0.0271084  0.000101443  3.98559e-05 -7.50674e-05  0.00586692  -0.0023758 0.000708455 0.980224        0        0 22170
             4.00004  -8.20795 0.0276106  -44.0019 -0.445582 0.0504977  0.073723  -0.164708  -0.715166 -0.0619448  0.000100086  7.67376e-05 -6.64072e-05  0.00550551  -0.0021761 0.000892611 0.979175        0        0 0
             4.10029 -8.56885 0.154906 -45.0315  -0.468287 -0.0170395   0.070374  -0.206962  -0.709425 -0.0409901  0.000102236  3.78711e-05 -7.51274e-05  0.00602255 -0.00218371 0.000769117 0.979174        0        0 22476
             4.10029  -8.54317 -0.133959  -45.0812  -0.467428 -0.0305055  0.0648699  -0.183694  -0.832796 -0.0783954  9.40319e-05   6.7291e-05 -6.24806e-05  0.00555875 -0.00189097 0.000985698 0.977094        0        0 0
             4.20012 -9.00962 0.645342 -46.2724 -0.489178 -0.103273 0.0675645 -0.223086 -0.770915 0.0447229 0.000104947 3.11357e-05 -7.6001e-05  0.00616711  -0.0021019 0.000746053 0.977086        0        0 22353
             4.20012 -9.03293 0.347589 -46.2686 -0.488064  -0.11064 0.0616336  -0.206259  -0.839092 0.00352736  0.000105662  6.60619e-05 -7.01897e-05  0.00589483 -0.00197218 0.000958035 0.977625        0        0 0
             4.29996 -9.21997  1.51006 -47.0998 -0.514803 -0.185498 0.0690791 -0.275794 -0.766555 0.0482581    0.0001002  2.84969e-05 -8.29377e-05   0.0063867 -0.00208027  0.00074344 0.977601        0        0 22321
             4.29996 -9.20833  1.16669 -47.1068 -0.515154 -0.198351 0.0614341   -0.265378   -0.884116 -0.00374722  9.36969e-05  6.80474e-05 -7.40618e-05  0.00597221 -0.00179889  0.00102733 0.973888        0        0 0
             4.40059 -8.77203  2.39191 -47.9003 -0.546579 -0.275184 0.0661294 -0.314602 -0.802479 0.0290259 9.77275e-05 3.26121e-05 -8.6982e-05  0.00665585 -0.00201389 0.000841525 0.97397       0       0 22595
             4.40059 -8.73418  2.08801 -47.8829 -0.546381 -0.281571 0.0624007 -0.307075 -0.861416 0.0036033  9.06637e-05  7.00874e-05 -8.27008e-05  0.00642986 -0.00188311 0.000978354 0.979274        0        0 0
             4.50044 -7.69398   2.9625 -47.6534 -0.581646 -0.361976 0.0653551  -0.364383  -0.833891 0.00803713  9.81323e-05  4.13995e-05 -9.69135e-05  0.00684982 -0.00199034  0.00088296 0.979287        0        0 22759
             4.50044 -7.69915  2.56668 -47.6555 -0.582078 -0.374298 0.0574027  -0.357368  -0.949467 -0.0482621  9.36398e-05   8.7126e-05 -8.91812e-05  0.00642932 -0.00171333  0.00117566 0.976087        0        0 0
             4.60028 -7.92106  2.70358 -46.8949 -0.620463 -0.460098 0.0595083   -0.397841   -0.866029 -0.00536695  0.000108365  5.23608e-05 -9.80522e-05  0.00683954 -0.00188693 0.000895127 0.976059        0        0 22677
             4.60028 -7.89064  2.41612 -46.8685 -0.619361 -0.464061 0.0541598  -0.386101  -0.903712 -0.0437163  0.000103021  8.68705e-05 -9.66846e-05  0.00666397 -0.00183992  0.00107421 0.974853        0        0 0
             4.70011 -7.87241  3.25106 -45.3853  -0.65952 -0.545003 0.0590933 -0.370287 -0.832321 0.0855352 0.000104336 5.50704e-05 -0.00010669  0.00712779 -0.00197666 0.000897398 0.974857        0        0 22641
             4.70011 -7.83478  2.97625 -45.3804 -0.660711 -0.556118 0.0573094 -0.370299 -0.938444 0.0734211   9.2097e-05  8.25045e-05 -0.000101957  0.00677461 -0.00167016 0.000982197 0.981244        0        0 0
             4.80001 -7.75661  4.67625  -44.507 -0.695292 -0.638671 0.0723138 -0.319843 -0.821043  0.157994  0.000105698  4.97495e-05 -0.000103953  0.00726567 -0.00195054 0.000845386 0.981274        0        0 22823
             4.80001 -7.71561  4.30555    -44.5 -0.695847  -0.64829   0.06655 -0.316449 -0.913337  0.117093  9.44992e-05  9.07753e-05 -9.73345e-05  0.00694324 -0.00170603   0.0010539 0.982222        0        0 0
             4.90064 -7.84808   4.7245 -44.0692 -0.726952 -0.726458 0.0800042  -0.26295 -0.780642  0.107051  0.000105235  6.60285e-05 -9.95964e-05  0.00749786 -0.00193673 0.000974844 0.982246        0        0 22851
             4.90064 -7.80169  4.47772 -44.0769 -0.728293 -0.738156 0.0780956 -0.262551 -0.890622 0.0945725  9.13693e-05  8.97518e-05 -9.27158e-05  0.00714183 -0.00160175   0.0010549 0.979142        0        0 0
             5.00049 -8.10146  5.17178 -44.1353 -0.753214 -0.814686 0.0875989 -0.233113 -0.792201 0.0589601  0.000110607   6.7579e-05 -9.77755e-05  0.00771279 -0.00191302 0.000981381 0.979205        0        0 22978
             5.00049 -8.02699  4.78976 -44.1148 -0.755839 -0.826503  0.081816 -0.243649 -0.901141 0.0181724  9.23566e-05  0.000109989 -9.19347e-05  0.00738549 -0.00156286  0.00119652 0.979239        0        0 0
             5.10033 -8.71897  4.07933 -44.1339 -0.780973 -0.904159 0.0807356  -0.251034  -0.807513 -0.0524065 0.000116109 8.68243e-05 -9.8141e-05  0.00793532 -0.00190533  0.00116939 0.979264        0        0 23048
             5.10033 -8.68707  3.76371  -44.109 -0.782446 -0.911972 0.0764543 -0.256246 -0.878192 -0.081876  0.000106309  0.000124473 -9.47155e-05  0.00770883 -0.00168062  0.00132302 0.983424        0        0 0
             5.20017 -9.18988  3.32417 -43.8461 -0.805698 -0.990422 0.0683696  -0.220345  -0.817583 -0.0985724  0.000121866  9.33229e-05 -0.000100087 0.00810366 -0.0019787 0.00122961 0.983448        0        0 22621
             5.20017 -9.11802  3.07834 -43.8457 -0.807628  -1.00192 0.0697493  -0.224893  -0.924896 -0.0871873  0.000101149  0.000115354 -9.46938e-05  0.00778024 -0.00161633  0.00120879 0.980072        0        0 0
             5.30002 -8.89828  4.10923 -44.0522  -0.83001  -1.08582 0.0643459  -0.223752   -0.87264 -0.0133241  0.000119202  8.20209e-05 -0.000100944  0.00826014 -0.00187588  0.00119043 0.980078        0        0 22603
             5.30002 -8.77172  3.93159 -44.0382 -0.829505  -1.09202 0.0633859  -0.213267  -0.931858 -0.0193433  9.76785e-05  9.90186e-05 -9.88334e-05  0.00803919 -0.00172974  0.00122984 0.978671        0        0 0
             5.40026 -8.25688  5.43144 -43.8116 -0.855105  -1.17797 0.0641186 -0.281129 -0.890903 0.0267081  0.000113359  8.24233e-05 -0.000101934  0.00843813 -0.00195554  0.00124552 0.978699        0        0 22775
             5.40026 -8.17398   5.1235 -43.7967 -0.861123  -1.19984  0.063766 -0.308605  -1.09119 0.0270378  7.93184e-05  0.000106235 -9.75419e-05  0.00790488 -0.00124849  0.00131922 0.987434        0        0 0
             5.50011 -7.66715  6.19907 -44.2162 -0.895163  -1.29464 0.0666283 -0.346022 -0.965142 0.0275156  0.000109848  8.84917e-05 -9.92797e-05    0.008532 -0.00167794  0.00133024 0.987429        0        0 22526
             5.50011 -7.51821  5.92086 -44.1692 -0.894524  -1.29537 0.0618832  -0.340255  -0.971601 -0.0143824  9.07027e-05  0.000124501 -0.000100478  0.00847021 -0.00170742   0.0015177 0.984714        0        0 0
             5.59994 -6.75392  6.07792 -43.5172 -0.930788  -1.38203  0.064144  -0.372136  -0.872073 0.00679342  0.000115445  0.000110635 -0.000106562  0.00890256 -0.00197618  0.00132218 0.984773        0        0 22653
             5.59994 -6.68673  5.67044  -43.523 -0.927744  -1.38862 0.0542067   -0.34002  -0.937138 -0.0846639  0.000103542  0.000155091 -9.98762e-05  0.00854667 -0.00192354  0.00172302 0.984011        0        0 0
             5.70057 -6.56475  5.60131 -42.2177  -0.96676  -1.47412 0.0540872  -0.374773  -0.842984 0.00715108  0.000126154  0.000126364 -0.000107642   0.0090503 -0.00199524  0.00139554 0.984029        0        0 22569
             5.70057 -6.43968  5.38442 -42.2196   -0.9667  -1.48523 0.0620949 -0.372457 -0.956466 0.0828573  9.62108e-05  0.000142958 -0.000104693     0.00872 -0.00159596  0.00104957 0.976524        0        0 0
             5.80048 -6.52573  6.01959 -40.5433  -1.00837  -1.57211 0.0694135 -0.372715 -0.886487  0.103391  0.000114211  0.000129521 -0.000114262  0.00924978 -0.00162059  0.00126718 0.97659       0       0 22586
             5.80048 -6.48643  5.79512 -40.5921  -1.00722  -1.58468 0.0615778  -0.36506  -1.01906 0.0312609  9.28663e-05  0.000136786 -0.000103782  0.00881031 -0.00126023  0.00159741 0.974383        0        0 0
             5.90031  -7.4849  6.97899 -40.0111  -1.04525  -1.67449 0.0714936 -0.335428 -0.885286  0.117424  0.000113923  0.000131253 -0.000109898  0.00940893 -0.00144049   0.0014741 0.974367        0        0 22390
             5.90031 -7.33674  6.64315 -40.0299  -1.04105  -1.67889 0.0681222 -0.290954 -0.929207 0.0841847  9.46518e-05  0.000162478 -0.000101415 0.00912096 -0.0014405 0.00159518 0.976208        0        0 0
             6.00016 -7.43941  6.49827 -39.7469  -1.06903  -1.75814 0.0841337 -0.226786 -0.783564  0.134944  0.000116801  0.000150296 -0.000108671  0.00963831 -0.00165646  0.00137206 0.976148        0        0 22438
             6.00016 -7.32355  6.14888 -39.7341  -1.06913  -1.76754 0.0810063  -0.22562 -0.876223  0.111828  9.04897e-05  0.000185258 -0.000102718  0.00935641 -0.00136839  0.00148487 0.979825        0        0 0
             6.10001 -7.74916  5.36633 -39.6294  -1.09044  -1.84508 0.0908103  -0.18778 -0.781418 0.0524658   0.00011884  0.000157897 -0.000106131   0.0097725 -0.00162717  0.00141402 0.979736        0        0 22478
             6.10001 -7.66737  5.07882 -39.6382  -1.08607  -1.84954 0.0864432 -0.143703 -0.827862 0.0177641  0.000107432  0.000185061 -9.93945e-05  0.00946997 -0.00161288  0.00154306 0.975749        0        0 0
             6.20026 -8.14488  4.47713 -39.8706 -1.10358  -1.9249 0.088025  -0.159529  -0.762862 -0.0134423  0.000122849  0.000148905 -0.000101984  0.00992293 -0.00176962  0.00145777 0.975702        0        0 22411
             6.20026 -8.05454   4.2006 -39.9043  -1.10182  -1.93616 0.0864178  -0.137407  -0.875203 -0.0245727  0.000101471   0.00017881 -9.11689e-05  0.00951431 -0.00145626  0.00151552 0.975097        0        0 0
             6.30012 -7.17424  4.54865 -40.2022  -1.12244  -2.01291 0.0869982 -0.202621 -0.762565 0.0229447  0.000101247   0.00012713 -0.000103649    0.010194 -0.00159792  0.00146068 0.975066        0        0 22170
             6.30012 -7.08892  4.33645 -40.1794  -1.12144  -2.01404 0.0830174   -0.193192   -0.773525 -0.00816896  8.91397e-05  0.000157992 -0.000102742   0.0101052 -0.00160987  0.00160733 0.978806        0        0 0
             6.40033 -6.06454   5.0432 -39.4469  -1.14335  -2.08322 0.0851463 -0.233704 -0.711271 0.0468003  0.000109207   0.00012701 -0.000108349   0.0104701 -0.00189172  0.00160772 0.978793        0        0 22045
             6.40033 -6.00185  4.73257 -39.4876  -1.14041  -2.09734 0.0826725 -0.197318 -0.855353 0.0280721  9.87323e-05  0.000170008 -9.83488e-05  0.00987344 -0.00148956  0.00171005 0.975254        0        0 0
             6.50017 -6.09766  5.21814 -39.4895  -1.16903  -2.17479 0.0896301 -0.308932 -0.797976  0.071973  0.000126672  0.000128676 -0.000102211   0.0105573 -0.00166055  0.00164842 0.975264        0        0 21970
             6.50017 -5.93439  4.91442 -39.4642  -1.16912  -2.18043 0.0853007 -0.308934 -0.854828 0.0347589  0.000102325  0.000172495 -0.000101308   0.0103579 -0.00147745  0.00184186 0.981704        0        0 0
             6.60002 -5.34481   4.4886 -38.8383  -1.20917  -2.25963 0.0917164 -0.455943 -0.830215 0.0308722  0.000114144  0.000140443 -0.000106685    0.010867 -0.00170157  0.00164489 0.981734        0        0 21906
             6.60002 -5.21111  4.15715   -38.84  -1.20657  -2.26798 0.0877129  -0.431571  -0.919093 -0.0045908  9.34656e-05  0.000187699 -0.000102236    0.010478 -0.00146632   0.0018147 0.978882        0        0 0
             6.70027 -4.92689  4.06381 -37.8028  -1.25956  -2.35534 0.0904856 -0.541469 -0.908842 0.0248604  0.000127653  0.000133067 -0.000109303   0.0110294 -0.00161182  0.00162009 0.978902        0        0 22052
             6.70027 -4.79701  3.82525 -37.8271  -1.25651  -2.36052 0.0850404  -0.511522   -0.96286 -0.0271726  0.000108076   0.00016697 -0.000103147   0.0107237 -0.00152752  0.00186958 0.979643        0        0 0
             6.80019 -5.21593  4.55266 -36.7447  -1.30848  -2.44838 0.0921327 -0.487684 -0.880504  0.103476 0.000132863 0.000126282 -0.00011083   0.0111866 -0.00176985  0.00162093 0.979677        0        0 21868
             6.80019 -5.08215  4.27093 -36.7156  -1.30528  -2.45231 0.0832259 -0.455578 -0.920208 0.0274116   0.00011277  0.000169183 -0.000111566   0.0109068 -0.00175078  0.00199559 0.975453        0        0 0
             6.90004  -5.8319  6.29248 -35.1902  -1.35104  -2.53962 0.0965286 -0.414515 -0.881101  0.161621  0.000132976  0.000124132 -0.000119012   0.0113015 -0.00185756  0.00163668 0.975436        0        0 22117
             6.90004 -5.69313   6.0312 -35.1925  -1.34941  -2.55024 0.0980468 -0.400797  -0.99746  0.177965  0.000109727  0.000158629 -0.000113439   0.0109002 -0.00143601    0.001559 0.985148        0        0 0
             7.00029 -6.14559  7.12317 -34.3569 -1.39255 -2.64097 0.119745 -0.38283 -0.91209 0.210824   0.00012777  0.000134241 -0.000116766   0.0115176 -0.00162618   0.0014683 0.985214        0        0 22159
             7.00029 -5.99033  6.79833 -34.3634 -1.39225 -2.65081 0.110311 -0.378071  -1.01293   0.12843  0.000101283  0.000176411 -0.000109232   0.0111686 -0.00128439  0.00189239 0.982556        0        0 0
             7.10013 -6.23319  6.85799 -33.8294 -1.43146 -2.74326 0.125797 -0.355272 -0.932025  0.126744  0.000129151  0.000150218 -0.000113881   0.0117255 -0.00157356  0.00172412 0.982551        0        0 22125
             7.10013 -6.05686  6.49267 -33.8454  -1.4251 -2.74512 0.119002 -0.291905 -0.950132  0.061796  0.000104605  0.000199298 -0.000105893   0.0113744 -0.00170939  0.00199958 0.985446        0        0 0
             7.19997 -6.39874  5.67696 -33.9449 -1.46052 -2.83372 0.127411 -0.328108  -0.90269 0.0442247  0.000126644  0.000156497 -0.000102988   0.0120381 -0.00185864  0.00172186 0.985491        0        0 22000
             7.19997 -6.31019  5.41647 -33.9698 -1.45834 -2.84119 0.125689 -0.309496  -0.98826 0.0268919  0.000110187   0.00019128 -9.52527e-05  0.0117116 -0.0015707 0.00180427 0.975584        0        0 0
             7.30062 -7.17111  4.81194 -34.5746 -1.49435 -2.93194 0.129247 -0.339762   -0.9162 0.0253343  0.000140538  0.000150487 -9.98779e-05    0.012343 -0.00181249  0.00170545 0.975612        0        0 22340
             7.30062 -7.07698  4.51431 -34.6091 -1.48849 -2.93536 0.124613  -0.283455  -0.954118 -0.0142109  0.000126299  0.000189781 -8.96173e-05  0.0119794 -0.0018341 0.00187179 0.974222        0        0 0
             7.40046 -7.27674  4.36314 -34.9684 -1.52239 -3.02401 0.128223 -0.318519 -0.890012 0.0875731  0.000132638  0.000149353 -0.000107031   0.0125531 -0.00200429  0.00181104 0.974261        0        0 22263
             7.40046 -7.17382  4.16354 -34.9431 -1.52165 -3.03108 0.123654 -0.313484 -0.969727 0.0440061  0.000111581   0.00017525 -0.000106916   0.0122834 -0.00172388    0.002054 0.974555        0        0 0
              7.5003 -6.65715  5.06378 -35.0864 -1.55606 -3.12491 0.132237 -0.347329 -0.965371  0.114013  0.000139762  0.000143651 -0.000108927  0.0126194 -0.0018954 0.00205845 0.974592        0        0 22125
              7.5003 -6.46404  4.71207 -35.1274 -1.55696 -3.14503 0.130102 -0.343387  -1.17352 0.0978347  8.76822e-05  0.000176426 -9.65473e-05   0.0120065 -0.00109567    0.002199 0.966431        0        0 0
             7.60014 -5.89201  4.89935 -35.7563 -1.59375 -3.24445 0.142599  -0.40517  -1.02857 0.0970812  0.000129558  0.000147391 -0.000105926   0.0126745 -0.00164494  0.00206861 0.966352        0        0 21932
             7.60014 -5.69716  4.63642 -35.7257 -1.59066 -3.24507 0.139691 -0.377727  -1.03849 0.0763686  0.000102286  0.000183225 -0.000106748   0.0125215 -0.00169983  0.00215681 0.962674        0        0 0
             7.69998 -4.95764  4.35231 -35.4832 -1.62775 -3.33133 0.142796  -0.400768  -0.909063 -0.0123681  0.000134724  0.000160748 -0.000109233   0.0131296 -0.00231882  0.00215853 0.962763        0        0 21827
             7.69998  -4.9118  3.99811 -35.5054 -1.62725 -3.34696 0.134659  -0.373092   -1.04871 -0.0688543  0.000118148  0.000203425 -0.000101706   0.0125882 -0.00187568  0.00245081 0.96342       0       0 0
             7.80029 -4.87654  3.63917 -34.7883  -1.6673 -3.43142 0.134272 -0.415747 -0.866286 -0.028183  0.000151737  0.000164646 -0.000115249   0.0134291 -0.00246513  0.00215816 0.963375        0        0 21821
             7.80029 -4.73164  3.34138 -34.7773 -1.66903 -3.44716 0.127632  -0.408871   -1.00244 -0.0739595  0.000120982   0.00020076 -0.000113343   0.0129817 -0.00196635  0.00240791 0.954515        0        0 0
             7.90014 -4.06968  3.52207 -33.1801 -1.70829 -3.53269 0.132429  -0.37155 -0.882679 0.0645274  0.000142831  0.000166065 -0.000122317  0.0135071 -0.0023757 0.00206895 0.954507        0        0 21930
             7.90014 -3.94974  3.21387 -33.2045 -1.70974 -3.54912 0.129009 -0.360774  -1.02688 0.0409963  0.000114077  0.000200764 -0.000114748   0.0130402 -0.00184049  0.00220913 0.953704        0        0 0
             8.00001 -4.09813  3.90292 -32.3593 -1.74216  -3.6442 0.139135 -0.277965 -0.989259  0.105461  0.000149933  0.000165149 -0.000113568   0.0134637 -0.00213658  0.00209242 0.953627        0        0 21943
             8.00001 -3.91955  3.68817 -32.4013  -1.7439 -3.65954 0.136048 -0.271218  -1.12097 0.0843137  0.000111773  0.000185121 -0.000103527   0.0130623 -0.00162894  0.00221788 0.956433        0        0 0
             8.10064 -3.40379  5.29426 -32.3903 -1.76787 -3.75654 0.145894 -0.209086 -0.982461 0.0797019  0.000146184  0.000163742 -0.000109946   0.0136662 -0.00209972  0.00215688 0.956383        0        0 22368
             8.10064 -3.21738  4.97088 -32.3873 -1.76723 -3.76558 0.140378 -0.191204  -1.06117 0.0411329  0.000111965  0.000200394 -0.000105292   0.0133657 -0.00184154  0.00235472 0.964369        0        0 0
             8.20047 -3.33782  4.75978 -32.5208 -1.78819 -3.85795 0.146074   -0.201674   -0.934767 -0.00334274  0.000164197  0.000192395 -0.000109333   0.0139734 -0.00215247  0.00219501 0.9644      0      0 22448
             8.20047 -3.20521  4.42787 -32.5355 -1.79088 -3.87347 0.139751  -0.204292    -1.0654 -0.0485541  0.000128916   0.00022884 -0.000101058   0.0136249 -0.00163073  0.00242822 0.958885        0        0 0
             8.30032 -4.38047  3.52103 -33.3832 -1.80989 -3.96132 0.134171  -0.206751  -0.925256 -0.0860106  0.000179406  0.000201959 -0.000100576   0.0141947 -0.00224215   0.0023329 0.958916        0        0 22311
             8.30032 -4.21381  3.21633 -33.3917 -1.81133 -3.97549 0.132591  -0.200482   -1.04599 -0.0968281  0.000141224  0.000237463 -9.45035e-05   0.0138417 -0.00177488  0.00238732 0.947012        0        0 0
             8.40016 -5.29646  1.99676 -35.1058 -1.83042 -4.06021 0.123787   -0.20001  -0.885767 -0.0547823  0.000186954  0.000205182 -9.23613e-05    0.014479 -0.00244521  0.00239834 0.947003        0        0 21964
             8.40016 -5.10773  1.79949 -35.1282 -1.83022 -4.06972 0.119374  -0.185694  -0.969671 -0.0856334  0.000150485  0.000226117 -8.60745e-05   0.0141806 -0.00216016  0.00255786 0.944538        0        0 0
             8.50001 -4.96399  2.90639 -35.7523  -1.8494 -4.15076 0.120755 -0.200461  -0.78834 0.0453019  0.000184252  0.000188268 -0.000111261   0.0146458 -0.00252755  0.00240201 0.944609        0        0 21865
             8.50001 -4.78428  2.55018 -35.7459 -1.84712 -4.16254 0.114933  -0.164849  -0.896299 0.00581265 0.000147301 0.000225895 -0.00010631   0.0141843 -0.00221932  0.00261435 0.949355        0        0 0
             8.60064 -4.91223  2.27496 -35.5995  -1.8637 -4.23637 0.127229  -0.14694 -0.722545  0.110532  0.000199846  0.000210812 -0.000117545   0.0147226 -0.00255934  0.00226562 0.949357        0        0 22053
             8.60064 -4.71347  1.97754 -35.6029 -1.86279 -4.24735 0.126015 -0.124852 -0.821799  0.103439  0.000157706  0.000237555 -0.000111711   0.0143441 -0.00224286  0.00231748 0.945007        0        0 0
             8.70047 -4.68918  1.68631 -34.1759 -1.87859 -4.31865 0.139895 -0.141994 -0.686978  0.142373  0.000186502  0.000219209 -0.000128276   0.0148626 -0.00235801  0.00223112 0.944986        0        0 22002
             8.70047 -4.48671  1.33755 -34.1791 -1.87692 -4.32684 0.133008 -0.117201 -0.761127 0.0943443  0.000149002  0.000254073 -0.000122181    0.014546 -0.00216735  0.00248022 0.942946        0        0 0
             8.80038  -3.88476 -0.627547  -31.8788 -1.89531 -4.39249 0.150415 -0.170703 -0.618668  0.211259   0.00017657  0.000241524 -0.000131337   0.0150844 -0.00224385  0.00237552 0.94299       0       0 21932
             8.80038 -3.63211 -1.00911 -31.8682  -1.8929 -4.39983 0.146335 -0.140542 -0.687528  0.183066  0.000133001  0.000283207 -0.000128694   0.0147656 -0.00207633  0.00252547 0.938596        0        0 0
             8.90023 -3.32805 -2.43871 -28.4671 -1.90927 -4.45306 0.172416 -0.110789 -0.453964  0.259729  0.000177175  0.000242259 -0.000141003   0.0152631 -0.00225245  0.00233191 0.938575        0        0 21590
             8.90023 -3.11512 -2.61806 -28.4535 -1.90582 -4.45433 0.171142 -0.0781139   -0.47031   0.251668  0.000146912  0.000260827 -0.000141262   0.0150855 -0.00227919  0.00237485 0.923232        0        0 0
             9.00006  -3.7728 -1.47893 -24.5533 -1.91363 -4.49476 0.193933 -0.0233891   -0.27271   0.209367  0.000170049  0.000213184 -0.000140415   0.0152578 -0.00204199  0.00240108 0.923247        0        0 21515
             9.00006 -3.58859 -1.85798 -24.5019 -1.90939 -4.49608 0.187823 0.0156939 -0.288531  0.168382  0.000144768  0.000260767 -0.000142777   0.0150514 -0.00208267  0.00261601 0.933985        0        0 0
             9.10029 -4.13613 -2.47872 -19.9586 -1.91336 -4.51039 0.209437 -0.0259423 -0.0558277     0.1586   0.00015325  0.000237136 -0.000148757  0.0154246 -0.0021058 0.00235761 0.933993        0        0 21485
             9.10029 -3.94949 -2.78758 -19.9399 -1.90669 -4.50381 0.206753   0.027032 -0.0111487   0.141168   0.00012987  0.000286204 -0.000149168   0.0152797 -0.00242405  0.00243149 0.937524        0        0 0
             9.20013 -3.18155  -1.9248 -15.4152 -1.90703 -4.49719 0.218337 0.0153399  0.105538 0.0655998  0.000134962  0.000227645 -0.000139514    0.015618 -0.00246032  0.00234746 0.937546        0        0 21365
             9.20013 -2.99354 -2.12125 -15.4165 -1.90509 -4.50102 0.218468 0.0383159 0.0728587  0.067285 0.000104095 0.000257431 -0.00013714   0.0154304 -0.00234771  0.00235669 0.932758        0        0 0
             9.29996 -1.39076 -1.61611 -11.6622 -1.90743 -4.48613 0.218343 -0.0398229    0.17141 -0.0214653  0.000112481  0.000243908 -0.000124731  0.0158162 -0.0024735 0.00247931 0.932744        0        0 21786
             9.29996 -1.30401 -1.93019 -11.6325 -1.90672 -4.49264 0.212566 -0.0280859   0.122174 -0.0593201  9.77077e-05  0.000287081 -0.000127423   0.0156783 -0.00225257  0.00270892 0.929616        0        0 0
             9.40061 -0.31455 -1.46186 -8.71203 -1.91655 -4.47035 0.206685  -0.10233  0.221399 -0.079175  0.000108493  0.000256863 -0.000106024   0.0160927 -0.00250569  0.00261365 0.929643        0        0 22252
             9.40061 -0.384735  -1.69642  -8.69158 -1.91262 -4.47153  0.20061 -0.0639948   0.210119   -0.12052   0.00011955  0.000288618 -0.000108852   0.0159011 -0.00249438  0.00283806 0.934272        0        0 0
             9.50045 -0.272275 -0.654201  -6.33087 -1.92298   -4.443 0.201197  -0.098259   0.262535 -0.0349679  0.000114291  0.000253478 -9.90131e-05   0.0161986 -0.00272849  0.00238206 0.934348        0        0 22168
             9.50045 -0.320885 -0.868221    -6.281 -1.92342 -4.45263 0.196937 -0.0977826    0.19375 -0.0636765  0.000117673  0.000285884 -0.000106093   0.0161346 -0.00238005  0.00254418 0.94491       0       0 0
             9.60028 -0.521364  0.859487  -4.75062 -1.93649 -4.42577 0.202969 -0.137959  0.198712 0.0026243  0.000131289  0.000240251 -9.02491e-05    0.016357 -0.00275931  0.00205574 0.94491       0       0 22505
             9.60028 -0.490459  0.619939  -4.75423 -1.93117 -4.42125  0.19389 -0.0883087   0.229917 -0.0581719  0.000127708  0.000278609 -8.97725e-05   0.0161119 -0.00295068  0.00238975 0.966498        0        0 0
             9.70012  -0.5934  2.37828 -4.02415 -1.94331 -4.40299 0.194113  -0.124201    0.09821 -0.0240926  0.000119417   0.00024686 -8.10775e-05   0.0163018 -0.00303122  0.00214314 0.966516        0        0 22583
             9.70012 -0.640902   2.18784  -3.99917 -1.94225 -4.40897 0.185595  -0.112355  0.0562117 -0.0804797  0.000126601   0.00027733 -8.44981e-05   0.0162139 -0.00281059   0.0024565 0.961302        0        0 0
             9.80004 -0.855714   3.59603  -4.03172 -1.95997 -4.40571  0.18287  -0.189241 -0.0674502 -0.0338193 0.000129178 0.000254432 -7.5401e-05   0.0165531 -0.00303161  0.00228765 0.961319        0        0 22454
             9.80004 -0.875123   3.35068  -4.02357 -1.95701 -4.40795 0.173989  -0.159699 -0.0835824 -0.0943068  0.000131663   0.00029221 -7.62063e-05   0.0163728 -0.00295638  0.00262016 0.969474        0        0 0
             9.90028 -1.24316  4.38254 -4.79531 -1.97758 -4.41418 0.173434  -0.206631  -0.179383 -0.0213061   0.00014129  0.000259448 -7.46934e-05   0.0166805 -0.00335421  0.00234618 0.96953       0       0 22855
             9.90028 -1.19453  4.23586 -4.78597 -1.97823 -4.42346 0.168412  -0.210514  -0.245045 -0.0546534   0.00013064  0.000283016 -7.48033e-05   0.0166675 -0.00300719  0.00253296 0.970889        0        0 0
             10.0001  -1.7468  5.70824 -6.68129 -2.00231 -4.44339 0.168726   -0.255211    -0.31632 -0.00117301   0.00014718  0.000249696 -6.87347e-05   0.0168581 -0.00350148   0.0023629 0.970942        0        0 22962
             10.0001 -1.73336  5.50573  -6.7339 -2.00066 -4.44738 0.161794  -0.238505  -0.345732 -0.0485415  0.000142719  0.000281227 -5.90883e-05    0.016734 -0.00335791  0.00261879 0.961875        0        0 0
                10.1 -2.77795  6.23784 -9.69344  -2.0286 -4.47864   0.1626  -0.295064  -0.414334 0.00662046   0.00016445  0.000253775 -6.07669e-05   0.0169599 -0.00375071  0.00247657 0.961867        0        0 23063
                10.1 -2.74076  5.97302 -9.72062 -2.02902 -4.48558  0.15642  -0.29756 -0.462896 -0.035144  0.000156141  0.000297205 -5.39689e-05   0.0169192 -0.00350053  0.00271079 0.955013        0        0 0
             10.2006 -3.91832   6.5373 -12.6071 -2.06213  -4.5306 0.156663  -0.355812  -0.511429 0.00314838  0.000187091  0.000250615 -6.74019e-05   0.0170747 -0.00374697  0.00259718 0.955017        0        0 23149
             10.2006 -3.81226  6.31525 -12.5824 -2.06028 -4.53092 0.141937 -0.337648  -0.51399 -0.100504  0.000169989  0.000285741 -6.91068e-05   0.0169101 -0.00377702  0.00315977 0.948921        0        0 0
             10.3004  -5.0462  7.32494 -15.2807 -2.09769 -4.57686 0.146364 -0.393412  -0.50725 0.0511063  0.000194161   0.00025135 -7.87336e-05   0.0171459 -0.00405495   0.0026294 0.948849        0        0 23164
             10.3004 -4.96145  7.05416 -15.3029 -2.09782 -4.58338 0.143427 -0.391818 -0.555204 0.0284857  0.000176742  0.000295243 -7.13168e-05   0.0170637 -0.00381517  0.00276213 0.946628        0        0 0
             10.4003 -5.94939  7.04949 -18.0308  -2.1393 -4.63027 0.156321 -0.419159 -0.516474  0.152077  0.000212312  0.000260981 -8.60011e-05   0.0173558 -0.00418177  0.00251544 0.946601        0        0 23105
             10.4003 -5.76226  6.81914 -18.0561 -2.13873 -4.63836 0.153202  -0.40838 -0.578434  0.129287  0.000175067  0.000295493 -7.83407e-05  0.0171989 -0.0038948 0.00264676 0.955065        0        0 0
             10.5001 -5.73063  6.38842 -20.4487  -2.1848 -4.68793 0.169338 -0.457611 -0.511619  0.171453  0.000210039   0.00026459 -9.20114e-05   0.0176947 -0.00416618  0.00264442 0.955122        0        0 22930
             10.5001 -5.55237  6.14076 -20.4935 -2.18388 -4.69527  0.16526  -0.44261 -0.570023  0.140777   0.00017434  0.000301584 -8.10161e-05   0.0175013 -0.00391893  0.00281733 0.955811        0        0 0
                10.6 -5.45268  5.31279 -22.8382 -2.22901 -4.73657 0.180836 -0.443415   -0.4319  0.150909  0.000227302  0.000262921 -9.31156e-05   0.0179186 -0.00439535  0.00275068 0.955822        0        0 22698
                10.6 -5.27971  5.02902 -22.8557 -2.23093 -4.74964 0.176638 -0.448994 -0.529446  0.120784  0.000189494  0.000308108 -8.61217e-05   0.0177461 -0.00392437  0.00295076 0.956112        0        0 0
             10.7007 -5.30715  4.39085 -25.9255 -2.26779 -4.78096 0.188186 -0.345232 -0.340291  0.125033  0.000236195  0.000259146 -8.80242e-05   0.0180192 -0.00473599  0.00292698 0.956037        0        0 22524
             10.7007 -5.14815  4.17943 -25.9456 -2.26992 -4.79494 0.184189 -0.350472  -0.44787 0.0966628  0.000200769  0.000291504 -8.15761e-05    0.017808 -0.00421871  0.00312133 0.94929       0       0 0
             10.8005 -4.99608  3.54405 -28.9971 -2.30014  -4.8168 0.201819  -0.29747 -0.228324  0.164773  0.000263383  0.000249633 -9.29748e-05   0.0182425 -0.00492878  0.00281783 0.94929       0       0 22259
             10.8005 -4.78898  3.22126 -29.0123 -2.30142 -4.82996 0.198539 -0.295205 -0.332781  0.142765  0.000220173  0.000305199 -8.49519e-05   0.0179759 -0.00445288  0.00297038 0.946263        0        0 0
             10.9004 -5.05519  1.96226 -31.5604 -2.32768 -4.84476 0.218807 -0.226469 -0.134407  0.187136  0.000269221  0.000250301 -9.17303e-05   0.0184737 -0.00494526  0.00272906 0.946241        0        0 22121
             10.9004 -4.86251  1.67825 -31.5819 -2.32711 -4.85074 0.214914 -0.214329 -0.184743  0.160618 0.000237195 0.000296291 -8.4836e-05   0.0182564 -0.00475354  0.00289161 0.945384        0        0 0
             11.0002 -4.72897 0.779027 -33.5525 -2.34432 -4.85304 0.233797   -0.125827 -0.00207536    0.172381  0.000269833  0.000254105 -0.000105155   0.0187391 -0.00514762   0.0027529 0.945363        0        0 21720
             11.0002  -4.5757 0.503624  -33.587 -2.34493 -4.86634 0.229066  -0.11493 -0.115192  0.140712   0.00023627  0.000289229 -9.42029e-05   0.0183696 -0.00467983  0.00296665 0.939811        0        0 0
             11.1001  -3.87708 -0.387232  -34.5674  -2.3526 -4.85676 0.241047 -0.0506536   0.108052  0.0997625  0.000281746  0.000257022 -0.000116137   0.0189702 -0.00525567  0.00296115 0.939785        0        0 21503
             11.1001  -3.68882 -0.649809  -34.6021 -2.35529 -4.87162 0.239326 -0.0570695 -0.0175967  0.0899393 0.000236967  0.00029128 -0.00010517   0.0186273 -0.00469586   0.0030656 0.931409        0        0 0
             11.2003 -3.31383 -1.13881 -34.6935 -2.35709 -4.85497 0.246225 0.0167183  0.164778 0.0515449  0.000304504  0.000255609 -0.000125561   0.0192258 -0.00522959  0.00304935 0.931415        0        0 21480
             11.2003 -3.06112 -1.42273 -34.7308 -2.35808 -4.86951 0.242391 0.0251756 0.0372624 0.0268194 0.000250564  0.00029049 -0.00011434   0.018793 -0.0047202  0.0032333 0.92857       0       0 0
             11.3001 -2.71567 -1.55172 -34.1327 -2.35242 -4.85197 0.248775 0.0864971  0.180936 0.0264014  0.000287926  0.000249917 -0.000128302   0.0192682 -0.00508855  0.00299411 0.928565        0        0 21591
             11.3001 -2.51697  -1.8731 -34.1484  -2.3504 -4.86122 0.241747   0.115203  0.0972966 -0.0209278  0.000249755  0.000290539 -0.000121126   0.0188818 -0.00483424  0.00328408 0.920384        0        0 0
                11.4 -1.86701 -1.80423 -32.4611 -2.34145 -4.83896 0.244568    0.123075     0.23221 -0.00251094  0.000285346  0.000261549 -0.000137503   0.0195312 -0.00505524  0.00302916 0.920402        0        0 21642
                11.4  -1.6862 -2.11242 -32.4599  -2.3384 -4.84467 0.238671   0.156229   0.178444 -0.0428283  0.000252963  0.000301772 -0.000134432   0.0192155 -0.00493424  0.00327331 0.928245        0        0 0
             11.5006 -1.41553 -1.55812 -29.9437 -2.32853 -4.81709 0.242621   0.131826   0.288282 0.00186824  0.000274542  0.000278483 -0.000148062   0.0198924 -0.00501053  0.00289981 0.928247        0        0 21683
             11.5006 -1.23444 -1.85301 -29.9696 -2.32795 -4.82961 0.236336   0.151319   0.180031 -0.0394419  0.000234072  0.000307377 -0.000138596   0.0194906 -0.00459574  0.00316291 0.938806        0        0 0
             11.6005 -0.883592  -1.23386  -26.9544  -2.3141 -4.79864 0.241558  0.156712  0.315748 0.0220511  0.000263471  0.000286799 -0.000152218    0.019992 -0.00489483  0.00279802 0.938794        0        0 21484
             11.6005 -0.746318  -1.53165  -26.9519 -2.31168 -4.80714 0.234176   0.188592   0.240396 -0.0287113  0.000234649  0.000317656 -0.000148538   0.0196543 -0.00465046  0.00309494 0.931239        0        0 0
             11.7003 -0.501787 -0.843913  -23.3839  -2.2969 -4.77692 0.241536  0.157338  0.308054 0.0404256  0.000249342  0.000287832 -0.000151639   0.0200466 -0.00473239  0.00268569 0.931232        0        0 21534
             11.7003 -0.346704  -1.14295  -23.3674  -2.2925 -4.77479 0.236666   0.194483   0.320307 0.00621299  0.000230066  0.000329368 -0.000154452   0.0199033 -0.00488452  0.00287325 0.931911        0        0 0
             11.8002 -0.210874 -0.547588  -19.4942 -2.27843 -4.74362   0.2432  0.153018  0.310602 0.0460365  0.000246316  0.000292359 -0.000151464   0.0201852 -0.00477638  0.00265043 0.931918        0        0 21510
             11.8002 -0.0815288  -0.805805    -19.477 -2.27512 -4.74482  0.23933   0.18507  0.296934 0.0200461  0.000225971   0.00032618 -0.000153702   0.0199976 -0.00478298  0.00279657 0.933539        0        0 0
                11.9 -0.0101339   0.175909   -15.9296 -2.26447 -4.71983 0.244041  0.112474  0.246681 0.0403122 0.000241895 0.000293015 -0.00014276   0.0203533 -0.00458441  0.00269835 0.933566        0        0 21870
                11.9   0.18169 -0.128213  -15.9353 -2.25475  -4.7067 0.234791   0.189909   0.339086 -0.0227753  0.000230943  0.000336027 -0.000145366   0.0201427 -0.00518601  0.00304623 0.935794        0        0 0
             12.0003  0.23668 0.673087 -12.6335 -2.24421 -4.67431 0.236518   0.103994   0.307461 0.00784982   0.00025342  0.000304749 -0.000135976   0.0205854 -0.00512605  0.00290858 0.935818        0        0 22223
             12.0003 0.360646 0.378316 -12.5919 -2.24351 -4.68172 0.226767   0.115625   0.251511 -0.0588051  0.000224026  0.000349364 -0.000141914    0.020429 -0.00485863  0.00328114 0.932078        0        0 0
             12.1001 0.396478 0.904408 -9.97403 -2.23712 -4.64895 0.228059   0.0580498    0.277751 -0.00322832   0.00024057   0.00032437 -0.000127816   0.0208883 -0.00522335  0.00302441 0.932086        0        0 22210
             12.1001 0.443743 0.611907 -9.98209 -2.23223 -4.64675 0.216049   0.103116   0.290257 -0.0863031  0.000235655  0.000366183 -0.000127276    0.020645 -0.00534308  0.00350649 0.940422        0        0 0
             12.1999 0.474643  1.19926 -7.99082  -2.2269 -4.61604 0.223099 0.0496633  0.255603 0.0286449  0.000248249  0.000337686 -0.000118188   0.0209654 -0.00551261   0.0029177 0.940519        0        0 22221
             12.1999 0.545053 0.898149  -8.0052 -2.22209 -4.61939   0.2106  0.0987365   0.228995 -0.0587177  0.000234245  0.000371994 -0.000116157   0.0206767 -0.00541431  0.00340436 0.941259        0        0 0
             12.3006 0.470481  1.57646 -6.99133 -2.21896 -4.59744 0.222973 0.0254353   0.14381 0.0695645  0.000244818  0.000337299 -0.000105028   0.0210544 -0.00555416  0.00272245 0.941376        0        0 22277
             12.3006 0.484342  1.33912 -7.01067  -2.2189 -4.60448 0.217596 0.0290751 0.0936517   0.03326  0.000234368  0.000374591 -0.000100739   0.0209868 -0.00529466  0.00291814 0.949003        0        0 0
             12.4004 0.0238761   2.05321  -7.53565 -2.22152 -4.60072 0.228165 -0.0375714 -0.0568984  0.0875456  0.000244595  0.000331067 -9.23516e-05   0.0212928 -0.00538067  0.00266957 0.949059        0        0 22370
             12.4004 0.0803423   1.81885  -7.52841 -2.22129 -4.60758 0.219328 -0.0339531  -0.105041  0.0282062   0.00023124  0.000370567 -9.30597e-05    0.021224 -0.00512072  0.00300226 0.948846        0        0 0
             12.5003 -0.38095  2.41998  -9.1963 -2.22477 -4.61289 0.227674 -0.0580057  -0.194206  0.0690838  0.000253539  0.000324984 -8.28888e-05   0.0212698 -0.00571087  0.00280689 0.948831        0        0 22472
             12.5003 -0.308918   2.18961  -9.21334 -2.21936 -4.61322 0.215851 -0.0048785  -0.198894 -0.0120426  0.000240743  0.000365477 -7.96044e-05   0.0209405 -0.00572181  0.00327376 0.954093        0        0 0
             12.6001 -0.733819   2.91937  -11.4148 -2.22948 -4.63118 0.220457 -0.134007 -0.300863 0.0355561  0.000257724  0.000324293 -7.32106e-05   0.0215091 -0.00614435  0.00308863 0.954161        0        0 22392
             12.6001 -0.662485   2.67398    -11.41 -2.22787 -4.63502 0.215006   -0.117041   -0.329242 -0.00176345  0.000244501   0.00036786 -7.36307e-05   0.0213679 -0.00599823  0.00330942 0.946568        0        0 0
             12.6999 -1.17365  2.65742 -14.2586 -2.24716 -4.67021 0.220811  -0.21797 -0.450362 0.0516702 0.000275712 0.000329293 -7.1759e-05   0.0217629 -0.00622338  0.00311552 0.946561        0        0 22320
             12.6999 -1.06333  2.40253  -14.256 -2.24718 -4.67565 0.214215  -0.215852  -0.489819 0.00583336  0.000254831   0.00037416 -7.14157e-05   0.0216898 -0.00600731  0.00339143 0.942923        0        0 0
             12.8003 -1.13685   2.6877 -17.0847 -2.27135 -4.72149 0.220014 -0.267767 -0.553269 0.0388073  0.000284254  0.000320451 -8.02302e-05   0.0218823 -0.00642361  0.00317761 0.942895        0        0 22408
             12.8003 -1.02316   2.4317 -17.1039 -2.26969 -4.72733 0.212602  -0.247441  -0.597626 -0.0130168  0.000262403  0.000365312 -7.60219e-05    0.021689 -0.00621271  0.00348351 0.943657        0        0 0
             12.9001 -1.57942   2.4468 -19.6983 -2.29836 -4.78246  0.21556  -0.30409  -0.62068 0.0182909  0.000309941  0.000317741 -8.96366e-05   0.0220294 -0.00656569  0.00332189 0.943622        0        0 22259
             12.9001 -1.41722  2.19264 -19.7085 -2.29622 -4.78779 0.211049  -0.279188  -0.663058 -0.0130019  0.000279972  0.000362274 -8.69133e-05   0.0218069 -0.00638407  0.00350294 0.948553        0        0 0
             13.0003 -2.35364  2.39455 -21.4572 -2.32722 -4.84584 0.213208 -0.314428 -0.636174 0.0265864  0.000319124   0.00031533 -0.000103428   0.0222498 -0.00682183  0.00341372 0.94854       0       0 22237
             13.0003 -2.22525  2.11325 -21.4427 -2.32538 -4.85238 0.208246   -0.290798   -0.688622 -0.00753568  0.000294959  0.000364144 -0.000104133   0.0220041 -0.00659251  0.00361405 0.946985        0        0 0
             13.1002 -2.86082  2.03466 -22.0456  -2.3577 -4.91268 0.214488 -0.303245 -0.631786 0.0637981  0.000333087  0.000318718 -0.000126559    0.022565 -0.00691931  0.00341996 0.946974        0        0 22158
             13.1002 -2.59803  1.80286 -22.0506 -2.35761 -4.92063 0.212298 -0.294577 -0.694783 0.0492901  0.000284138  0.000359516 -0.000123516   0.0223761 -0.00661403  0.00351138 0.942529        0        0 0
                13.2 -2.34181  2.26384 -22.2399 -2.38683 -4.98536 0.218538 -0.250424 -0.650762 0.0535269   0.00032714  0.000314273 -0.000132676   0.0227118 -0.00672879  0.00347418 0.942532        0        0 22056
                13.2   -2.151  2.01268 -22.2529 -2.38572 -4.99418 0.213852 -0.230186 -0.722263  0.021873 0.000290667 0.000355359  -0.0001279   0.0224306 -0.00640368  0.00367228 0.946454        0        0 0
             13.3003 -2.22542  2.60655 -23.0659 -2.40336 -5.04663 0.222417 -0.146073 -0.564129 0.0516405  0.000327655  0.000311612 -0.000130057   0.0228716 -0.00715826   0.0033568 0.946392        0        0 22163
             13.3003  -2.0776  2.37912 -23.0881 -2.40376 -5.05722  0.21939 -0.138188 -0.646599 0.0316255  0.000296667  0.000347788 -0.000123395    0.022637 -0.00674541  0.00348911 0.948048        0        0 0
             13.4001 -1.94613   3.2839 -24.0911  -2.4133 -5.10696 0.224532 -0.0693717  -0.536098  0.0330704  0.000349479  0.000310093 -0.000131588   0.0230772 -0.00731721  0.00338216 0.948022        0        0 22068
             13.4001 -1.70859  2.97157 -24.1054 -2.41296 -5.11681 0.216929 -0.0553875  -0.614287 -0.0204084  0.000302587  0.000360135 -0.000125405   0.0228064 -0.00695509  0.00370886 0.959875        0        0 0
             13.5003 -1.78319   2.6278 -24.7928 -2.41698 -5.16088 0.219141 -0.0230693  -0.491841 -0.0130276 0.000364212 0.000327499 -0.00013565   0.0233838 -0.00761699  0.00345924 0.959853        0        0 22135
             13.5003 -1.55176  2.34996 -24.8246 -2.41686 -5.17173 0.216106 -0.00990688   -0.577148  -0.0333139  0.000317131  0.000372021 -0.000127394   0.0231006 -0.00721221  0.00358228 0.950502        0        0 0
             13.6002  -1.9361  2.27145 -25.5316 -2.41688 -5.21874 0.212001  0.0196242  -0.506781 -0.0488167  0.000373967  0.000324548 -0.000134033   0.0236006 -0.00762593  0.00359424 0.950474        0        0 21825
             13.6002 -1.70377  2.03833 -25.5791 -2.41754 -5.23162  0.20847  0.0282723   -0.60753 -0.0729758  0.000324916  0.000360848 -0.000122932   0.0232992 -0.00713309  0.00374201 0.943929        0        0 0
                13.7 -2.57258  2.19715 -26.4381 -2.41507 -5.27575 0.205663 0.00322135  -0.502576 -0.0211953   0.0003885 0.000322162 -0.00013594  0.0238819  -0.007809 0.00358384 0.943915        0        0 21789
                13.7 -2.33272  1.89196 -26.4722 -2.41505 -5.28942 0.202379   0.019223  -0.611843 -0.0439044  0.000337658  0.000369629 -0.000126503   0.0235091 -0.00729249  0.00372277 0.948463        0        0 0
             13.8003 -2.93015  2.12764  -26.576  -2.4182  -5.3393 0.202874 -0.0728023  -0.557331 0.00305801  0.000393302  0.000327417 -0.000144988   0.0241231 -0.00779189  0.00361515 0.948467        0        0 22119
             13.8003 -2.65377   1.8959 -26.6142 -2.41759 -5.34921 0.201296 -0.0555168  -0.638153 -0.0073247  0.000337317  0.000360253 -0.000135662   0.0238184 -0.00743357  0.00367936 0.945148        0        0 0
             13.9002 -2.52987  2.23599 -26.5781 -2.43061 -5.41076 0.202063   -0.144125     -0.6559 -0.00105468 0.000384579 0.000326545   -0.000143   0.0242705 -0.00753989  0.00361996 0.945137        0        0 22035
             13.9002 -2.22854  1.96601 -26.6082 -2.42917 -5.41946 0.200142  -0.120512  -0.729861 -0.0136944  0.000324516  0.000365265 -0.000135489   0.0239482 -0.00723901  0.00369793 0.94359       0       0 0
                  14 -2.07217  2.88633 -26.6559 -2.44378 -5.48118 0.200132   -0.17924  -0.685518 -0.0153017   0.00038658  0.000323066 -0.000148302    0.024488 -0.00779209  0.00361611 0.943568        0        0 22048
                  14 -1.83621  2.66967 -26.7127 -2.44378 -5.49113 0.198579  -0.167394  -0.767861 -0.0264746  0.000335673  0.000354048 -0.000136185   0.0242041 -0.00741462  0.00368758 0.940928        0        0 0
             14.1003 -2.08778   3.3158 -26.4419 -2.46572 -5.55915 0.195867  -0.261351  -0.728166 -0.0350528  0.000389335  0.000326288 -0.000148567  0.0246705 -0.0078413  0.0036579 0.940897        0        0 22254
             14.1003 -1.87492   3.0077 -26.4515 -2.46346 -5.56663 0.190755 -0.231772 -0.792162 -0.070204  0.000346159  0.000371994 -0.000144919   0.0243307 -0.00760549   0.0038613 0.94081       0       0 0
             14.2001 -2.16142  3.56357 -25.4042 -2.49336 -5.64124  0.18614  -0.306551  -0.776799 -0.0345823  0.000391714  0.000334633 -0.000160381   0.0248498 -0.00776808  0.00381703 0.940827        0        0 22203
             14.2001 -1.92376  3.33835 -25.4251  -2.4921 -5.64758  0.18328  -0.287778  -0.830877 -0.0544857 0.000344371 0.000367421 -0.00015488   0.0245991 -0.00755231  0.00393052 0.946674        0        0 0
             14.2999 -2.26633  4.64643 -24.1965 -2.52237 -5.72361 0.186859  -0.26962 -0.791273 0.0887645 0.000396507 0.000333455 -0.00016572   0.0251108 -0.00784381  0.00379176 0.946641        0        0 22294
             14.2999 -2.07862  4.40945  -24.203 -2.52006  -5.7285 0.185159 -0.242362 -0.834276 0.0773209  0.000357594  0.000367112 -0.000162022   0.0248379 -0.00769541  0.00385171 0.950537        0        0 0
             14.4006 -2.64535  5.33333 -23.2176 -2.54502 -5.80866 0.199884 -0.221186 -0.789419  0.141036  0.000397408  0.000346787 -0.000162507   0.0252088 -0.00774912  0.00372392 0.950511        0        0 22390
             14.4006 -2.38301  5.05019 -23.2509 -2.54579 -5.81978  0.19806 -0.216617 -0.877895   0.12883  0.000334715  0.000381828 -0.000151897   0.0249574 -0.00730581  0.00379655 0.958348        0        0 0
             14.5004 -2.73793  5.61745 -22.9712 -2.56714 -5.89528 0.211332 -0.198797 -0.806109   0.12143  0.000404068  0.000353744 -0.000160751   0.0253819 -0.00777374  0.00375902 0.958319        0        0 22372
             14.5004 -2.44734  5.32958 -22.9652 -2.56433 -5.89834 0.206203 -0.169199 -0.834988  0.085527   0.00035245  0.000393201 -0.000158668     0.02514 -0.00770842  0.00395522 0.959629        0        0 0
             14.6003 -2.65067  5.07467 -22.9204 -2.58423 -5.98097 0.213064 -0.178495 -0.870302 0.0263175  0.000405492  0.000365035 -0.000148138   0.0255997 -0.00779324  0.00395793 0.959634        0        0 22522
             14.6003 -2.34868  4.80882 -22.9095 -2.58159 -5.98162 0.208991   -0.153288   -0.879574 -0.00219728  0.000354712  0.000404727 -0.000148443   0.0254249 -0.00781751  0.00410953 0.954124        0        0 0
             14.7001 -2.62527  4.68259 -23.6858 -2.60163 -6.07052 0.208032  -0.19212 -0.920351 -0.048374  0.000406333  0.000366429 -0.000143853   0.0258247 -0.00781875  0.00402892 0.954117        0        0 22439
             14.7001 -2.35023  4.37313 -23.6854 -2.59804 -6.07335 0.201369  -0.155776  -0.947358 -0.0947135  0.000357478  0.000411257 -0.000141935    0.025539 -0.00777836  0.00427955 0.950525        0        0 0
                14.8  -2.8809  3.79486 -24.9353 -2.61896 -6.16608 0.198819  -0.199219  -0.970607 -0.0425792  0.000416232  0.000374612 -0.000136965   0.0260455 -0.00788456  0.00400791 0.950474        0        0 22345
                14.8 -2.61928  3.56027 -24.9525 -2.61669 -6.16431 0.195802  -0.180919  -0.960325 -0.0630782  0.000373707  0.000412713 -0.000132764   0.0259521 -0.00799595   0.0041195 0.946683        0        0 0
             14.9007 -2.99686  4.75222 -26.1659 -2.63252 -6.25677  0.19001  -0.169711  -0.965771 -0.0114925   0.00045157  0.000349692 -0.000144335   0.0261208 -0.00832969  0.00423183 0.946664        0        0 22041
             14.9007 -2.67388  4.57516 -26.1555 -2.63044 -6.25475 0.192424  -0.153526  -0.953782 0.00554502  0.000393518  0.000382645 -0.000144406   0.0260608 -0.00844334  0.00412031 0.951405        0        0 0
             15.0005 -2.74697  5.50223 -27.3062 -2.65121  -6.3502  0.19306  -0.224837  -0.964696 0.00715481   0.00042237  0.000352049 -0.000141876   0.0262509 -0.00844465  0.00415927 0.951393        0        0 22369
             15.0005 -2.58535  5.28202 -27.3353 -2.65065 -6.35614  0.19317  -0.212961   -1.01465 0.00787083  0.000388655  0.000391958 -0.000134106   0.0260442 -0.00821452  0.00414948 0.947053        0        0 0
             15.1003 -2.55054  6.13077 -28.2249 -2.68049 -6.45964 0.192561    -0.297637     -1.03935 -0.000884692  0.000420992  0.000354516 -0.000143738     0.02648 -0.00799417  0.00427833 0.947018        0        0 22352
             15.1003 -2.36333  5.85634 -28.1933  -2.6727 -6.44907 0.189925  -0.232987  -0.955778 -0.0240961  0.000396124  0.000398852 -0.000147335   0.0263356 -0.00863868  0.00438528 0.950778        0        0 0
             15.2002  -2.6416  5.46163 -27.7982 -2.71005 -6.54796 0.188003  -0.387273  -0.973802 -0.0480275  0.000428619  0.000391776 -0.000160789  0.0269168 -0.0082937 0.00434093 0.950759        0        0 22094
             15.2002 -2.45473  5.16251 -27.7591 -2.70497 -6.54119 0.183944  -0.348113  -0.924006 -0.0768729  0.000406736  0.000439285 -0.000165918  0.0268255 -0.0086665 0.00449175 0.944165        0        0 0
                15.3 -2.39813  5.41907 -26.1137 -2.74866 -6.63929 0.181759  -0.423088  -0.971173 -0.0213831  0.000411285  0.000389871 -0.000175994   0.0271245 -0.00830024   0.0043143 0.944159        0        0 21975
                15.3 -2.24424   5.2502 -26.1317 -2.74679 -6.64309 0.180656  -0.401293   -1.00604 -0.0289502  0.000380621  0.000410293 -0.000171498   0.0269163 -0.00819293  0.00434425 0.938835        0        0 0
             15.4003 -2.26396  6.04654 -24.8085 -2.78958 -6.74044 0.187044 -0.416655 -0.990921  0.117545   0.00041064  0.000382542 -0.000175658   0.0272542 -0.00830694  0.00422878 0.938822        0        0 22099
             15.4003 -2.14767  5.77339 -24.8031 -2.78393  -6.7362  0.18331 -0.368539 -0.962608 0.0916605  0.000397781  0.000428188 -0.000175018   0.0270586 -0.00857813  0.00435267 0.934242        0        0 0
             15.5001 -2.02506   6.3289 -23.6854 -2.82245  -6.8323 0.201119 -0.336046 -0.962382  0.176606  0.000415463    0.0003797 -0.000174206   0.0274553 -0.00851344  0.00415692 0.934248        0        0 22105
             15.5001 -1.82832  6.11302 -23.7281 -2.82351 -6.84276 0.198733 -0.334258  -1.04705  0.160217  0.000372457  0.000417743 -0.000164308   0.0272038 -0.00807724  0.00425123 0.940644        0        0 0
                15.6 -0.583655   6.99056  -23.7669 -2.85297 -6.93349 0.214804 -0.275763 -0.949354  0.140928  0.000400106  0.000378188 -0.000163892   0.0276419 -0.00865351  0.00426968 0.940633        0        0 22348
                15.6 -0.45709  6.66843 -23.7862 -2.84822 -6.93179 0.209523 -0.232078 -0.941701  0.103986  0.000377066  0.000437653 -0.000159275   0.0273781 -0.00881543  0.00447263 0.937132        0        0 0
             15.7007 -0.122932   4.75856  -22.8627 -2.87583 -7.02749 0.213878  -0.247671  -0.965903 -0.0171972  0.000415934   0.00041177 -0.000159416   0.0277725 -0.00875004   0.0045737 0.937134        0        0 22463
             15.7007 -0.00135544     4.53732     -22.841 -2.87353 -7.02567 0.210804   -0.22655  -0.951206 -0.0435911  0.000393747  0.000452318 -0.000163856   0.0276616 -0.00889315  0.00473154 0.938252        0        0 0
             15.8005 -0.86321  4.47148 -22.7691 -2.90342 -7.13337 0.200032 -0.258873  -1.05392 -0.150923 0.000441443 0.000394387 -0.00014394   0.0280064 -0.00823613  0.00482243 0.93823       0       0 22251
             15.8005 -0.708326   4.29566  -22.7599  -2.8996 -7.12474 0.196046 -0.233156 -0.989911 -0.178939  0.000414472  0.000427474 -0.000145198  0.0279897 -0.0086722 0.00500132 0.937293        0        0 0
             15.9004 -2.27883   5.3206 -23.2828 -2.92853 -7.23024 0.184255 -0.28394 -1.03677 -0.13494  0.000457547  0.000377501 -0.000143297    0.028204 -0.00829392  0.00466545 0.937295        0        0 22278
             15.9004 -2.05702  5.08438 -23.2125 -2.92146  -7.2159  0.18069  -0.23377 -0.931757 -0.160123 0.000421698 0.000421985 -0.00015504   0.0281427 -0.00902707   0.0048196 0.931654        0        0 0
             16.0002 -2.88949  6.09038 -23.4829 -2.95138 -7.31307 0.178843 -0.296967 -0.996975 0.0240165  0.000448469  0.000378942 -0.000159078   0.0285952 -0.00882709  0.00448019 0.931661        0        0 22435
             16.0002 -2.69129  5.92639  -23.446 -2.94775 -7.30778 0.178387 -0.269257 -0.960155 0.0208316  0.000413189  0.000409905 -0.000164589   0.0285147 -0.00911541  0.00448795 0.928865        0        0 0
             16.1001 -2.92703  6.98132 -23.8299 -2.98484 -7.41877 0.186273 -0.368347   -1.1074  0.107884 0.000450818 0.000378961 -0.00015298   0.0287145 -0.00846597  0.00447184 0.928826        0        0 22594
             16.1001 -2.69085  6.66773 -23.8175 -2.97847 -7.41386 0.180772 -0.314204  -1.07429 0.0656203 0.000410162 0.000434745  -0.0001526   0.0284468 -0.00880766  0.00470721 0.930619        0        0 0
             16.2003 -2.45354   7.0716 -24.5439 -3.01914 -7.52752 0.190265 -0.402478   -1.1289 0.0843702  0.000450024  0.000388824 -0.000154906  0.0288441 -0.0084798 0.00465503 0.93065       0       0 22408
             16.2003 -2.16874  6.84212 -24.4788 -3.00977 -7.50971  0.18788 -0.334213 -0.999899 0.0680059  0.000409433  0.000430532 -0.000165816   0.0287532 -0.00939328  0.00471083 0.922841        0        0 0
             16.3001 -1.94439  6.42401 -23.9913 -3.05631 -7.62319 0.192658 -0.448287  -1.10913 0.0338084  0.000457282  0.000404908 -0.000165652    0.029169 -0.00862601  0.00476057 0.922828        0        0 22567
             16.3001 -1.74598  6.16143 -23.9414 -3.04864 -7.61136 0.190949 -0.388761  -1.02211 0.0178028 0.000429487 0.000452097 -0.00017389   0.0290291 -0.00927788  0.00482065 0.923201        0        0 0
                16.4  -1.8891  5.81367 -22.6742 -3.09739 -7.71924 0.195098 -0.469648  -1.05294 0.0477323  0.000449332  0.000403908 -0.000179156   0.0294978 -0.00883429  0.00475963 0.923176        0        0 22598
                16.4 -1.74619  5.60834 -22.6169 -3.09123 -7.70879 0.194081 -0.422478 -0.974736 0.0372068  0.000430276  0.000441889 -0.000188605   0.0294109 -0.00940341  0.00479955 0.924484        0        0 0
             16.5006 -1.90603  6.26725 -21.0893 -3.13711 -7.82235 0.199974 -0.382264   -1.0876  0.113252  0.000454716   0.00039371 -0.000175281   0.0294886 -0.00859494  0.00488255 0.924444        0        0 22629
             16.5006 -1.65499   6.0827 -21.0023 -3.12959 -7.80436 0.199846 -0.330091 -0.950313   0.10618  0.000420984   0.00042994 -0.000190258   0.0295113 -0.00951754  0.00490452 0.930902        0        0 0
             16.6005 -1.65253  6.06716 -19.2882 -3.16538 -7.90759  0.21079 -0.300501 -0.984648  0.108561  0.000469555  0.000406231 -0.000182282   0.0296507 -0.00895677  0.00496801 0.93087       0       0 22558
             16.6005 -1.30529  5.76152 -19.2688 -3.15791 -7.90071 0.204107 -0.235866 -0.937149 0.0571901 0.000411532 0.000458481  -0.0001849   0.0293376 -0.00940025  0.00526121 0.928803        0        0 0
             16.7003 -0.872989   6.27329  -18.1138 -3.18953 -8.00457 0.214255 -0.258021  -1.00915 0.0639131  0.000445487  0.000415554 -0.000167761   0.0299349 -0.00874911  0.00504446 0.928785        0        0 22481
             16.7003 -0.563628   6.05298  -18.0015 -3.18325 -7.98838 0.213066 -0.214034 -0.892706 0.0546045  0.000408936  0.000457331 -0.000189431  0.0299068 -0.0095377 0.00508327 0.931973        0        0 0
             16.8002 -1.03404  6.07385 -17.1341 -3.20974  -8.0843 0.218202   -0.245788   -0.966551 -0.00996862  0.000459266    0.0004302 -0.000163803    0.030324 -0.00923136  0.00491468 0.931941        0        0 22552
             16.8002 -0.85282  5.75355 -17.0553  -3.2031 -8.07567 0.211572 -0.188425 -0.902529 -0.063442  0.000439053  0.000484373 -0.000179272   0.0300644 -0.00972624  0.00522435 0.927305        0        0 0
             16.9001 -2.07176  5.28109 -16.7394 -3.23343 -8.18483 0.208863  -0.275731   -1.05124 -0.0637527  0.000484534   0.00043579 -0.000154803   0.0305133 -0.00881341  0.00493671 0.927284        0        0 22460
             16.9001 -1.67858  5.02895  -16.627 -3.22507  -8.1647 0.204085  -0.212772  -0.909635 -0.0994569 0.000432856 0.000481413 -0.00017675   0.0303632 -0.00978353  0.00514039 0.931416        0        0 0
             17.0003 -1.90026   5.0064 -16.9771 -3.24883 -8.26125 0.198513 -0.236315 -0.958856 -0.030988  0.000471686  0.000437574 -0.000154624   0.0305526 -0.00958044  0.00505456 0.931418        0        0 22514
             17.0003 -1.55485  4.92444 -16.9067 -3.24112 -8.23929 0.198431  -0.181293  -0.804733 -0.0326917  0.000428884   0.00045274 -0.000168278  0.0304894 -0.0106085 0.00504003 0.928507        0        0 0
             17.1001 -1.08437  6.91652 -16.0901 -3.27139 -8.33573 0.200397 -0.312077  -0.90441 0.0498176  0.000475436  0.000409651 -0.000167147   0.0307873 -0.00979957  0.00499151 0.928501        0        0 22597
             17.1001 -0.79744  6.58395 -16.0375 -3.26307 -8.32477 0.191538  -0.241836  -0.830711 -0.0124437  0.000434781  0.000463871 -0.000175526  0.0304483 -0.0103793 0.00534948 0.933567        0        0 0
                17.2 -0.443539   7.11694  -15.4984 -3.29796 -8.41156 0.197687  -0.36279  -0.85191 0.0548059  0.000471679  0.000442272 -0.000165678  0.0309719 -0.0100754 0.00517337 0.933627        0        0 22737
                17.2 -0.206684   6.92298  -15.4755 -3.29412 -8.40632 0.194962 -0.329202 -0.816548 0.0353085  0.000435051  0.000474244 -0.000169698  0.0308105 -0.0103549 0.00527751 0.926641        0        0 0
             17.3006 -0.793951   7.70838  -15.1915 -3.34316 -8.50483 0.202032 -0.505734 -0.938987 0.0509625   0.00046684   0.00045422 -0.000158159   0.0314189 -0.00946301  0.00506252 0.926555        0        0 22878
             17.3006 -0.609599   7.47764  -15.1208 -3.33563 -8.48927 0.199497 -0.441422 -0.822524 0.0261434  0.000458489  0.000490342 -0.000170477  0.0311999 -0.0102631 0.00518887 0.928848        0        0 0
             17.4005 -2.05744  7.23317 -14.6457 -3.38998 -8.58245 0.208993 -0.530988 -0.894824  0.153535  0.000496492  0.000471203 -0.000166163     0.03159 -0.00962774  0.00508187 0.928755        0        0 22771
             17.4005 -1.70476  6.99244 -14.5651   -3.382  -8.5659 0.203755 -0.461724 -0.770542  0.108861  0.000461501  0.000507845 -0.000179031  0.0313326 -0.0104754 0.00532723 0.93151       0       0 0
             17.5003 -1.75844  7.99897 -14.2189 -3.43032 -8.64967 0.224326 -0.449068 -0.784077  0.219006   0.00047781   0.00045178 -0.000167814    0.03154 -0.0100379 0.00513938 0.931529        0        0 22542
             17.5003 -1.43565  7.85172 -14.1933  -3.4269 -8.64209 0.220464 -0.420965 -0.731662  0.192014 0.000431525 0.000475387 -0.00017087  0.0314266    -0.0104 0.00529103 0.929366        0        0 0
             17.6001 -1.19702  9.21093 -14.8544 -3.47555 -8.71407 0.240266 -0.503055 -0.654922  0.172428  0.000479146  0.000456518 -0.000156973  0.0317196 -0.0101541 0.00526212 0.929338        0        0 23008
             17.6001 -1.01721  8.98892 -14.7671  -3.4654 -8.69355 0.233713  -0.41205 -0.498252  0.117224  0.000483139  0.000487496 -0.000172177  0.0313593 -0.0112127 0.00553345 0.932677        0        0 0
                17.7 -1.76261  9.45955 -14.7322 -3.51848 -8.75596 0.249085 -0.510173 -0.537945  0.121358   0.00051484  0.000469366 -0.000169555  0.0319134 -0.0103544 0.00537835 0.932739        0        0 23052
                17.7 -1.51409  9.19355 -14.6555 -3.51026 -8.74352 0.241624 -0.435994 -0.452182 0.0690682  0.000487959  0.000511016 -0.000181914  0.0315397 -0.0109882  0.0056407 0.931277        0        0 0
             17.8003  -1.1987   8.7283 -13.8496 -3.56611 -8.79895 0.256621 -0.541328 -0.507291  0.136357  0.000509607  0.000492496 -0.000182022  0.0322688 -0.0102321 0.00535907 0.931134        0        0 23025
             17.8003 -0.805656   8.34417   -13.742 -3.55746 -8.78572 0.244523 -0.460955 -0.406034 0.0425354  0.000461562  0.000551434 -0.000198529  0.0318259 -0.0109897 0.00588269 0.930405        0        0 0
             17.9001 0.812947  6.17643 -12.4237 -3.60991 -8.82929 0.266758 -0.518016  -0.43735  0.196473  0.000491732  0.000522616 -0.000181856  0.0324421 -0.0107574 0.00519741 0.930321        0        0 22707
             17.9001  1.13417  5.85272 -12.3687 -3.60396 -8.82549 0.258173 -0.459988 -0.409414  0.131333  0.000444031  0.000567573 -0.000192682  0.0320723 -0.0110204 0.00555372 0.932234        0        0 0
                  18  2.74885  4.55281 -11.7006 -3.65623 -8.87339 0.282374 -0.481145 -0.479417  0.212014  0.000485454   0.00051759 -0.000167087  0.0325922 -0.0106239 0.00508621 0.932144        0        0 22275
                  18  3.05355  4.44499 -11.6917 -3.64923 -8.86141  0.27579 -0.414967 -0.387448  0.158527  0.000453285  0.000526405 -0.000169324  0.0322825 -0.0112511 0.00539341 0.925098        0        0 0
             18.1006  3.74876  5.63913 -12.3161 -3.69224 -8.91009 0.295037 -0.385011 -0.496016  0.165699  0.000505978  0.000485128 -0.000145839  0.0326348 -0.0109299 0.00523213 0.925092        0        0 22225
             18.1006  3.91837  5.41628 -12.2799 -3.68424 -8.89671   0.2898 -0.311581 -0.401501  0.128784  0.00049993 0.000512321 -0.00015623  0.0322839 -0.0115689 0.00546205 0.936741        0        0 0
             18.2004  2.99978  4.84259 -12.2084 -3.72224 -8.94386 0.308425 -0.362611 -0.482779  0.181171  0.000548023  0.000505398 -0.000155565  0.0327441 -0.0112839 0.00524944 0.936688        0        0 22324
             18.2004  3.26627  4.50921 -12.1548  -3.7139 -8.93233  0.29894 -0.283593 -0.393303  0.106956  0.000524096  0.000546846 -0.000172101    0.03234 -0.0118787 0.00571852 0.941576        0        0 0
             18.3003   2.4575  3.01602 -11.7954    -3.75 -8.98199 0.315384 -0.305622 -0.497443  0.158423  0.000565381  0.000512331 -0.000161352  0.0330006 -0.0114389 0.00552908 0.941598        0        0 22149
             18.3003  2.72721  2.80653 -11.7702 -3.74552 -8.97521 0.310946 -0.265438 -0.450687  0.127309  0.000519895  0.000549023 -0.000170104   0.032794 -0.0117619 0.00573201 0.934375        0        0 0
             18.4001  2.18877  1.73558 -11.0617 -3.77788 -9.03822 0.325827 -0.276536 -0.604531  0.144258 0.000594629 0.000497587 -0.00016536   0.033317 -0.0109548 0.00561296 0.934426        0        0 21916
             18.4001  2.58736  1.43476 -10.9973 -3.77051 -9.01949 0.312928 -0.213383 -0.470511 0.0543484  0.000525147   0.00055505 -0.000180393  0.0330278 -0.0118603 0.00625544 0.93672       0       0 0
                18.5  1.35059 0.623672  -9.7692 -3.78802 -9.06855 0.327114 -0.126482 -0.469246  0.118692  0.000574282  0.000498801 -0.000177378  0.0330527 -0.0117704 0.00585332 0.936743        0        0 21736
                18.5   1.6058 0.357765 -9.77283 -3.77846  -9.0579 0.320297 -0.034377 -0.395651 0.0728588  0.000524668  0.000551224 -0.000177404  0.0325214 -0.0123529 0.00618306 0.928588        0        0 0
             18.6006   0.78384 -0.019979  -8.00675 -3.79103 -9.09341 0.335561 -0.118885 -0.291481  0.122278 0.000547269 0.000497782 -0.00018396   0.033265 -0.0122764 0.00580517 0.928596        0        0 21719
             18.6006   1.02613 -0.370176  -7.99615 -3.78533 -9.08982 0.325308 -0.0653493  -0.268502  0.0521046  0.000499202  0.000565976 -0.000186718  0.0329205 -0.0124742  0.0062945 0.926148        0        0 0
             18.7005 0.934217  -1.3098 -5.56059 -3.80556 -9.12178 0.338886 -0.175304 -0.216356 0.0804542  0.000534151  0.000509819 -0.000193424  0.0338329  -0.011837 0.00580303 0.926099        0        0 21364
             18.7005   1.1759 -1.59978 -5.56068 -3.79607 -9.10573 0.326228  -0.0866183   -0.103236 -0.00640902  0.000488385  0.000566172 -0.000193413  0.0333497 -0.0126432 0.00642081 0.928415        0        0 0
             18.8004    1.5651 -0.727165  -2.98793 -3.81363 -9.11954 0.338996   -0.15439 -0.0648943   0.063291   0.00048056  0.000495435 -0.000180743  0.0340957 -0.0121806 0.00566485 0.928466        0        0 21253
             18.8004  1.63894 -1.00745 -2.97119 -3.80414 -9.10796  0.32813 -0.0615588   0.018424 -0.0123954  0.000468997  0.000550379 -0.000184913  0.0335382 -0.0127693 0.00620631 0.927445        0        0 0
             18.9002   2.38857 -0.400978 -0.596797 -3.82074 -9.11442  0.34127   -0.154076 -0.00847525   0.0757233   0.00048174  0.000499384 -0.000176691  0.0342751 -0.0122236  0.0054388 0.92757       0       0 21384
             18.9002    2.5039 -0.726613 -0.560344 -3.80925 -9.10257 0.327806  -0.038447  0.0783395 -0.0163512  0.000463169  0.000561473 -0.000187055  0.0335381  -0.012813 0.00609944 0.926793        0        0 0
                  19     3.0821 -0.0695717    2.37346 -3.82126 -9.09777 0.341761 -0.0895504   0.089254   0.100128  0.000491079  0.000507503 -0.000185072  0.0342755 -0.0125624 0.00538886 0.926846        0        0 21257
                  19   3.18349 -0.378911   2.39881 -3.81252 -9.08714 0.329809 -0.00188531    0.167479   0.0187785  0.000475956  0.000563261 -0.000194379  0.0336977 -0.0130569 0.00597342 0.926773        0        0 0
             19.1003  2.88251 0.109398  5.40448 -3.82319 -9.07585 0.344709 -0.0917628   0.129114   0.106147 0.000489231 0.000520005 -0.00017972   0.034533  -0.012824 0.00535591 0.926918        0        0 21445
             19.1003   3.01945 -0.130969   5.43542 -3.81705 -9.07106 0.335652 -0.031534  0.164019 0.0455662  0.000464865   0.00056254 -0.000188751  0.0341213 -0.0130147 0.00578491 0.933343        0        0 0
             19.2001    3.16104 -0.0150115    8.11514 -3.82708 -9.05542  0.35278 -0.0873957    0.13187   0.130607  0.000504132  0.000519445 -0.000176342   0.034621 -0.0131185 0.00520563 0.933321        0        0 21384
             19.2001   3.39837 -0.364254   8.17091 -3.81806 -9.05182 0.332276 0.000970198    0.160096 -0.00976254   0.00045939  0.000579425 -0.000191407  0.0340151 -0.0131913  0.0061761 0.94855       0       0 0
                19.3    3.5041 -0.291822   10.5573 -3.82864 -9.04545 0.346617 -0.0854477  0.0259744   0.100391  0.000508683  0.000526846 -0.000164882  0.0348999 -0.0130547 0.00531529 0.948647        0        0 21234
                19.3   3.76105 -0.575242   10.6017 -3.81613 -9.03078  0.32852   0.039293   0.158138 -0.0402024  0.000466676   0.00057322 -0.000179214   0.033938 -0.0137375  0.0063308 0.953542        0        0 0
             19.4006  3.96173 0.261228   11.984 -3.82356 -9.01915 0.342699 -0.0544916  0.0520586  0.0793267  0.000510929  0.000521945 -0.000143908   0.034784 -0.0139901  0.0054495 0.953635        0        0 21223
             19.4006    4.10765 -0.0199595    11.9751 -3.81439 -9.00935 0.324284  0.0380652   0.127686 -0.0470744  0.000486068  0.000569961 -0.000147337  0.0340762 -0.0143054 0.00635079 0.950989        0        0 0
             19.5004  3.63119 0.839355  11.7499 -3.82036 -9.00912 0.340125  -0.052615 -0.0519644  0.0907017  0.000511762  0.000536878 -0.000122989   0.034842 -0.0142039 0.00536661 0.951057        0        0 21177
             19.5004  3.73433 0.584473  11.7547 -3.81279 -9.00607 0.324373   0.021418  -0.026217 -0.0158727  0.000490933  0.000576667 -0.000128455  0.0343094 -0.0142092 0.00611069 0.945516        0        0 0
             19.6003  2.4279 1.37177 10.2832 -3.81903 -9.01983 0.340723 -0.0529066  -0.194829   0.131108  0.000544773  0.000535119 -0.000110255  0.0349935 -0.0141644 0.00522123 0.945508        0        0 21279
             19.6003 2.67306 1.07624 10.2473 -3.81364 -9.00846 0.322937  0.00396606   -0.103432 -0.00263591  0.000504645  0.000578621 -0.000108673  0.0344703 -0.0146185 0.00617505 0.956398        0        0 0
             19.7001 1.63383 1.52154 7.78194 -3.81765 -9.03403 0.335865 -0.0335717  -0.285631   0.102983  0.000543807  0.000538437 -0.000103607  0.0349611 -0.0142374 0.00557184 0.956525        0        0 21419
             19.7001  1.8025 1.26837 7.77034 -3.81156 -9.02603 0.320925   0.0297074   -0.222942 -0.00232966  0.000514442  0.000576122 -0.000104471  0.0344456  -0.014523 0.00630221 0.94889       0       0 0
                19.8 0.680909  1.80695  4.74879 -3.81225 -9.05662 0.332295 -0.00171879   -0.332731   0.0809031  0.000563758  0.000525841 -0.000107483  0.0347854 -0.0143672 0.00575742 0.948934        0        0 21510
                19.8 0.867169  1.53135  4.72291 -3.80389 -9.04499 0.318704  0.0854275  -0.242161 -0.0133176  0.000533039   0.00056586 -0.000105042  0.0340855 -0.0148456 0.00640816 0.951166        0        0 0
             19.9003 -0.418151   2.00612  0.958622 -3.80794  -9.0797 0.334683 -0.0415332  -0.365365   0.112119  0.000588883  0.000517396 -0.000103215  0.0350399 -0.0145927 0.00560553 0.951353        0        0 21592
             19.9003 -0.198022    1.7499  0.937199 -3.79762 -9.06717 0.317915  0.0652803  -0.269853 -0.0057439  0.000551201  0.000550934 -0.000100402  0.0342243 -0.0151372 0.00640707 0.942894        0        0 0
             20.0001 -1.40124  2.10905 -3.09825   -3.804  -9.1029 0.331302 -0.0765518  -0.373477  0.0980971  0.000611749  0.000503172 -0.000113161  0.0351039 -0.0148739 0.00580119 0.942967        0        0 21776
             20.0001  -1.1396  1.78201 -3.10686 -3.79747 -9.09474 0.315005 -0.009826 -0.313035 -0.014913  0.000560712  0.000562936 -0.000111077  0.0345953 -0.0152666 0.00656956 0.931578        0        0 0
             20.0999 -2.11447  1.95414 -6.97425  -3.8114 -9.13489 0.330369  -0.14355 -0.386998  0.105254   0.00063038  0.000507643 -0.000126316  0.0355416 -0.0148325 0.00581467 0.931572        0        0 21760
             20.0999 -1.80644  1.70062 -7.00423 -3.80455 -9.12349 0.317085 -0.0737646  -0.305176  0.0137761  0.000575734  0.000548832 -0.000119325  0.0350317 -0.0154281 0.00643851 0.929777        0        0 0
             20.2006 -2.20167  2.00508 -10.7541  -3.8181 -9.15297 0.333336 -0.139246 -0.299718  0.120593  0.000641166  0.000500165 -0.000129589  0.0354519  -0.015468 0.00576226 0.929812        0        0 21943
             20.2006 -1.92772  1.76815 -10.7588 -3.81001 -9.14109 0.325266 -0.0603061  -0.217148  0.0649951  0.000599436  0.000530766 -0.000128474   0.034955 -0.0160926 0.00611822 0.932254        0        0 0
             20.3004 -2.35829  1.68778 -13.9425 -3.82137 -9.16749 0.335941 -0.110464 -0.259542 0.0960549  0.000669858  0.000491484 -0.000146914  0.0352781 -0.0158315 0.00593173 0.93231       0       0 21949
             20.3004 -2.02601  1.46739 -13.9709 -3.81776  -9.1651 0.327501 -0.0757007  -0.244014  0.0366154  0.000609355  0.000526832 -0.000140482  0.0350514 -0.0159982 0.00632333 0.928545        0        0 0
             20.4003 -1.87769  1.48051 -16.8652 -3.83224 -9.19491 0.337059 -0.133254 -0.288191 0.0821331  0.000667791  0.000486491 -0.000147866  0.0355206 -0.0156733 0.00608531 0.92855       0       0 21941
             20.4003 -1.59441  1.27225 -16.8519 -3.82687 -9.18582 0.328747 -0.0836022  -0.223747  0.0237211  0.000626653  0.000517835 -0.000151021  0.0352767 -0.0161775 0.00645435 0.912946        0        0 0
             20.5001 -1.83464  1.67287 -18.9546 -3.83818 -9.20256 0.334056 -0.101202 -0.156519 0.0386024  0.000695485  0.000474095 -0.000167211  0.0356455 -0.0163302  0.0063171 0.912951        0        0 22059
             20.5001 -1.61827  1.45338 -18.9615 -3.83532 -9.19896 0.328352   -0.0761327    -0.131247 -0.000672984  0.000659162  0.000512641 -0.000165317  0.0355162 -0.0165508 0.00657369 0.905811        0        0 0
             20.5999 -2.06874  1.55781 -20.5571 -3.84707 -9.21611 0.332974 -0.0869676  -0.134007  0.0323612   0.00069554  0.000476649 -0.000172836  0.0358084 -0.0161502 0.00637894 0.90586       0       0 22307
             20.5999 -1.86889  1.31154 -20.5746 -3.84111 -9.20957 0.326736 -0.0336299 -0.0895433 -0.0105921   0.00066783  0.000515585 -0.000168877  0.0355484 -0.0165535 0.00665351 0.899773        0        0 0
             20.7006 -2.05749  1.79816 -21.3578 -3.85092  -9.2194 0.328695 -0.0755066 -0.0715323  0.0119841  0.000689978  0.000477327 -0.000186852  0.0360422  -0.016307 0.00654342 0.89974       0       0 22366
             20.7006 -1.87149  1.54378 -21.3545 -3.84351 -9.20783 0.323744 -0.0128794  0.0124336 -0.0219655  0.000676025  0.000516331 -0.000188216  0.0358316 -0.0169711 0.00674664 0.902866        0        0 0
             20.8005 -2.01813  1.94609 -20.9423 -3.85211 -9.21246 0.326874  -0.0530876 -0.00144894     0.01667  0.000715718  0.000491338 -0.000202833  0.0362357 -0.0164711 0.00654814 0.902891        0        0 22329
             20.8005 -1.70777  1.70145 -20.9517 -3.84618  -9.2075 0.323457 -0.000214729    0.0306152   -0.0060452  0.000668325  0.000527216 -0.000200577  0.0359843 -0.0168009 0.00668274 0.904038        0        0 0
             20.9004 -1.60253  2.31868 -19.8187 -3.85428 -9.20803 0.326891 -0.0517567  0.0430447  0.0190862 0.000696585 0.000493476 -0.00021578  0.0365128 -0.0163546 0.00653432 0.903997        0        0 22586
             20.9004 -1.33743  2.05332 -19.8163 -3.84811 -9.20152   0.3189 0.00143657  0.0872649 -0.0355431  0.000660986  0.000534037 -0.000216176  0.0362808 -0.0167561 0.00687545 0.904544        0        0 0
             21.0002 -1.23704  2.73778  -17.938  -3.8553  -9.1952 0.324655 -0.047833 0.0880406 0.0322079  0.000702902  0.000505471 -0.000224554  0.0367713 -0.0164191 0.00647171 0.904569        0        0 22373
             21.0002 -0.953612   2.47353  -17.9219 -3.85015 -9.18987 0.320151  -0.0024479     0.12491 0.000653245 0.000660141 0.000548391 -0.00022764  0.0365645 -0.0167536 0.00666448 0.911807        0        0 0
                21.1 -0.973581   2.90237  -15.7513 -3.85829 -9.18655 0.326599 -0.0532519  0.0677807  0.0546442  0.000689344  0.000517192 -0.000224406  0.0370158 -0.0161679 0.00643799 0.911833        0        0 22194
                21.1 -0.656956   2.63161  -15.7084 -3.84878 -9.17185 0.319868   0.028752   0.173053 0.00840115  0.000656198  0.000559889 -0.000235478  0.0367108 -0.0169865 0.00671498 0.914287        0        0 0
             21.2006 -0.450729   3.04516  -13.1703 -3.85572 -9.16991 0.327018 -0.0435607  0.0645471  0.0549094  0.000677421  0.000514204 -0.000227346  0.0372062 -0.0161094 0.00647495 0.91427       0       0 22157
             21.2006 -0.225106   2.79844  -13.1291 -3.84785 -9.15718 0.319322  0.0253427   0.154909 0.00191544  0.000649566  0.000559868 -0.000238565  0.0369142 -0.0168078 0.00680961 0.919326        0        0 0
             21.3005 -0.187243    3.3148  -10.6199  -3.8542 -9.15056 0.328707 -0.0589136  0.0891689  0.0645091  0.000715027  0.000510004 -0.000231538  0.0374469 -0.0162693 0.00638841 0.919281        0        0 21950
             21.3005 0.168364  3.01831 -10.5738 -3.84622 -9.13697 0.317975   0.0126284    0.185116 -0.00980655  0.000651636  0.000570467 -0.000242289  0.0370826 -0.0170343 0.00689026 0.930199        0        0 0
             21.4003 0.0630361   3.38794  -8.33635 -3.85187 -9.12331 0.330212 -0.0403392   0.133041  0.0853188  0.000709247  0.000512782 -0.000223816  0.0376201 -0.0167925 0.00628194 0.930272        0        0 21741
             21.4003 0.382509  3.08671 -8.29855 -3.84328 -9.11018 0.317712   0.0393885    0.223771 0.000762501  0.000646146  0.000576139 -0.000232402  0.0371533 -0.0175259 0.00686736 0.935958        0        0 0
             21.5002  0.40546  3.54825 -6.20034 -3.84694 -9.09498 0.327654 -0.0254247   0.154752  0.0749832  0.000683206  0.000518932 -0.000220798  0.0377694 -0.0171921 0.00643246 0.93599       0       0 21872
             21.5002 0.647621  3.25453 -6.15443  -3.8393 -9.08572 0.315813   0.0475774    0.218609 -0.00706922  0.000633383  0.000580901 -0.000230951   0.037289 -0.0177106 0.00700492 0.9388      0      0 0
                21.6 0.683025   3.5969 -4.19375 -3.84023 -9.06524 0.322612 -0.00574279    0.188226   0.0454332  0.000697725  0.000530165 -0.000226965  0.0377665 -0.0176934 0.00665922 0.93881       0       0 21941
                21.6 0.983535  3.30118 -4.20387  -3.8369 -9.06483 0.309244 0.0263136  0.189641 -0.046833  0.000634149  0.000591759 -0.000225635  0.0374938 -0.0177341 0.00731488 0.937816        0        0 0
             21.7007 0.753146  3.63372 -2.74478  -3.8452 -9.05436 0.318242 -0.0780211  0.0900992  0.0504759  0.000707714  0.000531659 -0.000209923  0.0383539 -0.0174002 0.00667084 0.937868        0        0 22163
             21.7007   1.0799  3.29845 -2.75243 -3.83774 -9.04256 0.299684 -0.00471746    0.175254  -0.0791838  0.000638813  0.000603149 -0.000209504   0.037816  -0.018027 0.00759189 0.934485        0        0 0
             21.8005 0.812299  3.78658 -1.68306 -3.84743 -9.03615 0.314205 -0.0931202  0.0403841  0.0853546  0.000682857  0.000542049 -0.000197538  0.0385945 -0.0176388 0.00649898 0.934668        0        0 22061
             21.8005 1.04075 3.45947 -1.6492 -3.83994 -9.02789 0.299143 -0.0172929   0.100796 -0.0204917  0.000636615  0.000606204 -0.000206832  0.0380042 -0.0180829 0.00725685 0.938171        0        0 0
             21.9003 0.608488  3.85142 -1.13934 -3.84728 -9.02234 0.319789 -0.0654705  0.0111723   0.151573  0.000693332  0.000546888 -0.000197683  0.0385149 -0.0180817 0.00616289 0.938223        0        0 22083
             21.9003 0.867485  3.52349 -1.13737 -3.84138 -9.01735 0.303198 -0.0065492  0.0472937  0.0355533  0.000642486  0.000606573 -0.000199914  0.0380392 -0.0183405 0.00699414 0.940453        0        0 0
             22.0002 0.651598  3.78088 -1.03762  -3.8477 -9.02002 0.323919 -0.0569175 -0.0669959   0.158539  0.000693471  0.000542618 -0.000190443  0.0385758 -0.0182073 0.00617899 0.940503        0        0 22069
             22.0002 0.946397  3.46085 -1.01617 -3.84253 -9.01755 0.309075 -0.00489095  -0.0499627   0.0539113  0.000632883  0.000604443 -0.000196357  0.0381531 -0.0183301 0.00691763 0.936028        0        0 0
                22.1 0.795725  3.49536 -1.06919  -3.8513 -9.02635 0.326163 -0.0891101  -0.141425   0.124728  0.000692318  0.000547799 -0.000187244  0.0387899 -0.0183911 0.00631496 0.936077        0        0 21880
                22.1  1.03816  3.22791 -1.02742 -3.84308  -9.0152 0.314082 -0.00408604  -0.0597739   0.0390119  0.000646514   0.00059856 -0.000198003  0.0381444 -0.0189644 0.00690954 0.934526        0        0 0
             22.2003   0.87666   3.51628 -0.813525 -3.85135 -9.02775 0.325233 -0.0733792  -0.177588  0.0830192  0.000693228  0.000539054 -0.000190675  0.0387998 -0.0189069 0.00652897 0.934558        0        0 21971
             22.2003   1.07097     3.271 -0.806636 -3.84354 -9.01635 0.311016 0.00672865 -0.0944205 -0.0166388  0.000655929   0.00058567 -0.000193774  0.0381816 -0.0194887 0.00723134 0.937409        0        0 0
             22.3001    1.1969   3.97465 -0.419284  -3.8515 -9.03716 0.319036 -0.0721673  -0.255652  0.0689304   0.00070161  0.000537552 -0.000193376  0.0389515 -0.0192015  0.0068117 0.937464        0        0 21843
             22.3001   1.47977   3.66086 -0.424468 -3.84726 -9.03298 0.305591 -0.0291555  -0.224669 -0.0261406  0.000642629  0.000600183 -0.000194042 0.0385936 -0.019422 0.0074886 0.948991        0        0 0
             22.3999     1.74997     3.55031 -0.00222427 -3.86208 -9.07233 0.319068 -0.160515 -0.419317  0.098261   0.00070805  0.000555074 -0.000186705  0.0395018 -0.0188504   0.006762 0.949135        0        0 21865
             22.3999     2.01771      3.1813 -0.00183783 -3.85263 -9.05544 0.298663 -0.0621373  -0.294557 -0.0447061  0.000658832  0.000623346 -0.000191363  0.0387215 -0.0197137 0.00778319 0.946243        0        0 0
             22.5006  1.82074  2.95185 0.658432 -3.86403 -9.09196 0.315669  -0.11052 -0.404194  0.112118  0.000696226   0.00055861 -0.000188998  0.0391649 -0.0196332 0.00672803 0.946382        0        0 21835
             22.5006  1.96206  2.67262 0.675089 -3.85775 -9.08967 0.301837 -0.0465673  -0.386397   0.015426  0.000667837  0.000607347 -0.000195497  0.0386625 -0.0197367 0.00740801 0.942053        0        0 0
             22.6004 1.20245 2.61561 1.44822 -3.87341  -9.1425 0.321096 -0.164443 -0.537222  0.152945  0.000714505  0.000562529 -0.000191366   0.039527 -0.0192163 0.00657365 0.942082        0        0 21744
             22.6004 1.47673  2.2735 1.47591 -3.86383 -9.12887 0.303587 -0.0641747  -0.434642  0.0293483  0.000669499  0.000616739 -0.000200662  0.0387551 -0.0198906 0.00745778 0.936784        0        0 0
             22.7003 1.11146 1.97708 1.96513 -3.88141 -9.17528 0.323304 -0.174747 -0.485037  0.144311  0.000681043  0.000572509 -0.000183426  0.0395911 -0.0199249 0.00664335 0.936794        0        0 21703
             22.7003 1.19202 1.74496  1.9808 -3.87385  -9.1653 0.313005 -0.0963604  -0.409117  0.0723056  0.000673604  0.000609331 -0.000188582  0.0389935 -0.0204138 0.00715609 0.940825        0        0 0
             22.8002 0.466078  2.18727   2.2227 -3.89288 -9.21317 0.331276 -0.182878 -0.450453  0.142931  0.000729347  0.000549809 -0.000186151  0.0397974 -0.0200803 0.00657427 0.940813        0        0 21864
             22.8002 0.731582  1.94938  2.21788 -3.88419 -9.20339 0.318326 -0.0932195  -0.376773  0.0517476 0.000681865 0.000587513 -0.00018617  0.0391102 -0.0205556 0.00722519 0.939259        0        0 0
                22.9 0.137072  2.71282  2.07229 -3.90473 -9.24728 0.328278 -0.211089  -0.40469 0.0800234  0.000706986  0.000552412 -0.000176994  0.0399941 -0.0201523 0.00699931 0.939232        0        0 21715
                22.9 0.30306 2.51914 2.08311 -3.89663 -9.23887 0.320239 -0.126739 -0.340257 0.0234846 0.000677872 0.000584193  -0.0001796  0.0393459 -0.0205721 0.00739823 0.946084        0        0 0
             23.0006 -0.439958   3.48976   1.02413  -3.9198 -9.27779 0.329801 -0.238268 -0.365209 0.0853589  0.000743056  0.000546364 -0.000174874  0.0401168 -0.0202911 0.00706715 0.946125        0        0 21920
             23.0006 -0.141933   3.16411   1.03251 -3.91039 -9.26441 0.310865  -0.139863  -0.262538 -0.0494883  0.000696779  0.000593738 -0.000176753  0.0393253 -0.0209824 0.00803123 0.937172        0        0 0
             23.1005 0.270624  3.68956 -0.18473 -3.93386 -9.29563 0.325766 -0.243988 -0.285461  0.101487  0.000711818  0.000558442 -0.000176292  0.0400112 -0.0206634 0.00711407 0.937218        0        0 21946
             23.1005  0.434576   3.39618 -0.167612 -3.92759 -9.29048 0.311071  -0.179895  -0.246117 -0.0027909  0.000685545  0.000602853 -0.000180238   0.039514  -0.020921 0.00783989 0.936104        0        0 0
             23.2003 0.715664  3.77257 -1.83362  -3.9534 -9.31716 0.326542 -0.255015 -0.259885  0.120868  0.000731393  0.000558779 -0.000174006  0.0401031 -0.0207871 0.00710768 0.936143        0        0 21997
             23.2003  0.89608  3.48344 -1.83466 -3.94699 -9.30871 0.313467 -0.189165 -0.196909 0.0284996  0.000706169  0.000603022 -0.000175499  0.0395921 -0.0212153 0.00773797 0.947899        0        0 0
             23.3002 0.533947   4.0005 -3.53047 -3.96909  -9.3258 0.331184 -0.194378 -0.194544  0.153316  0.000769266  0.000549547 -0.000176124  0.0400397 -0.0213695 0.00707952 0.947985        0        0 21988
             23.3002 0.719527  3.76891 -3.51917 -3.96363 -9.31876 0.322264 -0.137842 -0.142046 0.0889601  0.000740601  0.000585203 -0.000180048  0.0396136 -0.0217378 0.00751694 0.938601        0        0 0
                23.4 0.239127  4.51758 -4.86861 -3.98466 -9.34158  0.34194 -0.209467 -0.229942  0.162438  0.000777534  0.000543906 -0.000188535  0.0402483 -0.0213964 0.00703798 0.938665        0        0 21936
                23.4 0.466209  4.25677 -4.87177 -3.97838 -9.33514 0.330649 -0.146343 -0.184721 0.0834722  0.000737969  0.000585052 -0.000189248  0.0397744 -0.0217294 0.00757767 0.949083        0        0 0
             23.5006 0.092191  4.21203 -6.38134 -4.00339 -9.36114 0.346473 -0.252203 -0.272442  0.128076  0.000821212  0.000558934 -0.000187231  0.0405292 -0.0214591 0.00720611 0.949071        0        0 22007
             23.5006 0.443462  3.92078 -6.36507 -3.99688 -9.34843 0.333614 -0.188684 -0.183142 0.0380832  0.000765198  0.000604561 -0.000193409  0.0400579 -0.0221258 0.00783965 0.950857        0        0 0
             23.6005 -0.178916   3.63955  -6.69588 -4.02546 -9.38457 0.349094 -0.275122   -0.3759  0.117269  0.000812585  0.000575335 -0.000197546  0.0407429 -0.0213974 0.00728964 0.950911        0        0 21974
             23.6005 0.146877  3.42288 -6.63913 -4.01716 -9.36671 0.338361 -0.193508 -0.248436 0.0415179  0.000779563  0.000594921 -0.000212531  0.0402206 -0.0223361  0.0078089 0.949936        0        0 0
             23.7003 0.260191  3.84378 -6.42511  -4.0419  -9.4061 0.348723 -0.239985 -0.442628 0.0738859  0.000784408   0.00055664 -0.000212822  0.0406428 -0.0219317 0.00749264 0.949946        0        0 21790
             23.7003 0.417795  3.60713 -6.41594 -4.03663  -9.3995 0.342566 -0.188436 -0.397285 0.0310975  0.000764023  0.000591681 -0.000217138  0.0403017 -0.0222787 0.00777654 0.947376        0        0 0
             23.8002 0.617614  3.79884  -6.2781 -4.06299 -9.45055 0.350197 -0.266126 -0.573239  0.050048    0.0008158  0.000561333 -0.000208623  0.0408351 -0.0220351 0.00753249 0.947429        0        0 21965
             23.8002 0.855546  3.54058 -6.25889 -4.05726 -9.44256 0.337009  -0.209613  -0.517699 -0.0426042  0.00077911 0.000599313 -0.00021642  0.0404443 -0.0224547 0.00816187 0.950199        0        0 0
             23.9001   1.0727  3.66808 -6.32774 -4.09282 -9.51662 0.344448 -0.370689  -0.78008  0.040387  0.000808981  0.000570889 -0.000199705   0.041267 -0.0217214 0.00758334 0.950271        0        0 21893
             23.9001  1.30358   3.3686 -6.26154 -4.08254 -9.49728 0.333179   -0.26885  -0.643357 -0.0390918    0.0007913  0.000611137 -0.000220717  0.0406257 -0.0227148 0.00812012 0.949357        0        0 0
             24.0003  1.21567   3.1467 -6.10546 -4.11514 -9.56981 0.343492 -0.299008  -0.75934  0.079865  0.000835298  0.000569578 -0.000212618  0.0411864 -0.0225667 0.00751304 0.949356        0        0 21865
             24.0003  1.41349  2.92482 -6.11938 -4.10839 -9.55865 0.334125 -0.232602 -0.681281 0.0139236  0.000810842  0.000600007 -0.000214206    0.04075 -0.0231421 0.00797041 0.943415        0        0 0
             24.1002  0.52816  3.66348 -5.60188 -4.13647 -9.63365 0.346356  -0.24752 -0.740747  0.117807  0.000855926  0.000564501 -0.000216812  0.0413044 -0.0228402 0.00754055 0.943406        0        0 21948
             24.1002 0.730606  3.43416 -5.58169 -4.13091 -9.62468 0.336944 -0.191519  -0.67537 0.0511459  0.000831365  0.000594499 -0.000223718   0.040932 -0.0233186 0.00800982 0.941599        0        0 0
                24.2 0.25422 3.96064 -5.5462 -4.15408 -9.69819 0.349845  -0.20208 -0.713599  0.112676   0.00085232  0.000570995 -0.000218629  0.0414117 -0.0229717 0.00768403 0.94163       0       0 22038
                24.2 0.520368  3.66301 -5.57256 -4.14823 -9.69087  0.33722  -0.14425  -0.66161 0.0233383 0.000814638 0.000610699 -0.00021519  0.0410173 -0.0233505 0.00829542 0.944906        0        0 0
             24.3006  1.07751  3.87936 -5.88341 -4.16753 -9.76186 0.350135 -0.157029 -0.702814 0.0786057  0.000858512  0.000572123 -0.000212664  0.0416251 -0.0231105 0.00778649 0.944968        0        0 22044
             24.3006  1.34183  3.73231 -5.91866    -4.16 -9.75105 0.347569 -0.0800081  -0.624497  0.0599359   0.00081876   0.00059159 -0.000208283  0.0411446 -0.0236838 0.00789084 0.951805        0        0 0
             24.4005  1.61139  4.41756 -6.83961 -4.17261 -9.81587 0.353403 -0.113896 -0.662803 0.0183062  0.000889811  0.000547208 -0.000205816  0.0417089 -0.0235959 0.00778564 0.951832        0        0 22190
             24.4005  1.80947  4.09277 -6.89124 -4.16999 -9.81461 0.338779 -0.0896368  -0.655107 -0.0846677  0.000847203  0.000616965 -0.000196512  0.0414748 -0.0236605 0.00852461 0.946568        0        0 0
             24.5003  1.29618  2.97162 -8.09138 -4.18217 -9.88274 0.340572 -0.0699899   -0.67309 -0.0151269  0.000928839  0.000566015 -0.000201856  0.0420749 -0.0234673 0.00798535 0.946625        0        0 22156
             24.5003  1.69632  2.75886 -8.12503 -4.17641 -9.87005 0.330441 -0.0126249  -0.582394 -0.0864012  0.000840526  0.000613445 -0.000196729  0.0416721 -0.0241802  0.0085179 0.942718        0        0 0
             24.6002  2.09325  2.91453 -8.69652 -4.18619 -9.94571 0.332975  -0.074575  -0.722592 -0.0201503  0.000924843  0.000542563 -0.000197766  0.0425185 -0.0231884 0.00791449 0.942818        0        0 22112
             24.6002  2.47333  2.63699 -8.68124 -4.17617  -9.9239 0.322355  0.0251359  -0.562255 -0.0926034  0.000837588  0.000602599 -0.000201665  0.0418853 -0.0244614 0.00847649 0.940491        0        0 0
                24.7   1.3838  2.56837 -9.36703 -4.17614 -9.98732 0.320269  0.0214294  -0.629978 -0.0358838  0.000924837  0.000544336 -0.000199384  0.0421808 -0.0240463 0.00803395 0.940573        0        0 22060
                24.7  1.53105   2.3628 -9.39051 -4.17218 -9.98252 0.314755  0.0611196  -0.593439 -0.0749279  0.000892218  0.000588985 -0.000195651  0.0419022 -0.0243523 0.00833481 0.935934        0        0 0
             24.8003 -0.0983668    2.84197   -10.3355 -4.17343  -10.058 0.314615 -0.00597074   -0.755577   0.0166349  0.000914498  0.000532199 -0.000202665  0.0424878 -0.0235507 0.00811403 0.935963        0        0 22110
             24.8003  0.10091  2.62384 -10.3153 -4.16416 -10.0412  0.30773   0.084483  -0.630422 -0.0308156  0.000873967  0.000576216 -0.000206778  0.0419436 -0.0245606 0.00849044 0.937006        0        0 0
             24.9001 -1.38329  3.99819 -11.7636 -4.16587 -10.1153 0.313507 -0.0443233  -0.738142  0.0354679  0.000931399  0.000518472 -0.000204453  0.0425643 -0.0240112 0.00807007 0.9371      0      0 22056
             24.9001 -1.19173   3.7891  -11.752  -4.1603 -10.1055 0.305269 0.00881295  -0.663285 -0.0203498  0.000892716  0.000561824 -0.000206177  0.0422428 -0.0246208 0.00849047 0.933132        0        0 0
                  25 -0.708926   4.88642  -12.0744 -4.17492 -10.1826 0.314523 -0.178343 -0.777171  0.110136  0.000914633  0.000520287 -0.000227698   0.042966 -0.0239457 0.00809953 0.933256        0        0 22177
                  25 -0.449291    4.5696  -12.0368 -4.16876 -10.1702  0.30954 -0.120179 -0.679687 0.0727884  0.000861894  0.000587329 -0.000235432 0.0426458 -0.024747 0.0083579 0.934153        0        0 0
             25.1006 0.443932  4.03065 -11.7727 -4.19432 -10.2591 0.322356 -0.261474 -0.865065  0.108391  0.000900803  0.000543774 -0.000230817  0.0433273 -0.0236813 0.00819153 0.934139        0        0 22341
             25.1006 0.586445  3.80581 -11.7156 -4.18343 -10.2402 0.315354 -0.161298 -0.729329 0.0611033  0.000876058  0.000589099 -0.000245169  0.0427686 -0.0248192 0.00849744 0.931055        0        0 0
             25.2005 0.430557  3.48484 -10.4806 -4.21196 -10.3271 0.324757 -0.294095 -0.866098 0.0674648  0.000919072  0.000534523 -0.000248318  0.0434388 -0.0240914 0.00830013 0.931083        0        0 22227
             25.2005 0.611349  3.21543 -10.4336 -4.20212 -10.3113 0.319735 -0.201021 -0.751347 0.0335317  0.000883953  0.000592067 -0.000260264   0.042898 -0.0250709 0.00852736 0.933708        0        0 0
             25.3003 0.0668108   3.08938   -9.2784 -4.23006 -10.4013 0.327154 -0.268656 -0.888382  0.075512  0.000933107  0.000538737 -0.000253313  0.0434479  -0.024331 0.00835632 0.93374       0       0 22097
             25.3003 0.361352  2.88483  -9.2647 -4.22172  -10.383  0.31664  -0.191636  -0.756161 0.00354143  0.000879387  0.000578839 -0.000256502  0.0430166 -0.0254184 0.00890438 0.918337        0        0 0
             25.4001  1.35483  4.20887 -7.39074 -4.25019 -10.4693  0.32528 -0.272731 -0.821259 0.0729043  0.000909769  0.000527284 -0.000257564  0.0437152 -0.0247256 0.00859983 0.918368        0        0 22130
             25.4001  1.66864  3.94714 -7.38306 -4.24337 -10.4545 0.315666 -0.207807 -0.712363 0.0057583  0.000853255   0.00057856 -0.000260704  0.0433353 -0.0256034 0.00910894 0.937688        0        0 0
                25.5  2.07489   5.0526 -7.11138 -4.26851 -10.5291 0.326096 -0.230092 -0.711031 0.0328898  0.000936236  0.000536913 -0.000233038  0.0437965 -0.0252707 0.00843888 0.937744        0        0 22231
                25.5 2.30746 4.85481 -7.1184 -4.26604 -10.5295 0.319491  -0.205294  -0.716004 -0.0129566  0.000885458  0.000577115 -0.000232629   0.043581 -0.0252613 0.00877666 0.94164       0       0 0
             25.6006  1.41797  6.03104 -7.60359 -4.28615 -10.5954 0.326823 -0.154117 -0.687684 0.0520217  0.000953608  0.000536809 -0.000224241  0.0439378 -0.0256035 0.00833713 0.941702        0        0 22376
             25.6006  1.66425   5.7402 -7.56763 -4.28205 -10.5909 0.311988  -0.114793  -0.656557 -0.0506621  0.000905338  0.000594635 -0.000234187  0.0436031 -0.0258476 0.00910538 0.938199        0        0 0
             25.7004  1.27366  5.49664 -8.19229 -4.29369 -10.6552 0.320776 -0.0869693  -0.680671  0.0478322  0.000952289  0.000564037 -0.000227366  0.0440056 -0.0261103 0.00842206 0.938351        0        0 22382
             25.7004  1.55983  5.18499 -8.17125 -4.28612 -10.6483 0.310863 -0.0106856  -0.631371 -0.0221328  0.000896965  0.000621329 -0.000234907  0.0434325 -0.0265318 0.00891276 0.93272       0       0 0
             25.8004  1.95681   4.0024 -8.36605 -4.29322 -10.7154 0.318019 -0.035255 -0.688835 0.0192233  0.000960251  0.000572694 -0.000237096  0.0441686 -0.0263324  0.0083569 0.932757        0        0 22386
             25.8004  2.24916  3.75759 -8.40135 -4.29211 -10.7125 0.311697 -0.0257287   -0.66608 -0.0265811  0.000899369  0.000623599 -0.000232145  0.0440749 -0.0265113 0.00870793 0.936632        0        0 0
             25.9002  1.58118  3.60386 -8.55729 -4.29923 -10.7872 0.311064   -0.047994   -0.765696 -0.00910192  0.000947868    0.0005659 -0.000232058  0.0446459 -0.0261773 0.00855605 0.936658        0        0 22296
             25.9002  1.71559  3.52993 -8.61421 -4.29321 -10.7829 0.318579 0.0141286 -0.735398 0.0431784   0.00092436  0.000574513 -0.000220991  0.0442547 -0.0264821 0.00814145 0.934805        0        0 0
             26.0001  1.09235  3.81849 -8.95829 -4.30046   -10.86 0.318723 -0.0900961   -0.78791  0.0837948  0.000964367    0.0005513 -0.000230092  0.0448169 -0.0262706 0.00867251 0.934832        0        0 22217
             26.0001  1.34617  3.70281 -8.99241 -4.29311 -10.8506 0.322576 -0.014399 -0.718938  0.112243 0.000922257 0.000566492 -0.00022416  0.0443525 -0.0268654 0.00845048 0.935307        0        0 0
             26.1003 0.976463  4.50501 -9.61781 -4.30626 -10.9308 0.322213  -0.17162 -0.798169  0.043563  0.000960502  0.000542431 -0.000226438  0.0449414 -0.0264312 0.00919985 0.935356        0        0 22411
             26.1003  1.08225  4.31141 -9.62335 -4.30479 -10.9309 0.320868 -0.157377 -0.799979 0.0344629  0.000937783   0.00058173 -0.000225947  0.0448226 -0.0264373 0.00926146 0.923896        0        0 0
             26.2001 0.243872  4.46245 -10.4233 -4.32479 -11.0102 0.319212 -0.215508 -0.799579 0.0135431  0.000993844  0.000556748 -0.000235539  0.0449682 -0.0264964  0.0095818 0.923879        0        0 22415
             26.2001 0.546212  4.24155 -10.4017  -4.3186 -10.9994 0.312789  -0.155447  -0.719733 -0.0319723  0.000943255  0.000595834 -0.000241008  0.0445924 -0.0271448 0.00991529 0.925505        0        0 0
                26.3 0.987581   4.1055 -10.1318 -4.34398 -11.0722 0.317751 -0.287823 -0.739138 0.0121072  0.000975162  0.000564345 -0.000247436  0.0452337 -0.0270767 0.00953634 0.925506        0        0 22497
                26.3  1.16805  3.79444 -10.1411 -4.33996 -11.0725 0.308335  -0.247776  -0.742869 -0.0526829    0.0009358   0.00062489 -0.000246236  0.0448889 -0.0271014   0.010003 0.919706        0        0 0
             26.4006 0.729243  3.53342 -9.89407 -4.37903 -11.1553 0.318524 -0.429711 -0.810543 0.0362566   0.00098038  0.000581328 -0.000247848  0.0456183 -0.0265921 0.00911885 0.919819        0        0 22741
             26.4006   0.8993  3.34847 -9.89901 -4.36976 -11.1429 0.315375 -0.337515 -0.715135 0.0140946  0.000963218  0.000606678 -0.000247087  0.0450461 -0.0274056 0.00926423 0.914544        0        0 0
             26.5005 -0.0980713    3.41655   -9.28614 -4.41504 -11.2221 0.327837 -0.445189 -0.797018  0.115198 0.000993446 0.000585263 -0.00025356   0.045776 -0.0269157 0.00878143 0.914633        0        0 22536
             26.5005 0.0906917   3.19341  -9.29641 -4.40969 -11.2138 0.321785 -0.392222 -0.729447 0.0714321  0.000970813  0.000621324 -0.000251355  0.0454549 -0.0274583 0.00910197 0.917733        0        0 0
             26.6003 -0.834571   4.38826  -9.40937 -4.44828 -11.2914 0.333761 -0.334869 -0.785147   0.10943   0.00101551  0.000565755 -0.000253471  0.0457396 -0.0272886  0.0089361 0.917764        0        0 22530
             26.6003 -0.553432   4.29084   -9.4507  -4.4469 -11.2888 0.327977 -0.322259 -0.765531  0.068845  0.000960764  0.000582943 -0.000244402  0.0456519 -0.0274509 0.00923356 0.919226        0        0 0
             26.7002 -1.38075  6.07989 -9.52445 -4.48056 -11.3658 0.342129 -0.326815 -0.741883  0.135258 0.000988736 0.000564086 -0.00025785  0.0458357 -0.0272877 0.00891878 0.919251        0        0 22775
             26.7002 -1.25983  5.72817 -9.51044 -4.47306 -11.3576 0.333453 -0.252349 -0.679134 0.0742439  0.000979666  0.000622734 -0.000261562  0.0453361  -0.027813 0.00932851 0.920483        0        0 0
             26.8001 -1.26788  5.10645 -9.46487 -4.50469 -11.4292 0.346011 -0.267282 -0.715702  0.101294    0.0010103  0.000602069 -0.000262216  0.0460594 -0.0274619  0.0091545 0.920544        0        0 22763
             26.8001 -1.03199  4.90529 -9.46935 -4.50169 -11.4223 0.338848 -0.239794  -0.66229 0.0519066  0.00097229  0.00063899 -0.00026219  0.0458843 -0.0278858 0.00949922 0.916748        0        0 0
             26.9003 -1.69965  5.18995 -8.65717 -4.52614 -11.4991 0.348718 -0.181739  -0.76018 0.0598768  0.00101391 0.000596665 -0.00027486  0.0463648 -0.0273389 0.00922282 0.916818        0        0 22979
             26.9003 -1.55915  4.98341    -8.66 -4.51951 -11.4882 0.344173 -0.117494 -0.677771  0.027434   0.00100271   0.00062889 -0.000276208   0.045969 -0.0280072 0.00941473 0.913208        0        0 0
             27.0001 -1.98537  4.88709 -8.70477 -4.53562 -11.5588 0.350729  -0.15632 -0.714747 0.0171014   0.00103519  0.000600464 -0.000268724  0.0464596 -0.0278337 0.00908726 0.913231        0        0 22793
             27.0001 -1.72726  4.64036 -8.77062 -4.53358  -11.552 0.343438  -0.138818  -0.661426 -0.0349214  0.000992747   0.00064709 -0.000255375  0.0463463 -0.0282559 0.00946059 0.913601        0        0 0
                27.1 -2.49987  4.51261 -9.91551 -4.55126 -11.6229 0.340138  -0.170749  -0.749481 -0.0355907   0.00104353  0.000606188 -0.000249929   0.046644 -0.0281402 0.00939676 0.913618        0        0 22854
                27.1 -2.34433  4.32721 -9.93087 -4.55027 -11.6234 0.334237  -0.161633  -0.754178 -0.0790245   0.00101034   0.00064037 -0.000245445  0.0465402 -0.0281338 0.00971077 0.915566        0        0 0
             27.2006 -3.55465  5.53221 -11.0903 -4.56688 -11.6998   0.3361 -0.183858 -0.795493 0.0600526   0.00107075  0.000577859 -0.000259738  0.0466474 -0.0283146 0.00946297 0.915551        0        0 23011
             27.2006 -3.28114  5.27802 -11.0197 -4.56403 -11.6947 0.314068 -0.159413 -0.754014  -0.10055  0.00101728 0.000626451 -0.00027353  0.0464182 -0.0286914  0.0106124 0.912336        0        0 0
             27.3004 -3.08009  6.24086 -12.0479 -4.58669 -11.7751 0.333792 -0.249384 -0.817139  0.139439   0.00108262  0.000585015 -0.000263621  0.0467369 -0.0284065 0.00913395 0.912504        0        0 22911
             27.3004 -2.79363  5.82803 -12.0608 -4.58595 -11.7819 0.324391 -0.243135 -0.874043  0.070019   0.00101689  0.000669632 -0.000255868  0.0465455 -0.0280457 0.00967154 0.90775       0       0 0
             27.4003 -2.90872  5.51279  -13.992 -4.61965 -11.8663 0.353267 -0.362735 -0.859952  0.240049   0.00109627  0.000614914 -0.000247008  0.0472149 -0.0281229  0.0086408 0.907739        0        0 22999
             27.4003 -2.53982  5.30592 -13.9185  -4.6137 -11.8522 0.348536 -0.309812 -0.753478  0.205779  0.00104416 0.000649307 -0.00026114  0.0469645 -0.0289731 0.00882917 0.906691        0        0 0
             27.5001 -2.10701  4.31857 -15.5719 -4.65436 -11.9322 0.369756  -0.43974 -0.817443  0.187171   0.00112301  0.000613152 -0.000247529  0.0474379 -0.0287129 0.00881283 0.906692        0        0 22938
             27.5001 -1.72258  4.12738 -15.6547 -4.65112 -11.9215 0.367205 -0.414911 -0.736275  0.168437    0.0010469  0.000655653 -0.000227109   0.047372 -0.0293368 0.00891606 0.911041        0        0 0
                27.6 -1.79938  3.34869 -16.8668  -4.6968 -11.9986 0.380252 -0.506454 -0.779914  0.146785   0.00117418  0.000594769 -0.000265293  0.0473119  -0.029295 0.00910622 0.91104       0       0 22799
                27.6 -1.27336  3.14716 -16.8868 -4.69455 -11.9933 0.371303 -0.489528  -0.74101 0.0833236   0.00105575  0.000640664 -0.000259539  0.0472062 -0.0296652 0.00958287 0.89559       0       0 0
             27.7007 -1.44826  2.85466 -17.2694 -4.75343 -12.0791 0.381497 -0.566915 -0.820695 0.0879698   0.00111676  0.000573129 -0.000270978  0.0476195 -0.0289055 0.00946697 0.895611        0        0 22921
             27.7007 -1.28139  2.62613  -17.354 -4.75369  -12.084 0.375747 -0.567063 -0.859083  0.047935   0.00107759  0.000625206 -0.000251289  0.0475017  -0.028641 0.00979077 0.902584        0        0 0
             27.8005 -1.90685  3.95257 -18.4153  -4.8098 -12.1722 0.388095 -0.518176 -0.890408  0.138951   0.00113538  0.000547304 -0.000273798  0.0477038 -0.0285305 0.00950707 0.902591        0        0 22834
             27.8005 -1.66619  3.75612   -18.41 -4.80563 -12.1598 0.383414 -0.486226 -0.796773  0.105454   0.00108326  0.000591449 -0.000273176   0.047657 -0.0293141 0.00975976 0.90516       0       0 0
             27.9004 -2.04751  4.15518  -18.436 -4.85407  -12.245  0.39779 -0.438489 -0.832324  0.128911   0.00116473  0.000575199 -0.000293807  0.0478663 -0.0288759 0.00965034 0.905202        0        0 22914
             27.9004 -1.71784   3.8874 -18.5437 -4.85342 -12.2417  0.39137 -0.436313 -0.807036  0.082976   0.00108858    0.0006356 -0.000267657  0.0478769 -0.0290948  0.0100191 0.908778        0        0 0
             28.0002 -1.57399  3.93735 -19.6666  -4.8954 -12.3178 0.402195 -0.382374 -0.768079 0.0708082   0.00118035  0.000577745 -0.000281307  0.0481764  -0.029243 0.00975133 0.908756        0        0 23011
             28.0002 -1.13869  3.75498 -19.7319 -4.89432 -12.3111 0.397555 -0.376935 -0.713656 0.0361969    0.0010816  0.000619894 -0.000265635  0.0482443 -0.0296865  0.0100246 0.898781        0        0 0
                28.1 -0.985948   4.17718  -20.6928 -4.93088 -12.3903 0.405913  -0.31955 -0.807119 0.0274656   0.00115042  0.000560618 -0.000277601  0.0484001 -0.0292684 0.00960452 0.898827        0        0 22974
                28.1 -0.809114   3.88942  -20.7504 -4.92827 -12.3899 0.399197  -0.294347  -0.805768 -0.0203302   0.00110964  0.000625487 -0.000263471  0.0481784 -0.0293636 0.00997473 0.898451        0        0 0
             28.2003 -1.99436  3.86863 -22.5094 -4.96004 -12.4739 0.401414  -0.281235  -0.861101 -0.0114476   0.00115117   0.00056796 -0.000264501  0.0486737 -0.0291729 0.00961365 0.898433        0        0 23061
             28.2003 -1.89064  3.59902 -22.5123 -4.95524 -12.4663 0.397152  -0.239197  -0.802557 -0.0425571   0.00113209  0.000626947 -0.000262996  0.048497 -0.029724 0.0098441 0.895689        0        0 0
             28.3001 -3.35735  2.64878 -24.1143 -4.98578 -12.5467 0.394164   -0.30198  -0.836079 -0.0487153      0.00119  0.000578547 -0.000276243  0.0491908 -0.0296578  0.0097475 0.895658        0        0 22915
             28.3001 -3.13104  2.37866 -24.1548 -4.98121 -12.5428  0.38996  -0.259456  -0.808321 -0.0785568   0.00114152  0.000636487 -0.000264754  0.0489385 -0.0300013  0.0099627 0.896009        0        0 0
                28.4  -3.9828  2.35292 -25.6206 -5.01248 -12.6231 0.382815  -0.304383  -0.846419 -0.0441763   0.00121339  0.000574912 -0.000286782  0.0495313 -0.0300448 0.00999976 0.895998        0        0 22768
                28.4 -3.57107  2.21967 -25.7347 -5.01116 -12.6249 0.380952  -0.291392  -0.864102 -0.0573006   0.00111711  0.000603321 -0.000258475  0.0493704 -0.0299944  0.0101003 0.898997        0        0 0
             28.5006 -3.09345  2.78878 -26.9575 -5.04824 -12.7137 0.384129 -0.388551 -0.886109 0.0597485   0.00120305  0.000560859 -0.000294519   0.049676  -0.029818 0.00986916 0.898965        0        0 22755
             28.5006 -2.81924  2.51399 -27.0245 -5.04416 -12.7187 0.379856 -0.345572 -0.931512 0.0294369   0.00113784  0.000617455 -0.000275919  0.0492002 -0.0296826  0.0101029 0.892853        0        0 0
             28.6005 -3.68392  2.57525 -28.3273  -5.0852 -12.8072  0.39272 -0.407067 -0.880496  0.150916   0.00121563  0.000569393 -0.000296816  0.0498811 -0.0297016  0.0098208 0.892822        0        0 22654
             28.6005 -3.33709  2.39477 -28.3301 -5.08147 -12.8032 0.389902 -0.376225 -0.852224  0.131199  0.00114112 0.000608527 -0.00029415  0.0497534 -0.0300329 0.00995664 0.897627        0        0 0
             28.7003 -3.09209  1.86696 -27.9068 -5.12593 -12.8928 0.409259 -0.446476 -0.894698  0.180722   0.00118684  0.000578053 -0.000322554  0.0501077 -0.0296109 0.00977147 0.897594        0        0 22606
             28.7003  -2.8651   1.5715 -27.9353 -5.11939 -12.8915 0.406494 -0.386759 -0.891681  0.161918   0.00113738  0.000636433 -0.000312665  0.0496772 -0.0298802 0.00989295 0.891314        0        0 0
             28.8002 -3.34807 0.570853 -27.4447 -5.17085 -12.9828 0.418479 -0.525341 -0.925432 0.0865225   0.00120641  0.000604089 -0.000324394  0.0504591 -0.0295619 0.00998173 0.891318        0        0 22328
             28.8002 -3.03739 0.424084 -27.4984 -5.16449 -12.9726 0.414152 -0.474468 -0.845328 0.0561067   0.00115713  0.000634041 -0.000312026  0.0503989 -0.0303322  0.0101856 0.885421        0        0 0
                28.9 -3.06647  1.31078 -26.3875 -5.22025 -13.0606 0.416968 -0.540722 -0.867426 0.0489879   0.00120173  0.000583536 -0.000333443  0.0508947 -0.0298534  0.0103406 0.885436        0        0 22164
                28.9 -2.74543  1.06648 -26.4385 -5.21621 -13.0667 0.410769 -0.497518 -0.926125 0.0049052   0.00112405  0.000626977 -0.000318164  0.0503713 -0.0296517  0.0107026 0.885539        0        0 0
             29.0003 -2.62841  1.56097 -25.8119 -5.27137 -13.1592 0.426415 -0.523479 -0.927075  0.157409   0.00119874  0.000591111 -0.000327831  0.0509061 -0.0294964  0.0101081 0.885528        0        0 22297
             29.0003 -2.34308  1.36747 -25.8377 -5.26462 -13.1506 0.423826 -0.467913  -0.86274  0.138658   0.00114686  0.000631685 -0.000321754  0.0507448 -0.0301518  0.0102226 0.892081        0        0 0
             29.1001 -2.88289  1.85493 -25.4344  -5.3133 -13.2346 0.441165 -0.437504 -0.838496  0.152358   0.00121619  0.000604957 -0.000324911 0.0513083 -0.030121 0.0100505 0.892091        0        0 22426
             29.1001 -2.55923  1.63722 -25.5161 -5.30779 -13.2365 0.439378 -0.381896 -0.862171  0.140163   0.00114326  0.000643571 -0.000303871 0.0508374 -0.030172 0.0101354 0.895278        0        0 0
                29.2 -2.16677  2.04034 -25.4704 -5.35067 -13.3298 0.453977 -0.377031 -0.928599   0.10032   0.00119307  0.000590426 -0.000313711  0.0512985 -0.0295327 0.00999705 0.895265        0        0 22347
                29.2 -1.87913  1.82298 -25.4874 -5.34222 -13.3171 0.450618  -0.30771 -0.830037 0.0780679   0.00113672  0.000640809 -0.000310588  0.0511371 -0.0304677  0.0101286 0.895678        0        0 0
             29.3006 -2.26431  1.90225 -25.2845 -5.37971 -13.4041 0.455099   -0.346528   -0.878947 -0.00915912   0.00122523  0.000598882 -0.000321839  0.0518409 -0.0301582  0.0100712 0.895701        0        0 22443
             29.3006 -1.98965  1.68748 -25.3622 -5.37545 -13.4041  0.45309 -0.305886 -0.884219 -0.023051   0.00116422  0.000643695 -0.000303193 0.0515036 -0.030284 0.0101722 0.892947        0        0 0
             29.4004 -2.96524   1.7242  -25.849 -5.41123 -13.4937 0.447469  -0.346592  -0.907437 -0.0766503   0.00121533  0.000615469 -0.000310635  0.0519829 -0.0301427  0.0101707 0.892965        0        0 22372
             29.4004 -2.74504  1.54439 -25.9077 -5.40729 -13.4952 0.448008  -0.307181  -0.925053 -0.0724779   0.00116666  0.000645044 -0.000295817  0.0516503 -0.0301658  0.0101273 0.895915        0        0 0
             29.5003 -3.44617  1.69025 -27.4024 -5.44668 -13.5958 0.443836  -0.377683   -1.01429 0.00267168   0.00116895  0.000603478 -0.000287886  0.0521455 -0.0296145  0.0101246 0.895984        0        0 22249
             29.5003 -3.31491  1.56536 -27.3848 -5.44132 -13.5824 0.441185  -0.341168  -0.906918 -0.0154395   0.00116489  0.000633364 -0.000294185  0.0522434 -0.0304679  0.0102328 0.883023        0        0 0
             29.6001 -3.49089  2.88951 -28.3385 -5.47852  -13.674 0.445794 -0.367162 -0.939798 0.0834745    0.0012259  0.000595819 -0.000315981   0.052495 -0.0304835  0.0101776 0.883028        0        0 22163
             29.6001 -3.24497  2.72227 -28.3655 -5.47943 -13.6854 0.446398 -0.363991  -1.03763 0.0895823  0.00115105 0.000623678 -0.00030467  0.0521304 -0.0298678  0.0101545 0.878782        0        0 0
             29.6999  -3.0849  3.52952 -29.4026 -5.51795 -13.7804 0.456738 -0.384308 -0.959614  0.112572   0.00122189  0.000601586 -0.000318972  0.0526903 -0.0302222  0.0101784 0.878736        0        0 22304
             29.6999 -2.84351  3.28177  -29.399 -5.51225 -13.7758 0.456477 -0.336309 -0.928247  0.111015    0.0011789   0.00065101 -0.000318263  0.0524725 -0.0306139  0.0101594 0.872129        0        0 0
             29.8003 -3.22613  2.60389 -29.7892 -5.55255 -13.8666  0.46397 -0.393224 -0.907509 0.0500711  0.00122751 0.000632907 -0.00032512  0.0530861 -0.0305416  0.0102669 0.872133        0        0 22393
             29.8003 -3.08472  2.42274 -29.8011 -5.55032 -13.8689 0.460856 -0.370343 -0.929873 0.0278372   0.00119483  0.000665586 -0.000320374  0.0528326 -0.0304989  0.0104316 0.877548        0        0 0
             29.9001 -3.28606  1.84323 -30.1402 -5.59491   -13.97 0.464105 -0.411742   -1.0138 0.0701749   0.00120059  0.000631049 -0.000323642  0.0531822 -0.0299337  0.0105053 0.87754       0       0 21932
             29.9001 -3.14461  1.51277 -30.1168 -5.58776 -13.9619 0.457673 -0.355077 -0.953449 0.0240756   0.00118969  0.000696337 -0.000326547 0.0530121 -0.030562 0.0108236 0.868823        0        0 0
                  30 -3.96539  1.52282 -29.3171  -5.6298 -14.0533 0.464549 -0.383849 -0.894516 0.0537526   0.00126119  0.000641644 -0.000353654 0.0537258 -0.030461 0.0106034 0.868856        0        0 21712
                  30 -3.68181  1.40234 -29.3331 -5.62452 -14.0491 0.465532 -0.339849   -0.8663 0.0608209   0.0012105  0.00066149 -0.00034949   0.053551 -0.0308173   0.010525 0.86662       0       0 0
             30.1006 -4.42885  2.32768 -28.6248 -5.65972 -14.1464 0.474381 -0.262749 -0.939953  0.061176   0.00121944  0.000624933 -0.000341943  0.0536326 -0.0300186  0.0103644 0.866636        0        0 22160
             30.1006 -4.25554  2.17021 -28.6432 -5.65567 -14.1468 0.473741 -0.224359 -0.948532   0.05714   0.00118526  0.000648916 -0.000334768   0.053347 -0.0301178  0.0103844 0.866178        0        0 0
             30.2004 -4.37604  3.59729 -28.2824 -5.67695 -14.2384  0.47813 -0.163282 -0.922484 0.0308744   0.00121257  0.000620466 -0.000342118  0.0537774 -0.0301498   0.010406 0.866243        0        0 22289
             30.2004 -4.23217  3.34761 -28.2623 -5.66742 -14.2281 0.478646 -0.0854575  -0.846422  0.0344588   0.00120831  0.000667682 -0.000347553  0.0535474 -0.0309167  0.0103117 0.88153       0       0 0
             30.3003 -4.20399  3.01119 -27.7786 -5.68582 -14.3156 0.472303  -0.148054   -0.87506 -0.0937632   0.00123805  0.000667335 -0.000346821  0.0543781 -0.0304914  0.0107264 0.881591        0        0 22243
             30.3003 -4.03428   2.8496 -27.8366 -5.68212 -14.3185 0.473029  -0.110003  -0.904916 -0.0880858   0.00119846  0.000690147 -0.000331135  0.0540224 -0.0304402  0.0106669 0.877183        0        0 0
             30.4001 -4.27202  2.82885 -28.4848 -5.70012 -14.4094 0.463194  -0.160819  -0.898411 -0.0804724   0.00123639  0.000649056 -0.000323333  0.0546668 -0.0301954  0.0107238 0.877193        0        0 22141
             30.4001 -4.04528   2.6509 -28.4966 -5.69409 -14.4053 0.463765  -0.108611  -0.870049 -0.0761064   0.00118928   0.00068873 -0.000319239  0.0544148 -0.0305777  0.0106477 0.866452        0        0 0
             30.5003 -3.52667  3.09235 -28.5064 -5.71358 -14.4911  0.46081  -0.189864  -0.855455 0.00629322   0.00122321  0.000635546 -0.000336193  0.0551545 -0.0303716  0.0106621 0.866482        0        0 22228
             30.5003 -3.44949  2.86633 -28.4994 -5.70812 -14.4877 0.460117  -0.142239  -0.832134 0.00115361  0.00120726 0.000688699 -0.00033461 0.0548884 -0.030724 0.0106662 0.860793        0        0 0
             30.6002 -3.97148  2.96255 -28.6031 -5.72875 -14.5756 0.461427 -0.200023 -0.890583 0.0261842   0.00125205  0.000637831 -0.000335364  0.0552703 -0.0304029   0.010721 0.860784        0        0 22348
             30.6002 -3.71824  2.79251 -28.6374 -5.72082 -14.5667 0.460769  -0.13665  -0.82511 0.0209957     0.001192  0.000677633 -0.000324547  0.0550693 -0.0311308  0.0107056 0.863669        0        0 0
                30.7 -3.20795  3.12543 -27.8804 -5.74177 -14.6542 0.462648   -0.208012   -0.881196 -0.00567687   0.00125256  0.000631413 -0.000348919  0.0554147 -0.0307525  0.0107145 0.863668        0        0 22284
                30.7 -3.01059  2.89994 -27.9146  -5.7365 -14.6547 0.464131  -0.158037  -0.893482 0.00552494    0.0012048  0.000684173 -0.000337672  0.0550074 -0.0308686  0.0105934 0.862372        0        0 0
             30.8003 -3.94083   3.0054 -26.7699 -5.76321 -14.7487 0.460493   -0.23565  -0.889481 -0.0594785   0.00126417  0.000630739 -0.000350891  0.0555912 -0.0302567  0.0106945 0.862372        0        0 22400
             30.8003 -3.81065   2.8096  -26.775 -5.75917 -14.7468  0.45845  -0.200716  -0.878256 -0.0741658   0.00123276  0.000677325 -0.000346922 0.0553702 -0.030487 0.0107948 0.858816        0        0 0
             30.9002 -4.85121  3.61809 -26.2234 -5.78354 -14.8313 0.453762  -0.188439  -0.825653 -0.0142183   0.00127596  0.000619881 -0.000353624  0.0560979 -0.0303393  0.0108426 0.858795        0        0 22356
             30.9002 -4.59316  3.48517 -26.1998 -5.77873 -14.8213 0.454318  -0.155062  -0.745448 -0.0104568   0.00121128  0.000653202 -0.000356577  0.0561556 -0.0310546    0.01077 0.859651        0        0 0
                  31 -5.29175  4.87794 -24.9785 -5.79105 -14.8973 0.454671 -0.0639991  -0.730009  0.0173966  0.00127083 0.000613433 -0.00037015  0.0562805 -0.0308336   0.010859 0.859646        0        0 22527
                  31 -4.99576  4.67444 -24.9915 -5.78641  -14.901 0.455477 -0.015253 -0.769004 0.0246998   0.00119816    0.0006638 -0.000361304  0.0557556 -0.0307391  0.0107733 0.863277        0        0 0
             31.1003 -4.77996  4.70878 -23.6248 -5.78905 -14.9717  0.45726   0.0136041   -0.684203 -0.00630056   0.0012445 0.000645525 -0.00036678  0.0563817 -0.0308151  0.0108139 0.863297        0        0 22680
             31.1003 -4.52929  4.44995 -23.6285 -5.78479 -14.9735 0.457058   0.0560393   -0.705847 -0.00721558   0.00118485  0.000700986 -0.000360489  0.0559792 -0.0308198  0.0107911 0.861308        0        0 0
             31.2001 -4.24825  3.63341 -22.4436 -5.78579 -15.0346 0.451128 0.0131143 -0.590023 -0.095199   0.00124632  0.000664062 -0.000359974  0.0569758 -0.0310161  0.0109047 0.861381        0        0 22417
             31.2001 -4.01753  3.44184  -22.497 -5.78147 -15.0355 0.449368 0.0552465 -0.603171 -0.107645   0.00119137  0.000704659 -0.000344424  0.0566065 -0.0310793  0.0109757 0.863428        0        0 0
                31.3 -3.92524  3.02252 -21.7328 -5.78257 -15.0979 0.440369  0.0157838  -0.584607 -0.0879322   0.00122238  0.000649733 -0.000345284  0.0571236 -0.0305663  0.0109052 0.863394        0        0 22353
                31.3 -3.74756  2.88788 -21.6933 -5.77858  -15.098 0.439721  0.0549558  -0.590601 -0.0924873   0.00118149  0.000679887 -0.000352614  0.0568033 -0.0306569  0.0109169 0.864938        0        0 0
             31.4006 -3.78039  3.44308 -19.6028 -5.77913 -15.1567 0.433563 -0.0126152   -0.57022 -0.0410117   0.00123566  0.000639747 -0.000364362  0.0572394 -0.0304919  0.0109096 0.864939        0        0 22603
             31.4006 -3.53403  3.19025 -19.5118 -5.77403 -15.1485 0.427583  0.0273913  -0.506661 -0.0843918   0.00118324   0.00069923 -0.000381797 0.0570971 -0.031125 0.0112202 0.868797        0        0 0
             31.5004 -2.76163  4.08922 -16.6949 -5.77613 -15.1978 0.426852 -0.0245466  -0.479464 0.00210856   0.00121159  0.000645916 -0.000378957 0.0575924 -0.031025 0.0109623 0.868803        0        0 22606
             31.5004 -2.49938  3.93375 -16.6565 -5.76861 -15.1876 0.428429 0.0403864 -0.403861 0.0145999   0.00115832  0.000680733 -0.000386453  0.0573141 -0.0317781  0.0107922 0.871762        0        0 0
             31.6003 -1.67353  4.10709 -12.5533 -5.77354 -15.2252 0.427149  -0.0823174   -0.347252 -0.00331002   0.00122605  0.000671676 -0.000395744  0.057934 -0.031722 0.0110583 0.871763        0        0 22901
             31.6003 -1.43958  3.86618 -12.5302 -5.76974 -15.2256 0.424629 -0.0438046  -0.355024  -0.021407   0.00117181  0.000721703 -0.000399806   0.057599 -0.0317715  0.0111854 0.877008        0        0 0
             31.7001 -1.51547  4.61815 -8.44782 -5.78342 -15.2674 0.424408  -0.137122  -0.405716 0.00554674   0.00119198  0.000673519 -0.000384134  0.0580965 -0.0311774  0.0110865 0.877071        0        0 23022
             31.7001 -1.36971  4.48718 -8.44672 -5.78049 -15.2664 0.424023  -0.108092  -0.398599 0.00290846   0.00115985  0.000700065 -0.000383516   0.057877 -0.0312919  0.0110895 0.886903        0        0 0
                31.8 -1.27744  5.64959  -5.5583 -5.79608 -15.3142 0.427377 -0.142709 -0.452338 0.0383291   0.00118373  0.000671345 -0.000366857 0.0582579 -0.030739 0.0110518 0.886912        0        0 23227
                31.8 -1.04357    5.416 -5.56636 -5.79181  -15.314 0.421377  -0.0993329   -0.454056 -0.00568521   0.00113008   0.00071905 -0.000363381  0.0578752 -0.0307949  0.0113868 0.891963        0        0 0
             31.9003 -1.34368  5.62317 -4.33219 -5.81084 -15.3636 0.425307 -0.172504 -0.470727 0.0296191   0.00117048  0.000694697 -0.000340897   0.058724 -0.0303591  0.0112383 0.891971        0        0 23169
             31.9003 -1.21377  5.36513 -4.33547 -5.80324  -15.351 0.420442  -0.0957385   -0.367702 -0.00640197   0.00115582  0.000748914 -0.000340447  0.0581495 -0.0312419  0.0114656 0.88794       0       0 0
             32.0001  -1.7344  5.66109 -4.93618 -5.81598 -15.3847 0.429038 -0.106715 -0.319469 0.0649963    0.0011916   0.00070304 -0.000312003  0.0587937 -0.0312661   0.010993 0.88801       0       0 23231
             32.0001 -1.51222  5.45648 -4.92948 -5.80981 -15.3758 0.427631 -0.0443646  -0.249669  0.0539845   0.00115005   0.00074428 -0.000312954  0.0583119 -0.0318662  0.0110247 0.887916        0        0 0
                32.1 -1.14084  5.35593 -6.34379 -5.82237 -15.4033 0.438855 -0.147245 -0.266616 0.0925621   0.00117452  0.000700653 -0.000303488  0.0589188 -0.0315539  0.0107008 0.887927        0        0 23159
                32.1  -1.0247  5.14824 -6.35192 -5.81641 -15.3949 0.433609 -0.086565 -0.195905 0.0510586  0.00115653 0.000741768 -0.00030083 0.0584224 -0.032166 0.0109835 0.894711        0        0 0
             32.2006 -0.92516  4.68138 -8.44666  -5.8371 -15.4243 0.440907 -0.224733 -0.315727 0.0643482   0.00118435  0.000709029 -0.000284422  0.0592022 -0.0316104  0.0108793 0.894759        0        0 23115
             32.2006 -0.823617   4.49237   -8.4248 -5.83012 -15.4111 0.435311  -0.15493 -0.208508 0.0190119   0.00117848  0.000740242 -0.000289171  0.0586702 -0.0325361  0.0111924 0.880221        0        0 0
             32.3004 -1.39426  4.98185 -10.5142 -5.85016 -15.4408 0.440012 -0.211171 -0.348007 0.0505195   0.00123626  0.000687865 -0.000284478  0.0590297 -0.0323051  0.0111183 0.880203        0        0 22863
             32.3004 -1.17767  4.83178 -10.4869 -5.84425  -15.433 0.439515 -0.152864 -0.287988 0.0467042  0.00120009 0.000710462 -0.00029133  0.0586253 -0.0328459  0.0111082 0.884795        0        0 0
             32.4003 -1.66744  5.03101 -12.6714 -5.86834 -15.4679 0.447448 -0.261246 -0.385925 0.0781061   0.00123686  0.000690581 -0.000284405  0.0592006 -0.0326591  0.0109798 0.884776        0        0 22875
             32.4003 -1.48759  4.82806  -12.676 -5.86343 -15.4645 0.440655 -0.212482  -0.35947   0.02435   0.00120136  0.000726609 -0.000283742  0.0588139 -0.0329455  0.0113802 0.882653        0        0 0
             32.5001 -1.75669  4.82354 -14.5617 -5.89389 -15.5007 0.448769 -0.325465 -0.388076 0.0766383   0.00125293  0.000696372 -0.000291099   0.059494 -0.0329869  0.0111444 0.882663        0        0 22828
             32.5001 -1.59398  4.64819  -14.569 -5.89069    -15.5  0.44575 -0.293204 -0.385355 0.0538765   0.00121653  0.000730478 -0.000288865  0.0592247 -0.0330746   0.011305 0.879035        0        0 0
                32.6 -2.63123  4.48103 -16.7253  -5.9278 -15.5498   0.4574 -0.363893 -0.508829   0.11833   0.00126792  0.000693446 -0.000287394  0.0596975 -0.0324813  0.0110439 0.879006        0        0 22752
                32.6 -2.48909  4.28791 -16.7352 -5.92346 -15.5472 0.455444 -0.321701 -0.491946  0.104053  0.00123978 0.000730832 -0.00028399  0.0593845 -0.0327031  0.0111299 0.878061        0        0 0
             32.7007  -4.0534  3.57144 -19.1021 -5.96094 -15.6029 0.469193 -0.362352 -0.550033  0.134432   0.00128027  0.000690426 -0.000290048   0.059764 -0.0323599  0.0110483 0.878027        0        0 22499
             32.7007 -3.86749  3.39075 -19.0769 -5.95327 -15.5915 0.467944 -0.292585 -0.464101  0.124608   0.00125766   0.00072188 -0.000294782  0.0593993 -0.0331864   0.011071 0.86528       0       0 0
             32.8005 -4.43987  3.01191 -20.9506 -5.99193  -15.645 0.475081  -0.36189 -0.501963 0.0679254   0.00127862  0.000693129 -0.000302887  0.0599955 -0.0325796  0.0113901 0.865224        0        0 22220
             32.8005 -4.24338   2.8414 -20.9519 -5.98573 -15.6335  0.47182 -0.311997 -0.418446 0.0438319   0.00125858  0.000722577 -0.000301136  0.0598069 -0.0333451  0.0115325 0.859914        0        0 0
             32.9004 -4.66528  3.21895 -23.1095 -6.02295 -15.6836 0.475519 -0.333266 -0.467831 0.0335039   0.00129651  0.000682457 -0.000305931  0.0602318 -0.0326788  0.0115886 0.859934        0        0 22239
             32.9004 -4.42608  3.05845 -23.1153 -6.01749  -15.676 0.476143 -0.286457 -0.411661 0.0381959   0.00126059  0.000711769 -0.000303418  0.0600407 -0.0332184  0.0115014 0.852189        0        0 0
             33.0002 -4.67979  3.59791 -24.8387 -6.04811  -15.719 0.482085 -0.237805 -0.376187 0.0613006   0.00130633  0.000680191 -0.000318618   0.060412 -0.0327759  0.0114717 0.852162        0        0 22235
             33.0002 -4.45935  3.43652 -24.8553 -6.04121 -15.7087 0.483646  -0.17943 -0.298006 0.0726581   0.00127988  0.000709623 -0.000315009  0.0602267 -0.0335024   0.011312 0.846892        0        0 0
             33.1001 -5.28051  3.87797 -26.4339 -6.06247   -15.74 0.487583 -0.163596 -0.256137 0.0327439    0.0013261  0.000681379 -0.000321749  0.0606166 -0.0329417  0.0115406 0.846789        0        0 22219
             33.1001  -5.0976   3.7057 -26.4272  -6.0581 -15.7348  0.48733 -0.125043 -0.214898 0.0310286   0.00129786  0.000715753 -0.000321493  0.0604707 -0.0333632  0.0115099 0.850367        0        0 0
             33.2003 -6.04759  3.95323 -27.8913 -6.07526 -15.7552 0.490165 -0.125606 -0.160812 0.0262596   0.00135264  0.000690947 -0.000340426  0.0610488 -0.0330101  0.0115759 0.850357        0        0 22256
             33.2003 -5.73427  3.77619 -27.9094 -6.06871 -15.7473 0.491319 -0.070426 -0.102727 0.0348552   0.0012993  0.00072493 -0.00033419   0.060861 -0.0336137  0.0114386 0.841403        0        0 0
             33.3001 -5.17925  3.83116 -28.4875 -6.08222 -15.7634 0.492431 -0.0995389  -0.115122  0.0101674   0.00132393  0.000685638 -0.000348753  0.0611649 -0.0328857  0.0116866 0.841264        0        0 22187
             33.3001 -4.98117  3.58299 -28.4849 -6.07381 -15.7521 0.492412 -0.0305114 -0.0271198  0.0113144   0.00129682  0.000741843 -0.000346456 0.0609997 -0.033748 0.0115767 0.838543        0        0 0
                33.4 -5.43532  3.24506 -28.7584 -6.08317 -15.7662 0.491896  -0.0310742   -0.124394 -0.00131704   0.00133661  0.000697194 -0.000353376  0.0612858 -0.0328011   0.011783 0.838373        0        0 22146
                33.4 -5.27081  3.12516 -28.7496  -6.0778 -15.7563 0.493216 0.00948312 -0.0458238 0.00931359   0.00131082  0.000723895 -0.000353719  0.0613074 -0.0335192  0.0116223 0.838824        0        0 0
             33.5006 -5.24576    3.494 -28.3096 -6.08377 -15.7708 0.492422  -0.018935  -0.097354 -0.0152202   0.00133944   0.00068799 -0.000364487  0.0616298 -0.0326475  0.0118426 0.838769        0        0 22186
             33.5006 -4.98648  3.27569 -28.2834 -6.07389 -15.7554 0.492682   0.058483  0.0239585 -0.0132731   0.00129967  0.000740086 -0.000370035  0.061558  -0.03378 0.0117129 0.836192        0        0 0
             33.6004 -4.29674  3.32843 -27.1944 -6.07753 -15.7632 0.490399  0.0262518 -0.0413335 -0.0353376   0.00133177  0.000688093 -0.000376591  0.0619824 -0.0327283  0.0117694 0.836178        0        0 22087
             33.6004 -4.12484  3.13222 -27.1752 -6.07019 -15.7546 0.487457  0.0863846  0.0250542 -0.0570526   0.00129526  0.000736077 -0.000378568  0.0617953 -0.0334604   0.011874 0.837662        0        0 0
             33.7003 -3.97826  3.98694 -25.9449 -6.06648  -15.756 0.481442   0.08691 0.0272185 -0.065829   0.00136339  0.000683045 -0.000383358  0.0624648 -0.0328928  0.0119787 0.837625        0        0 22023
             33.7003 -3.71569  3.79111 -25.9223 -6.06015  -15.748 0.482049   0.136859  0.0839998 -0.0615675   0.00129944   0.00073209 -0.000385608  0.0623121 -0.0335175  0.0118828 0.839656        0        0 0
             33.8002 -3.67987  4.71663 -24.4249 -6.05162 -15.7421 0.475293   0.111858  0.0795756 -0.0679337   0.00137021  0.000682231 -0.000388346  0.0626978 -0.0331316   0.011924 0.839647        0        0 22052
             33.8002 -3.39307  4.51558 -24.4326 -6.04265  -15.729 0.477409   0.181706   0.173885 -0.0526197   0.00129733  0.000732944 -0.000383429 0.0625317 -0.034111 0.0117076 0.846564        0        0 0
             33.9001  -3.2837  4.98145 -22.8955 -6.03306 -15.7235 0.473115   0.128373  0.0707828 -0.0496805   0.00135273  0.000691479 -0.000382865  0.0629522 -0.0330916  0.0118002 0.846493        0        0 22359
             33.9001 -3.03958  4.83612 -22.9027  -6.0283 -15.7165 0.473173   0.167793   0.125675 -0.0477365  0.00129162 0.000727676 -0.00037928  0.0628427 -0.0336664  0.0117382 0.849123        0        0 0
             34.0003 -3.05192  5.69197 -21.8247 -6.01779 -15.7117 0.468952   0.123084  0.0472716 -0.0356014   0.00136284  0.000686374 -0.000376875  0.0632453 -0.0331288  0.0118071 0.849106        0        0 22533
             34.0003 -2.74958  5.51163 -21.8281 -6.01071 -15.7052 0.468645   0.184969  0.0915054 -0.0376157   0.00129072  0.000729121 -0.000373946  0.0629097 -0.0336956  0.0117623 0.857401        0        0 0
             34.1001 -2.89456   6.1941 -21.2442  -6.0022 -15.7064 0.464643    0.105115 -0.00919301   -0.034097  0.00135417 0.000688339 -0.00036604  0.0635291 -0.0329002  0.0119578 0.857274        0        0 22664
             34.1001 -2.61333  5.98908 -21.2497 -5.99651 -15.7011 0.464966   0.156751  0.0295257 -0.0307301   0.00128815  0.000737189 -0.000362689  0.0632447 -0.0333778  0.0118767 0.864776        0        0 0
                34.2 -2.84847  6.21021 -21.9015 -5.98978 -15.7034  0.45968  0.0520325 -0.0475816 -0.0478216   0.00133691  0.000701466 -0.000346921   0.063891 -0.0330011  0.0121348 0.864722        0        0 22762
                34.2 -2.68127  6.07151  -21.882 -5.98279 -15.6935 0.460392  0.113682 0.0310941 -0.043203  0.00130178 0.000735171 -0.00035074  0.0636499 -0.0338087    0.01203 0.862133        0        0 0
             34.3006 -3.24025  6.13334 -22.3673 -5.98067 -15.6936 0.457889 -0.00807286  -0.0353954  -0.0252348   0.00137926  0.000700143 -0.000355321  0.0642226 -0.0337125  0.0120442 0.862118        0        0 22869
             34.3006  -2.9442  5.92605 -22.3777 -5.97487 -15.6884 0.459313   0.045935 0.00451451 -0.0131176   0.00130963  0.000748933 -0.000350477   0.063925 -0.0342049  0.0118822 0.861636        0        0 0
             34.4005 -3.44697  6.25021 -23.1525 -5.98019 -15.6957 0.455898 -0.0735564  -0.109801 -0.0329809   0.00137918  0.000686621 -0.000349434  0.0643541 -0.0337728   0.012056 0.861611        0        0 22782
             34.4005 -3.20003  6.11101 -23.1439 -5.97577 -15.6904 0.456242 -0.0337874 -0.0676414  -0.029862   0.0013174 0.000722158 -0.00034948  0.0641743 -0.0342434   0.011986 0.861801        0        0 0
             34.5003 -3.88259   6.4033 -24.0354 -5.98795  -15.712 0.452996  -0.137992  -0.272723 -0.0093006   0.00138444  0.000688764 -0.000349118  0.0644783 -0.0334691   0.012229 0.861703        0        0 22819
             34.5003 -3.59569  6.19661  -24.011 -5.98242 -15.7076 0.454972 -0.0855497  -0.238032 0.00816184    0.0013174  0.000738081 -0.000351996  0.0641815 -0.0339332  0.0120125 0.860947        0        0 0
             34.6001 -3.99032  5.61863 -24.6176 -6.00121 -15.7377 0.456337 -0.207165  -0.38165 0.0397302   0.00138707  0.000705729 -0.000355239  0.0648434 -0.0338336  0.0122392 0.860961        0        0 22681
             34.6001 -3.69589   5.4394 -24.6312 -5.99638 -15.7333 0.456254 -0.163521 -0.347286 0.0397336   0.00132042  0.000745526 -0.000350168  0.0646195 -0.0342647  0.0121882 0.854971        0        0 0
                34.7 -3.74435  5.51611 -25.5042 -6.02302 -15.7796 0.460925 -0.292121 -0.500128 0.0488661  0.00137028 0.000694366 -0.00034717  0.0651001 -0.0336989  0.0123075 0.854962        0        0 22503
                34.7 -3.49665  5.30807 -25.4924 -6.01741 -15.7725  0.46021 -0.243331 -0.441478 0.0447742   0.00131966  0.000742508 -0.000347378  0.0649229 -0.0343254  0.0122869 0.849826        0        0 0
             34.8007 -3.84751  4.93991 -26.1159 -6.05296 -15.8278 0.465262 -0.380761 -0.576542 0.0460027   0.00138626  0.000697578 -0.000354768  0.0652663 -0.0336951  0.0123128 0.849857        0        0 22474
             34.8007 -3.62996  4.78735 -26.1048 -6.04766 -15.8193  0.46514 -0.337852 -0.509403 0.0464275   0.00134376  0.000732961 -0.000355327 0.0651783 -0.034365 0.0122595 0.84829       0       0 0
             34.9005 -4.41791  4.29898 -26.4887 -6.09103  -15.883 0.472684 -0.418132 -0.647388  0.108291   0.00138549  0.000701994 -0.000357482  0.0654674 -0.0336378  0.0123148 0.848296        0        0 22257
             34.9005 -4.19588  4.07729 -26.4998 -6.08227 -15.8704 0.471527 -0.348325 -0.553088  0.100818    0.0013476    0.0007517 -0.000351335  0.0652781 -0.0346113  0.0123036 0.843093        0        0 0
             35.0003 -4.46898  3.79037 -26.9133 -6.12471  -15.939  0.48554 -0.365658  -0.66599  0.147963   0.00137504  0.000694949 -0.000355541  0.0656332 -0.0335732  0.0122965 0.842926        0        0 22021
             35.0003 -4.31315  3.65409 -26.9078 -6.11795 -15.9266 0.486883 -0.311655 -0.565778  0.159051   0.00135426  0.000727707 -0.000354878    0.06561 -0.0345169   0.012133 0.839188        0        0 0
             35.1002  -6.0332  3.56288 -27.3634 -6.14816 -15.9858 0.500902 -0.245306 -0.553194  0.132583   0.00140616  0.000695531 -0.000361795  0.0659741 -0.0340186  0.0123614 0.839156        0        0 21891
             35.1002 -5.84838  3.32105 -27.3824  -6.1415 -15.9786 0.499282 -0.188383 -0.497853  0.121587   0.00137521    0.0007477 -0.000353197  0.0657464 -0.0346585   0.012392 0.836025        0        0 0
                35.2 -6.14777  2.74667 -27.7357 -6.16975 -16.0392 0.505342 -0.237008  -0.57691 0.0374946  0.00138404  0.00070266 -0.00035864  0.0661139 -0.0336857  0.0126979 0.835931        0        0 21979
                35.2 -5.88097  2.59321 -27.7473 -6.16268 -16.0261 0.505398 -0.185612 -0.478057  0.038626   0.00133951  0.000738982 -0.000354629  0.0661107 -0.0346152  0.0125975 0.83285       0       0 0
             35.3007 -5.05665  2.64318 -28.3353 -6.18897 -16.0899 0.509128   -0.205512   -0.637065 -0.00317748   0.00134841  0.000691738 -0.000350457  0.0664328 -0.0335194  0.0125664 0.832794        0        0 21959
             35.3007 -4.93082   2.4561 -28.3073 -6.18207  -16.075 0.507864 -0.156486 -0.517966 -0.011615   0.00134188  0.000738275 -0.000355839  0.0665285 -0.0345861  0.0125283 0.827362        0        0 0
             35.4005 -5.36852  3.11738 -29.2576 -6.20228 -16.1396 0.505172   -0.15022  -0.647523 -0.0606396   0.00139568  0.000688136 -0.000351034  0.0667962 -0.0337981  0.0125138 0.827361        0        0 21967
             35.4005 -5.16592  2.88183 -29.2723 -6.19735 -16.1336 0.504135  -0.111297  -0.603659 -0.0676316   0.00135861  0.000741109 -0.000344787  0.0666743 -0.0342828  0.0125216 0.836261        0        0 0
             35.5003 -5.27113  2.33579 -30.8238 -6.21091 -16.1996 0.498437 -0.0983573  -0.672136 -0.0662053   0.00138307  0.000705705 -0.000343582  0.0669531 -0.0338944  0.0124734 0.836273        0        0 21938
             35.5003 -5.09028  2.19982 -30.8203 -6.20676 -16.1865 0.498559 -0.0762468  -0.568833 -0.0655798   0.00136012  0.000744064 -0.000345515  0.0672063 -0.0347243  0.0124046 0.83083       0       0 0
             35.6002 -5.21499  2.47041 -31.8197 -6.21973 -16.2597 0.494975 -0.0818238  -0.728371 -0.0224463   0.00139106  0.000693002 -0.000358807  0.0672257 -0.0337717  0.0123825 0.830824        0        0 21889
             35.6002 -5.07544  2.26112 -31.8235 -6.21565 -16.2524 0.494343 -0.0538559   -0.67332 -0.0269222   0.00137066  0.000743181 -0.000355558 0.0672474 -0.034289 0.0123761 0.826061        0        0 0
                35.7 -5.67829  2.27843 -33.3143  -6.2259 -16.3281 0.490192  -0.088679   -0.76211 -0.0246033   0.00141904  0.000696857 -0.000355795 0.0673709 -0.033728 0.0125808 0.826071        0        0 21872
                35.7 -5.37128  2.24912  -33.336 -6.22292 -16.3135 0.493016  -0.0789139   -0.637571 -0.00371566   0.0013749 0.000719284 -0.00035341  0.067849 -0.034623 0.0123401 0.824966        0        0 0
             35.8003  -5.6093  3.17786 -34.6044 -6.23704 -16.3821 0.485516 -0.163587 -0.678959 -0.041487   0.00145498  0.000698391 -0.000373248  0.0678797 -0.0343538  0.0128373 0.824942        0        0 22133
             35.8003  -5.2727  2.92278 -34.6363 -6.23011 -16.3778 0.488526 -0.105116 -0.652509 -0.020003   0.00138914  0.000749661 -0.000361623  0.0675975 -0.0347985  0.0126021 0.821852        0        0 0
             35.9002 -4.42805  2.99095 -35.5038 -6.25378 -16.4475 0.484517  -0.243786  -0.712856 -0.0258722   0.00142128  0.000717261 -0.000380063 0.0682657 -0.034304 0.0128922 0.821788        0        0 22064
             35.9002 -4.11919  2.88664 -35.5541 -6.24994 -16.4431 0.489359 -0.213195 -0.679259 0.0106294   0.00135921  0.000739966 -0.000366829   0.068229 -0.0346549  0.0125506 0.81986       0       0 0
                  36 -3.63871  2.75607 -35.9644 -6.27876 -16.5196 0.483214  -0.278724  -0.772513 -0.0611587   0.00143473  0.000725482 -0.000375448  0.0683856 -0.0341344  0.0130113 0.819857        0        0 21981
                  36 -3.44825  2.57893 -35.9842 -6.27411 -16.5108 0.482962   -0.24738  -0.699783 -0.0628299   0.00140805  0.000770288 -0.000369045  0.0685213 -0.0347651  0.0129818 0.818855        0        0 0
             36.1003  -5.0898  2.84261 -36.1386 -6.30552 -16.5917 0.474833 -0.277172  -0.80167 -0.069744   0.00148295  0.000720321 -0.000381953 0.0685667 -0.033985 0.0130702 0.818857        0        0 21962
             36.1003 -4.77122  2.76993   -36.15 -6.30107  -16.583 0.480674  -0.248058  -0.732149 -0.0275912    0.0014242  0.000742432 -0.000379261  0.0687323 -0.0345718  0.0126844 0.815686        0        0 0
             36.2001 -6.17856  3.45931 -36.1788 -6.33044  -16.664 0.477641 -0.269259 -0.812111 0.0178221    0.0014689  0.000719756 -0.000388537  0.0688206 -0.0340526  0.0129925 0.815649        0        0 21967
             36.2001   -5.944  3.23889 -36.1762  -6.3246 -16.6583 0.479757 -0.223649 -0.769001 0.0333787   0.00143124  0.000769479 -0.000385951 0.0687307 -0.034567 0.0128165 0.814482        0        0 0
             36.2999 -7.03124  3.99554  -35.871 -6.35186 -16.7414 0.480238 -0.209795 -0.806824 0.0313872   0.00145594  0.000733715 -0.000394634  0.0690237 -0.0339773  0.0132173 0.814498        0        0 21936
             36.2999 -6.70323  4.02138 -35.8626 -6.34775 -16.7245 0.489834 -0.193775  -0.66341 0.0997888   0.00142319   0.00075882 -0.000401951  0.0696417 -0.0349342  0.0125828 0.817369        0        0 0
             36.4006 -6.97715  5.12473 -35.4617 -6.37436 -16.8051 0.492149 -0.196357 -0.750084 0.0166531   0.00147355  0.000752278 -0.000406742  0.0694869 -0.0337092  0.0130913 0.817324        0        0 22101
             36.4006 -6.60656  4.94641 -35.4815 -6.36985 -16.8047  0.50008 -0.155978 -0.754375 0.0748362   0.00138369  0.000792282 -0.000396106 0.0692311 -0.033844 0.0125761 0.820038        0        0 0
             36.5004 -5.70295   5.2569 -35.3697 -6.38796 -16.8828 0.499359   -0.15171  -0.791099 -0.0201487   0.00141569  0.000750404 -0.000394644   0.069477 -0.0335699  0.0129924 0.82004       0       0 22148
             36.5004 -5.49607  5.13526 -35.3519 -6.38319 -16.8696 0.502577  -0.126229  -0.680184 0.00276624   0.00136953  0.000781119 -0.000397059  0.0698878 -0.0344347  0.0127221 0.82001       0       0 0
             36.6003 -4.96983  5.38977   -34.95  -6.4007 -16.9446 0.491832 -0.116745 -0.751362 -0.116738  0.00145372 0.000750773 -0.00040018  0.0701764 -0.0338654  0.0133133 0.820081        0        0 22116
             36.6003 -4.72858  5.32036 -34.9624 -6.39817 -16.9372 0.498242  -0.103544  -0.689376 -0.0697524   0.00139032  0.000767277 -0.000395074  0.0704399 -0.0343385  0.0128644 0.817736        0        0 0
             36.7001 -5.22776  6.15301 -35.3369 -6.40701 -17.0097  0.48496 -0.0502928  -0.709713  -0.110954   0.0014614 0.000732016  -0.0003894  0.0704824 -0.0340424  0.0132673 0.817724        0        0 22100
             36.7001 -5.04095  5.97262 -35.3105   -6.405 -17.0063 0.488492 -0.0374258  -0.680978  -0.084544   0.00141331  0.000778245 -0.000391731  0.0705489 -0.0343037  0.0130124 0.815117        0        0 0
                36.8 -5.31048  5.92981 -35.0626 -6.41255 -17.0756 0.478116 -0.0692134  -0.682198 -0.0490936   0.00145913  0.000751376 -0.000401642   0.070678 -0.0340112  0.0134021 0.81513       0       0 22134
                36.8 -5.03082  5.87181 -35.0581 -6.40924 -17.0662  0.48344 -0.0508569  -0.604194 -0.0106168   0.00138613   0.00076552 -0.000401466  0.0709831 -0.0346485  0.0130256 0.816257        0        0 0
             36.9007 -4.85763  5.73226  -34.989 -6.42008 -17.1313 0.480888  -0.122844  -0.663065 0.00958093   0.00144193  0.000746128 -0.000394708  0.0711308 -0.0343878  0.0134054 0.816216        0        0 22176
             36.9007   -4.697  5.57299 -35.0181 -6.41904  -17.134 0.485789 -0.110796 -0.690278  0.047681   0.00140058  0.000784269 -0.000384373  0.0709336 -0.0342406  0.0130519 0.814437        0        0 0
             37.0005 -4.60207  5.21588 -35.1922 -6.43957 -17.2106 0.485782 -0.217429 -0.774894 0.0225508   0.00145217  0.000751516 -0.000390159  0.0711667 -0.0337124  0.0135525 0.814367        0        0 22213
             37.0005 -4.27751  5.13357 -35.1936 -6.43514 -17.1981 0.491492 -0.192172 -0.669849 0.0650042   0.00137561  0.000775367 -0.000387185  0.0715591 -0.0345621  0.0131338 0.811809        0        0 0
             37.1003 -3.44527  4.71318 -35.2123 -6.46411 -17.2752 0.488901  -0.300214  -0.771212 -0.0330486   0.00145051  0.000754629 -0.000386627  0.0716036 -0.0338404  0.0136738 0.811765        0        0 22202
             37.1003 -3.23015  4.57478 -35.2214 -6.46363 -17.2753 0.491909  -0.296715  -0.773929 -0.0106538   0.00139582  0.000789416 -0.000382331  0.0715757 -0.0338372  0.0134704 0.808766        0        0 0
             37.2002 -4.40107  4.66335 -35.5198 -6.49912 -17.3561 0.488172  -0.361399  -0.811706 -0.0306939   0.00148756  0.000739322 -0.000386458  0.0717855 -0.0335807  0.0136179 0.808769        0        0 22150
             37.2002 -4.18944   4.6129 -35.5257 -6.49512 -17.3425 0.494796 -0.339037 -0.694203 0.0173322   0.00143885  0.000754328 -0.000383012  0.072272 -0.034507 0.0131648 0.80612       0       0 0
                37.3 -5.93696  4.70712 -35.4648 -6.53372 -17.4205 0.496629 -0.356316 -0.768002 0.0559961   0.00148023  0.000739305 -0.000397284  0.0721656 -0.0337428  0.0133719 0.806099        0        0 22163
                37.3 -5.75208  4.59385 -35.4642 -6.52945 -17.4106 0.500512 -0.327994 -0.682598 0.0837844   0.00143718  0.000769173 -0.000395103  0.0724242 -0.0344855  0.0130904 0.804471        0        0 0
             37.4003 -6.09027  5.73413 -34.4042 -6.56217 -17.4807 0.506047 -0.274436 -0.671693 0.0857833   0.00146624  0.000722547 -0.000418082  0.0725436 -0.0342106  0.0135088 0.804462        0        0 22216
             37.4003  -5.8901  5.60381 -34.3815 -6.56206 -17.4814 0.509188 -0.273714 -0.679248  0.109051  0.00141561 0.000754726 -0.00041971  0.0725078 -0.0341584  0.0133034 0.806535        0        0 0
             37.5001 -6.24863   5.7083 -33.9173 -6.59314 -17.5524 0.514023 -0.273286 -0.669421 0.0317451   0.00146103    0.0007457 -0.000407108  0.0726938 -0.0335141  0.0136775 0.806547        0        0 22187
             37.5001 -6.03481  5.54123 -33.9231 -6.59272 -17.5513 0.515623 -0.271675 -0.660622 0.0445247   0.00140761  0.000787977 -0.000401491  0.0727269 -0.0335868   0.013561 0.80261       0       0 0
                37.6 -5.78217  5.92165 -34.2428 -6.61986 -17.6168 0.516045   -0.227166   -0.668284 -0.00783073   0.00144984  0.000742369 -0.000395379  0.0730553 -0.0335061  0.0137239 0.80262       0       0 22236
                37.6 -5.5652 5.81844 -34.207 -6.61818 -17.6101 0.518942 -0.218673 -0.609284 0.0134238   0.00140095  0.000772567 -0.000401947 0.0733011 -0.033961 0.0135071 0.802975        0        0 0
             37.7006 -5.63972  5.90077 -34.4043 -6.63898 -17.6772 0.516756  -0.149012  -0.682444 -0.0312873   0.00145951   0.00075056 -0.000397998  0.0733909 -0.0336363  0.0136736 0.80297       0       0 22351
             37.7006 -5.47582  5.74311 -34.3856 -6.63562 -17.6698 0.517514  -0.126149  -0.619007 -0.0267263   0.00142543  0.000792185 -0.000399551  0.0735391 -0.0342064  0.0135889 0.803236        0        0 0
             37.8005  -5.5013  5.19484 -34.8976 -6.64858 -17.7355 0.513721  -0.105833  -0.666438 -0.0526857   0.00145694  0.000758417 -0.000390619  0.0736951 -0.0339271  0.0135968 0.803239        0        0 22278
             37.8005 -5.28107  5.06835  -34.916 -6.64651 -17.7333 0.514059 -0.0888192  -0.648298 -0.0503637   0.00140425  0.000789437 -0.000383591  0.0736604 -0.0341518  0.0135511 0.797771        0        0 0
             37.9003 -5.45333  5.00493 -35.7775 -6.66177 -17.8057 0.508222 -0.114884 -0.717937 -0.057093   0.00147981  0.000752424 -0.000384597  0.0739001 -0.0333991  0.0136407 0.797796        0        0 22173
             37.9003 -5.26971  4.90594 -35.7974 -6.65837 -17.7985 0.508509 -0.0929235  -0.658087 -0.0559552   0.00144044    0.0007797 -0.000377597  0.0740469 -0.0339463  0.0135912 0.795037        0        0 0
             38.0002 -5.96291  6.69714 -36.4781 -6.67515 -17.8686 0.505432  -0.177027  -0.706802 -0.0258667  0.00146684 0.000731631 -0.00039679  0.0745429 -0.0334548  0.0136153 0.79507       0       0 22364
             38.0002 -5.82456  6.67969 -36.4479 -6.67392 -17.8586 0.507326  -0.179417   -0.61749 -0.0128818   0.00144675  0.000747838 -0.000404094   0.075031 -0.0340632  0.0134822 0.798651        0        0 0
                38.1 -6.23379  8.16924 -37.0244 -6.69432 -17.9277 0.506064 -0.195377 -0.700129 0.0121822   0.00147314  0.000740443 -0.000399658  0.0747255 -0.0336267  0.0135867 0.798659        0        0 22645
                38.1 -6.00884  8.03206 -37.0111 -6.69221  -17.927 0.507391 -0.176758 -0.696531 0.0231948   0.00142023  0.000772833 -0.000399095 0.0746201 -0.033753 0.0134637 0.802946        0        0 0
             38.2006 -4.69747  8.49406 -36.7244 -6.71263 -18.0038 0.508284   -0.1909 -0.774772 0.0308239  0.00143941 0.000758925 -0.00041322  0.0745421 -0.0333545  0.0137664 0.802912        0        0 22913
             38.2006 -4.53432  8.28851 -36.6784 -6.70961  -17.996 0.505963 -0.173703 -0.707239 0.0122289   0.00141271  0.000814456 -0.000419962  0.0747447 -0.0339272  0.0139047 0.799168        0        0 0
             38.3005 -4.44124  7.57103 -36.5169 -6.73597 -18.0777  0.50753 -0.258279 -0.825137 0.0120578   0.00146358  0.000788295 -0.000404856  0.0749787 -0.0330652  0.0140461 0.799298        0        0 23014
             38.3005 -4.32306  7.48575 -36.5109 -6.73596 -18.0708 0.510113 -0.265841 -0.761797 0.0312363   0.00144339   0.00081897 -0.000403967  0.0753756 -0.0334428  0.0139013 0.798393        0        0 0
             38.4003 -5.26981  6.89498 -35.7864 -6.76872 -18.1508 0.513086 -0.351743 -0.758234 0.0378208   0.00147506  0.000787485 -0.000408679  0.0751684 -0.0329103   0.013913 0.798457        0        0 22832
             38.4003 -5.09283  6.71286 -35.6801 -6.76406   -18.13 0.512641 -0.329907 -0.565933 0.0300167   0.00146539  0.000853481 -0.000428211 0.0759992 -0.034336 0.0139798 0.795151        0        0 0
             38.5002 -5.68129  5.94227 -34.7558 -6.80094 -18.2047 0.515378 -0.322078 -0.744203 0.0568901   0.00148741    0.0008014 -0.000416841  0.0754156 -0.0330763   0.014158 0.795217        0        0 22767
             38.5002 -5.42366  5.93033 -34.7441 -6.79998 -18.1943 0.520481 -0.323717 -0.651677 0.0953932   0.00143855  0.000817487 -0.000418599  0.0759486 -0.0336924  0.0138232 0.792983        0        0 0
                38.6 -5.54574  6.28844 -34.0797 -6.83137 -18.2701 0.527256 -0.272851 -0.752835 0.0817332   0.00146043  0.000774578 -0.000410278  0.0754875 -0.0330441  0.0141216 0.793004        0        0 22660
                38.6 -5.34412  6.08975 -34.0504 -6.82536 -18.2573 0.523012 -0.227462 -0.633667 0.0419151   0.00144311  0.000831327 -0.000413044  0.0757171 -0.0341244  0.0143928 0.794229        0        0 0
             38.7007 -5.05887  5.69847 -33.8614 -6.85566 -18.3363 0.527083 -0.220658 -0.773112  0.019793   0.00145384  0.000805606 -0.000396732 0.0758377 -0.032826 0.0144283 0.794232        0        0 22738
             38.7007 -4.80764  5.60871 -33.8689 -6.85305 -18.3241 0.529419 -0.210383 -0.666356 0.0357214   0.00141552  0.000840858 -0.000394981  0.0762931 -0.0336111  0.0142621 0.793688        0        0 0
             38.8005 -5.32073  5.74013   -34.41  -6.8782 -18.4012 0.535879 -0.217438  -0.75769 0.0143927   0.00146192  0.000804992 -0.000385051  0.0764419 -0.0326735  0.0139276 0.793738        0        0 22701
             38.8005 -5.14187  5.55206   -34.38 -6.87363 -18.3925 0.533545   -0.185376   -0.683077 -0.00498587   0.00144012  0.000853858 -0.000390791  0.0765504 -0.0333579  0.0140433 0.786511        0        0 0
             38.9004 -5.02987  4.50554 -35.2239  -6.9013  -18.476 0.533947  -0.236133  -0.837827 -0.0225418   0.00143881   0.00082279 -0.000377286  0.0766173 -0.0321863  0.0139211 0.78654       0       0 22695
             38.9004 -4.79302  4.34174 -35.2074 -6.89584 -18.4609  0.53013  -0.203162  -0.707645 -0.0531353    0.0014125   0.00087172 -0.000380567  0.0769833 -0.0332653  0.0141243 0.783977        0        0 0
             39.0002 -3.95454    3.594 -36.7982 -6.91687 -18.5371  0.52877  -0.151964  -0.779327 -0.0373629   0.00144429  0.000815717 -0.000364893  0.0771645 -0.0328954  0.0137826 0.783995        0        0 22503
             39.0002 -3.85081  3.44519    -36.8 -6.91305 -18.5274 0.524493  -0.128687  -0.696391 -0.0707388   0.00143879  0.000856173 -0.000362895  0.0773832 -0.0335996    0.01403 0.776325        0        0 0
             39.1001 -4.15289  3.24739 -38.9745 -6.92364 -18.5993 0.520464 -0.0598832  -0.711495  -0.030537   0.00147717  0.000812331 -0.000353478 0.0775133 -0.033357 0.0139091 0.776326        0        0 22337
             39.1001 -3.98919  3.21578 -38.9545  -6.9226 -18.5871 0.520283 -0.0661259  -0.602319 -0.0350858   0.00146154  0.000838443 -0.000361185  0.0781144 -0.0340621  0.0139346 0.775818        0        0 0
             39.2003 -3.66934  4.37821 -39.9203 -6.93379 -18.6577 0.512567   -0.10756  -0.670757 -0.0371854   0.00147461  0.000794387 -0.000380062   0.077719 -0.0333807  0.0143661 0.775778        0        0 22601
             39.2003 -3.56104  4.17095  -39.868 -6.93151 -18.6516 0.510151 -0.0954518  -0.617859 -0.0577601   0.00146599  0.000849542 -0.000390857   0.077895 -0.0337967  0.0145242 0.777082        0        0 0
             39.3002 -3.33141  4.58322 -39.8498 -6.94557 -18.7244 0.510304 -0.0955829  -0.717806  0.0220982   0.00146926  0.000803665 -0.000393551  0.0776535 -0.0329869  0.0143249 0.777089        0        0 22657
             39.3002 -3.16688  4.52153 -39.8361 -6.94594 -18.7187 0.511309 -0.107103 -0.666773 0.0279301   0.00144019  0.000830611 -0.000396693  0.0779935 -0.0332445  0.0142836 0.777297        0        0 0
                39.4 -3.23074    4.978 -39.9081 -6.96029 -18.7909 0.513246 -0.151057 -0.717645 0.0194129   0.00146012  0.000813648 -0.000395159 0.0779133 -0.032821 0.0143789 0.777291        0        0 22585
                39.4 -3.20089  4.67445 -39.8479 -6.95844 -18.7861 0.502903  -0.140713  -0.670583 -0.0659068   0.00146883  0.000889887 -0.000406461  0.0780333 -0.0332053  0.0150942 0.774163        0        0 0
             39.5003 -3.62169  3.73233 -38.4992 -6.98081 -18.8588 0.506801 -0.200629 -0.714024 0.0202624  0.00148282 0.000856056  -0.0004142  0.0782745 -0.0325414  0.0144442 0.774163        0        0 22729
             39.5003 -3.4167 3.63319 -38.399 -6.97688 -18.8387 0.510287 -0.186325 -0.537394 0.0418728   0.00147406  0.000909894 -0.000438592  0.0791582 -0.0337143  0.0142667 0.775218        0        0 0
             39.6001 -3.46154  3.26698  -35.709 -7.00094 -18.9032 0.518541 -0.218545 -0.632357 0.0975223   0.00147422  0.000855926 -0.000437732  0.0788747 -0.0328447  0.0140749 0.775252        0        0 22571
             39.6001 -3.40338   3.0325 -35.6891 -6.99846 -18.9051 0.514564 -0.194769 -0.650268 0.0677627   0.00145917  0.000913207 -0.000439051   0.078595 -0.0328755  0.0143116 0.768856        0        0 0
                39.7 -4.57406   2.8679 -33.9536 -7.02424 -18.9771 0.522883 -0.217731   -0.7253 0.0945802   0.00151179  0.000850695 -0.000426887 0.0788758 -0.032256 0.0143407 0.76886       0       0 22471
                39.7 -4.35348   2.8544 -33.9386 -7.02158  -18.964 0.525976 -0.210866 -0.613113   0.11443   0.00145292  0.000852156 -0.000429725   0.079477 -0.0330981  0.0141423 0.774175        0        0 0
             39.8003 -5.21808  4.14703 -32.8705 -7.04126 -19.0307 0.534694 -0.155153 -0.651409 0.0894805   0.00147539  0.000824039 -0.000411474  0.0793752 -0.0327402  0.0143596 0.774154        0        0 22675
             39.8003 -5.14878  3.94737 -32.8359 -7.03726 -19.0255 0.532516 -0.125127 -0.610373  0.072827   0.00145619   0.00087769 -0.000415775  0.0793502 -0.0332166  0.0144824 0.772982        0        0 0
             39.9001 -5.29363  3.86864 -32.1757 -7.05529 -19.0929 0.539343 -0.109294 -0.650037 0.0457847   0.00146495  0.000841118 -0.000407925  0.0796996 -0.0324122  0.0144836 0.772977        0        0 22642
             39.9001 -5.11566  3.78324 -32.1353 -7.05296  -19.081 0.542972 -0.103734 -0.550518 0.0705316   0.00141759  0.000866154 -0.000417417  0.0801664 -0.0331825   0.014217 0.774694        0        0 0
                  40 -5.68096  4.33071 -32.0113 -7.06166 -19.1461 0.542958 -0.0325171  -0.639434 -0.0142793   0.00147598  0.000830296 -0.000398877  0.0800654 -0.0324945  0.0146245 0.774668        0        0 22623
                  40 -5.6075 4.14192 -31.994 -7.05927 -19.1425  0.54044  -0.015456  -0.610729 -0.0329169    0.0014572  0.000880157 -0.000398897  0.0800544 -0.0328156  0.0147698 0.77159       0       0 0
             40.1006  -6.5238  3.52602 -32.2529 -7.06598 -19.2101 0.534634 -0.0380433  -0.652555  -0.074853   0.00147873  0.000846886 -0.000392293  0.0802369 -0.0321772  0.0148196 0.771574        0        0 22726
             40.1006  -6.3634  3.38189 -32.1929 -7.06102 -19.1978 0.534188 -0.00763197   -0.552642  -0.0796666   0.00143865  0.000886181 -0.000404352  0.0804813 -0.0330978  0.0147895 0.766561        0        0 0
             40.2004 -6.05965  2.57763   -32.13 -7.06493  -19.261 0.528323 -0.00191959   -0.628742  -0.0484941  0.00144285 0.000842761 -0.00039691  0.0805905 -0.0324726  0.0148374 0.766567        0        0 22629
             40.2004 -5.98929  2.40532 -32.1218 -7.06202 -19.2568 0.526735  0.0189225  -0.596822 -0.0596577   0.00142473  0.000889652 -0.000394169  0.0805696 -0.0328362  0.0149034 0.765349        0        0 0
             40.3003 -6.31992  3.51937 -33.4256 -7.06592 -19.3185  0.52187 -0.0396279   -0.61044 -0.0266351    0.0014711  0.000827244 -0.000375288  0.0809998 -0.0325011  0.0149891 0.765349        0        0 22558
             40.3003 -6.26335   3.3482 -33.3905 -7.06322 -19.3133 0.521261 -0.0218433  -0.568895 -0.0312806   0.00146148  0.000873067 -0.000379417  0.0810556 -0.0329159  0.0149899 0.764919        0        0 0
             40.4001  -6.2763    2.554 -34.3342 -7.07163 -19.3721 0.520878 -0.0861695  -0.591943  0.0174684  0.00145308 0.000861892 -0.00038019 0.0814083 -0.032636  0.015044 0.764921        0        0 22675
             40.4001 -6.16447  2.39057 -34.2753 -7.06793  -19.362 0.519773 -0.0655195  -0.509703 0.00907909   0.00143433  0.000907866 -0.000391604  0.0816465 -0.0333657   0.015053 0.762747        0        0 0
                40.5  -4.9475  2.44066 -34.4062   -7.081 -19.4225 0.525566 -0.119799 -0.595999 0.0310986   0.00144939  0.000848008 -0.000393652  0.0816596 -0.0326068  0.0148142 0.762777        0        0 22472
                40.5  -4.8437  2.24351 -34.3737 -7.07824 -19.4195 0.524188 -0.0989069  -0.573925  0.0211868   0.00142571  0.000899037 -0.000397319  0.0816016 -0.0328911  0.0148737 0.76548       0       0 0
             40.6006 -4.41856  2.02535   -34.33 -7.09351 -19.4753  0.52502  -0.173058  -0.575617 -0.0200892   0.00145365  0.000850593 -0.000397428 0.0820878 -0.032945 0.0148093 0.765464        0        0 22488
             40.6006  -4.3771  1.87843 -34.3042 -7.09146 -19.4734 0.524757   -0.15702   -0.56139 -0.0219969   0.00144494  0.000888341 -0.000401214  0.0820337 -0.0331362  0.0148072 0.763586        0        0 0
             40.7004 -4.36166   1.9235 -33.5325  -7.1135 -19.5401 0.524966  -0.211532  -0.669667 -0.0114191   0.00147358  0.000843021 -0.000398994   0.081966 -0.0324011   0.014654 0.763607        0        0 22596
             40.7004 -4.21432  1.80483 -33.4794 -7.10993 -19.5314 0.525899   -0.190414   -0.597921 -0.00591455   0.00144235  0.000877368 -0.000410574  0.0821783 -0.0330392  0.0145576 0.762798        0        0 0
             40.8003 -4.60666  2.24691 -32.5509 -7.13816 -19.5991 0.523865  -0.272534  -0.680336 -0.0060899  0.00147429 0.000836364 -0.00040952  0.0824796 -0.0323279  0.0147278 0.762791        0        0 22564
             40.8003 -4.52451  2.08706 -32.5358 -7.13591 -19.5945  0.52336   -0.258137   -0.642896 -0.00989149   0.00145744  0.000878924 -0.000410525  0.0825539 -0.0326867  0.0147398 0.75816       0       0 0
             40.9002 -5.19284  3.44577 -32.1617 -7.16583 -19.6725  0.52321 -0.252175 -0.786589 0.0574313    0.0014492  0.000818157 -0.000396816  0.0824742 -0.0318653  0.0149353 0.758169        0        0 22837
             40.9002 -5.10887  3.31857 -32.0938 -7.16015 -19.6588 0.523629 -0.216701 -0.673831 0.0593995   0.00144645  0.000859316 -0.000413732  0.0827597 -0.0328761  0.0148502 0.761567        0        0 0
                  41 -5.95949  4.05431 -31.8204  -7.1861 -19.7355 0.528505 -0.207268 -0.738425 0.0404597    0.0014657  0.000844496 -0.000405528  0.0828468 -0.0320399  0.0150282 0.761564        0        0 22850
                  41 -5.87428  3.91623 -31.8202 -7.18473 -19.7309 0.529671 -0.200783 -0.700617  0.048731  0.00144967 0.000882943 -0.00040337  0.0829747 -0.0323498  0.0149341 0.762066        0        0 0
             41.1003 -5.92953  4.83917 -32.6892  -7.2056  -19.801 0.528003  -0.167625  -0.687648 -0.0236419   0.00146142  0.000849057 -0.000388235  0.0832818 -0.0321791  0.0152472 0.762062        0        0 22981
             41.1003 -5.77846  4.71426 -32.6318 -7.20155 -19.7904 0.529715  -0.141558  -0.599035 -0.0133064 0.00143776 0.00088676 -0.0004021  0.0835094 -0.0329633  0.0150892 0.765819        0        0 0
             41.2001 -5.59462  5.07294 -33.3578 -7.21633 -19.8539 0.529244 -0.0964927  -0.638808 -0.0296177   0.00148146  0.000860905 -0.000394916  0.0837396 -0.0325851  0.0149627 0.765836        0        0 23059
             41.2001 -5.46854  4.87626 -33.3358 -7.21522   -19.85 0.523482 -0.0918098  -0.603935 -0.0720486   0.00145579  0.000912588 -0.000396492   0.083832 -0.0329135  0.0153312 0.763215        0        0 0
             41.3003 -6.36919  4.78616  -34.253 -7.22474 -19.9188 0.519925 -0.0602946  -0.677971 -0.0645025  0.00148887  0.00086951 -0.00039325  0.0838151 -0.0322535  0.0150418 0.763197        0        0 23188
             41.3003  -6.2654  4.59638 -34.2252 -7.22216 -19.9128 0.514895 -0.0431657  -0.624887  -0.103137   0.00147226  0.000919256 -0.000396664  0.0839108 -0.0327703  0.0153563 0.763149        0        0 0
             41.4002 -6.73942   4.0399 -35.6115 -7.22785 -19.9776 0.509315 -0.0282615  -0.645239 -0.0632755  0.00148319 0.000879813 -0.00038004  0.0839981 -0.0324155  0.0150241 0.763114        0        0 23154
             41.4002 -6.66079  3.86907  -35.586  -7.2254 -19.9754 0.509676 -0.00877612   -0.629098  -0.0607067   0.00146886  0.000923163 -0.000381997  0.0839266 -0.0326382  0.0149706 0.760721        0        0 0
                41.5 -7.16982  4.18898 -37.2157 -7.23023 -20.0416  0.51117 -0.0331369  -0.672799  0.0557907   0.00148284  0.000878098 -0.000385494  0.0843717 -0.0323096  0.0148146 0.760725        0        0 22869
                41.5 -7.10225   4.1894 -37.1784 -7.22794 -20.0286 0.511204 -0.0265083  -0.558341  0.0529977  0.00149575 0.000896378 -0.00039627  0.0849134 -0.0331633  0.0147746 0.755919        0        0 0
             41.6003 -7.21916   4.2842 -37.8986  -7.2353 -20.0893 0.514031 -0.085907 -0.588075 0.0378072   0.0014887 0.000888277 -0.00039903  0.0848242 -0.0327721  0.0150757 0.755911        0        0 23021
             41.6003 -7.19019  4.03201 -37.8603 -7.23477 -20.0932 0.514481 -0.0775466  -0.624211   0.042073   0.00147586  0.000945757 -0.000400743  0.0845616 -0.0325677  0.0150455 0.758986        0        0 0
             41.7001  -7.1908  3.24953 -38.5709 -7.25176 -20.1596 0.516839 -0.169227 -0.669039 0.0363923  0.00149405 0.000900947 -0.00040261 0.0849196  -0.03205 0.0152347 0.759003        0        0 22880
             41.7001  -6.9597  3.14185 -38.5196 -7.24795 -20.1466 0.517376 -0.148076 -0.554505 0.0356052   0.00146077  0.000940496 -0.000411657  0.0853955 -0.0329464   0.015157 0.757794        0        0 0
                41.8 -5.63342  3.15389 -38.0937 -7.26813 -20.2094 0.517939   -0.219798   -0.639897 -0.00941478   0.00147703  0.000897269 -0.000416009     0.0854 -0.0325422  0.0153121 0.757798        0        0 22931
                41.8 -5.55208  3.02193  -38.052 -7.26685 -20.2064 0.518219  -0.212182  -0.614104 -0.0080594   0.00146214  0.000933486 -0.000422763  0.0854858 -0.0327602  0.0152771 0.761503        0        0 0
             41.9006 -5.42744  2.65963 -36.9811 -7.29663 -20.2804 0.514813  -0.291585  -0.739752 -0.0347077   0.00148178  0.000898185 -0.000420781  0.0851944 -0.0319558  0.0154121 0.761517        0        0 22664
             41.9006 -5.39954  2.51862 -36.9519 -7.29583 -20.2758  0.51529  -0.290641  -0.699315 -0.0317179   0.00147842  0.000940413 -0.000424765  0.0854077 -0.0322356  0.0153659 0.758749        0        0 0
             42.0005 -5.81895  2.89384 -36.2526 -7.32989 -20.3456 0.510889  -0.324473  -0.696294 -0.0112537   0.00151104   0.00090066 -0.000419593   0.085925 -0.0320555  0.0155738 0.758755        0        0 22734
             42.0005 -5.63637  2.78233 -36.2255 -7.32616 -20.3354 0.512556    -0.304337    -0.610042 -0.000614308  0.00147138  0.00093024 -0.00042283 0.0862817 -0.032795 0.0154182 0.756881        0        0 0
             42.1003 -5.60105  3.79428 -35.6891 -7.35749 -20.4082 0.515964 -0.257145 -0.719621 0.0465798   0.00148222  0.000880006 -0.000410635  0.0860332 -0.0320137    0.01544 0.75687       0       0 22926
             42.1003 -5.48359  3.72768 -35.6639 -7.35657 -20.4047 0.518374 -0.252962 -0.690014 0.0637395  0.00145897 0.000901448  -0.0004156    0.08616 -0.0322319  0.0152686 0.760032        0        0 0
             42.2001 -5.65622  4.69866 -35.5198 -7.38517 -20.4789 0.523954 -0.247376 -0.717097 0.0385473   0.00146762  0.000884552 -0.000408625  0.0862461 -0.0315692  0.0153168 0.760051        0        0 22875
             42.2001 -5.53138  4.55394 -35.4929  -7.3821 -20.4725  0.52522 -0.225211 -0.660764  0.047015   0.00145336  0.000925781 -0.000414229  0.0863757 -0.0320602  0.0152007 0.766061        0        0 0
                42.3  -5.1558  5.58419 -35.8554 -7.40277 -20.5354  0.52551   -0.166935   -0.638926 -0.00931018   0.00146132   0.00089521 -0.000404553   0.086669 -0.0321487  0.0153715 0.766052        0        0 22720
                42.3 -5.10108  5.48859 -35.8311 -7.40224 -20.5314 0.526936   -0.166815   -0.602697 0.000408306   0.00145587    0.0009251 -0.000409535   0.086852 -0.0323912  0.0152772 0.772657        0        0 0
             42.4006  -5.0374  6.01823 -36.4356 -7.41898 -20.5962 0.521846  -0.134444  -0.656102 -0.0656347   0.00147394  0.000909205 -0.000401161  0.0869731 -0.0321533  0.0155002 0.772643        0        0 22806
             42.4006 -4.98302   5.9016 -36.4032 -7.41729 -20.5905 0.523709  -0.124584  -0.604999 -0.0526245    0.0014737  0.000944612 -0.000408248  0.0871704 -0.0325466  0.0153667 0.773439        0        0 0
             42.5005 -5.10863  6.14667 -36.8221 -7.42976 -20.6532 0.512379 -0.0848956  -0.639791  -0.106865   0.00149058  0.000928133 -0.000408559  0.0873696 -0.0323944  0.0157345 0.77339       0       0 22786
             42.5005 -5.08639  6.04396 -36.8163 -7.42991 -20.6536 0.514612 -0.0862429   -0.64414 -0.0893919   0.00148362  0.000955993 -0.000407516  0.0873645 -0.0323465   0.015585 0.766319        0        0 0
             42.6003 -5.52237  5.86641 -37.2529 -7.44213   -20.72 0.505252     -0.109  -0.652052 -0.0669347   0.00150492  0.000927089 -0.000407802  0.0876575 -0.0319963   0.015759 0.766292        0        0 22702
             42.6003 -5.44325  5.69572 -37.2463 -7.44041 -20.7162 0.504661 -0.0978097  -0.618295 -0.0717819   0.00148606  0.000972365 -0.000405538  0.0877499 -0.0323093  0.0157876 0.76465       0       0 0
             42.7001 -5.77669  5.33375 -37.7323 -7.45332 -20.7807 0.502108 -0.124719 -0.655705 0.0135034   0.00151071  0.000933549 -0.000409862  0.0879892 -0.0319991  0.0157994 0.764644        0        0 22665
             42.7001 -5.69056  5.32984 -37.7271 -7.45228 -20.7771 0.504844   -0.1188 -0.624435 0.0342253  0.00148779 0.000934621 -0.00041099 0.0881456 -0.032248 0.0155916 0.767902        0        0 0
                42.8 -6.40978  4.72139  -37.892 -7.46986 -20.8404  0.51196 -0.193471 -0.642036  0.079071   0.00151134  0.000922637 -0.000414913  0.0884467 -0.0321173  0.0155379 0.767926        0        0 22646
                42.8 -6.32584  4.52771 -37.8883 -7.46525 -20.8393 0.510227 -0.151823 -0.636248 0.0657122   0.00148835  0.000974721 -0.000410183  0.0881551 -0.0324171  0.0156092 0.763667        0        0 0
             42.9003 -5.42052  4.60725 -37.6488 -7.48912 -20.9113  0.52125 -0.215602 -0.738408 0.0976905   0.00148124   0.00090236 -0.000422307  0.0884658 -0.0316356  0.0153948 0.763615        0        0 22445
             42.9003 -5.28142  4.51663 -37.6382 -7.48676 -20.9074 0.523734 -0.199108 -0.705509  0.116012   0.00144362  0.000926401 -0.000422135  0.0885487 -0.0319591  0.0151894 0.765551        0        0 0
             43.0001 -4.41528  4.78053 -37.1598 -7.51396 -20.9807 0.529882 -0.281834 -0.744046 0.0375636   0.00148206  0.000894715 -0.000424626  0.0890652 -0.0316679  0.0154294 0.765551        0        0 22357
             43.0001 -4.42619  4.67124 -37.1419 -7.51352 -20.9785 0.527513  -0.28092 -0.724453 0.0205776   0.00148487  0.000924296 -0.000426751  0.0891526 -0.0318314  0.0155847 0.761972        0        0 0
             43.0999 -4.72552  4.72029 -35.8925 -7.54384 -21.0508 0.528376 -0.305729 -0.715312 0.0201081  0.00151256 0.000897163 -0.00043635  0.0892276 -0.0317706  0.0156506 0.761974        0        0 22128
             43.0999 -4.66205  4.57059 -35.8553 -7.54212 -21.0494 0.528027 -0.292207 -0.704949   0.01756   0.00149513  0.000939945 -0.000443528  0.0891745 -0.0319345  0.0156584 0.760498        0        0 0
             43.2006 -4.78122  4.34661  -34.758 -7.57511 -21.1228 0.528418 -0.290839 -0.738985 0.0465575   0.00150856  0.000914535 -0.000436654  0.0894962 -0.0316169  0.0160129 0.760498        0        0 22101
             43.2006 -4.68612  4.27284 -34.7535  -7.5746 -21.1211 0.529586 -0.289094 -0.724316 0.0549631   0.00148417  0.000934827 -0.000436297  0.0895686 -0.0317396  0.0159271 0.751205        0        0 0
             43.3004 -4.58002  5.72628 -34.1294 -7.60063 -21.1949 0.534408 -0.208971 -0.745801 0.0521044   0.00150273  0.000886951 -0.000429596  0.0898011 -0.0317016  0.0161161 0.751213        0        0 22240
             43.3004 -4.49548  5.64127 -34.1286 -7.59732  -21.191 0.535403 -0.177528 -0.707977   0.06114   0.00148559  0.000909833 -0.000428432  0.0897714 -0.0321514  0.0159888 0.757938        0        0 0
             43.4003 -4.43624  6.45553 -34.1731 -7.61677 -21.2631 0.542009 -0.161804 -0.706364  0.047391  0.00150312 0.000896626 -0.00042293  0.0900545 -0.0317736  0.0159021 0.757931        0        0 22552
             43.4003 -4.34017  6.31269 -34.1709 -7.61633 -21.2671 0.542302 -0.153919 -0.743545   0.05023    0.0014754  0.000931899 -0.000419667  0.0897914 -0.0315396  0.0158706 0.749476        0        0 0
             43.5001 -3.97094  5.78679 -34.3717 -7.63649 -21.3435  0.54434   -0.171919   -0.776497 -0.00271314  0.00150335 0.000925897  -0.0004152  0.0903058 -0.0311699   0.016033 0.749458        0        0 22505
             43.5001 -3.87147  5.60961 -34.3426 -7.63465 -21.3405 0.546575 -0.158303 -0.750682 0.0137092   0.00147976  0.000974071 -0.000419907  0.0903435 -0.0314321  0.0158606 0.743347        0        0 0
                43.6 -3.71629  4.51417 -34.5966 -7.65037 -21.4109 0.541703  -0.119484  -0.731295 -0.0783674   0.00149708   0.00093684 -0.000412316  0.0910411 -0.0317745  0.0161267 0.743367        0        0 22142
                43.6 -3.73783   4.5046  -34.619 -7.65162 -21.4118 0.542626 -0.131022 -0.739338  -0.07109    0.0015015  0.000939368 -0.000406164  0.0910921 -0.0316461  0.0160719 0.74836       0       0 0
             43.7007 -4.86963  4.33176 -35.9796 -7.66237 -21.4905 0.533702 -0.0872336  -0.775805  -0.083363   0.00153117  0.000901247 -0.000386156  0.0909168 -0.0313592  0.0160759 0.748373        0        0 22239
             43.7007 -4.88182  4.17501 -35.9442 -7.65926 -21.4852 0.532611 -0.0596978  -0.723606 -0.0923996     0.001542  0.000943761 -0.000392516   0.090974 -0.0319161  0.0161308 0.740032        0        0 0
             43.8005 -5.13417  4.70213  -36.647 -7.66742 -21.5629 0.528232 -0.0660063  -0.785229 0.00554136   0.00149596  0.000888859 -0.000407699  0.0909907 -0.0314353  0.0161455 0.74005       0       0 22105
             43.8005 -5.13569  4.66539 -36.5983 -7.66692 -21.5557 0.529066 -0.0691658  -0.716536  0.0100116   0.00150823  0.000908313 -0.000420814  0.0913844 -0.0319175  0.0160923 0.738454        0        0 0
             43.9003 -5.93622  4.02066 -36.8823 -7.68036 -21.6352 0.529827 -0.146536 -0.807284 0.0238083   0.00151562  0.000917628 -0.000413784  0.0913198 -0.0311802  0.0163769 0.738467        0        0 22227
             43.9003 -5.96222  3.86576 -36.8695 -7.67595 -21.6281 0.530176 -0.105286 -0.733273 0.0229079   0.00153861  0.000959558 -0.000413781  0.0914233 -0.0319312  0.0163199 0.730995        0        0 0
             44.0002 -5.44213   3.7726 -36.4623 -7.69446 -21.7073  0.53552 -0.179893 -0.801141 0.0456496   0.00149846  0.000904712 -0.000429702  0.0916683 -0.0311389  0.0162133 0.731017        0        0 22315
             44.0002  -5.3643  3.68961 -36.4334 -7.69153 -21.6994  0.53856 -0.155613 -0.721628 0.0733054    0.0014901  0.000931721 -0.000434684  0.0919534 -0.0318227  0.0158993 0.733216        0        0 0
                44.1 -5.14198  3.59069 -35.5697 -7.71517 -21.7793 0.540048   -0.241928   -0.819262 -0.00526248   0.00150632  0.000913138 -0.000433373  0.0921713 -0.0309331  0.0164273 0.733226        0        0 22262
                44.1 -5.23313  3.44502 -35.5405 -7.71278 -21.7735 0.535119  -0.216756  -0.752842 -0.0593442   0.00153964  0.000954623 -0.000437894 0.0923211 -0.031603 0.0168859 0.726978        0        0 0
             44.2006 -6.78314  3.18962 -34.2782 -7.73963 -21.8532 0.528649  -0.253281  -0.776091 -0.0634894   0.00154785   0.00092558 -0.000438628  0.0922403 -0.0308719  0.0169199 0.72701       0       0 22316
             44.2006 -6.72048  3.03385 -34.3395 -7.73303 -21.8469 0.523235 -0.193104 -0.712958 -0.111157   0.00154267  0.000963514 -0.000418574  0.0921058 -0.0317157  0.0172867 0.730178        0        0 0
             44.3005 -7.15376  3.94704 -33.6847 -7.75843  -21.921 0.523592 -0.195977  -0.75352 0.0332341   0.00154702  0.000921359 -0.000430894  0.0927424 -0.0308738  0.0164981 0.730223        0        0 22160
             44.3005 -6.95274  3.87062 -33.6481 -7.75622 -21.9144 0.525905 -0.176585 -0.682216 0.0573166   0.00150972  0.000949197 -0.000439327  0.0929807 -0.0314951   0.016207 0.736961        0        0 0
             44.4003 -6.33823  5.37071 -33.0533 -7.77453 -21.9841 0.536228 -0.127759 -0.677505 0.0909561   0.00152064  0.000932604 -0.000439595    0.09332 -0.0309395  0.0159516 0.736967        0        0 22286
             44.4003 -6.23046  5.26172 -33.0985 -7.76863 -21.9802 0.540923 -0.0703215   -0.63844   0.133035  0.00150689  0.00095553 -0.00042747  0.0931127 -0.0314704  0.0154726 0.744747        0        0 0
             44.5001 -5.98905  5.80797 -32.5969 -7.77898 -22.0465 0.545878 -0.079031 -0.664481 0.0244767   0.00151635  0.000943965 -0.000435206  0.0933342 -0.0309301   0.016091 0.74477       0       0 22246
             44.5001 -5.93975  5.73503 -32.6303 -7.77645 -22.0439 0.547819 -0.0546639  -0.635185  0.0425137  0.00150992 0.000961837 -0.00042578  0.0933091 -0.0312524  0.0158815 0.744546        0        0 0
                44.6 -5.87817  5.12098 -32.3974  -7.7865 -22.1087 0.542698 -0.0698764  -0.656861 -0.0765233   0.00151477  0.000964014 -0.000432631  0.0936921 -0.0309016  0.0166311 0.744526        0        0 22192
                44.6 -5.77655  5.03177 -32.4081 -7.78549 -22.1129 0.543228 -0.0597009  -0.705541 -0.0710609    0.0014816  0.000980223 -0.000427361   0.093373 -0.0305846  0.0165828 0.739603        0        0 0
             44.7007 -5.44082  4.50694 -32.5379 -7.79276 -22.1876 0.527128 -0.0225228  -0.744747  -0.147871   0.00150708  0.000963053 -0.000423853  0.0936803 -0.0303142  0.0172311 0.739609        0        0 22291
             44.7007 -5.35298  4.42402 -32.5449 -7.78876 -22.1804 0.525905 0.00565509  -0.684272  -0.157969   0.00149792  0.000985776 -0.000420985  0.0937535 -0.0309264  0.0172679 0.739301        0        0 0
             44.8005 -5.89347  4.29743 -33.0155 -7.79119  -22.246 0.510914 -0.00848222   -0.650423   -0.149749   0.00155108  0.000972711 -0.000420602  0.0942195 -0.0308372  0.0172071 0.739301        0        0 21823
             44.8005  -5.7834  4.21069 -33.0216 -7.78945 -22.2445  0.51516 0.00603403  -0.640448  -0.117236  0.00152517 0.000995126 -0.00041708  0.0941783 -0.0309615  0.0168861 0.740292        0        0 0
             44.9003 -6.19327  5.20062 -33.4737 -7.79132 -22.3048 0.503278 -0.029385 -0.616876  -0.08498   0.00156307  0.000971748 -0.000428622  0.0946743 -0.0311435  0.0171065 0.74029       0       0 21798
             44.9003 -6.01846  5.16041 -33.4526 -7.78623 -22.2949 0.509057 0.00502274  -0.534748 -0.0446439   0.00154079  0.000988022 -0.000433948  0.0948501 -0.0318971  0.0166621 0.738639        0        0 0
             45.0002 -6.58073  5.30025 -33.2527 -7.79061 -22.3524 0.505671 -0.0493598  -0.580681 -0.0111703   0.00159968  0.000991447 -0.000438534  0.0949131 -0.0315482  0.0168552 0.738634        0        0 21936
             45.0002 -6.34236  5.25676 -33.2715 -7.79114 -22.3595 0.509738 -0.0484092  -0.649981  0.0229764   0.00152317   0.00099191 -0.000432548  0.0945922 -0.0310364  0.0165687 0.736033        0        0 0
                45.1 -5.44072   5.7744 -33.0201 -7.79837 -22.4219 0.512136 -0.0678947  -0.627194  0.0394025    0.0015539  0.000976022 -0.000441224  0.0949342 -0.0310951  0.0167292 0.736017        0        0 22222
                45.1 -5.16173  5.63518 -33.0071 -7.79454  -22.417  0.51417 -0.0390268  -0.587625  0.0544842   0.00149674   0.00101098 -0.000441107 0.0949236 -0.031524 0.0165425 0.740927        0        0 0
             45.2003  -4.9466  5.06159 -32.4584 -7.80446 -22.4735 0.512865  -0.116603    -0.5717 -0.0285665 0.00157254 0.00101528 -0.0004401   0.095492 -0.0316327  0.0169522 0.740873        0        0 22353
             45.2003 -4.88897  4.94699 -32.4713 -7.80315 -22.4769 0.514152  -0.100541  -0.605543 -0.0178327   0.00155253   0.00103579 -0.000434979  0.0952104 -0.0314559  0.0168429 0.738741        0        0 0
             45.3001 -5.87965  4.72028 -31.0723 -7.82153 -22.5397 0.509371  -0.168184  -0.618901 -0.0501327   0.00158258   0.00100892 -0.000455235  0.0956388 -0.0309831  0.0170167 0.738692        0        0 22189
             45.3001 -5.67325  4.62314 -31.0603 -7.81917 -22.5391 0.510868  -0.146978  -0.617077 -0.0381201   0.00153364   0.00102929 -0.000456146   0.095496 -0.0311017  0.0168834 0.742008        0        0 0
                45.4 -6.48693  4.79275 -30.1091 -7.83411 -22.6022 0.510622 -0.116446 -0.666702 0.0120744   0.00155628  0.000997961 -0.000442678  0.0958124 -0.0310509  0.0167542 0.741996        0        0 22276
                45.4 -6.36391  4.79011 -30.0978 -7.83262 -22.6015 0.513039 -0.103536 -0.662587  0.029628   0.00152467  0.000998012 -0.000445643  0.0957491 -0.0311353  0.0165781 0.740153        0        0 0
             45.5006 -6.64928   6.8742  -29.402 -7.84499 -22.6742 0.516177 -0.0856535  -0.729399  0.0478296   0.00156012  0.000962056 -0.000447274  0.0960111 -0.0307623  0.0167622 0.740143        0        0 22674
             45.5006 -6.53611  6.75641 -29.3736 -7.84271  -22.672  0.51532 -0.0673049  -0.713151  0.0413289   0.00153131  0.000994719 -0.000450955  0.0959276 -0.0309928  0.0167941 0.744592        0        0 0
             45.6005 -6.97716  7.30378 -29.8666 -7.85244 -22.7396  0.51556 -0.0690389  -0.665377 0.00461202   0.00157834  0.000992375 -0.000438878 0.0965935 -0.031066 0.0171347 0.744547        0        0 22822
             45.6005 -6.72342  7.21031 -29.8741  -7.8493 -22.7404 0.520038 -0.0383222  -0.677567  0.0381934   0.00150909   0.00101822 -0.000433809  0.0963116 -0.0310884  0.0167661 0.744845        0        0 0
             45.7003 -6.37501  7.00668 -30.5281 -7.85437 -22.8043 0.518661 -0.0127682  -0.634929 -0.0177491   0.00156172  0.000997776 -0.000430139 0.0968919 -0.031148 0.0171599 0.744822        0        0 22991
             45.7003 -6.24224  6.83773 -30.5472 -7.85201 -22.8032 0.518023 0.00802905  -0.627773 -0.0222227   0.00152465   0.00104332 -0.000419965   0.096738 -0.0313193  0.0171654 0.744196        0        0 0
             45.8002  -6.9324    5.374 -32.1494    -7.85 -22.8613 0.512556   0.033178  -0.582059 -0.0617285   0.00157484   0.00101541 -0.000404851   0.097102 -0.0316187   0.017304 0.744206        0        0 22871
             45.8002 -6.80347  5.29099 -32.1611 -7.84921 -22.8642 0.515353  0.0436251  -0.609962 -0.0393118  0.00153975  0.00103877 -0.00039968  0.0969021 -0.0314255  0.0170795 0.729397        0        0 0
             45.9001 -6.90254  3.96402 -33.9308 -7.84672 -22.9228 0.506712  0.0557315  -0.602567 -0.0473486   0.00157745  0.000999144 -0.000397049  0.0973165 -0.0314784  0.0175006 0.729391        0        0 22623
             45.9001 -6.65808  3.94611 -33.9536 -7.84463 -22.9231 0.510944  0.0751818  -0.609942 -0.0170341    0.0015097    0.0010048 -0.000390802  0.0971531 -0.0315029  0.0171804 0.73426       0       0 0
             46.0003 -6.64135  4.24105 -35.5645 -7.84399 -22.9861 0.505161 -0.00581654   -0.627382  -0.0661475   0.00161361  0.000971015 -0.000407741  0.0977193 -0.0312856  0.0175999 0.734226        0        0 22508
             46.0003 -6.47178  4.17519  -35.583 -7.84348 -22.9897 0.511697 0.00302697  -0.661374 -0.0192323   0.00156766  0.000989555 -0.000401126  0.0975001 -0.0310239  0.0171486 0.728397        0        0 0
             46.1001 -7.48266   4.4988 -37.6358 -7.84682 -23.0479 0.500232 -0.0474453  -0.576192  -0.100775   0.00162044  0.000960295 -0.000404544 0.0980525 -0.031417  0.017733 0.728409        0        0 22283
             46.1001 -7.21019  4.47706  -37.627 -7.84455 -23.0444 0.506901 -0.0293687  -0.548274 -0.0481754   0.00154761  0.000967025 -0.000405688  0.0981042 -0.0316915  0.0171817 0.727272        0        0 0
                46.2  -5.9721  5.13564 -38.7792 -7.84878 -23.0993 0.500507 -0.0361311  -0.569005 -0.0438852   0.00158606  0.000948264 -0.000422882  0.0982921 -0.0317046  0.0174406 0.727279        0        0 22169
                46.2 -5.79622  5.07267  -38.789 -7.84944 -23.1055  0.50494 -0.0345852  -0.624465 -0.0102833   0.00153533  0.000964648 -0.000418011  0.0979745 -0.0312753  0.0171376 0.727198        0        0 0
             46.3006 -5.73336  5.05688 -39.6134 -7.85628 -23.1727  0.50175 -0.0800302  -0.672285 -0.0252563   0.00160045  0.000949148 -0.000419988  0.0979639 -0.0310427   0.017319 0.727178        0        0 22507
             46.3006  -5.6555  4.90629 -39.5946 -7.85279 -23.1652 0.502773 -0.0588971  -0.610499 -0.0194904    0.0015833  0.000990402 -0.000421011  0.0981779 -0.0316196  0.0172145 0.727117        0        0 0
             46.4005 -6.66575  4.30616  -39.944 -7.86836 -23.2281 0.498306  -0.161332  -0.649076 -0.0262553   0.00162952  0.000967031 -0.000430464  0.0987986 -0.0312295  0.0175471 0.727102        0        0 22290
             46.4005 -6.52545  4.22487 -39.9441 -7.86869 -23.2315  0.50098   -0.162036   -0.682614 -0.00299537   0.00158955  0.000987719 -0.000428391  0.0986091 -0.0309721  0.0173282 0.719422        0        0 0
             46.5003 -7.37246   3.6427 -39.9214 -7.89279 -23.3059 0.499826 -0.232344 -0.748733 0.0211852   0.00162262  0.000960285 -0.000437726  0.0988022 -0.0304028   0.017601 0.719404        0        0 22147
             46.5003 -7.23704  3.53073  -39.924 -7.88744 -23.2976 0.502064 -0.194034 -0.679532 0.0363488   0.00159147  0.000991569 -0.000433065 0.0989668 -0.031128 0.0173828 0.720198        0        0 0
             46.6001 -7.18048  3.86524 -39.6379 -7.90974 -23.3692 0.508012 -0.172486 -0.709171 0.0880523   0.00160775  0.000937866 -0.000444007  0.0992337 -0.0306137  0.0175746 0.720183        0        0 22088
             46.6001 -6.98476  3.79439 -39.6165  -7.9078  -23.366 0.512978 -0.157078 -0.682826  0.128385   0.00155745  0.000959713 -0.000447384 0.0993118 -0.030868 0.0171403 0.716454        0        0 0
                46.7 -6.91494  4.03245 -39.2295 -7.92411 -23.4363 0.516248 -0.120278 -0.672854 0.0239022   0.00160252  0.000947538 -0.000447889  0.0994049 -0.0305047  0.0178157 0.716451        0        0 22118
                46.7 -6.76151  3.91081 -39.2371 -7.92343 -23.4399 0.518658 -0.110703  -0.70833 0.0438174   0.00155673   0.00097427 -0.000441457  0.0991192 -0.0302954  0.0176292 0.719193        0        0 0
             46.8003  -6.5825  4.05283 -39.7291 -7.93582 -23.5096 0.517051 -0.080139 -0.682102 -0.035779   0.00158185   0.00094055 -0.000430251   0.099493 -0.0300823  0.0178911 0.719178        0        0 22188
             46.8003 -6.46626  3.97229 -39.7144 -7.93347 -23.5007 0.519608 -0.0693042  -0.603331 -0.0186458   0.00155934  0.000967862 -0.000432773  0.0999086 -0.0307043  0.0176706 0.716265        0        0 0
             46.9001 -6.75392  3.78306 -40.2476 -7.94001 -23.5578 0.512329 -0.0296793  -0.577176 -0.0940232   0.00161823  0.000953434 -0.000432217  0.100374 -0.030768 0.0179294 0.716283        0        0 22100
             46.9001 -6.64387  3.64512 -40.2555 -7.93824 -23.5599 0.513945 -0.0117012  -0.598658 -0.0807546    0.0015876  0.000987449 -0.000425715   0.100111 -0.0307181  0.0177887 0.715968        0        0 0
                  47 -7.19678  2.86203 -41.0876 -7.94096 -23.6207 0.503628 0.0165914 -0.607652 -0.112448   0.00162361  0.000958909 -0.000425305   0.10047 -0.030413 0.0178919 0.715965        0        0 21921
                  47 -7.03327  2.70598 -41.0818  -7.9394  -23.621 0.506884  0.0305669  -0.612572 -0.0857345   0.00157963   0.00100033 -0.000422024   0.100344 -0.0304478  0.0176196 0.716708        0        0 0
             47.1006 -7.03313  1.78095 -41.9101 -7.93907 -23.6805 0.494038 0.0290007 -0.577699 -0.123197   0.00160495  0.000961509 -0.000424438   0.100781 -0.0302776  0.0179057 0.716731        0        0 21759
             47.1006 -6.95739  1.66562 -41.8868 -7.93801 -23.6768 0.495655 0.0338173 -0.544752 -0.111755   0.00158812  0.000995156 -0.000427152   0.100956 -0.0305313  0.0177702 0.709624        0        0 0
             47.2004 -6.81201  2.30152 -42.6596 -7.93354 -23.7342 0.489313  0.0738698  -0.597877 -0.0434742    0.0016016  0.000922594 -0.000426834   0.101091 -0.0303499  0.0176411 0.709629        0        0 21532
             47.2004 -6.72997  2.24894 -42.6502 -7.93173 -23.7305 0.493087  0.0858615   -0.56619 -0.0160123   0.00158508  0.000939557 -0.000427836   0.101218 -0.0306161  0.0173409 0.712818        0        0 0
             47.3003  -6.8966  2.76552 -42.6912 -7.92631  -23.787 0.487428  0.0535602  -0.545998 -0.0474648   0.00161226  0.000937959 -0.000449938   0.101329 -0.0304707  0.0177102 0.712832        0        0 21699
             47.3003 -6.82371  2.63978 -42.6973 -7.92477 -23.7893 0.487169  0.0695549  -0.569732 -0.0487785   0.0015915 0.000964385 -0.00044439   0.101063 -0.0304233  0.0177211 0.713504        0        0 0
             47.4001 -6.52943  3.46142 -42.7439 -7.92505 -23.8501  0.48255 -0.00236555   -0.628266  -0.0408288   0.00160075  0.000926618 -0.000441064   0.101391 -0.0298854   0.017808 0.713529        0        0 21612
             47.4001 -6.42278  3.29471 -42.7424 -7.92435 -23.8531 0.483467 0.00605004  -0.657075 -0.0328903   0.00156944  0.000965437 -0.000435978    0.10114 -0.0297484  0.0177387 0.713992        0        0 0
                47.5 -6.55659    2.916 -42.9695 -7.93426 -23.9178 0.478111  -0.132795  -0.684156 -0.0705492   0.00160127  0.000957823 -0.000435365   0.101948 -0.0296213   0.017887 0.714005        0        0 21625
                47.5 -6.49236  2.76621  -42.952 -7.93125 -23.9139 0.476227  -0.108152  -0.647484 -0.0871647   0.00159287  0.000998994 -0.000436157   0.102006 -0.0300477  0.0180014 0.711513        0        0 0
             47.6006 -6.63993  2.76326 -42.5573 -7.94961 -23.9825 0.466776  -0.18849 -0.712751 -0.102323   0.00161097  0.000961289 -0.000447453    0.10247 -0.0297828  0.0180377 0.711531        0        0 21824
             47.6006 -6.53722  2.65032 -42.5419 -7.94685 -23.9807 0.467055 -0.165258 -0.698144 -0.100697  0.00158907 0.000989949 -0.00044858   0.102403 -0.0300372  0.0179902 0.71004       0       0 0
             47.7004 -6.55445  3.24029 -41.6383 -7.96859  -24.056 0.458239  -0.205158  -0.769425 -0.0639569  0.00159995 0.000953908 -0.00045522   0.102508 -0.0295226  0.0179995 0.710035        0        0 21924
             47.7004 -6.45929  3.12787 -41.6158 -7.96645 -24.0533 0.462303  -0.188155  -0.747205 -0.0322867   0.00158142  0.000985104 -0.000458025   0.102545 -0.0297507  0.0176689 0.712221        0        0 0
             47.8003 -6.40831  4.04693 -40.4764  -7.9882 -24.1382 0.462517 -0.168919  -0.87281   0.07417   0.00158706  0.000950706 -0.000460465   0.102557 -0.0291223  0.0179534 0.712223        0        0 22108
             47.8003 -6.28126  4.01308 -40.4545 -7.98542 -24.1311 0.464754 -0.149673 -0.808883 0.0899131   0.00157117   0.00096987 -0.000466462  0.102831 -0.029654 0.0177556 0.714193        0        0 0
             47.9002 -6.58416  4.71117 -39.3864 -8.00004 -24.2166 0.472653 -0.101195 -0.830904  0.070618   0.00157878  0.000965731 -0.000458932   0.102773 -0.0291498  0.0179688 0.714208        0        0 22415
             47.9002  -6.5477  4.54894 -39.3919 -7.99937 -24.2227  0.47223 -0.0908931  -0.889461  0.0695299   0.00155893  0.000993058 -0.000451107   0.102342 -0.0288245  0.0179879 0.711848        0        0 0
                  48 -6.22346  5.33718 -39.7324  -8.0118 -24.2982 0.475514   -0.110684   -0.736652 -0.00569835   0.00157585   0.00096521 -0.000441955   0.103384 -0.0291879  0.0180645 0.711784        0        0 22407
                  48 -6.07621  5.24822 -39.7264 -8.00584 -24.2877  0.47741  -0.063311  -0.643799 0.00659085  0.00156239 0.000995892 -0.00044362   0.103617 -0.0300995  0.0178569 0.716785        0        0 0
             48.1003 -5.5963 5.31825  -39.81 -8.01851 -24.3576  0.47293 -0.0884123  -0.697856 -0.0702305   0.00158387  0.000988806 -0.000443382   0.103901 -0.0293323  0.0181076 0.716757        0        0 22598
             48.1003 -5.5342 5.18138 -39.823 -8.01654 -24.3611 0.473602 -0.0672884  -0.732479  -0.063213   0.00156416   0.00101509 -0.000435969   0.103544 -0.0292138  0.0180231 0.715316        0        0 0
             48.2001 -6.00122  4.93344 -40.1213 -8.02737 -24.4353 0.463957 -0.0875951  -0.723353  -0.100033  0.00158998 0.000993767 -0.00043817  0.103947 -0.028849 0.0182586 0.715306        0        0 22477
             48.2001 -5.94459  4.78337 -40.0729  -8.0249 -24.4283 0.464327 -0.0693527  -0.658182 -0.0988829   0.00159114   0.00104049 -0.000447975  0.104202  -0.02941 0.0182131 0.708899        0        0 0
                48.3   -6.166  3.75839 -40.1695 -8.03281 -24.4964  0.45643 -0.0459048  -0.662859 -0.0520683   0.00158932   0.00100447 -0.000439597   0.104129 -0.0289819  0.0181708 0.708891        0        0 22328
                48.3 -6.06658  3.68705 -40.1806 -8.03342 -24.4997 0.459729 -0.0497311  -0.694853 -0.0241009   0.00155446   0.00101896 -0.000434545   0.103976 -0.0287163  0.0179172 0.709928        0        0 0
             48.4006 -6.63944  5.36512 -40.8608 -8.04274 -24.5732 0.455081 -0.104635 -0.723739 0.0055938   0.00159264  0.000961272 -0.000438974   0.104043 -0.0283538  0.0183754 0.709927        0        0 22360
             48.4006  -6.6018  5.25826 -40.8083 -8.03873 -24.5579 0.456276 -0.0774076    -0.5754  0.0112809   0.00161918   0.00101224 -0.000452903   0.104743 -0.0295219  0.0182362 0.715314        0        0 0
             48.5004 -6.73408  5.00652 -40.5745 -8.05207 -24.6223 0.459236 -0.137424 -0.628035 0.0592967   0.00160314   0.00100701 -0.000456228   0.104393 -0.0287437   0.018337 0.715248        0        0 22602
             48.5004 -6.58393  4.87141 -40.5705 -8.04816 -24.6185 0.457755 -0.103765 -0.594158 0.0457234   0.00156355   0.00104404 -0.000453501   0.10435 -0.029224 0.0184136 0.708044        0        0 0
             48.6003 -5.51112  4.21416 -39.6466 -8.06633 -24.6798 0.464273 -0.185927 -0.628226 0.0544587   0.00160594   0.00101449 -0.000464967   0.104894 -0.0287363  0.0184067 0.708096        0        0 22440
             48.6003 -5.41346  4.09117 -39.6335 -8.06386 -24.6782 0.466775  -0.16392 -0.615188 0.0748826   0.00157799   0.00104913 -0.000465178   0.104828 -0.0289561  0.0181671 0.710409        0        0 0
             48.7001 -4.79818  3.40858 -38.4052  -8.0922 -24.7445 0.472318 -0.299639 -0.653307 0.0553502    0.0016053    0.0010215 -0.000466766   0.105325 -0.0281889  0.0183929 0.710373        0        0 22014
             48.7001  -4.6588  3.34692 -38.3751 -8.08732 -24.7352 0.475711 -0.259759    -0.569  0.081334   0.00157293   0.00103969 -0.000471178   0.105592 -0.0290467  0.0180572 0.70817       0       0 0
                48.8 -4.49186   2.5673 -36.5398 -8.12039 -24.7981 0.479242 -0.320923 -0.625943 0.0366217   0.00160025    0.0010203 -0.000462649   0.105633 -0.0283552  0.0184072 0.708207        0        0 21904
                48.8 -4.42145  2.44845 -36.5278 -8.11941 -24.8004 0.480648 -0.309974 -0.649171 0.0485469   0.00157887   0.00104852 -0.000463943   0.105424 -0.0282509  0.0182926 0.708981        0        0 0
             48.9003 -5.22437  3.26813  -35.443 -8.15433 -24.8714 0.485132 -0.314067 -0.720889 0.0664023   0.00160605  0.000982617 -0.000457849  0.105615 -0.027801 0.0184293 0.709006        0        0 22156
             48.9003 -5.07576  3.28903 -35.4123 -8.15073 -24.8605 0.486054 -0.294645 -0.626615 0.0714059   0.00157186  0.000981347 -0.000466756   0.106056 -0.0286521  0.0183328 0.708683        0        0 0
             49.0001 -5.01269  4.77636 -34.5081 -8.17909 -24.9273 0.489602 -0.233251 -0.652543 0.0488944    0.0015959  0.000985654 -0.000459924   0.106146 -0.0282865  0.0187419 0.708691        0        0 22565
             49.0001 -4.92962  4.63471 -34.4823 -8.17527 -24.9262 0.493874 -0.198393 -0.648437 0.0810052   0.00157529   0.00102402 -0.000463604   0.105899 -0.0285009  0.0183834 0.712622        0        0 0
                49.1 -4.55009  4.38624   -33.91 -8.19822 -24.9908 0.495784  -0.179503  -0.622907 0.00333856   0.00159318   0.00101866 -0.000450839   0.106325 -0.0280343  0.0188183 0.712592        0        0 22576
                49.1 -4.41774  4.36382 -33.8955 -8.19682 -24.9883 0.499407 -0.167631 -0.602215 0.0331844   0.00155716   0.00102576 -0.000454748   0.106366 -0.0282517  0.0184983 0.71178       0       0 0
             49.2006 -4.44934   4.4034 -33.7916 -8.21526 -25.0524  0.50012  -0.135464  -0.633965 0.00561991   0.00160239   0.00100588 -0.000442347   0.106755 -0.0277057  0.0186935 0.711774        0        0 22610
             49.2006 -4.37895   4.2447 -33.7547 -8.21113 -25.0463 0.503186 -0.100689 -0.581268 0.0294605   0.00158453   0.00105078 -0.000449455   0.106775 -0.0283092  0.0184018 0.710233        0        0 0
             49.3004 -5.03431  2.56409 -33.7873 -8.22291 -25.1056 0.502151   -0.08828   -0.58728 -0.0142857  0.00161757  0.00102928 -0.00043892   0.107148 -0.0280419  0.0186949 0.71024       0       0 22307
             49.3004 -4.86481  2.48132 -33.7822 -8.21804 -25.0972 0.505021  -0.048738  -0.515261 0.00627314   0.00157369   0.00105312 -0.000439079   0.107237 -0.0288348  0.0184295 0.707705        0        0 0
             49.4003 -4.94619  1.15085 -34.1884 -8.22577 -25.1522 0.501776 -0.0401279  -0.529493 -0.0151847   0.00161552    0.0010142 -0.000424779    0.10738 -0.0283365   0.018693 0.707711        0        0 22000
             49.4003 -4.82367  1.02167 -34.1698 -8.22257 -25.1494 0.504707 -0.014137  -0.51012 0.0057191   0.00158295    0.0010502 -0.000426929   0.107279 -0.0286281  0.0184539 0.700849        0        0 0
             49.5001 -5.30366 0.188205 -34.5843 -8.22925 -25.2079 0.500233 -0.0528695  -0.592353  -0.028002   0.00162765   0.00100624 -0.000422491   0.107503 -0.0279987   0.018954 0.700869        0        0 21652
             49.5001 -5.20206      0.1 -34.5805 -8.22579 -25.2038 0.499387 -0.0263658  -0.560713  -0.034326   0.00160234   0.00103014 -0.000421191   0.107459 -0.0284129  0.0189812 0.694269        0        0 0
                49.6 -5.73803 0.588439 -35.0907 -8.23477 -25.2612 0.496425 -0.0904928  -0.592382 -0.0470094   0.00162978  0.000983642 -0.000424739   0.108007 -0.0282093  0.0188537 0.694257        0        0 21457
                49.6 -5.56625 0.536183 -35.0672 -8.22915 -25.2505 0.497765 -0.0512153  -0.503997 -0.0386043   0.00159103   0.00100032 -0.000430174  0.108187 -0.029134 0.0186836 0.697313        0        0 0
             49.7007 -4.99685  1.49486  -35.104 -8.24189 -25.3144 0.494411 -0.0971485  -0.644731 -0.0337767   0.00161919  0.000978111 -0.000431361   0.108307 -0.0281252  0.0187246 0.69729       0       0 21764
             49.7007 -4.84927  1.40196 -35.0816 -8.23776 -25.3109 0.497224 -0.0634853  -0.619044 -0.0142693   0.00158322   0.00100279 -0.000435827   0.108179 -0.0285104  0.0184913 0.701463        0        0 0
             49.8005 -5.70902  2.19961 -34.1692 -8.25285 -25.3826 0.496379   -0.142802   -0.721874 -0.00731984   0.00163722  0.000979161 -0.000450387   0.108461 -0.0276854  0.0185382 0.701466        0        0 21953
             49.8005 -5.63163  2.05905  -34.144  -8.2491 -25.3782 0.497424     -0.11344    -0.687871 -6.66759e-05   0.00162157   0.00101774 -0.000455202   0.108414 -0.0281152  0.0184258 0.704654        0        0 0
             49.9004 -6.81654    2.428 -33.4173   -8.271 -25.4516 0.495137 -0.209611 -0.704998 0.0143639   0.00163233  0.000993545 -0.000451545   0.108846 -0.0273996  0.0186996 0.704661        0        0 22106
             49.9004 -6.61543  2.25052 -33.3985 -8.26604 -25.4481  0.49549 -0.168474 -0.680713 0.0168884   0.00158302   0.00104021 -0.000452237   0.108645 -0.0278314  0.0186275 0.701332        0        0 0
             50.0002 -5.85175  1.68551 -32.7389 -8.28988 -25.5216 0.500946 -0.202316 -0.742075 0.0758479   0.00159563   0.00101706 -0.000449725   0.109039 -0.0270919  0.0188125 0.701358        0        0 21723
             50.0002 -5.71757  1.81489 -32.7402 -8.28676 -25.5102 0.503026 -0.186876 -0.646352 0.0885335   0.00156923  0.000987647 -0.000454204   0.109455 -0.0279351  0.0186028 0.701031        0        0 0
             50.1001 -6.70442  3.55899 -32.0745 -8.30317 -25.5808 0.507521 -0.114038 -0.685814 0.0532734   0.00162511  0.000975452 -0.000458323   0.109296 -0.0275844  0.0189295 0.701072        0        0 22165
             50.1001 -6.71297  3.33743 -31.9986 -8.29631 -25.5688 0.507716 -0.0652532  -0.588717  0.0528932     0.001643   0.00104054 -0.000474487   0.109408 -0.0286242  0.0188212 0.701679        0        0 0
             50.2003 -7.63243   2.4388 -30.4952  -8.3073 -25.6356 0.509078  -0.053064  -0.614792 -0.0200804   0.00161982   0.00103172 -0.000470467   0.109484 -0.0276322   0.019036 0.701678        0        0 22354
             50.2003 -7.40932  2.43034 -30.4948 -8.30372 -25.6336 0.511824  -0.0218292   -0.602961 6.68722e-05   0.00156369   0.00103095 -0.000471029   0.109302 -0.0278806  0.0187953 0.706617        0        0 0
             50.3002 -6.47263  3.14977 -29.6736 -8.30826 -25.6911 0.506737 -0.0124803  -0.582596 -0.0785411   0.00158927   0.00100738 -0.000458642    0.10995 -0.0278191  0.0189284 0.706621        0        0 22373
             50.3002 -6.31936  3.04389 -29.6452 -8.30393 -25.6871 0.510632  0.0236199  -0.555015 -0.0508102   0.00155456   0.00103524 -0.000463539  0.109799 -0.028197 0.0185951 0.702718        0        0 0
                50.4 -6.06838  2.97432  -29.202 -8.30693 -25.7477 0.498185 0.00878483  -0.616466  -0.137109   0.00159433    0.0010288 -0.000449145   0.110435 -0.0277482   0.019013 0.70272       0       0 22363
                50.4 -5.97262  2.95115  -29.209 -8.30446 -25.7468 0.500451 0.0317452 -0.612303 -0.120723   0.00157064   0.00103276 -0.000447385  0.110271 -0.027878 0.0188244 0.7044      0      0 0
             50.5006 -5.80625  3.83496 -29.3189 -8.30673 -25.8136 0.487095 0.0128732 -0.627108 -0.107923   0.00159016   0.00101083 -0.000435916   0.110681 -0.0272319  0.0190162 0.704424        0        0 22577
             50.5006 -5.67718  3.76388  -29.281 -8.29915 -25.7984 0.489896  0.0656884  -0.505178 -0.0876429   0.00157852   0.00103526 -0.000447685  0.110822 -0.028482  0.018679 0.707463        0        0 0
             50.6005 -5.91754  3.28971 -29.0235 -8.29579 -25.8468 0.484264   0.0516201   -0.470753 -0.00620097   0.00161085   0.00104463 -0.000448297   0.111144 -0.0282847  0.0187686 0.707467        0        0 22561
             50.6005 -5.83243  3.11693 -29.0167 -8.29256 -25.8519 0.487492 0.0882806 -0.518467 0.0180477   0.00158209   0.00107809 -0.000444748   0.110619 -0.0280417   0.018519 0.7061      0      0 0
             50.7003 -6.46317  1.82509 -28.9913 -8.28933 -25.9088 0.488349 0.0339853 -0.603854 0.0505948   0.00158933   0.00106255 -0.000434995   0.111069 -0.0277782  0.0189388 0.706099        0        0 22372
             50.7003 -6.40857  1.77121 -28.9852 -8.28534 -25.9045 0.490215 0.0675308 -0.571918 0.0638114    0.0015872   0.00107331 -0.000435992   0.110946 -0.0281804  0.0187576 0.70529       0       0 0
             50.8002 -6.42587  1.56343 -29.2839 -8.28907 -25.9678 0.492577 -0.057807 -0.633153 0.0242231   0.00159164   0.00104948 -0.000429301   0.111506 -0.0277071  0.0190672 0.70531       0       0 22182
             50.8002 -6.30714   1.5513  -29.266 -8.28528 -25.9605 0.492004 -0.030189 -0.574844 0.0194439   0.00157799   0.00105416 -0.000434587   0.111545 -0.0283145  0.0190469 0.699641        0        0 0
             50.9001 -5.96825  1.16952 -29.5615 -8.29617 -26.0224 0.492468   -0.131482   -0.641609 -0.00842461  0.00158004  0.00105222 -0.00042483   0.111832 -0.0280142  0.0190952 0.699628        0        0 22178
             50.9001 -6.01916  1.03178  -29.522 -8.29426 -26.0228 0.493381   -0.112672   -0.647179 -0.00155223   0.00159491    0.0010855 -0.000431987   0.111645 -0.0280433  0.0190217 0.698323        0        0 0
             50.9999 -6.55736 0.127769 -29.5756 -8.31261 -26.0921 0.491544  -0.192212   -0.69751 -0.0312096   0.00162249   0.00105931 -0.000430036   0.111974 -0.0277211  0.0190504 0.698334        0        0 21887
             50.9999   -6.4002 0.0894644  -29.5607 -8.30675 -26.0808 0.496379 -0.149296 -0.610202 0.0017338   0.00160253   0.00107191 -0.000434315   0.112034 -0.0286034  0.0186315 0.695718        0        0 0
             51.1006  -7.20338 -0.351669  -29.2714 -8.32785  -26.147 0.491242  -0.199824   -0.65112 -0.0315285   0.00162918    0.0010506 -0.000432134   0.112236 -0.0281419  0.0190327 0.695711        0        0 21778
             51.1006   -7.1294 -0.456837  -29.2692 -8.32548 -26.1469 0.497325 -0.176826 -0.655164 0.0117442   0.00161136   0.00107409 -0.000429713   0.112022 -0.0281734  0.0186046 0.695829        0        0 0
             51.2004 -8.20323 0.121286  -29.728 -8.34869  -26.218 0.493141    -0.200667    -0.717458 -0.000809123   0.00163154    0.0010334 -0.000431228   0.112517 -0.0277793  0.0190945 0.695796        0        0 21551
             51.2004 -8.02282 0.141166 -29.7366 -8.34409 -26.2108 0.495814 -0.164528 -0.662917 0.0163654   0.00160274   0.00102783 -0.000431899   0.112477 -0.0283784  0.0188508 0.694407        0        0 0
             51.3003  -8.1555  1.36653 -29.8624 -8.36084 -26.2755 0.490814  -0.133654  -0.621937 -0.0251495   0.00163768   0.00104084 -0.000438446   0.112824 -0.0283831  0.0193896 0.694425        0        0 21753
             51.3003 -7.99343  1.23229 -29.8523 -8.35883 -26.2761 0.497981 -0.113075 -0.631626 0.0273353   0.00159565   0.00107047 -0.000435962   0.112604 -0.0283439  0.0188934 0.699425        0        0 0
             51.4001 -7.07684  1.51811 -30.0203 -8.37275 -26.3426  0.49637 -0.0686154  -0.620558 -0.0179924   0.00159263   0.00105264 -0.000429067   0.112989 -0.0277182  0.0192238 0.699438        0        0 21960
             51.4001 -6.92842  1.44601 -30.0122 -8.36823 -26.3348 0.500182  -0.033686  -0.559474 0.00879058   0.00157483   0.00107341 -0.000433146   0.112988 -0.0283215  0.0188788 0.699287        0        0 0
                51.5 -6.28274  1.23767 -30.2147 -8.37002  -26.384  0.49318 0.00900167  -0.471844  -0.082168   0.00164081   0.00107755 -0.000436558   0.113484 -0.0285377  0.0192503 0.699244        0        0 22065
                51.5  -6.1837  1.12285 -30.2327 -8.36936 -26.3922 0.497303  0.0246216  -0.544089 -0.0513519   0.00159828   0.00109472 -0.000424793   0.113022 -0.0280151  0.0190208 0.697202        0        0 0
             51.6006    -6.00001 -0.00239265    -30.4022 -8.37209  -26.444 0.484477 -0.0196837  -0.470592  -0.128668    0.0016262   0.00108602 -0.000425324   0.113507 -0.0278272  0.0194105 0.697193        0        0 21923
             51.6006   -5.83369 -0.0665639   -30.4139 -8.36716 -26.4351 0.487221 0.0175784 -0.401791 -0.109869  0.00159461   0.0011054 -0.00042325   0.113531 -0.0285339  0.0191445 0.694345        0        0 0
             51.7004   -4.9126 -0.459998  -30.2265 -8.36974 -26.4756 0.475865  0.0056726  -0.376658 -0.0821801   0.00162137   0.00106463 -0.000426733   0.113976 -0.0280896  0.0193491 0.694337        0        0 21717
             51.7004  -4.77638 -0.493556  -30.2249 -8.36469 -26.4676 0.479816   0.044941  -0.315454 -0.0557355  0.00158479  0.00107449 -0.00042606   0.11395 -0.028777 0.0190091 0.695196        0        0 0
             51.8003  -3.88332 0.0680409  -29.0306 -8.36775 -26.5041 0.475334 -0.0439871   -0.32287 -0.0411408  0.00162759  0.00104709 -0.00044658   0.114281 -0.0280453  0.0191179 0.695171        0        0 21821
             51.8003   -3.74316 -0.0057287   -29.0256 -8.36383 -26.4987 0.483068 -0.0115969   -0.28327  0.0111963   0.00158713   0.00106844 -0.000446261    0.11419 -0.0285225  0.0185245 0.693109        0        0 0
             51.9002 -2.86337 -0.31655 -26.7573 -8.37684 -26.5327  0.47901 -0.131242 -0.304326 -0.026822  0.00162658  0.00105664 -0.00046057   0.114597 -0.0276339  0.0189188 0.693123        0        0 21799
             51.9002  -2.64618 -0.357351  -26.7519 -8.37176 -26.5314 0.478864 -0.0838525   -0.30105 -0.0276381   0.00156716   0.00106455 -0.000462078   0.114197 -0.0279182  0.0189112 0.696613        0        0 0
                  52 -1.96808 0.822062 -23.7763 -8.38878 -26.5667 0.475049  -0.166318  -0.329926 -0.0151601    0.0016063   0.00103341 -0.000471178   0.114818 -0.0272243  0.0191401 0.696594        0        0 21848
                  52 -1.88001 0.770708 -23.7548 -8.38212 -26.5514 0.480321 -0.117962 -0.205876  0.019892   0.00158359   0.00105161 -0.000476755   0.114958 -0.0285429  0.0187006 0.703435        0        0 0
             52.1003 -2.23543 0.672382 -19.7033 -8.40442 -26.5791 0.479599 -0.227774 -0.227965 0.0306337  0.00160105  0.00105955 -0.00048515    0.11534 -0.0276667  0.0190374 0.703402        0        0 22175
             52.1003 -2.07009 0.559291 -19.6738 -8.39967 -26.5712 0.483828 -0.189758 -0.169037 0.0582011   0.00155412   0.00109311 -0.000492889   0.115233 -0.0283613  0.0187248 0.710709        0        0 0
             52.2001 -1.71092  1.10819 -15.5749 -8.42138 -26.5974 0.484942 -0.178582 -0.210511 0.0429657  0.00159204  0.00106627 -0.00049174   0.115285 -0.0274704  0.0191777 0.710659        0        0 22088
             52.2001 -1.48908  1.01859 -15.5903 -8.41804 -26.5957 0.478767   -0.147974   -0.200398 0.000936565   0.00152972   0.00109058 -0.000486284   0.115027 -0.0276976  0.0196052 0.714206        0        0 0
             52.2999 -1.38792  1.36847 -12.5804 -8.43646 -26.6177 0.480105  -0.150916  -0.172053 -0.0176004   0.00154264   0.00107708 -0.000458232   0.115517 -0.0271669  0.0194617 0.714179        0        0 22215
             52.2999 -1.43844  1.27257 -12.5675 -8.43026   -26.61 0.474808  -0.094056  -0.115393 -0.0537631   0.00155643    0.0011116 -0.000461867   0.115114 -0.0278657   0.019809 0.717376        0        0 0
             52.4006 -1.78411  2.43768  -9.9497 -8.44427 -26.6181 0.475931  -0.119477 -0.0498576 -0.0209899    0.0015862   0.00108058 -0.000468772   0.115805 -0.0277712  0.0192101 0.717383        0        0 22358
             52.4006 -1.54154  2.29503 -9.93413 -8.44031 -26.6144   0.4681 -0.0824111 -0.0245042 -0.0737636   0.00151687   0.00112337 -0.000471168    0.11546 -0.0281338  0.0197555 0.715503        0        0 0
             52.5004 -0.788033   2.79425   -7.5043 -8.44938  -26.605 0.473946 -0.0631784  0.0896655  0.0279836    0.0015445   0.00112065 -0.000462861   0.116036 -0.0288278  0.0188778 0.715482        0        0 22357
             52.5004 -0.644578    2.6622  -7.51746 -8.44684 -26.6061 0.467231 -0.0374994  0.0799172 -0.0180035  0.00150452  0.00115335 -0.00045814  0.115746 -0.028788 0.0193508 0.72262       0       0 0
             52.6003 -0.444161   2.56861  -5.50106 -8.45118 -26.5868 0.478992 -0.0304767   0.189236   0.082573   0.00156637   0.00113463 -0.000453118   0.116146 -0.0294665   0.018416 0.722583        0        0 22296
             52.6003 -0.228701   2.40753  -5.53134 -8.44843 -26.5883  0.46873 -0.00283941    0.176406   0.0106728   0.00150575   0.00117364 -0.000444188   0.115819 -0.0293914  0.0191452 0.716565        0        0 0
             52.7001 0.0168906   2.47791  -3.76854 -8.45128  -26.567 0.483732 -0.00881428    0.204361    0.114088   0.00152169   0.00113032 -0.000433923   0.116387 -0.0296025  0.0181836 0.716519        0        0 22369
             52.7001 0.0733817    2.3554  -3.76941 -8.45009 -26.5698 0.470779 0.00183684   0.182544  0.0217302   0.00150444   0.00116075 -0.000433292   0.116219 -0.0293972  0.0191264 0.713511        0        0 0
                52.8 -0.126166   2.62238  -2.16438  -8.4484 -26.5408 0.487179 0.0230275  0.250752    0.1306   0.00155987   0.00112579 -0.000440472   0.11614 -0.030361 0.0180875 0.71343       0       0 22476
                52.8 0.00267669     2.4489   -2.19935  -8.4497 -26.5494 0.481827 0.00566994   0.181325  0.0910783  0.00151623  0.00117298 -0.00042969   0.116261 -0.0296701  0.0184978 0.713381        0        0 0
             52.9003 -0.0849864    1.81513   -1.09652   -8.449 -26.5203 0.497323 0.0240486  0.237652  0.137672  0.00150865  0.00114647 -0.00041456   0.116306 -0.0306585  0.0180709 0.713354        0        0 22320
             52.9003 -0.0506202    1.70975   -1.10485 -8.44836 -26.5286 0.486547 0.0280305  0.174049 0.0632055   0.00149334   0.00117301 -0.000411831   0.116225 -0.0300148  0.0188339 0.709865        0        0 0
             53.0001 -0.448856   2.10979 -0.617809  -8.4401 -26.4986 0.504211 0.119244 0.220191 0.139161   0.00160391   0.00110115 -0.000412806  0.115923 -0.031373  0.017944 0.709865        0        0 22397
             53.0001 -0.209578   1.96019 -0.663016 -8.44193 -26.5128 0.493404 0.0923687  0.104379  0.059638   0.00152074   0.00114362 -0.000397365   0.116175 -0.0302376  0.0187608 0.71281       0       0 0
                53.1 -0.248913   2.63854 0.0178405 -8.43519 -26.4905 0.501549 0.0550966  0.177171 0.0542706   0.00158714   0.00110998 -0.000417503   0.116286 -0.0313388  0.0185279 0.712822        0        0 22553
                53.1 -0.00699495     2.51855  -0.0312526 -8.43889 -26.5044 0.490792  0.0102582  0.0658783 -0.0216432  0.00150118  0.00114698 -0.00039959   0.116737 -0.0302638  0.0193111 0.713692        0        0 0
             53.2006 -0.301156   2.09946 -0.700234 -8.43713 -26.4839 0.496613 0.0390318  0.148285 0.0295946   0.00156929   0.00113941 -0.000388575   0.116617 -0.0314444  0.0186906 0.713672        0        0 22601
             53.2006 -0.198363   1.99275 -0.741974 -8.43835 -26.4987 0.488489  0.0204967  0.0318589 -0.0270534   0.00152195   0.00117049 -0.000374776  0.116821 -0.030299 0.0192725 0.718304        0        0 0
             53.3005 -0.64031  3.12303 -1.49214 -8.43374 -26.4836 0.491624 0.0581088 0.0834397 0.0136782   0.00159793   0.00110938 -0.000399164   0.11663 -0.031488 0.0188438 0.718318        0        0 22559
             53.3005 -0.457812   3.00266  -1.52668   -8.435 -26.4921 0.478531  0.0402212  0.0155494 -0.0787947   0.00153455   0.00114388 -0.000386934   0.116788 -0.0308343  0.0197852 0.715661        0        0 0
             53.4003 -0.806529   3.41448  -2.64382 -8.43555 -26.4884 0.484686 -0.00328932 -0.00193863    0.020493   0.00156014   0.00113219 -0.000389935   0.117228 -0.0312026  0.0188087 0.715655        0        0 22749
             53.4003 -0.757545   3.27892   -2.6695 -8.43484 -26.4947 0.477697  0.0012722 -0.0506293 -0.0286535   0.00153689   0.00116793 -0.000381062   0.117162 -0.0307254  0.0193039 0.721417        0        0 0
             53.5001 -1.51577  4.00882 -4.48269 -8.43138 -26.4866 0.483688   0.0419959 -0.00464661   0.0353598 0.00160863  0.0011197  -0.000386    0.11695 -0.0320769  0.0186258 0.721396        0        0 22748
             53.5001 -1.44097  3.93089 -4.51743 -8.43223 -26.4955 0.474513  0.0296305 -0.0745672 -0.0302547   0.00157383   0.00114255 -0.000373919   0.117034 -0.0313933  0.0193023 0.725938        0        0 0
                53.6 -2.15874  3.94154  -6.1579 -8.43591 -26.4987  0.48481 -0.0488587 -0.0761239  0.0874334    0.0015815   0.00113051 -0.000379949   0.117517 -0.0319262  0.0184435 0.72587       0       0 22751
                53.6 -2.12572   3.7956 -6.16244 -8.43336 -26.4999 0.478852 -0.0227697 -0.0847096   0.044593   0.00156987   0.00116272 -0.000377875  0.117223 -0.031861 0.0188581 0.724206        0        0 0
             53.7007 -2.35598  3.65067 -8.13196 -8.43643  -26.504 0.487815 -0.0280668  -0.111869  0.0807996  0.00160756  0.00112293 -0.00038664   0.117485 -0.0325057  0.0185885 0.724188        0        0 22614
             53.7007 -2.30343  3.58231 -8.17217 -8.43593  -26.512 0.479742 -0.0236637  -0.174107  0.0232492  0.00157682  0.00113839 -0.00037427   0.117362 -0.0319264  0.0191746 0.718959        0        0 0
             53.8005 -2.17013  3.26963 -9.99476 -8.44202 -26.5263 0.488154 -0.0671204  -0.201707  0.0774819   0.00162425   0.00112686 -0.000399078   0.117744 -0.0324516  0.0187955 0.718952        0        0 22533
             53.8005 -2.10673  3.19436 -10.0228 -8.44322 -26.5371 0.483161 -0.0796154  -0.286215  0.0415685   0.00158425   0.00114854 -0.000389086   0.117755 -0.0316514  0.0191803 0.727917        0        0 0
             53.9004 -2.16634  3.08816 -12.0469 -8.45338 -26.5633 0.494159 -0.0940612  -0.305085  0.0940056   0.00164885   0.00111216 -0.000392775   0.118183 -0.0319985  0.0187228 0.727924        0        0 22270
             53.9004 -2.02794  2.99378 -12.0616  -8.4518 -26.5644  0.48696 -0.0780672   -0.31416  0.0432295   0.00160856   0.00113192 -0.000388406   0.117983 -0.0319647  0.0192163 0.724109        0        0 0
             54.0002 -2.30655  2.81717 -14.1426 -8.46186 -26.6007 0.498142 -0.100888 -0.384982 0.0978307   0.00164983   0.00110693 -0.000390342   0.118261 -0.0317482  0.0188216 0.7241      0      0 22457
             54.0002 -2.20331  2.77669 -14.1384 -8.45666 -26.5935 0.492698 -0.0496288  -0.331713  0.0600408   0.00163546   0.00110573 -0.000393491   0.117841 -0.0323622  0.0191547 0.723878        0        0 0
             54.1001 -2.44513  2.81806 -15.9107 -8.46663 -26.6283 0.500892 -0.113947 -0.360364 0.0757999   0.00164849   0.00109967 -0.000394024    0.11825 -0.0323028  0.0190362 0.723867        0        0 22374
             54.1001 -2.43859  2.72903 -15.9032 -8.46172  -26.621 0.498988 -0.0667258    -0.3053  0.0626926   0.00166446   0.00111204 -0.000397525   0.11789 -0.032943 0.0191307 0.719471        0        0 0
             54.2003 -2.39878  2.38884 -17.8011 -8.47556 -26.6529 0.503525 -0.141544 -0.335859 0.0516715   0.00165379   0.00110948 -0.000394489   0.118547 -0.0328326  0.0192794 0.719469        0        0 22356
             54.2003 -2.44986   2.3636 -17.8057 -8.47217 -26.6522 0.501655 -0.106702 -0.331762 0.0387254   0.00167104   0.00110265 -0.000393711   0.118225 -0.0329589  0.0193901 0.711433        0        0 0
             54.3001 -2.85477  2.26365 -19.7407 -8.49322 -26.6945 0.506996 -0.212612 -0.421793 0.0519302   0.00166512   0.00110674 -0.000391651   0.118995 -0.0322439  0.0193485 0.711411        0        0 22326
             54.3001 -2.88468    2.211 -19.7176 -8.48803 -26.6874 0.506966 -0.163728 -0.368777 0.0515912  0.00169351  0.00111006 -0.00039941   0.118693 -0.0328559  0.0193142 0.709004        0        0 0
                54.4 -3.25854  1.94347 -21.7058 -8.51003 -26.7281 0.511177 -0.217358 -0.411946 0.0568292   0.00170995   0.00110336 -0.000397796   0.119214 -0.0325494  0.0194813 0.709025        0        0 22293
                54.4 -3.16019  1.88198 -21.6967 -8.50386 -26.7213 0.511728 -0.160132 -0.362702 0.0602891   0.00170197   0.00110847 -0.000401692   0.118847 -0.0331657  0.0194046 0.705509        0        0 0
             54.5006 -2.97153  1.58088 -23.8558 -8.52704 -26.7605 0.515616 -0.237492 -0.387143 0.0416363   0.00171846   0.00109952 -0.000394767   0.119428 -0.0329165  0.0195951 0.705522        0        0 22351
             54.5006 -2.92828   1.5245 -23.8627  -8.5208 -26.7558 0.514894 -0.178707  -0.35522 0.0362458   0.00172061   0.00110038 -0.000394038   0.119008 -0.0334023  0.0196082 0.699993        0        0 0
             54.6004 -3.19263 0.894654 -26.0712  -8.5454 -26.7915 0.517975 -0.238724 -0.348093 0.0304126   0.00177029   0.00108884 -0.000395259   0.119614 -0.0331831  0.0196691 0.699977        0        0 22259
             54.6004 -3.09565 0.849588 -26.0921 -8.54132  -26.786 0.524209 -0.202749 -0.307261 0.0753182   0.00175143   0.00109994 -0.000389805   0.119459 -0.0336542  0.0192037 0.701443        0        0 0
             54.7003  -3.6881 0.586935 -28.3289 -8.56436 -26.8222 0.524499  -0.206018  -0.338059 0.00792832   0.00180049   0.00106207 -0.000395269   0.119659 -0.0330849  0.0196959 0.701424        0        0 21936
             54.7003 -3.60528 0.576861 -28.3496 -8.56124 -26.8164 0.529818 -0.180703 -0.294287 0.0448304   0.00177621   0.00106404 -0.000388563   0.119619 -0.0335849  0.0192857 0.69805       0       0 0
             54.8002 -4.47189 0.584977  -30.526 -8.58198 -26.8503 0.526328  -0.191332  -0.325299 -0.0140336   0.00182133   0.00104523 -0.000401385    0.11973 -0.0330712  0.0198526 0.697982        0        0 21865
             54.8002 -4.34947 0.536752 -30.5365 -8.57879 -26.8446 0.532397 -0.165687 -0.281432 0.0281884    0.0017839   0.00105802 -0.000396924   0.119706 -0.0335823  0.0193733 0.697795        0        0 0
                54.9 -5.25543 0.477056 -32.5982 -8.59791 -26.8744  0.52372  -0.177589   -0.30538 -0.0446833   0.00183593   0.00104045 -0.000410303   0.12011 -0.033489 0.0202917 0.69775       0       0 21715
                54.9 -5.13161 0.478533 -32.6345 -8.59865 -26.8771 0.533942 -0.180574 -0.330449 0.0270229   0.00180091   0.00104022 -0.000399832   0.120009 -0.0332142  0.0195476 0.696512        0        0 0
             55.0003 -6.03007 0.666582 -35.0996 -8.62017 -26.9119 0.530571  -0.202969  -0.334732 -0.0171742    0.0018361   0.00101756 -0.000407502    0.12031 -0.0329544  0.0200533 0.696497        0        0 21667
             55.0003 -5.97344 0.627328 -35.1188 -8.61991 -26.9117 0.538482 -0.200183  -0.33459 0.0381642   0.00182007   0.00102847 -0.000400879   0.120283 -0.0329292  0.0194673 0.69305       0       0 0
             55.1001 -7.48155 0.414148 -38.1368 -8.64085 -26.9406 0.530625   -0.19112   -0.27042 -0.0413351   0.00186646   0.00101417 -0.000402773   0.120699 -0.0330804  0.0203129 0.69303       0       0 21634
             55.1001 -7.43867 0.352446 -38.1445 -8.64037 -26.9394 0.541923 -0.187097 -0.261623 0.0378604   0.00185456   0.00103156 -0.000398534   0.120714 -0.0330997  0.0194698 0.693126        0        0 0
                55.2  -8.52347 -0.115594  -41.6596  -8.6552 -26.9586 0.534539  -0.120865  -0.191408 -0.0287793   0.00185884   0.00099694 -0.000401897   0.121135 -0.0336244  0.0203029 0.693118        0        0 21293
                55.2  -8.46162 -0.147785  -41.6849 -8.65667 -26.9618 0.541775 -0.130325 -0.220819 0.0220994  0.00184171  0.00100745 -0.00039312   0.121019 -0.0332739  0.0198064 0.694977        0        0 0
             55.3006  -8.72864 -0.534545  -45.3474 -8.66948 -26.9859 0.536885 -0.104554 -0.218785 -0.024575    0.0018581  0.000983086 -0.000399131   0.121025 -0.0330663  0.0204205 0.694954        0        0 21441
             55.3006  -8.69471 -0.673711   -45.345 -8.66718 -26.9841 0.542241 -0.0854855  -0.205677  0.0135964   0.00184936   0.00102147 -0.000393889   0.120954 -0.0332442  0.0199827 0.691672        0        0 0
             55.4005 -8.69385 -1.80849 -49.2148 -8.68023 -26.9982 0.538878   -0.11049  -0.127341 -0.0196246   0.00188513  0.000996347 -0.000397537   0.121783 -0.0331963  0.0203438 0.691694        0        0 21080
             55.4005 -8.60105 -1.88626 -49.2394 -8.67964 -26.9963 0.543956 -0.107372 -0.112482 0.0159799  0.00186048  0.00101853 -0.00038751   0.121857 -0.0332724  0.0199501 0.687825        0        0 0
             55.5003 -8.86166 -2.25566 -53.1687 -8.69246 -27.0061 0.545566  -0.112995 -0.0951639  0.0173216   0.00189407  0.000961866 -0.000397423   0.122285 -0.0331393  0.0199924 0.687828        0        0 20866
             55.5003 -8.88773 -2.43595 -53.1868 -8.69089 -27.0076 0.542631  -0.0983273    -0.10972 -0.00373242   0.00190268    0.0010091 -0.000384663   0.122068 -0.0331978  0.0202173 0.686159        0        0 0
             55.6002  -9.6343 -3.34657 -56.8153 -8.70587 -27.0181 0.542547  -0.117385 -0.0793876 -0.0126505   0.00192639  0.000968649 -0.000405873   0.122358 -0.0327051  0.0202143 0.686172        0        0 20748
             55.6002 -9.51936 -3.51864 -56.8331 -8.70367 -27.0215 0.541309 -0.0962709  -0.112333 -0.0205172   0.00189333   0.00101417 -0.000392834   0.121944 -0.0327205  0.0203216 0.681356        0        0 0
                55.7 -9.30846 -3.80568 -60.2311 -8.71821 -27.0298 0.541625  -0.105895  -0.069061 -0.0141824   0.00191933  0.000954789 -0.000414765   0.122463 -0.0322262  0.0201346 0.681383        0        0 20584
                55.7 -9.24435 -3.99532  -60.275 -8.71474  -27.035 0.538967 -0.0732572  -0.119644 -0.0313594   0.00190105   0.00100278 -0.000393086   0.121835 -0.0322968  0.0203553 0.676688        0        0 0
             55.8003 -10.1257 -4.16443 -63.4269 -8.72919 -27.0399 0.544422 -0.0787348 -0.0389078  0.0201486   0.00195544  0.000946382 -0.000429351    0.12298 -0.0315953  0.0197357 0.676684        0        0 20600
             55.8003 -10.0574 -4.36384  -63.449 -8.72423  -27.041 0.538568 -0.0399685 -0.0526009 -0.0197441    0.0019388  0.000998735 -0.000413723    0.12268 -0.0319715  0.0201305 0.679099        0        0 0
             55.9002 -10.2384 -4.63359 -65.5775 -8.73618 -27.0378 0.544429 -0.0724138  0.0493991 0.00908138   0.00194206  0.000953073 -0.000456054  0.123595 -0.031283 0.0194571 0.679154        0        0 20477
             55.9002 -10.1575 -4.83065  -65.561 -8.73455 -27.0412 0.535654 -0.0588957  0.0188087 -0.0516015    0.0019201   0.00100355 -0.000450454   0.123288 -0.0314089  0.0201216 0.677443        0        0 0
                  56 -10.2055 -4.40184 -67.2408 -8.74442 -27.0406 0.539728 -0.0479317 0.00351874 0.00264078   0.00195023  0.000938439 -0.000467078   0.123437 -0.0307419  0.0194587 0.677394        0        0 20415
                  56 -10.1274 -4.61116 -67.2796 -8.73931 -27.0442 0.528342 -0.00766614  -0.0316278  -0.0767547   0.00193426  0.000986223 -0.000446344   0.123011 -0.0311654  0.0202794 0.677144        0        0 0
             56.1006 -10.5749 -3.74585 -69.0671 -8.74549  -27.044 0.534693 -0.0263248  0.0070596  0.0216913   0.00196569  0.000928862 -0.000467853   0.123415 -0.0305041  0.0192824 0.677111        0        0 20636
             56.1006 -10.4669 -3.96851 -69.0666 -8.74215 -27.0465  0.52245 -0.00172417  -0.0148456  -0.0647468   0.00194067  0.000984407 -0.000457411   0.123188 -0.0308484  0.0201682 0.677291        0        0 0
             56.2005 -11.0562 -3.58703 -70.2609 -8.75202 -27.0434 0.538055  -0.03451 0.0275586  0.102625   0.00196765  0.000940494 -0.000488316   0.123764 -0.0297886  0.0187318 0.677364        0        0 20729
             56.2005 -10.9263 -3.84873 -70.2458 -8.74949  -27.047 0.523664  -0.0164734 -0.00243646 0.000985132  0.00193555  0.00100593 -0.00047947   0.123488 -0.0300868  0.0197837 0.677278        0        0 0
             56.3003 -11.3371 -3.60829 -71.0297 -8.75191 -27.0424 0.538261 0.0274676 0.0404052 0.0961964    0.0019554   0.00094323 -0.000496494   0.124003 -0.0296168  0.0187254 0.677315        0        0 20647
             56.3003 -11.1986 -3.85506  -71.008 -8.75012 -27.0458 0.524707   0.0405698   0.0117092 -0.00019153   0.00192013   0.00100564 -0.000489477   0.123745 -0.0298744  0.0197235 0.680084        0        0 0
             56.4001 -11.4051 -3.59835 -71.2181 -8.74832  -27.043 0.536404 0.0661086 0.0154426 0.0714607   0.00194762  0.000943565 -0.000509079   0.124054 -0.0293144  0.0188503 0.680102        0        0 20689
             56.4001 -11.3015 -3.78255 -71.1848 -8.74785 -27.0452   0.5251   0.0689532 -0.00139679  -0.0095572   0.00192046  0.000991895 -0.000508399   0.12393 -0.029478 0.0197008 0.678983        0        0 0
                56.5 -11.6393  -3.0523 -70.7256  -8.7442 -27.0434 0.535069  0.0809797 0.00777304  0.0654735   0.00194081  0.000940075 -0.000523245   0.124222 -0.0288885  0.0189025 0.678976        0        0 20710
                56.5 -11.5368 -3.27871  -70.704  -8.7436 -27.0468 0.522065  0.0851575   -0.02079 -0.0288319    0.0019154  0.000994015 -0.000517051   0.123986 -0.0290693  0.0198954 0.678872        0        0 0
             56.6006 -11.6061 -2.49637 -70.0987 -8.74079  -27.046 0.531713 0.0759556  0.011922 0.0724276    0.0019183  0.000944782 -0.000527945   0.124421 -0.0283324  0.0190913 0.678925        0        0 21083
             56.6006  -11.446 -2.75342 -70.0775 -8.73834 -27.0491 0.518603  0.0937958 -0.0149962 -0.0226835   0.00188063    0.0010058 -0.000520365    0.12416 -0.0286584  0.0200543 0.678627        0        0 0
             56.7005 -10.8656 -2.77784   -68.97 -8.73547 -27.0457 0.530371 0.0751526 0.0350361 0.0692814   0.00189547  0.000967815 -0.000529948   0.124717 -0.0278478  0.0191113 0.678591        0        0 20987
             56.7005 -10.7639 -2.97524  -68.947 -8.73479 -27.0481 0.520311   0.0798447   0.0151252 -0.00452028   0.00187025   0.00101564 -0.000526336   0.124545 -0.0280071  0.0198636 0.675828        0        0 0
             56.8004 -10.9531 -2.45299 -67.7948 -8.72845 -27.0435 0.529824 0.0931183 0.0389272 0.0651233   0.00190141  0.000961258 -0.000528851   0.124956 -0.0276438  0.0190934 0.675787        0        0 21009
             56.8004 -10.8492 -2.67443 -67.7485 -8.72897 -27.0464  0.51866  0.0888817  0.0147834 -0.0178349   0.00187317   0.00101669 -0.000530205   0.124769 -0.0277157  0.0199572 0.676114        0        0 0
             56.9002 -10.8277 -2.30796 -66.0712 -8.71964 -27.0444 0.523541   0.11349 0.0166723 0.0231439   0.00189608   0.00096756 -0.000533327  0.124782  -0.02753 0.0194204 0.676084        0        0 21066
             56.9002 -10.6799 -2.45738 -66.0074 -8.72058 -27.0442 0.517786   0.104139  0.0206576 -0.0203042   0.00185391   0.00101154 -0.000542958   0.124866 -0.0275527  0.0198666 0.678218        0        0 0
             57.0001 -10.1227 -1.73163 -64.1516 -8.71393 -27.0432 0.522117    0.10707 0.00479904  0.0300214   0.00186665  0.000965378 -0.000537854   0.125009 -0.0270144  0.0194659 0.678175        0        0 21101
             57.0001 -9.97472 -1.94338 -64.1206 -8.71341 -27.0459 0.514004   0.110769 -0.0195236 -0.0308206   0.00182697   0.00101611 -0.000536118   0.124782 -0.0271032   0.020105 0.676064        0        0 0
             57.1003 -9.51538 -1.44506 -62.3961 -8.70893 -27.0447 0.519997 0.0831698 0.0051865 0.0362835  0.00185048 0.000984598  -0.0005309   0.125474 -0.0264735  0.0195112 0.676066        0        0 21148
             57.1003 -9.38448 -1.62714 -62.3529 -8.70973 -27.0471 0.513574  0.0766271 -0.0155168 -0.0120625   0.00181328   0.00102775 -0.000534095   0.125318 -0.0264409  0.0200288 0.679004        0        0 0
             57.2002  -9.29123 -0.859043  -60.6775 -8.70156 -27.0451 0.515948  0.0952192  0.0079328 0.00526448   0.00184675  0.000991493 -0.000524379   0.125734 -0.0264582  0.0196997 0.678982        0        0 21210
             57.2002 -9.18057 -1.00684 -60.6452 -8.70181 -27.0482 0.512847  0.0942039 -0.0207503 -0.0173492    0.0018143   0.00102336 -0.000526312    0.12548 -0.0263861  0.0199552 0.680419        0        0 0
                57.3  -9.11868 -0.435605  -59.4927 -8.69461 -27.0506 0.514275  0.0893741 -0.0391224 0.00903871   0.00183306  0.000989269 -0.000510962   0.125709 -0.0261494  0.0197643 0.680403        0        0 21216
                57.3  -9.00648 -0.554137   -59.487 -8.69368 -27.0527 0.513875  0.0976939  -0.060452 0.00660964   0.00180244   0.00101469 -0.000507451  0.125477 -0.026146 0.0197983 0.682148        0        0 0
             57.4006 -8.92646 0.368035 -59.0937 -8.68917 -27.0578 0.513805  0.0573651 -0.0572265 0.00727275   0.00182513  0.000985547 -0.000495283   0.125997 -0.0258559  0.0199639 0.682187        0        0 21353
             57.4006 -8.81381 0.229997 -59.1021 -8.68743  -27.059 0.513098  0.0716822 -0.0695225 0.00225561   0.00179729   0.00101649 -0.000487638   0.125816 -0.0259431  0.0200057 0.685005        0        0 0
             57.5005 -9.19212 0.421267 -59.3442 -8.68867 -27.0602 0.513298 0.000226886 -0.00425217  0.00678276   0.00183957  0.000999012 -0.000479643   0.126639 -0.0255762  0.0201199 0.685063        0        0 21371
             57.5005 -9.09649 0.236843  -59.342 -8.68823 -27.0648 0.508871 0.00617271 -0.0476865 -0.0263407   0.00180894   0.00104598 -0.000471602   0.126224 -0.0254941  0.0204732 0.683698        0        0 0
             57.6003 -9.96278 0.251625 -60.0376 -8.69246 -27.0665 0.508629  -0.0272395   -0.035329 -0.00385724   0.00184311  0.000988596 -0.000470007   0.126983 -0.0252578  0.0203789 0.683712        0        0 21379
             57.6003 -9.84831 0.139755 -60.0451 -8.69173 -27.0698 0.509209  -0.019108 -0.0674524 0.00115033   0.00180963   0.00102334 -0.000462132   0.126616 -0.0251788  0.0203395 0.683611        0        0 0
             57.7002 -10.3101 0.314712 -61.2707 -8.69979 -27.0723 0.512013 -0.0686523 -0.0240808  0.0211285   0.00184821   0.00097763 -0.000467408   0.127391 -0.0248673  0.0201838 0.683637        0        0 21344
             57.7002 -10.1997 0.145426 -61.2763 -8.69819 -27.0758 0.507548 -0.0542179 -0.0578399 -0.0119316    0.0018163   0.00102716 -0.000456876   0.126982 -0.0249158  0.0205476 0.682469        0        0 0
             57.8001 -10.3862 0.213826 -62.4416 -8.70729 -27.0781 0.509973 -0.0680157 -0.0168865 0.00579695  0.00184367 0.000984011 -0.00046903   0.127489 -0.0246176  0.0202587 0.682471        0        0 21447
             57.8001 -10.2832 0.053598 -62.4386 -8.70627 -27.0816 0.506753 -0.0580089 -0.0503277  -0.017876   0.00181626   0.00102393 -0.000462151   0.127112 -0.0246169  0.0205259 0.682817        0        0 0
             57.9003  -10.4979 -0.109165  -63.5015 -8.71209  -27.083 0.508973   -0.02513 -0.0233836  0.0211646   0.00184957  0.000989415 -0.000468468   0.127595 -0.0245108   0.020286 0.682781        0        0 21575
             57.9003  -10.3926 -0.267007  -63.4562 -8.71325  -27.085 0.503793 -0.0348182 -0.0411628 -0.0180518  0.00181773   0.0010341 -0.00047304   0.127465 -0.0244359  0.0207114 0.682623        0        0 0
             58.0001  -10.106 0.241904 -63.8142 -8.71955 -27.0895 0.510957 -0.0224189 -0.0476526  0.0428578   0.00184231  0.000970598 -0.000493903   0.127721 -0.0239109  0.0201002 0.682621        0        0 21480
             58.0001 -9.98264 0.118974  -63.807 -8.71832 -27.0911 0.508683 -0.0125746 -0.0643576  0.0263084   0.00180679   0.00100626 -0.000489537    0.12751 -0.0239797  0.0202679 0.684689        0        0 0
                58.1 -9.52344 0.533749 -63.4822  -8.7214 -27.0963 0.512416  0.0125899 -0.0418809   0.023345   0.00184311   0.00096841 -0.000505351   0.127764 -0.0236053  0.0201968 0.684678        0        0 21592
                58.1 -9.38327 0.378514 -63.4355 -8.72154 -27.0968 0.507922 0.00998354 -0.0454676 -0.0107052   0.00180081   0.00101691 -0.000511288   0.127729 -0.0236454  0.0205667 0.683532        0        0 0
             58.2006 -8.60639  1.12372 -62.4375 -8.72156    -27.1 0.510378  0.0485568 -0.0236257 0.00438808   0.00183735  0.000964533 -0.000515784  0.128053 -0.023256 0.0202634 0.683533        0        0 21689
             58.2006 -8.47258 0.970244 -62.4196 -8.72099 -27.1019 0.506136  0.0527368 -0.0411685 -0.0274045   0.00179875   0.00100933 -0.000513985   0.127845 -0.0232969  0.0206166 0.684158        0        0 0
             58.3005 -8.03423  1.58804 -60.9325 -8.71818 -27.1025 0.506976   0.0762462   0.0141606 -0.00754468   0.00183655  0.000972204 -0.000520812   0.128229 -0.0228537  0.0203314 0.684141        0        0 21746
             58.3005 -7.95318  1.43026 -60.8656 -8.71949 -27.1025 0.502713  0.0642634  0.0161106 -0.0402228   0.00181286   0.00102021 -0.000533402   0.128282 -0.0228095  0.0207017 0.685571        0        0 0
             58.4003 -7.93173  2.15989 -58.7099 -8.71079 -27.1005 0.503567   0.140754  0.0243426 0.00331527   0.00184066  0.000976961 -0.000532236   0.128383 -0.0226141  0.0203691 0.685561        0        0 21785
             58.4003 -7.80288  2.00487 -58.6372 -8.71182 -27.0994 0.501896    0.130191   0.0361138 -0.00943359   0.00180275   0.00102469 -0.000546956   0.128527 -0.0225997  0.0205169 0.687113        0        0 0
             58.5001 -7.67062  2.32588 -55.9228 -8.69675 -27.0962 0.503027     0.2108  0.0433833 -0.0030729   0.00182452  0.000990098 -0.000541683   0.128597 -0.0222973  0.0203425 0.687124        0        0 21742
             58.5001  -7.5367  2.20688 -55.8657 -8.69699 -27.0959 0.505063    0.2078 0.0463436 0.0129043   0.00178498   0.00102587 -0.000553579   0.128634 -0.0222729  0.0201781 0.690964        0        0 0
                58.6 -6.95784  2.85644 -53.3689 -8.67938 -27.0909  0.50325   0.21867 0.0506565   -0.0185   0.00181253  0.000976909 -0.000535882   0.129013 -0.0218222  0.0204646 0.690991        0        0 21684
                58.6 -6.85564  2.74798 -53.3466 -8.67986 -27.0935 0.505218   0.216401  0.0246139 -0.0027751   0.00178237   0.00100689 -0.000538202   0.128785 -0.0216467  0.0203131 0.692127        0        0 0
             58.7007 -7.02963  2.95885 -51.5045 -8.66188 -27.0884 0.499688   0.200282  0.0691069 -0.0421036   0.00182857  0.000990333 -0.000520538   0.129285 -0.0214523  0.0208049 0.692139        0        0 21946
             58.7007 -6.86987   2.7998 -51.4615 -8.66072 -27.0884 0.501345    0.20894  0.0684389 -0.0290623  0.00178261  0.00103681 -0.00052751   0.129222 -0.0215207  0.0206533 0.691499        0        0 0
             58.8005 -6.40732  2.66675 -49.3229 -8.63958 -27.0774 0.493799    0.23686    0.11006 -0.0600698    0.0017925   0.00100555 -0.000519047   0.129607 -0.0215757  0.0211147 0.691507        0        0 21923
             58.8005  -6.3022  2.61758 -49.2872 -8.64016  -27.076 0.499018   0.230613   0.123164 -0.0201146   0.00176191   0.00102248 -0.000527689   0.129772 -0.0215616  0.0206922 0.695343        0        0 0
             58.9004 -6.52737  2.71891 -47.3051 -8.61883 -27.0647 0.491953    0.21628   0.118342 -0.0625133   0.00180572   0.00100506 -0.000514279   0.129857 -0.0213792  0.0211379 0.695329        0        0 22068
             58.9004 -6.40868  2.58291  -47.257 -8.61723 -27.0639  0.50051   0.229699   0.124501 0.00318343  0.00177252  0.00104521 -0.00052384   0.129844 -0.0214571  0.0204249 0.694911        0        0 0
             59.0002 -5.95985  2.85266 -44.8205 -8.60277 -27.0547 0.495499  0.148974 0.0940713 -0.025176  0.00176942 0.000998906 -0.00052474   0.130061 -0.0208362  0.0210177 0.694904        0        0 22049
             59.0002  -5.8347  2.80624 -44.7922 -8.60113 -27.0506 0.501439  0.159661  0.131186 0.0216169   0.00173684   0.00101663 -0.000531259   0.130302 -0.0211248  0.0204955 0.696973        0        0 0
             59.1001 -5.25745  2.03971 -42.3829 -8.59074 -27.0436 0.494012   0.094784  0.0570335 -0.0387695   0.00175444   0.00102185 -0.000514968   0.130213 -0.0207069  0.0214263 0.696994        0        0 22055
             59.1001 -5.18798  1.95594 -42.3596 -8.58918 -27.0423 0.499637   0.107588  0.0665694 0.00339844   0.00173599   0.00104677 -0.000519627   0.130209 -0.0208277   0.020962 0.697944        0        0 0
             59.2003 -5.29714  2.23998 -40.3564 -8.58717 -27.0437 0.490632  0.0177059 -0.0377242 -0.0554565   0.00176693   0.00100877 -0.000504618   0.13037 -0.020197 0.0218018 0.697952        0        0 22052
             59.2003 -5.21648  2.17499 -40.3378 -8.58647 -27.0395 0.499716    0.0201154 -0.000217969    0.0122771   0.00174615   0.00103204 -0.000507777   0.130649 -0.0204301  0.0210638 0.698484        0        0 0
             59.3001 -5.69364  1.88398 -38.9657 -8.58989 -27.0418 0.491938 -0.0440949 -0.0233867 -0.0451007 0.00177096 0.00103145 -0.0004902    0.13096 -0.0202789  0.0218889 0.69848       0       0 22028
             59.3001 -5.56551  1.84227 -38.9231  -8.5866  -27.035 0.496485 -0.0218185  0.0359183 -0.0120857    0.0017431   0.00105118 -0.000502022   0.131217 -0.0208776  0.0214837 0.693727        0        0 0
                59.4 -5.74692  1.83773 -36.9889 -8.59167 -27.0326 0.490057 -0.0367339  0.0270212 -0.0441495   0.00176601   0.00104396 -0.000499487   0.131376 -0.0206794  0.0220195 0.693723        0        0 22029
                59.4 -5.61945  1.72289 -36.9711 -8.58958 -27.0323 0.498757 -0.0175537  0.0266166  0.0218178   0.00173196   0.00107381 -0.000501535   0.131235 -0.0207468  0.0212973 0.696912        0        0 0
             59.5006 -6.35825  1.81716 -35.1664 -8.59474 -27.0317 0.494501 -0.0382226   0.012231 -0.0345464   0.00177472   0.00104681 -0.000496158  0.131496 -0.020435 0.0217883 0.69691       0       0 22056
             59.5006 -6.21639  1.77221 -35.1584 -8.59189 -27.0266 0.500508 -0.0175162  0.0546146 0.00953109   0.00174417   0.00106319 -0.000497861   0.131608 -0.0208713  0.0212779 0.69657       0       0 0
             59.6005 -7.08462  1.93693 -33.1567 -8.60014 -27.0238 0.495358 -0.0729479  0.0394798 -0.0421616   0.00177551   0.00106359 -0.000503554  0.131997 -0.020437 0.0217608 0.696538        0        0 22158
             59.6005 -6.84159  1.87962 -33.1691  -8.5954 -27.0179 0.506591 -0.0345779  0.0865752  0.0406441   0.00171899    0.0010813 -0.000499501   0.131986 -0.0209734  0.0208315 0.698248        0        0 0
             59.7003 -6.11848  2.26492 -30.6538 -8.60374 -27.0128 0.501997 -0.0397771  0.0703553 -0.0127861   0.00172991   0.00106733 -0.000509198   0.132385 -0.0204317  0.0216158 0.69823       0       0 22248
             59.7003 -5.90105   2.2347 -30.6642 -8.60035 -27.0091 0.509159 -0.0114668  0.0990342  0.0393282   0.00167607   0.00107539 -0.000506181   0.132325 -0.0207825  0.0210261 0.701123        0        0 0
             59.8002 -4.83648  3.20972 -27.9421 -8.60783 -27.0021 0.504994 -0.0587381   0.112117 -0.0382216  0.00171617  0.00106371 -0.00051059   0.132778 -0.0201926  0.0216371 0.701117        0        0 22409
             59.8002 -4.68337   3.1293 -27.9382 -8.60575 -27.0041 0.509719  -0.0365185     0.09056 -0.00363461   0.00167129   0.00108015 -0.000509302   0.132478 -0.0200919  0.0212739 0.705691        0        0 0
             59.9001 -4.12497  3.15495  -25.275  -8.6125 -26.9919 0.502742 -0.0459691    0.16062 -0.0542838  0.00172582  0.00109834 -0.00050795   0.132891 -0.0199262  0.0217847 0.705667        0        0 22463
             59.9001 -3.93288  3.11537 -25.2388 -8.61291 -26.9953  0.51191 -0.0457348   0.130066  0.0114448   0.00166165   0.00110596 -0.000516671   0.132763 -0.0195959   0.021104 0.708596        0        0 0
             60.0003 -3.88541  2.57232 -23.4638 -8.61595 -26.9787 0.508402 0.000105148     0.17737  -0.0262259   0.00170036     0.001112 -0.000492877  0.133086 -0.019773 0.0217358 0.708544        0        0 22479
             60.0003 -3.81468  2.49422 -23.4673 -8.61216 -26.9746 0.512416 0.0351133  0.213612 0.0148025    0.0016948   0.00113111 -0.000491508   0.132939 -0.0202339  0.0212607 0.707768        0        0 0
             60.1001 -4.73037  2.83464 -22.6018 -8.60994  -26.954 0.505422  0.0419033   0.246481 -0.0555751 0.00170533 0.00110576 -0.0004721   0.133102 -0.0199264  0.0218214 0.707748        0        0 22328
             60.1001 -4.69189  2.82966 -22.5797 -8.60452 -26.9384 0.506749 0.0800438  0.373398 -0.046632   0.00173291   0.00111571 -0.000482349   0.133257 -0.0212313  0.0216434 0.706198        0        0 0
                60.2 -4.73191  2.51376 -20.9554 -8.60085 -26.9084 0.502203  0.0663354   0.359993 -0.0434577   0.00170941   0.00112452 -0.000488842   0.133392 -0.0202665  0.0217634 0.706206        0        0 22418
                60.2 -4.61991  2.40375 -20.9523 -8.59743 -26.9043 0.508822  0.0965593   0.389182 0.00279779   0.00168658   0.00115285 -0.000487945   0.133236 -0.0206202  0.0212527 0.712373        0        0 0
             60.3006 -4.7811 2.17506 -19.899  -8.5906 -26.8674 0.504133    0.10437   0.405416 -0.0411062       0.0017   0.00113893 -0.000483331   0.133673 -0.0201204  0.0216052 0.712362        0        0 22384
             60.3006 -4.69504  2.15117 -19.8816 -8.58814 -26.8666 0.506344   0.128557   0.409174 -0.0252026    0.0016795   0.00114096 -0.000487519   0.133465 -0.0202314   0.021422 0.719827        0        0 0
             60.4005 -4.83005  2.54189 -18.6154 -8.57978 -26.8269 0.503127   0.100207   0.439283 -0.0308479   0.00169322   0.00112341 -0.000486643    0.13404 -0.0197696  0.0215862 0.719842        0        0 22416
             60.4005 -4.70369  2.47071 -18.5771 -8.57348 -26.8128 0.503482   0.153771   0.554268 -0.0290979   0.00168252   0.00114507 -0.000500272   0.133908 -0.0210203  0.0214531 0.720562        0        0 0
             60.5003 -4.03762  2.66065 -16.5849 -8.56492 -26.7606 0.500625 0.0946476  0.567024 -0.040542   0.00170326   0.00112765 -0.000502989   0.134467 -0.0203754  0.0214719 0.720576        0        0 22450
             60.5003 -3.88466  2.56768 -16.5715 -8.55895 -26.7508 0.502101    0.14678   0.638527 -0.0304748   0.00166183    0.0011577 -0.000505736   0.134167 -0.0212468  0.0212768 0.721897        0        0 0
             60.6001 -3.42573  2.92165 -14.2751 -8.54843 -26.6909 0.499002    0.12891   0.604549 -0.0422651    0.0016936   0.00113069 -0.000507525   0.134689 -0.0207966  0.0212487 0.721901        0        0 22460
             60.6001 -3.29902   2.8458 -14.2511 -8.54528 -26.6871  0.49573   0.157651   0.632689 -0.0649452   0.00166082   0.00115056 -0.000512769   0.134461 -0.0211924  0.0214567 0.719264        0        0 0
                60.7 -2.98059  3.41691 -10.9753  -8.5347 -26.6379 0.491281   0.133883   0.497381 -0.0438426   0.00166883   0.00114652 -0.000514665   0.134869 -0.0201616  0.0214231 0.719237        0        0 22542
                60.7 -2.84622  3.30181 -10.9471 -8.52602 -26.6162 0.486724   0.209551   0.664123 -0.0756002    0.0016694    0.0011716 -0.000527343   0.134514 -0.0219885  0.0216228 0.729054        0        0 0
             60.8003 -1.86519  3.80263 -6.67576 -8.50555 -26.5525 0.479834   0.232665   0.618733 -0.0662807   0.00167968   0.00117479 -0.000533568    0.13477 -0.0218892   0.021631 0.729051        0        0 22657
             60.8003  -1.7148  3.65687 -6.69261 -8.50389 -26.5522 0.473122  0.248589  0.620397 -0.113353   0.00164023   0.00120473 -0.000528413   0.134586 -0.0219652  0.0220965 0.723783        0        0 0
             60.9001 -1.34202   4.2923 -2.41767 -8.47797 -26.4881 0.472835   0.271039   0.593464 -0.0475411   0.00166888   0.00119009 -0.000525041   0.134829 -0.0223226  0.0212492 0.723725        0        0 22643
             60.9001 -1.32406  4.16129 -2.41798 -8.47974 -26.4989 0.466571   0.253819   0.508371 -0.0921757   0.00163468   0.00121844 -0.000519569   0.134875 -0.0215081  0.0217274 0.724785        0        0 0
                  61 -1.4519 4.11169 1.24765 -8.45681 -26.4504 0.471569 0.233126 0.426992 0.021282  0.00167508  0.00121462 -0.00051248   0.135212 -0.0217432  0.0207226 0.724736        0        0 22633
                  61 -1.2461 3.91293   1.228 -8.45547 -26.4508 0.460645   0.245368   0.421997 -0.0573089   0.00161047   0.00126472 -0.000505995   0.135023 -0.0217306  0.0214998 0.725033        0        0 0
             61.1006 -0.860854    2.7728   4.51814 -8.43081 -26.3997  0.46802  0.232517  0.446745 0.0555284   0.00166743   0.00123902 -0.000501087   0.134924 -0.0227612  0.0206166 0.725006        0        0 22651
             61.1006 -0.642249   2.57338   4.48657 -8.43443 -26.4111 0.459058     0.19117     0.35508 -0.00806604   0.00159423    0.0012891 -0.000491981   0.135366 -0.0218622  0.0213382 0.725013        0        0 0
             61.2005 0.0426523   1.04086   6.82445 -8.41947 -26.3738 0.463021  0.150849  0.322197 0.0217246   0.00158248   0.00124348 -0.000459232   0.135716 -0.0223706  0.0210177 0.725019        0        0 22440
             61.2005 0.11523  1.0166 6.82265 -8.41968 -26.3816 0.454316   0.144598   0.258407 -0.0397186   0.00155871   0.00124849 -0.000460026   0.135826 -0.0217098  0.0216978 0.718549        0        0 0
             61.3003  0.89551 0.527341  7.31798  -8.4071 -26.3509 0.461035 0.0917999  0.243817 0.0425036   0.00160656   0.00122029 -0.000419884   0.135399 -0.0225143  0.0208307 0.718498        0        0 22341
             61.3003 0.982845 0.374593  7.30176 -8.40092 -26.3441 0.452539   0.158449   0.303979 -0.0178873   0.00158315   0.00126249 -0.000416167   0.134538 -0.0230353  0.0214883 0.725367        0        0 0
             61.4001 0.536658 0.442265   6.1088 -8.39272 -26.3157 0.456812 0.0958166   0.22994 0.0526469   0.00158443   0.00121645 -0.000373305   0.135305 -0.0234052  0.0210973 0.725376        0        0 22181
             61.4001 0.432451 0.406327  6.11277 -8.39003 -26.3187 0.454849  0.121199  0.206769 0.0385871   0.00161405   0.00122606 -0.000375237   0.135078 -0.0230921  0.0212477 0.731837        0        0 0
                61.5 -1.02054  1.01685  2.94922 -8.38386  -26.296 0.463858 0.0379218  0.164269  0.101452   0.00165439   0.00118951 -0.000348032    0.13551 -0.0237723  0.0210419 0.731847        0        0 22201
                61.5 -0.970723  0.927081   2.91062 -8.38276 -26.3006 0.457439 0.0438156  0.125081 0.0542023   0.00163904   0.00121737 -0.000336277   0.135514 -0.0233361  0.0215534 0.724531        0        0 0
             61.6006 -1.89442 0.500473  -1.9097 -8.38318 -26.2772 0.473506 -0.0153746    0.15203   0.151748   0.00167616   0.00117885 -0.000324049   0.135369 -0.0247249  0.0208785 0.724478        0        0 22417
             61.6006 -1.83358 0.424511 -1.91236 -8.38023 -26.2814 0.463517 0.0099133  0.119194 0.0808548   0.00165589   0.00120338 -0.000322399   0.135131 -0.0243383  0.0216655 0.708549        0        0 0
             61.7004  -2.6521  1.01267 -7.07438 -8.38149  -26.265 0.482202 -0.0230414   0.117767   0.161952   0.00167335   0.00114767 -0.000331706   0.135175 -0.0250825  0.0208649 0.708531        0        0 22270
             61.7004 -2.66998 0.886248 -7.07583 -8.37816 -26.2685 0.475761 0.00925873  0.0908499   0.115513    0.0016737   0.00118083 -0.000330041    0.13483 -0.0247895  0.0213849 0.710363        0        0 0
             61.8003 -3.20774 0.560498 -11.4742 -8.38493 -26.2532 0.495112 -0.0914589  0.0992318   0.131171   0.00171773    0.0011417 -0.000350457   0.135406 -0.0254176  0.0205805 0.710398        0        0 22148
             61.8003 -3.18856 0.560209 -11.4749 -8.38593 -26.2601 0.495134 -0.102292 0.0470777  0.131371   0.00170574   0.00114694 -0.000349261  0.135497 -0.024853 0.0205995 0.722397        0        0 0
             61.9002 -4.11025  1.18116 -15.4199 -8.40215 -26.2609 0.506197 -0.180991 -0.047971 0.0985621   0.00178742   0.00110877 -0.000377963   0.135974 -0.0247123  0.0206187 0.722402        0        0 22086
             61.9002 -3.92975  1.14692 -15.4349 -8.40115 -26.2622 0.500639  -0.171537 -0.0594579  0.0599038   0.00173281   0.00111902 -0.000372599    0.13585 -0.0246439  0.0210417 0.727057        0        0 0
                  62 -4.85149  1.32786 -18.8794 -8.42307 -26.2743  0.50494  -0.22541 -0.140258 0.0591586   0.00176366   0.00110544 -0.000388384   0.136203 -0.0243438  0.0212426 0.727063        0        0 22124
                  62 -4.76241  1.26597 -18.8641 -8.41695 -26.2659 0.505348   -0.16627 -0.0801762  0.0626223   0.00174348   0.00111632 -0.000393177   0.135722 -0.0251178  0.0211498 0.721695        0        0 0
             62.1003 -5.40372 0.989988 -21.8586 -8.43661 -26.2773 0.507214 -0.187968 -0.133335 0.0470565    0.0018101   0.00109615 -0.000406329   0.136079 -0.0250115   0.021591 0.721707        0        0 22102
             62.1003 -5.26184 0.919998 -21.8635 -8.43293 -26.2731  0.50759 -0.153755 -0.104065 0.0499965     0.001772   0.00111309 -0.000403974   0.135813 -0.0254258  0.0215219 0.712143        0        0 0
             62.2001 -5.86693  0.44898  -24.377 -8.45069 -26.2828 0.510119 -0.172838 -0.106735 0.0390761    0.0018071   0.00109004 -0.000407788   0.136248 -0.0255194  0.0217583 0.712134        0        0 21987
             62.2001 -5.80656 0.386561 -24.3639 -8.44743 -26.2764 0.512604  -0.145678 -0.0587891  0.0562452  0.00179649  0.00110563 -0.00041094    0.13615 -0.0260827  0.0215178 0.708405        0        0 0
                62.3  -6.10597 -0.196969  -26.0904 -8.46692 -26.2907 0.517103 -0.175905 -0.139644 0.0434411   0.00180312   0.00107931 -0.000422649    0.13645 -0.0253789  0.0216606 0.708412        0        0 21869
                62.3  -6.02548 -0.262368  -26.0911 -8.46333 -26.2871 0.522722 -0.143186 -0.114426 0.0824401   0.00178562   0.00109456 -0.000421532   0.136235 -0.0257231  0.0211996 0.705661        0        0 0
             62.4006  -6.36865 -0.464776  -27.0966 -8.48319 -26.3062 0.522748  -0.17149 -0.180672 0.0208648   0.00181421   0.00107208 -0.000441095   0.136664 -0.0250347  0.0218521 0.705706        0        0 21323
             62.4006 -6.29221 -0.51809 -27.0726 -8.47907 -26.2985 0.523367 -0.139398 -0.120673 0.0246485   0.00180475   0.00108608 -0.000448226  0.136625 -0.025742 0.0217343 0.703417        0        0 0
             62.5004   -6.49212 -0.0838739   -27.4543 -8.49526 -26.3133 0.524159  -0.144104  -0.147087 0.00384642   0.00181824   0.00105896 -0.000455569   0.136974 -0.0255141   0.021816 0.703395        0        0 21540
             62.5004 -6.39227 -0.13909 -27.4484 -8.49314 -26.3106 0.527318 -0.126164  -0.12713 0.0254682   0.00179483   0.00107398 -0.000456426  0.136893 -0.025763 0.0215566 0.706968        0        0 0
             62.6003   -6.17929 -0.0168406   -27.2416 -8.51091 -26.3273 0.524086  -0.151879  -0.135796 -0.0186602   0.00182747   0.00106692 -0.000468977   0.137285 -0.0251992  0.0220206 0.706957        0        0 21678
             62.6003  -6.02916 -0.123299  -27.2281 -8.50647 -26.3224 0.528377 -0.114283 -0.100865 0.0105206   0.00179365   0.00109519 -0.000471536   0.137092 -0.0256719  0.0216548 0.704549        0        0 0
             62.7001  -5.84695 -0.152564  -26.6168 -8.52075 -26.3371 0.525208 -0.0954525   -0.11895 -0.0204503   0.00181035    0.0010754 -0.000474002   0.137426 -0.0250896  0.0220019 0.704546        0        0 21625
             62.7001  -5.75431 -0.190969  -26.5922 -8.51755 -26.3313 0.527533  -0.0706367  -0.0746528 -0.00542514   0.00179273   0.00108756 -0.000481728   0.137403 -0.0256018  0.0217823 0.707079        0        0 0
                62.8 -5.74223 0.328574 -25.2038 -8.52497 -26.3393 0.528578 -0.0311803 -0.0308534 -0.0014936   0.00180818   0.00106202 -0.000488995   0.137652 -0.0251516  0.0216876 0.707057        0        0 21743
                62.8 -5.60328 0.245799   -25.17 -8.51971 -26.3282 0.532879 0.00771583  0.0558988   0.026151   0.00178991   0.00109092 -0.000501323   0.137689 -0.0261411  0.0212752 0.710417        0        0 0
             62.9003 -4.26387 0.856776 -22.5559 -8.52233 -26.3222 0.530498 0.00684146   0.120775 -0.0272622    0.0017772   0.00107941 -0.000508838  0.138098 -0.025612 0.0215898 0.710416        0        0 21905
             62.9003  -4.1181 0.769213 -22.5124 -8.51947  -26.318 0.528363 0.0294615  0.152813 -0.042396   0.00174912     0.001102 -0.000520886  0.138023 -0.026042 0.0217111 0.716897        0        0 0
             63.0001 -2.81916  1.13857 -19.5867 -8.51996 -26.3087 0.521842  0.0329979   0.136914 -0.0645366   0.00174129   0.00109941 -0.000507861   0.138269 -0.0251819  0.0219567 0.716883        0        0 22025
             63.0001 -2.82306  1.07287 -19.5575 -8.51885 -26.3081 0.520884  0.0430563   0.141498 -0.0717956   0.00174499   0.00111641 -0.000515383   0.138187 -0.0252694  0.0220258 0.718633        0        0 0
                63.1 -2.42168  1.42989 -17.1984 -8.51946 -26.2999 0.512706  0.0182548   0.133568 -0.0721698   0.00171286   0.00111442 -0.000495719   0.138587 -0.0244498  0.0222024 0.718608        0        0 22044
                63.1 -2.47824  1.33759 -17.1488 -8.51433 -26.2878 0.511394  0.0587957   0.227573 -0.0818528   0.00175378   0.00114383 -0.000513014   0.138515 -0.0254874  0.0222369 0.722951        0        0 0
             63.2006 -2.69687  1.49702  -14.964 -8.51044 -26.2668 0.503953  0.0613548   0.260625 -0.0771414   0.00175893   0.00113958 -0.000500221   0.138771 -0.0250129  0.0222258 0.722956        0        0 22212
             63.2006 -2.62504  1.39968 -14.9414 -8.50419 -26.2543 0.501489   0.114407   0.354327 -0.0940596   0.00176499   0.00116413 -0.000508815   0.138519 -0.0260941  0.0223477 0.727706        0        0 0
             63.3004 -2.48545  1.45578 -12.5824 -8.49391 -26.2095 0.501339  0.124401  0.488226 -0.028548   0.0017782  0.00114612 -0.00051491   0.138968 -0.0263595  0.0216759 0.727705        0        0 22080
             63.3004 -2.37207   1.3117 -12.5882 -8.49243 -26.2143 0.497208   0.141681   0.449126 -0.0569685   0.00173785   0.00118402 -0.000509607   0.138682 -0.0260328  0.0219864 0.723046        0        0 0
             63.4003 -2.60106  1.47504 -11.0156 -8.47759 -26.1569 0.500955 0.169694  0.57441 0.006257   0.00177381   0.00114541 -0.000491844    0.13915 -0.0267588   0.021234 0.72306       0       0 22161
             63.4003 -2.46221   1.3805 -11.0427 -8.47472 -26.1574 0.496599   0.199139   0.568846 -0.0231104    0.0017367   0.00117044 -0.000483206     0.1388 -0.0267824  0.0215505 0.726435        0        0 0
             63.5001 -2.56436  1.90339 -9.79598 -8.45547 -26.0853 0.499766  0.188585  0.712764 0.0303329   0.00176887   0.00115546 -0.000492307   0.139194 -0.0278322  0.0211742 0.726397        0        0 22246
             63.5001 -2.47007   1.7715 -9.79622 -8.45719 -26.0971 0.494269    0.173422    0.620518 -0.00804508    0.0017253   0.00118799 -0.000487536   0.139168 -0.0268916  0.0216275 0.72136       0       0 0
                63.6 -2.11555  1.80313 -8.78958 -8.44104 -26.0269 0.499947  0.158301  0.679074 0.0429711   0.00179687   0.00117272 -0.000484581   0.139372 -0.0274522  0.0211729 0.721321        0        0 22314
                63.6 -1.93965  1.63248 -8.82357 -8.44087 -26.0363 0.492216   0.161659   0.605956 -0.0108703   0.00172931   0.00121039 -0.000470769   0.139211 -0.0267666  0.0217591 0.72555       0       0 0
             63.7006 -1.88748  1.52515 -8.04579 -8.42566 -25.9677 0.498521  0.161214  0.626111 0.0440446  0.00177118  0.00118193 -0.00047235   0.139545 -0.0275352  0.0212438 0.725553        0        0 22120
             63.7006 -1.78601  1.43379 -8.04512 -8.42449 -25.9713 0.490725   0.173169   0.597976 -0.0103174   0.00173612   0.00119857 -0.000471181  0.139371 -0.027297 0.0218078 0.721133        0        0 0
             63.8005 -1.74784  1.17461 -6.78012 -8.40975 -25.9157 0.498006  0.175876  0.509689 0.0363449   0.00174544   0.00119118 -0.000469282   0.139878 -0.0272168  0.0211852 0.72114       0       0 22360
             63.8005 -1.69493  1.04822 -6.77238 -8.40597 -25.9145 0.488237  0.214071  0.518577 -0.033546   0.00173497   0.00120951 -0.000472457    0.13949 -0.0273671  0.0218853 0.715488        0        0 0
             63.9003   -1.849  2.10477 -5.44067 -8.38185 -25.8616 0.490322   0.283529   0.474192 -0.0137124   0.00179268   0.00115572 -0.000490836   0.139701 -0.0278256  0.0213558 0.715474        0        0 22420
             63.9003 -1.74561  1.98449  -5.4595 -8.38335 -25.8688 0.485545    0.26669   0.417498 -0.0479577    0.0017465   0.00118981 -0.000480445   0.139807 -0.0272688  0.0217229 0.714761        0        0 0
             64.0002 -2.32447  2.16838 -4.06497 -8.35444 -25.8179 0.487617   0.320333    0.45091 -0.0128756   0.00180247   0.00116557 -0.000483486    0.13998 -0.0282322   0.021116 0.71476       0       0 22631
             64.0002 -2.13583  1.99767 -4.10538 -8.35254 -25.8173 0.477109  0.338203  0.454417 -0.085776   0.00174486   0.00121356 -0.000469977   0.139754 -0.0283189   0.021897 0.719225        0        0 0
                64.1 -2.84936  2.04583   -2.832 -8.31588 -25.7662 0.479832   0.393058   0.462685 0.00177686   0.00178532   0.00116923 -0.000477819   0.139845 -0.0290358  0.0209608 0.719173        0        0 22595
                64.1 -2.70303  1.86811 -2.87013 -8.31761 -25.7752 0.472861   0.372015    0.39258 -0.0474238   0.00174113   0.00121986 -0.000463972   0.140018 -0.0282926  0.0215406 0.720099        0        0 0
             64.2007 -1.99348  1.00127  -1.2223 -8.28167 -25.7348 0.479437  0.349606  0.380903 0.0451822     0.001743   0.00117924 -0.000474479   0.140185 -0.0285095  0.0207694 0.720091        0        0 22588
             64.2007 -1.83837  0.82883  -1.2177 -8.28075 -25.7398 0.472589     0.35672    0.342102 -0.00248538   0.00169731    0.0012294 -0.000474461   0.140072 -0.0281176  0.0213178 0.732993        0        0 0
             64.3005 -1.31712  0.28625 0.511451 -8.25252 -25.7153 0.475364  0.290529  0.279116 0.0230244   0.00170557   0.00116761 -0.000466767   0.140961 -0.0272767   0.021133 0.733018        0        0 22280
             64.3005 -1.33507 0.284986 0.559088 -8.24954 -25.7147 0.466758  0.320275  0.283996 -0.037211   0.00171137   0.00116765 -0.000481119   0.140622 -0.0273433  0.0218008 0.72357       0       0 0
             64.4003 -0.791333   2.40233    2.0169 -8.21891 -25.6721 0.472888  0.292896  0.407495 0.0544128   0.00178054    0.0011074 -0.000467845   0.140609 -0.0284843  0.0211014 0.723559        0        0 22499
             64.4003 -0.524874     2.197   2.02327 -8.21303 -25.6607 0.458814   0.352903   0.497218 -0.0429904   0.00170366   0.00116723 -0.000468218  0.139874 -0.029476 0.0221639 0.730247        0        0 0
             64.5002 -0.18591  2.64958  3.28294 -8.18538 -25.6089 0.464519  0.252375  0.516414 0.0228209  0.00175516  0.00115739 -0.00045949   0.140382 -0.0297033  0.0213796 0.730244        0        0 22638
             64.5002 -0.101376   2.49728   3.27656 -8.18564 -25.6118 0.453902   0.245567    0.49137 -0.0522216   0.00172802   0.00120329 -0.000456876   0.140453 -0.0294478  0.0222357 0.740305        0        0 0
                64.6 -0.603611   3.41975   3.53323 -8.16379 -25.5578 0.464132  0.194918  0.555897 0.0617443   0.00179484   0.00114746 -0.000442645   0.140439 -0.0297921  0.0209725 0.740277        0        0 22816
                64.6 -0.401567   3.19873   3.50102 -8.16301 -25.5605 0.455286    0.199182    0.532626 -0.00167849   0.00173293   0.00121228 -0.000432262   0.140373 -0.0295434  0.0216928 0.747466        0        0 0
             64.7007 -0.343918   2.74387   2.61566 -8.15456 -25.5103 0.461942 0.0533621   0.50225 0.0325793   0.00172421   0.00118612 -0.000414454   0.141449 -0.0291991  0.0211261 0.747489        0        0 22976
             64.7007 -0.28942  2.67703   2.5917 -8.15271  -25.509 0.457072   0.0728147    0.513567 -0.00247103   0.00170888   0.00120386 -0.000407285   0.141197 -0.0292995   0.021508 0.743926        0        0 0
             64.8005 0.177809  3.38122 0.328112 -8.14657 -25.4504  0.46246 0.0385802  0.570258 0.0394333   0.00179681   0.00112903 -0.000397505   0.140797 -0.0300376  0.0209157 0.743872        0        0 22973
             64.8005 0.396556  3.17589 0.295449 -8.14419 -25.4508 0.451219  0.0606174    0.56608 -0.0423928   0.00173216   0.00118763 -0.000387562   0.140496 -0.0299803  0.0218119 0.736034        0        0 0
             64.9004 0.446082  3.44154 -3.00554 -8.13486 -25.3766  0.45484  0.133119  0.715481 0.0461945   0.00183742   0.00112895 -0.000379887   0.140097 -0.0314457  0.0213061 0.736     0     0 22792
             64.9004 0.673069  3.50752 -3.04001 -8.13799 -25.3802 0.448419    0.097793    0.683568 0.000458411   0.00176774   0.00111617 -0.000368789   0.140481 -0.0311369  0.0218285 0.735333        0        0 0
             65.0002 0.380959  6.14168 -5.11824 -8.12544 -25.3017 0.457771 0.0937782   0.72871  0.079951   0.00186862   0.00105903 -0.000411168   0.140138 -0.0322409  0.0212606 0.735305        0        0 22872
             65.0002  0.55493  5.89425 -5.14183 -8.12622 -25.3083 0.451617 0.0817301  0.676527 0.0365392   0.00181247   0.00113576 -0.000402797  0.140228 -0.031678 0.0217388 0.734597        0        0 0
             65.1001 -0.12221  6.07289 -5.57028 -8.12765 -25.2424  0.45937 -0.0412259    0.63412  0.0603134   0.0018762  0.00112349 -0.00044376   0.140765 -0.0317355  0.0214082 0.734621        0        0 23246
             65.1001 0.109201  5.96547 -5.59296 -8.13066 -25.2472 0.449984  -0.0740516    0.596704 -0.00542033    0.0017998    0.0011617 -0.000436207   0.141044 -0.0313076  0.0221734 0.728883        0        0 0
             65.2003 -0.442366   5.89532  -5.71286 -8.13383 -25.1802 0.454297 -0.0192205   0.633609  0.0219336   0.00189862   0.00112824 -0.000462123   0.140703 -0.0321435  0.0217305 0.728838        0        0 23412
             65.2003 -0.188255   5.69688   -5.7575 -8.13854 -25.1939 0.445971 -0.0704337   0.524668 -0.0376524  0.00180033  0.00119622 -0.00044934     0.1411 -0.0309292  0.0224306 0.731217        0        0 0
             65.3002 -0.455919   5.62383  -5.64342 -8.14421 -25.1434 0.451217 -0.0369963   0.487701   0.021769   0.00183747   0.00113854 -0.000459299   0.141231 -0.0309031  0.0216221 0.731197        0        0 23218
             65.3002 -0.285543   5.55177   -5.6441 -8.14345 -25.1405 0.445981 -0.0305135   0.509048 -0.0159859    0.0017917   0.00115762 -0.000459081   0.141124 -0.0311477  0.0220337 0.733206        0        0 0
                65.4 -0.508339   5.51572  -5.74008 -8.14215 -25.0756 0.452625 0.0118555  0.604851 0.0731733   0.00187928    0.0011303 -0.000461815   0.140782 -0.0324789   0.021474 0.733181        0        0 23239
                65.4 -0.336769   5.35894  -5.76509 -8.14687 -25.0872 0.447389 -0.0384463    0.51327   0.035826   0.00181256   0.00118161 -0.000453514   0.141201 -0.0314837  0.0219259 0.734504        0        0 0
             65.5003 -1.08484  5.29227 -6.33603 -8.14889 -25.0284 0.458789 -0.00484423    0.552841    0.123951   0.00190652   0.00111841 -0.000452712   0.141069 -0.0322695  0.0215087 0.734503        0        0 23161
             65.5003 -0.861383   5.21705  -6.35068 -8.15141 -25.0301 0.452293 -0.0325416   0.538293   0.077513   0.00183866   0.00114373 -0.000448087   0.141295 -0.0321156  0.0220447 0.733217        0        0 0
             65.6001 -1.85075   5.4033   -6.685 -8.15196 -24.9695 0.461953 0.018663 0.603621 0.104066   0.00189501   0.00113197 -0.000454468   0.141245 -0.0327306  0.0219587 0.733213        0        0 23079
             65.6001 -1.69419  5.26719 -6.69454 -8.15182 -24.9701 0.457637 0.018707 0.597931 0.072421   0.00184823   0.00117068 -0.000450721   0.141195 -0.0326846  0.0223059 0.731996        0        0 0
             65.6999 -2.95892  4.67012 -7.23228 -8.14531 -24.9014 0.469926 0.109508 0.678239 0.104785  0.00196554  0.00111775 -0.00046208   0.141167 -0.0333727  0.0218672 0.731985        0        0 23005
             65.6999 -2.66432  4.57486  -7.2735 -8.14701 -24.9119  0.46226 0.0910054   0.59293 0.0486239   0.00186556   0.00114559 -0.000448479    0.14123 -0.0324834  0.0225133 0.728989        0        0 0
             65.8006 -3.45373  5.19911 -8.67224 -8.13853 -24.8505 0.475773 0.109484 0.611142 0.113609   0.00188032   0.00111885 -0.000445785   0.141829 -0.0325863  0.0219261 0.728979        0        0 23158
             65.8006 -3.37263   5.0363 -8.68929 -8.13775 -24.8535 0.473447  0.116777  0.587998 0.0972896   0.00185283   0.00116183 -0.000437772   0.141703 -0.0323607  0.0221039 0.730808        0        0 0
             65.9005 -4.37468  3.10555 -10.1111 -8.12675 -24.7817 0.485451 0.120897  0.71306 0.100379   0.00195821   0.00115137 -0.000467128   0.142023 -0.0332418  0.0218558 0.730779        0        0 23016
             65.9005 -4.07175  2.92407 -10.1601 -8.12756 -24.7931 0.478261  0.113139  0.622129 0.0488607   0.00185005   0.00120038 -0.000448929   0.141941 -0.0323454  0.0224553 0.729887        0        0 0
             66.0003 -3.95542  1.70192 -13.0545 -8.11367 -24.7172 0.482456  0.174056  0.724639 0.0363617    0.0019226   0.00114053 -0.000416273   0.142241 -0.0333952  0.0223527 0.72989       0       0 22769
             66.0003  -3.8267  1.67674 -13.0845  -8.1148 -24.7246 0.480509  0.163977  0.668015 0.0228333   0.00187192   0.00114901 -0.000406648   0.142253 -0.0328201   0.022538 0.726125        0        0 0
             66.1002 -3.58434  2.20359 -16.5558 -8.09737 -24.6564 0.485147  0.176833  0.653207 0.0601913   0.00191226   0.00109638 -0.000414716   0.142438 -0.0330595  0.0224289 0.726127        0        0 22595
             66.1002 -3.41752   2.1755 -16.5508 -8.09164 -24.6419 0.483435  0.229909  0.761302 0.0479096   0.00189201   0.00109348 -0.000419486   0.142087 -0.0342876  0.0224624 0.721077        0        0 0
                66.2 -3.27273  3.47307 -17.6976 -8.07445 -24.5756  0.49427  0.140747  0.646834 0.0943482   0.00195579   0.00106835 -0.000465421  0.142292 -0.033705 0.0221458 0.721077        0        0 22592
                66.2 -3.18192  3.33446 -17.7052 -8.07408 -24.5837 0.492617  0.148896  0.582948 0.0833399   0.00191533   0.00110535 -0.000459179   0.142034 -0.0330976  0.0222939 0.729452        0        0 0
             66.3006 -4.20416   2.5371 -19.1348 -8.06995 -24.5223 0.497577 -0.00466284    0.608575   0.0425896   0.00201711   0.00112476 -0.000464288   0.142837 -0.0332071  0.0224906 0.72944       0       0 22458
             66.3006 -3.88616  2.37002 -19.1263 -8.06748 -24.5218 0.495221  0.019185  0.609531 0.0260965   0.00193206   0.00116534 -0.000465149   0.142577 -0.0333238  0.0226509 0.721876        0        0 0
             66.4005 -4.67387  1.44565 -20.2517 -8.07196 -24.4572 0.495297 -0.0540631   0.604349 -0.0199759   0.00201729   0.00113739 -0.000474076   0.14329 -0.033672 0.0226909 0.721835        0        0 22499
             66.4005 -4.44345  1.40274 -20.2729 -8.07133 -24.4628 0.492446 -0.0436112   0.558487 -0.0397915    0.0019424    0.0011421 -0.000467977   0.143035 -0.0332902  0.0229134 0.727376        0        0 0
             66.5003 -5.40318  1.84063 -21.9605 -8.07727 -24.4089 0.494352 -0.0643471   0.512171 0.00889398   0.00199942   0.00109909 -0.000463483   0.143299 -0.0333055   0.022469 0.727396        0        0 22389
             66.5003 -5.18889  1.76741 -21.9454 -8.07198 -24.3999 0.492725 -0.0188605   0.578016 -0.0028846   0.00196327   0.00111256 -0.000467998   0.143076 -0.0341056  0.0225292 0.72629       0       0 0
             66.6002 -5.88939  1.58145 -22.9257 -8.07532 -24.3348 0.492723 -0.0367393   0.612195 0.00526781   0.00208132   0.00111988 -0.000485343   0.143476 -0.0347231  0.0225548 0.726275        0        0 22345
             66.6002 -5.58468  1.50686  -22.961 -8.07598 -24.3439 0.494107 -0.0349358   0.539313  0.0157381   0.00197669   0.00113349 -0.000472136  0.143194 -0.034064 0.0224946 0.720631        0        0 0
                66.7 -6.58314  2.69821 -25.3217  -8.0773 -24.2823  0.49511 -0.00344877    0.584663   0.0221552   0.00210224   0.00108455 -0.000468105   0.143634 -0.0347454  0.0224741 0.720617        0        0 22261
                66.7 -6.25515  2.61646 -25.3508 -8.07841 -24.2938  0.49415 -0.00353637    0.491316    0.016384    0.0019858   0.00109934 -0.000453182   0.143267 -0.0339103  0.0226066 0.729516        0        0 0
             66.8003  -7.0834  2.80642 -27.9147 -8.07444 -24.2323 0.502584  0.073151  0.552774 0.0956704   0.00208478   0.00108497 -0.000460727   0.143881 -0.0349641  0.0222642 0.72948       0       0 22377
             66.8003 -6.90664  2.73611 -27.9346 -8.07579  -24.243 0.504254 0.0706159  0.466798  0.108006   0.00201201   0.00110479 -0.000447908   0.143535 -0.0341585  0.0222064 0.723151        0        0 0
             66.9002 -7.77136   2.7757 -31.6354 -8.06699 -24.1899 0.512987 0.0975036  0.525245  0.067086    0.0020714   0.00106495 -0.000433923   0.144134 -0.0347081  0.0222484 0.723115        0        0 22300
             66.9002 -7.65549  2.66762 -31.6549 -8.06687 -24.1971 0.515079 0.107265 0.464956 0.081906   0.00203353   0.00110122 -0.000422869  0.143722  -0.03417 0.0221264 0.720547        0        0 0
                  67 -8.45727  1.20995 -35.7073 -8.05926 -24.1507 0.515482    0.11396   0.491315 0.00107087   0.00207614    0.0010715 -0.000419759   0.144069 -0.0338476  0.0226308 0.720557        0        0 22049
                  67 -8.39863  1.08749 -35.7122 -8.05908 -24.1512 0.516086   0.115683   0.486975 0.00553287   0.00205957   0.00110875 -0.000413207   0.144019 -0.0338151  0.0225841 0.712645        0        0 0
             67.1006 -9.95191 0.296822 -40.7373 -8.04478 -24.0966 0.512284   0.159302   0.541279 -0.0155539   0.00211627   0.00104058 -0.000412179   0.144603 -0.0341444   0.022954 0.712664        0        0 21538
             67.1006 -9.84984 0.223873 -40.7544 -8.04252 -24.0896 0.512993   0.171221   0.599462 -0.0114776   0.00208536   0.00105864 -0.000403273   0.144861 -0.0347374  0.0228215 0.710037        0        0 0
             67.2005 -10.0829 0.199603 -44.8503 -8.03129 -24.0345 0.511508    0.120224      0.5592 -0.00810314   0.00209637   0.00100268 -0.000449256  0.144843  -0.03407 0.0229462 0.710086        0        0 21124
             67.2005 -10.0002 0.121338 -44.8217 -8.03044 -24.0325 0.508434  0.124799  0.578065 -0.030684    0.0020724   0.00102694 -0.000453437   0.144932 -0.0343038  0.0231665 0.709922        0        0 0
             67.3003 -10.2634  1.41932 -47.2874 -8.02377 -23.9853 0.508789  0.0628195   0.496837 0.00770951   0.00213938  0.000988855 -0.000491594   0.144388 -0.0333118  0.0231587 0.709914        0        0 21171
             67.3003 -10.1514  1.23955 -47.2604 -8.01926 -23.9811 0.512403 0.0986873  0.532058 0.0342497   0.00210674   0.00104166 -0.000490187   0.144373 -0.0338139  0.0227595 0.712782        0        0 0
             67.4002     -10.6 0.0415869  -48.1589 -8.01673 -23.9257 0.518486 0.0355233  0.582097 0.0537713   0.0021405  0.00103049 -0.00051798   0.144748 -0.0332762  0.0226898 0.712768        0        0 21101
             67.4002  -10.4478 -0.130989   -48.111 -8.01412 -23.9201 0.516219 0.0523132  0.632725 0.0359448  0.00209578  0.00108306 -0.00052345  0.145037 -0.033827 0.0227966 0.712635        0        0 0
                67.5  -10.4475 -0.110135  -47.9679 -8.01732 -23.8636 0.521701 0.00740065   0.560996  0.0380692   0.00213598   0.00100624 -0.000539089   0.145357 -0.0327963  0.0227906 0.712659        0        0 20692
                67.5  -10.3306 -0.248741  -47.9391 -8.01539 -23.8577 0.518675 0.0168763  0.615129 0.0154772   0.00210246      0.00105 -0.000539672   0.145743 -0.0333103  0.0229527 0.713563        0        0 0
             67.6006   -10.2363 -0.0119184   -46.8136 -8.01846 -23.7986 0.523434 -0.0216907   0.612095  0.0210745    0.002132  0.00100344 -0.00055839   0.145673 -0.0326892  0.0226798 0.713599        0        0 20607
             67.6006  -10.0832 -0.200935  -46.7704 -8.01337 -23.7877  0.52374 0.00970839   0.709483  0.0218156    0.0020902   0.00106437 -0.000560774   0.146273 -0.0336412  0.0224786 0.713186        0        0 0
             67.7005 -9.46631 0.578764 -44.6362  -8.0145 -23.7308 0.523632  0.0475592   0.554282 0.00697391   0.00210986  0.000993554 -0.000572751   0.145566 -0.0326787  0.0227835 0.713154        0        0 20906
             67.7005 -9.34299 0.547016 -44.6068 -8.01257  -23.726 0.525233 0.0586345  0.596019  0.017891   0.00207513   0.00100666 -0.000579673   0.145834 -0.0330522  0.0225846 0.71434       0       0 0
             67.8004 -8.16293  2.27821 -42.6356 -8.00707 -23.6727 0.522814   0.118462   0.551273 -0.0197584  0.00208678 0.000983391 -0.00057053   0.145823 -0.0324469  0.0230336 0.71436       0       0 21452
             67.8004 -8.01346  2.10016  -42.625 -8.00269 -23.6685 0.525346    0.151917    0.585896 -0.00064573   0.00204513   0.00103771 -0.000566354   0.145841 -0.0329447  0.0227292 0.722125        0        0 0
             67.9002 -6.76528  2.87062 -40.1596 -7.99188 -23.6144 0.521236   0.172593    0.54394 -0.0384515   0.00207301   0.00100815 -0.000569418   0.146285 -0.0321274  0.0231778 0.722149        0        0 21759
             67.9002 -6.65216  2.78958 -40.1521  -7.9892 -23.6082 0.522926   0.189692    0.59846 -0.0274197   0.00204154   0.00103579 -0.000569585   0.146573 -0.0326723  0.0229766 0.723428        0        0 0
             68.0001 -6.46783  3.84002 -38.0914 -7.97386 -23.5515 0.518264   0.188326   0.588666 -0.0595988  0.00208457  0.00101122 -0.00055884    0.14692 -0.0320125  0.0231571 0.723453        0        0 22003
             68.0001 -6.37653  3.71551 -38.1054 -7.96887 -23.5446 0.520076   0.227746   0.649649 -0.0460428   0.00206233   0.00105189 -0.000551952   0.147052 -0.0327968  0.0229046 0.722829        0        0 0
             68.1003 -6.72732  3.88854 -36.2426 -7.95209 -23.4792 0.513072   0.203165    0.67792 -0.0670782   0.00208014    0.0010458 -0.000556712   0.147601 -0.0321672  0.0231846 0.72286       0       0 22209
             68.1003 -6.62297  3.77577 -36.2291 -7.95122 -23.4798  0.51527   0.211345   0.670193 -0.0486099   0.00204884   0.00107698 -0.000556756   0.147481 -0.0321443  0.0229706 0.725392        0        0 0
             68.2002 -6.63911  3.58543 -34.8645  -7.9269 -23.4099 0.508936   0.282413    0.72518 -0.0661063   0.00206695   0.00104898 -0.000543235   0.147637 -0.0321931  0.0231337 0.725391        0        0 22246
             68.2002 -6.48902  3.45296 -34.8634 -7.92451 -23.4085 0.511801   0.303354   0.735534 -0.0427152   0.00202516   0.00108677 -0.000539302   0.147535 -0.0324027  0.0228399 0.729419        0        0 0
                68.3  -6.2421   3.1275 -34.1015 -7.89288 -23.3276 0.502912   0.351252   0.806458 -0.0964959   0.00208024    0.0010522 -0.000527282   0.148156 -0.0327478  0.0231401 0.729439        0        0 22215
                68.3 -6.06105  3.08973 -34.1182 -7.89351 -23.3352 0.505916   0.354541   0.736715 -0.0725875   0.00201861    0.0010562 -0.000520554   0.147694 -0.0321414  0.0229186 0.725339        0        0 0
             68.4006 -5.66138  4.44353 -33.6919 -7.85594 -23.2583 0.487686  0.397118  0.764582 -0.150776   0.00206983   0.00103663 -0.000527087   0.148106 -0.0324194  0.0237722 0.725382        0        0 22404
             68.4006 -5.45218  4.41123 -33.6549 -7.85301 -23.2504 0.490805  0.413327  0.830184 -0.129535   0.00201726   0.00105139 -0.000537152   0.148386 -0.0330947  0.0234717 0.731727        0        0 0
             68.5005 -5.08114  5.03197 -31.5663 -7.81419 -23.1785 0.479094   0.418201   0.693213 -0.0977675  0.00208453  0.00104881 -0.00054809  0.148215 -0.032324  0.023572 0.731693        0        0 22717
             68.5005 -4.85949  4.95157 -31.5374 -7.81511 -23.1858 0.484751   0.417622   0.627286 -0.0550348    0.0020108   0.00106569 -0.000553079   0.147846 -0.0317054  0.0231284 0.732616        0        0 0
             68.6003 -5.19434  5.94949 -30.2195 -7.77631 -23.1255  0.47934     0.3854   0.553038 -0.0387283   0.00208464   0.00104951 -0.000536992   0.148405 -0.0318102  0.0232644 0.732599        0        0 22905
             68.6003 -4.96154  5.84395  -30.211 -7.77303 -23.1238 0.483278    0.414092    0.563732 -0.00910447   0.00202191   0.00107713 -0.000537636   0.148224 -0.0320635   0.022886 0.731095        0        0 0
             68.7002 -5.45293  5.22752 -29.4637 -7.73717 -23.0656 0.476596   0.339069   0.549622 -0.0711147  0.00208188   0.0011016 -0.00052112   0.149006 -0.0324314  0.0234014 0.73109       0       0 22927
             68.7002 -5.24036  5.15619 -29.4303 -7.73764 -23.0716 0.481604   0.340565   0.492546 -0.0327336   0.00200811   0.00111451 -0.000528966   0.148718 -0.0318898  0.0229855 0.735955        0        0 0
             68.8001   -5.352  4.18252 -28.7617 -7.70875 -23.0157 0.470144 0.275588 0.552828 -0.11977  0.00207782  0.00110916 -0.00052422   0.149595 -0.0324366  0.0236449 0.735884        0        0 22788
             68.8001 -5.09817  4.07682 -28.7456 -7.70545  -23.015 0.470579  0.307049  0.555911 -0.115813  0.00200916  0.00113483 -0.00052721   0.149318 -0.0326442  0.0235567 0.727777        0        0 0
             68.9003  -5.2934  2.94194 -27.9941 -7.67751 -22.9523 0.456472  0.265725  0.628506 -0.126715   0.00207285   0.00111509 -0.000518174   0.14991  -0.03306 0.0238004 0.727803        0        0 22489
             68.9003  -5.1079  2.85262 -27.9992 -7.68002  -22.971 0.457107  0.264088   0.46716 -0.118191   0.00199033    0.0011239 -0.000516471   0.149087 -0.0315538   0.023786 0.727024        0        0 0
             69.0002 -5.16058   2.3354 -28.4151 -7.65513 -22.9118 0.451227   0.215136   0.591673 -0.0581654   0.00206297   0.00108718 -0.000499302   0.149614 -0.0322587  0.0234261 0.72701       0       0 22584
             69.0002 -4.96529  2.34586 -28.3957 -7.65258 -22.9025  0.45252   0.227454   0.664525 -0.0495825   0.00202168   0.00109067 -0.000504605  0.149875 -0.033008 0.0232751 0.72787       0       0 0
                69.1 -5.48841  4.12512 -28.8052 -7.62999 -22.8432 0.452415  0.257768  0.572169 0.0205462   0.00207946   0.00103456 -0.000498047   0.149837 -0.0326043  0.0231023 0.727862        0        0 22590
                69.1 -5.35404  4.03496 -28.8337 -7.62762 -22.8489 0.452343  0.287849  0.520353 0.0205024   0.00203333   0.00104762 -0.000487115   0.149287 -0.0322845  0.0231098 0.735496        0        0 0
             69.2006 -5.94067  4.38688 -30.2964 -7.60342 -22.7883 0.452485  0.220172  0.615649 0.0214272   0.00210804   0.00107536 -0.000487011   0.150104 -0.0327733  0.0235334 0.735479        0        0 22770
             69.2006 -5.68371   4.2695 -30.3185 -7.60346 -22.7957 0.456922  0.225764  0.546118 0.0594907  0.00201896  0.00109838 -0.00047556 0.149717 -0.03215 0.023149 0.725866        0        0 0
             69.3005 -5.82342  3.09947 -32.9157 -7.58676   -22.73 0.459534  0.123301  0.662076 0.0348231   0.00209676   0.00110148 -0.000455943   0.150497 -0.0327338  0.0234027 0.725863        0        0 22645
             69.3005 -5.66743  3.00964 -32.9355 -7.58508 -22.7322 0.463332  0.141562  0.640184 0.0621451   0.00204934   0.00111951 -0.000448325  0.150238 -0.032619    0.0231 0.726783        0        0 0
             69.4003 -5.59425  2.75628  -35.572  -7.5721 -22.6567 0.463477   0.124767   0.743716 0.00945129   0.00211503   0.00107879 -0.000447009   0.150882 -0.0333382  0.0234606 0.726758        0        0 22397
             69.4003 -5.41342  2.86418 -35.6152 -7.57014 -22.6552 0.468042   0.14161  0.752771 0.0422372   0.00206713   0.00104614 -0.000437711   0.150817 -0.0334893  0.0230903 0.727373        0        0 0
             69.5002  -5.2375  3.91802 -37.3853 -7.55923 -22.5845 0.465266   0.0930603     0.69132 0.000951168   0.00211788   0.00104651 -0.000469988   0.150893 -0.0332315  0.0237554 0.72743       0       0 22420
             69.5002 -5.14368  3.86693 -37.3448 -7.56054  -22.591 0.468606 0.0887913  0.633224 0.0258564   0.00207719   0.00105651 -0.000479446   0.150588 -0.0327075   0.023527 0.727514        0        0 0
                69.6  -5.8126   4.2651 -37.5699 -7.56176 -22.5321 0.466392  -0.026248   0.587548 -0.0138575   0.00213281   0.00105983 -0.000507445   0.150948 -0.0322195   0.023965 0.727512        0        0 22511
                69.6 -5.59133  4.10295 -37.5427 -7.56185 -22.5365 0.472227 -0.0235159   0.543246  0.0337476   0.00206118   0.00110042 -0.000510722   0.150658 -0.0318471  0.0234665 0.731495        0        0 0
             69.7007 -5.67006  4.48644 -37.8534 -7.56529 -22.4804 0.471621 -0.0425591    0.52901   0.002093    0.0021153   0.00105002 -0.000505643  0.151059 -0.032132 0.0238309 0.731522        0        0 22564
             69.7007 -5.49796  4.44621 -37.8491 -7.56407 -22.4812 0.473946 -0.0310179   0.518401  0.0213698   0.00206093     0.001061 -0.000505626   0.150904 -0.0321153  0.0236093 0.729306        0        0 0
             69.8005 -6.15571  4.63879 -37.9525 -7.57325 -22.4282 0.475132 -0.113448  0.530089 0.0300328  0.00211966  0.00105053 -0.00051322   0.151429 -0.0321329  0.0238536 0.729328        0        0 22621
             69.8005 -6.01307  4.55975 -37.9368 -7.57234  -22.427 0.480032 -0.105937  0.538726 0.0711601  0.00207727  0.00107489 -0.00051548   0.151453 -0.0322271  0.0233673 0.725498        0        0 0
             69.9004 -6.89926  4.26718 -37.1638 -7.58863 -22.3728 0.484448 -0.170699  0.551554  0.053594   0.00213097   0.00105534 -0.000533101     0.1518 -0.0319724  0.0237871 0.725497        0        0 22442
             69.9004 -6.72456  4.13332 -37.1367 -7.58792 -22.3749 0.484962  -0.16311  0.529637 0.0588659  0.00207878   0.0010968 -0.00053691  0.151572 -0.031844 0.0237229 0.730607        0        0 0
             70.0002 -7.07551  4.71167 -37.3476 -7.60664 -22.3217 0.487887 -0.180823  0.522363 0.0332049   0.00211525    0.0010389 -0.000516698   0.151996 -0.0319067  0.0240425 0.730597        0        0 22031
             70.0002 -6.83467  4.71774 -37.3719 -7.60631 -22.3253 0.491501 -0.174763  0.484298 0.0644203   0.00204287   0.00103691 -0.000509053   0.151707 -0.0315945  0.0236953 0.737056        0        0 0
             70.1001 -6.14732  5.15461 -38.2316 -7.62396 -22.2708 0.495691 -0.166431  0.558364 0.0365475   0.00208061   0.00103219 -0.000503362   0.152147 -0.0319649  0.0238464 0.737043        0        0 21888
             70.1001 -6.08389  4.98225 -38.2174  -7.6212 -22.2671 0.497508 -0.144412  0.591903 0.0509216   0.00206014   0.00108457 -0.000501697   0.152186 -0.0323958  0.0236297 0.728997        0        0 0
             70.2003   -6.195  4.69865 -38.7517 -7.63485 -22.2057 0.501387 -0.0756862   0.598574   0.048491   0.00211117   0.00103795 -0.000507771   0.152747 -0.0323821   0.023817 0.729025        0        0 21532
             70.2003 -6.06241  4.73106 -38.7876 -7.63592 -22.2121  0.50805 -0.0778128   0.537817  0.0988406   0.00207275   0.00102915 -0.000498523    0.15239 -0.0317888  0.0232679 0.73166       0       0 0
             70.3002  -6.7948  4.62948 -40.5969 -7.64098 -22.1558 0.512395 -0.0136023   0.591422   0.050961   0.00213571   0.00102169 -0.000481793   0.152752 -0.0319215  0.0237691 0.731707        0        0 21475
             70.3002 -6.69141  4.44246 -40.5793 -7.64051 -22.1573  0.50994 -0.00844059    0.577549   0.0332597   0.00210524   0.00108057 -0.000480697   0.152571 -0.0318702  0.0239707 0.734677        0        0 0
                70.4 -7.68413  2.91695 -42.3113 -7.63869   -22.09  0.51129   0.0581253    0.701728 -0.00621219   0.00214411   0.00104032 -0.000480077   0.153135 -0.0322621  0.0239964 0.734674        0        0 21138
                70.4 -7.56147  2.81211 -42.3297 -7.63945 -22.0924 0.512739  0.0521568   0.678517 0.00654474   0.00210597   0.00107157 -0.000470973   0.153013 -0.0320178  0.0238711 0.731381        0        0 0
             70.5003 -7.76807  1.68824 -43.7265 -7.63273 -22.0201 0.511274   0.098882    0.71758 -0.0205283   0.00214922   0.00102228 -0.000487176   0.153646 -0.0321865  0.0240978 0.731389        0        0 20988
             70.5003  -7.5827   1.6759 -43.7221 -7.63043 -22.0159 0.517152  0.115917  0.754024 0.0271089  0.00209461  0.00102667 -0.00048818    0.15382 -0.0325601  0.0235017 0.726577        0        0 0
             70.6001   -7.391  2.77768 -44.2362 -7.61975 -21.9445  0.51432   0.126394   0.723166 -0.0137158   0.00212923  0.000971281 -0.000508858   0.153709 -0.0321874  0.0239331 0.726583        0        0 20696
             70.6001 -7.28332  2.66572 -44.2527 -7.61806 -21.9493 0.514836    0.145979    0.673177 -0.00859747   0.00209514   0.00100279 -0.000499202   0.153147 -0.0319565  0.0238924 0.729136        0        0 0
                70.7 -6.84057  2.85625 -44.1018  -7.6138 -21.8847 0.516252 0.0432415  0.641949 0.0465172   0.00212851   0.00099125 -0.000522702   0.153778 -0.0311725  0.0240822 0.729129        0        0 20883
                70.7 -6.74323  2.73439 -44.0832 -7.61397 -21.8845 0.517158 0.0403182  0.644756 0.0535355   0.00209917   0.00102869 -0.000523734   0.153815 -0.0311697  0.0240045 0.728981        0        0 0
             70.8007 -7.21737  2.71571 -43.1525 -7.61815 -21.8288 0.522703 -0.0458346   0.527494  0.0748473   0.00215072  0.000995565 -0.000536826   0.153763 -0.0304135  0.0242332 0.728979        0        0 21066
             70.8007 -7.13194  2.54291 -43.1102 -7.61707 -21.8256  0.52399 -0.0405138   0.556867  0.0837478   0.00212584   0.00104905 -0.000543138   0.153948 -0.0306785  0.0241075 0.731102        0        0 0
             70.9005  -7.5219  2.26045 -40.9963 -7.62615 -21.7798 0.533527 -0.0622795   0.443223  0.0792372   0.00214763   0.00100025 -0.000563752  0.153775 -0.029798 0.0239981 0.731077        0        0 21267
             70.9005 -7.35345  2.20024 -40.9615 -7.62199 -21.7663 0.539497 -0.0408721   0.566323   0.120123    0.0021048   0.00102994 -0.000572181   0.154617 -0.0309037   0.023419 0.731873        0        0 0
             71.0003 -7.79655  2.90067 -38.8536 -7.62503 -21.7161 0.543913 -0.00773628    0.483924   0.0431421   0.00213314  0.000987488 -0.000561288   0.154324 -0.0305508  0.0240177 0.731871        0        0 21690
             71.0003 -7.76031   2.8383 -38.8553 -7.62305 -21.7132 0.542475 0.0103284  0.515494 0.0310843   0.00212808   0.00100803 -0.000558988  0.154406 -0.030966 0.0241051 0.734599        0        0 0
             71.1001 -8.63478  3.92005  -38.029 -7.61908 -21.6658 0.545917 0.0598269  0.463978 0.0364451   0.00212182  0.000974265 -0.000526062   0.154182 -0.0307951  0.0240854 0.734613        0        0 22068
             71.1001 -8.53273  3.77583 -38.0053 -7.62001 -21.6666 0.542233  0.0498042    0.45635 0.00859417    0.0020903   0.00101705 -0.000526472   0.154186 -0.0307134  0.0244214 0.729741        0        0 0
                71.2 -8.03726  3.65963 -37.8363 -7.62049 -21.6206 0.546374 0.0125064  0.463801 0.0245115  0.00209076  0.00100485 -0.00051233   0.154715 -0.0301685  0.0241609 0.729769        0        0 22049
                71.2 -7.97892  3.50197 -37.8051 -7.61775  -21.614 0.546504 0.0390869  0.536987 0.0267434   0.00208177   0.00105639 -0.000515773   0.154986 -0.0309767   0.024027 0.735338        0        0 0
             71.3006 -8.59553  3.15685 -38.4234 -7.61809 -21.5698 0.551954 0.0562033  0.427173 0.0407143  0.00208581  0.00100676 -0.00049251   0.155085 -0.0297947   0.023852 0.735334        0        0 21901
             71.3006 -8.6426 3.06768 -38.447 -7.61393 -21.5599 0.547432  0.0874358   0.523462 0.00323629   0.00211081   0.00103528 -0.000482341   0.155457 -0.0308953  0.0241398 0.735272        0        0 0
             71.4004 -8.69423  2.57215  -39.878 -7.60736 -21.5128 0.550792  0.103323   0.48083 0.0295724   0.00208924   0.00100724 -0.000478246   0.155671 -0.0298902  0.0240226 0.735285        0        0 21651
             71.4004 -8.66838  2.35338 -39.8437 -7.60574 -21.5125 0.547687   0.119408   0.484455 -0.0024707  0.00208509  0.00107028 -0.00047863   0.155524 -0.0300882  0.0243531 0.722229        0        0 0
             71.5003 -8.46658 0.879601 -41.7775 -7.59821 -21.4672 0.545594   0.121453   0.465376 -0.0582341   0.00210056    0.0010276 -0.000469854   0.155903 -0.0294139  0.0243794 0.722227        0        0 21648
             71.5003 -8.43534 0.798217 -41.8057 -7.60059 -21.4745 0.545517   0.108506   0.402629 -0.0577837   0.00207902   0.00104438 -0.000456685   0.155542 -0.0287953  0.0244629 0.723711        0        0 0
             71.6001 -8.15403   0.2624 -45.5149  -7.5863 -21.4239 0.541596   0.158716    0.50516 -0.0207089   0.00212281  0.000999414 -0.000442436   0.156344 -0.0296457  0.0242669 0.723728        0        0 21404
             71.6001 -8.01809 0.186688 -45.4996 -7.58158 -21.4116 0.543748    0.197576    0.626518 -0.00564705   0.0021153  0.00103369 -0.00044648   0.156942 -0.0308806  0.0239029 0.720153        0        0 0
                71.7 -6.67784  0.48262  -47.893  -7.5611 -21.3499 0.544173  0.222086   0.62246 0.0455905   0.00213898  0.000986187 -0.000478535   0.156943 -0.0307788  0.0241695 0.720153        0        0 21098
                71.7 -6.64686 0.297605 -47.8787 -7.55983 -21.3503 0.536805    0.232798    0.620319 -0.00838842   0.00213334   0.00103639 -0.000476271   0.156829 -0.0309385   0.024761 0.729884        0        0 0
             71.8003  -6.6277 0.232311 -49.6666 -7.54034 -21.2919 0.540255  0.186702  0.600985 0.0323912   0.00217555  0.000992108 -0.000486715   0.156568 -0.0303942  0.0244973 0.729906        0        0 21061
             71.8003  -6.56749 0.0329113  -49.6647 -7.53747 -21.2909 0.533512   0.210571   0.611946 -0.0196392   0.00216449   0.00104679 -0.000481432   0.156477 -0.0307475  0.0250424 0.738099        0        0 0
             71.9001  -7.22011 -0.734805  -50.2047 -7.52262 -21.2292 0.543906  0.156363  0.617169 0.0826591   0.00219335     0.001005 -0.000508205   0.156797 -0.0302431  0.0241093 0.738123        0        0 20954
             71.9001  -7.15108 -0.904625  -50.1884 -7.52039 -21.2262 0.541723 0.171969 0.644695 0.065616   0.00217946   0.00105649 -0.000507461   0.156915 -0.0305887  0.0242615 0.735733        0        0 0
                  72 -8.00246 -1.31146 -49.5468 -7.51263 -21.1681 0.556181 0.108774 0.594358 0.132309   0.00219459   0.00100042 -0.000534074   0.157016 -0.0294754  0.0237658 0.735821        0        0 20767
                  72 -7.91022 -1.50829 -49.5193 -7.51047 -21.1652 0.550593  0.123028  0.621023 0.0906556   0.00217138   0.00106203 -0.000534981   0.157148 -0.0298426  0.0241949 0.726488        0        0 0
             72.1006 -8.17073 -2.21145  -47.864  -7.5055 -21.1059  0.56679 0.0627409  0.608774  0.146027    0.0021562    0.0010128 -0.000548198   0.157142 -0.0288313  0.0236292 0.726532        0        0 20820
             72.1006 -8.08382 -2.37726 -47.8242 -7.50368 -21.0984 0.564803 0.0752743  0.683777  0.127742   0.00214219   0.00107228 -0.000553862   0.157718 -0.0294855  0.0237298 0.728792        0        0 0
             72.2004 -8.58226 -2.59273 -45.6839 -7.49972 -21.0428 0.577013 0.0902229    0.5509  0.101074   0.00214719  0.000990635 -0.000553904   0.157057 -0.0284152  0.0238163 0.728897        0        0 20658
             72.2004 -8.45263 -2.65086 -45.6899 -7.49735 -21.0355 0.576851  0.102132  0.618328 0.0983095   0.00212323   0.00101994 -0.000551407   0.157529 -0.0289817  0.0237386 0.729555        0        0 0
             72.3003 -8.04592 -1.54099  -44.765 -7.48615 -20.9824 0.582938  0.153933  0.546496 0.0444377   0.00210482  0.000957251 -0.000527829   0.156978 -0.0283782  0.0239344 0.729592        0        0 20925
             72.3003 -7.98389 -1.66241 -44.7435 -7.48328 -20.9737 0.583763  0.169465  0.628404 0.0477613   0.00210275    0.0010072 -0.000532373   0.157509 -0.0290697  0.0237613 0.736797        0        0 0
             72.4001  -6.94515 -0.766076  -43.6655  -7.4671 -20.9153 0.583341    0.229908    0.584902 0.000718202   0.00209232  0.000968623 -0.000523416   0.157523 -0.0284927  0.0241601 0.736796        0        0 21121
             72.4001  -6.92101 -0.932849  -43.6376 -7.46447 -20.9072 0.579719   0.244483   0.661721 -0.0275515   0.00210132   0.00102854 -0.000529454   0.158017 -0.0292028  0.0243475 0.736962        0        0 0
             72.5003   -6.9796 -0.754527  -42.8783 -7.44098 -20.8461  0.57823   0.29235  0.616288 -0.043853   0.00211145   0.00100006 -0.000513835  0.158155 -0.028529 0.0242309 0.736965        0        0 21429
             72.5003  -7.00738 -0.909735  -42.8639 -7.44034 -20.8434 0.576694   0.294598   0.642188 -0.0551135   0.00212424   0.00104862 -0.000514138   0.158329 -0.0287521  0.0243232 0.739462        0        0 0
             72.6002 -7.91839 -1.19883 -42.7452 -7.41317 -20.7821 0.572552   0.330347   0.632827 -0.0514241   0.00212284   0.00102003 -0.000501119   0.158513 -0.0281091  0.0241582 0.739468        0        0 21439
             72.6002 -7.90566 -1.37856 -42.7221 -7.41132 -20.7787 0.571601   0.342491   0.664303 -0.0588969   0.00212781    0.0010746 -0.000503224   0.158646 -0.0284477  0.0241963 0.745822        0        0 0
                72.7 -8.13044 -2.77434 -43.1897 -7.37895 -20.7139 0.562359  0.342877   0.66897 -0.114807   0.00210463   0.00103853 -0.000484953   0.158699 -0.0279959   0.024375 0.745815        0        0 21416
                72.7  -8.0696 -2.84689    -43.2 -7.37655 -20.7061 0.559457  0.355967  0.742762 -0.137396  0.00210854  0.00107062 -0.00048384    0.15914 -0.0286692  0.0245114 0.737757        0        0 0
             72.8003  -6.6587 -1.76398 -44.5074 -7.34372 -20.6355 0.549787   0.349316    0.69476 -0.0894899   0.00208531  0.000988901 -0.000476331   0.159178 -0.0282222  0.0242174 0.737736        0        0 21513
             72.8003 -6.61368 -1.84869 -44.4058 -7.35194 -20.6337 0.549599   0.271769   0.721087 -0.0919382   0.00206345   0.00103251 -0.000502046   0.159938 -0.0278491  0.0242584 0.741163        0        0 0
             72.9002  -5.44091 -0.955274  -44.6626 -7.31736 -20.5696 0.540249  0.340015  0.629099 -0.064271   0.00209996   0.00100819 -0.000503543   0.158744 -0.0279249  0.0245316 0.741133        0        0 21676
             72.9002  -5.3981 -1.02676 -44.6262 -7.31381 -20.5591 0.541022   0.378911   0.741537 -0.0629727   0.00209409   0.00103128 -0.000512306   0.159353 -0.0291017  0.0243475 0.744374        0        0 0
                  73  -5.59793 -0.013147  -44.2574 -7.28063 -20.4959 0.537831  0.322535  0.648562 -0.018275   0.00209066  0.000987152 -0.000510095   0.158684 -0.0282827  0.0243569 0.744351        0        0 21944
                  73  -5.60761 -0.279605  -44.1375 -7.28488  -20.493  0.53765   0.279829   0.681679 -0.0203042   0.00209143    0.0010803 -0.000535265   0.159217 -0.0281939   0.024377 0.7376      0      0 0
             73.1006  -5.95271 -0.747978  -42.7236 -7.26064 -20.4261 0.538181    0.24038   0.665036 -0.0184087   0.00209521   0.00102989 -0.000528538   0.159251 -0.0276852   0.024106 0.737581        0        0 21972
             73.1006  -5.82943 -0.821553  -42.6934 -7.25744 -20.4135 0.537489   0.273841   0.796509 -0.0285907   0.00208452   0.00106926 -0.000537893   0.159993 -0.0288896  0.0240905 0.748322        0        0 0
             73.2005  -5.71094 -0.360202  -40.8219 -7.23696 -20.3437 0.534576   0.239808   0.720982 -0.0185984   0.00209441   0.00102315 -0.000535872   0.159667 -0.0278071  0.0241028 0.748362        0        0 21998
             73.2005   -5.6668 -0.479458  -40.7073 -7.24124 -20.3335 0.534091   0.188885   0.824459 -0.0235751   0.00207766   0.00106133 -0.000567828   0.160918 -0.0282439   0.024095 0.750887        0        0 0
             73.3003  -6.1524 0.388092 -37.9699 -7.21562 -20.2656  0.53973  0.280533  0.630519 0.0927215   0.00208918   0.00100864 -0.000547015   0.159801 -0.0275439  0.0239224 0.750841        0        0 22137
             73.3003 -6.06039 0.315524  -37.969 -7.21674  -20.267 0.540906 0.268424 0.615808 0.102364   0.00206036   0.00102929 -0.000544691   0.159781 -0.0273236  0.0238334 0.75723       0       0 0
             73.4002 -6.01317  0.84021 -37.0243 -7.19487 -20.2081 0.543274  0.214118   0.61543 0.0208505   0.00209052   0.00101429 -0.000513751   0.160009 -0.0269476  0.0244397 0.757231        0        0 22602
             73.4002    -5.88 0.728119 -36.9888 -7.19157 -20.1969 0.547009 0.229845 0.714278 0.045687  0.00204989  0.00105419 -0.00052217   0.160581 -0.0279089   0.024046 0.755666        0        0 0
                73.5 -5.16421 0.830974 -36.4481 -7.16998 -20.1296 0.548036  0.267321  0.681437 0.0149892   0.00206061   0.00101449 -0.000493659   0.160549 -0.0274036  0.0243078 0.75567       0       0 22293
                73.5 -5.12071 0.643031 -36.4006 -7.16798 -20.1261 0.548034  0.280524   0.71053 0.0145439   0.00204758   0.00107374 -0.000502853   0.160619 -0.0277593  0.0242793 0.756592        0        0 0
             73.6003 -6.06632 0.145775 -36.7225 -7.14491 -20.0621 0.539963   0.27542   0.66255 -0.101027   0.00212921   0.00103733 -0.000475312   0.160985 -0.0267755  0.0249466 0.756578        0        0 22488
             73.6003  -5.98583 0.0629025  -36.7162 -7.14379  -20.052 0.542383   0.273378   0.753587 -0.0853874   0.00210478   0.00106337 -0.000475104  0.161629  -0.02757 0.0246923 0.755407        0        0 0
             73.7001   -7.7132 -0.525916  -38.1058  -7.1165 -19.9803 0.532839  0.305339  0.725813 -0.111989   0.00212551   0.00102155 -0.000454784   0.161499 -0.0271077  0.0245829 0.755408        0        0 22286
             73.7001  -7.59738 -0.725239  -38.0843 -7.11109  -19.971 0.533779  0.344368  0.805606 -0.106268   0.00209135   0.00108297 -0.000454388   0.161682 -0.0280977  0.0244145 0.746732        0        0 0
                73.8 -7.79175 -1.29314 -40.1821 -7.08278 -19.9059 0.521449  0.310493  0.645689 -0.105021   0.00210278   0.00100286 -0.000438508   0.161437 -0.0268276  0.0247423 0.746733        0        0 22157
                73.8 -7.66022 -1.37482 -40.1695 -7.07818 -19.8946 0.527939   0.339242   0.739512 -0.0606834   0.00206721   0.00103131 -0.000440023   0.161847 -0.0278258  0.0240792 0.744592        0        0 0
             73.9003 -6.95052  -1.0546 -40.9477 -7.04974 -19.8333 0.522763    0.304793    0.605616 -0.00517787   0.00204607  0.000977069 -0.000467091   0.161544 -0.0267011  0.0244525 0.744591        0        0 22054
             73.9003 -6.98239 -1.19712 -40.9009 -7.04743  -19.822 0.521294   0.311888   0.708609 -0.0173782   0.00206775   0.00102893 -0.000476278  0.162238 -0.027646 0.0244459 0.750876        0        0 0
             74.0001   -6.7777 -0.615481   -41.298 -7.02163 -19.7607 0.521739  0.225533  0.612752 0.0219461   0.00206692  0.000979824 -0.000475654   0.161885 -0.0269794   0.024571 0.750889        0        0 22157
             74.0001  -6.77832 -0.800284  -41.2634 -7.01896 -19.7531 0.521341  0.240372  0.682067 0.0181359   0.00207511   0.00103972 -0.000480282   0.162268 -0.0276656   0.024514 0.754161        0        0 0
                74.1 -7.51226 -1.39997  -40.813 -7.00775 -19.6978 0.527631  0.100218  0.573042 0.0458758 0.00209238 0.00100062 -0.0004922   0.161913 -0.0261744  0.0243432 0.754184        0        0 22105
                74.1 -7.51443 -1.52875 -40.7674 -7.00461 -19.6882  0.53314 0.119072 0.659995 0.084989   0.00210027   0.00104536 -0.000501241     0.1624 -0.0269689  0.0237747 0.750864        0        0 0
             74.2006 -7.48391 -1.29587 -40.2292 -7.00014 -19.6291 0.535865 0.0334973  0.599311 0.0388129   0.00207598  0.000980887 -0.000493891  0.162312 -0.026232 0.0242684 0.75086       0       0 22142
             74.2006 -7.44601 -1.43914 -40.1659 -6.99646 -19.6181  0.53591 0.0535124  0.696807 0.0372174    0.0020711   0.00103091 -0.000506972   0.162882 -0.0271943  0.0241438 0.749848        0        0 0
             74.3004 -7.05814 -1.67557 -38.7278 -7.00161 -19.5607 0.535246 -0.0456114    0.59343 0.00826769   0.00207104  0.000993172 -0.000511018   0.162694 -0.0258985  0.0246645 0.749837        0        0 21933
             74.3004 -6.99805 -1.84096 -38.6621 -6.99656  -19.547 0.542124  -0.01544  0.714211 0.0536249   0.00206322   0.00105369 -0.000524444   0.163316 -0.0270616  0.0239556 0.757711        0        0 0
             74.4003 -6.40789 -1.55061 -36.6884 -7.00252 -19.4924 0.542897 -0.00565464    0.523656   0.0466167   0.00206154   0.00097428 -0.000511937   0.162725 -0.0258583  0.0245508 0.757731        0        0 22050
             74.4003 -6.26303 -1.67573 -36.6684 -7.00017 -19.4848 0.544833 0.00581814   0.590929   0.059089   0.00202611   0.00101966 -0.000514148   0.163107 -0.0265133  0.0243074 0.762669        0        0 0
             74.5001  -5.03779 -0.384416  -36.3167 -6.99947 -19.4336 0.543058  0.0304628   0.516873 -0.0169541   0.00205843  0.000969297 -0.000484073   0.163047 -0.0260319  0.0249529 0.76266       0       0 22028
             74.5001  -4.84818 -0.470569   -36.279 -6.99725 -19.4255   0.5462  0.0399548   0.586747 0.00363209   0.00201357   0.00100618 -0.000494572    0.16343 -0.0266919  0.0246248 0.762424        0        0 0
                74.6  -3.64342 -0.109962  -35.8283  -6.9972 -19.3662 0.540483  0.0336534   0.612267 -0.0663893   0.00205062  0.000996207 -0.000483948   0.163873 -0.0263685  0.0249363 0.76242       0       0 22058
                74.6  -3.60098 -0.344234  -35.7602 -6.99444 -19.3635 0.540704  0.0549185   0.633761 -0.0650973   0.00204301   0.00106706 -0.000500806   0.163809 -0.0267015  0.0248937 0.768713        0        0 0
             74.7006 -3.79076 0.114691 -35.2547 -6.98704 -19.3009 0.537544   0.12275  0.617105 -0.035328   0.00208598   0.00100621 -0.000486489   0.164142 -0.0265701  0.0246599 0.768724        0        0 22184
             74.7006  -3.66678 0.0209439  -35.2059 -6.98376 -19.2901   0.5413   0.139045   0.707345 -0.0109383    0.0020623   0.00104318 -0.000502654   0.164583 -0.0274687  0.0243154 0.774238        0        0 0
             74.8005  -4.14982 -0.409005  -34.5708 -6.97181 -19.2284  0.53942   0.178008   0.650455 -0.0412689   0.00208988   0.00103153 -0.000491331   0.164412 -0.0264628   0.024376 0.77424       0       0 22101
             74.8005  -4.08526 -0.597607  -34.5735  -6.9712 -19.2308 0.537081   0.185573   0.628881 -0.0572514   0.00206888   0.00108223 -0.000485963   0.164193 -0.0263363  0.0245702 0.771981        0        0 0
             74.9003 -5.27142 -0.49549 -35.1786 -6.95338   -19.17 0.529883   0.216537   0.649611 -0.0954454   0.00210178   0.00100092 -0.000460792   0.164236 -0.0257779   0.024516 0.771997        0        0 21998
             74.9003  -5.11765 -0.558482  -35.1556 -6.95081 -19.1606 0.532137   0.228205   0.728916 -0.0811723    0.0020658   0.00102762 -0.000469728   0.164638 -0.0265731   0.024296 0.771343        0        0 0
             75.0002  -5.22697 -0.713417  -36.8419 -6.92702 -19.0846 0.523049   0.264866   0.800493 -0.0776366   0.00210407   0.00101679 -0.000448859   0.164743 -0.0264952  0.0243759 0.771341        0        0 22018
             75.0002  -5.04682 -0.861412  -36.8076 -6.92297 -19.0767 0.527871   0.291677   0.864257 -0.0442727   0.00206387    0.0010646 -0.000457197   0.164897 -0.0272369  0.0239272 0.766281        0        0 0
                75.1  -4.05065 -0.157395  -37.7754  -6.8964  -18.994 0.521607   0.289197   0.809414 -0.0322461   0.00207601  0.000985284 -0.000459954   0.165287 -0.0268391   0.024296 0.766272        0        0 22112
                75.1  -3.95661 -0.148944  -37.7335 -6.89696 -18.9836 0.527445    0.27122   0.899861 0.00751543   0.00206225   0.00100145 -0.000475059  0.166021 -0.027471 0.0237713 0.77316       0       0 0
             75.2006 -4.01745  1.57898 -37.1528 -6.87227  -18.907 0.522682     0.248934     0.763932 -0.000321228   0.00211497  0.000971713 -0.000499943  0.165307 -0.026613 0.0244133 0.773131        0        0 22189
             75.2006 -3.86028  1.45428 -37.1228 -6.86822 -18.8976 0.532436   0.27464  0.842458 0.0693233   0.00208794    0.0010171 -0.000508929   0.165591 -0.0274017  0.0235648 0.774483        0        0 0
             75.3005 -3.62331  1.02109 -35.1353 -6.85182 -18.8306  0.52783  0.171232  0.690444 -0.018644   0.00209803   0.00100807 -0.000522858   0.165162 -0.0258788  0.0246602 0.774533        0        0 22178
             75.3005 -3.40302 0.784095  -35.148 -6.84762 -18.8264 0.524543   0.203043   0.722792 -0.0423871  0.00204671  0.00107291 -0.00051731   0.165092 -0.0263969  0.0248911 0.784568        0        0 0
             75.4003  -4.08761 -0.129027  -34.1404 -6.84204 -18.7705 0.520515  0.0634463   0.552998 -0.0729574   0.00207318   0.00101844 -0.000494035   0.165326 -0.0248854  0.0247418 0.784594        0        0 22021
             75.4003  -3.92403 -0.207054  -34.1059 -6.83872 -18.7587 0.520576  0.0778334   0.653819 -0.0737149   0.00204817   0.00105511 -0.000504284   0.165849 -0.0258619  0.0247011 0.784866        0        0 0
             75.5001  -4.11859 0.0955982  -32.7489 -6.84188  -18.704 0.514103 -0.0244024   0.556031  -0.071205   0.00207535   0.00101717 -0.000512244   0.166122 -0.0247889  0.0246761 0.784893        0        0 21814
             75.5001    -3.8861 -0.0314967      -32.7 -6.83471 -18.6835 0.516424  0.0169382   0.732055 -0.0564781    0.0020488   0.00107443 -0.000526651   0.166855 -0.0266236  0.0243971 0.777815        0        0 0
                75.6 -3.82141 0.935408 -31.2885  -6.8292 -18.6225 0.511315   0.103062   0.593382 -0.0324867   0.00209117   0.00100541 -0.000507119   0.166209 -0.0260129  0.0244559 0.777827        0        0 21735
                75.6 -3.55381 0.883199 -31.2654 -6.82695 -18.6147 0.514817   0.113944   0.657397 -0.0086378   0.00203213   0.00103019 -0.000514467   0.166487 -0.0266551  0.0241495 0.788038        0        0 0
             75.7007 -2.60127   2.2958 -30.2326 -6.81544 -18.5543 0.512537   0.146663   0.628601 -0.0259487   0.00205302   0.00099663 -0.000493148    0.16629 -0.0260931  0.0242629 0.788044        0        0 22088
             75.7007 -2.51173  2.13343 -30.1768 -6.81205 -18.5458 0.511847   0.166795   0.699392 -0.0318052   0.00204168   0.00105227 -0.000511862   0.166492 -0.0268534  0.0242852 0.784228        0        0 0
             75.8005 -2.59903  2.61181 -29.3936  -6.8003 -18.4907 0.511988  0.195999  0.564822 0.0152839   0.00207891    0.0010247 -0.000492831  0.166586 -0.025393 0.0242136 0.784254        0        0 22279
             75.8005 -2.49183  2.48305 -29.3742 -6.79844 -18.4832  0.51241  0.202608  0.626423 0.0178474   0.00205529   0.00106332 -0.000498646   0.166871 -0.0260276  0.0241676 0.78237       0       0 0
             75.9004 -3.34064  2.20192 -29.5572 -6.77915 -18.4302 0.512402    0.244568    0.557065 -0.00821716   0.00209825   0.00104196 -0.000477768  0.166945 -0.025111 0.0243471 0.782347        0        0 22326
             75.9004 -3.17204  2.02948 -29.5368 -6.77473 -18.4194 0.513466    0.273104     0.64502 -0.00164203   0.00207239   0.00109798 -0.000486869  0.167129 -0.026089  0.024244 0.782873        0        0 0
             76.0002 -4.04581 0.465902 -30.1575  -6.7507 -18.3574  0.50822   0.279741   0.653364 -0.0673307   0.00211656   0.00107397 -0.000471908   0.167424 -0.0255675  0.0245037 0.782881        0        0 22083
             76.0002 -3.85938 0.289009  -30.121 -6.74398 -18.3409 0.511289  0.322667  0.784355 -0.045924   0.00210227    0.0011342 -0.000486879     0.1677 -0.0269883  0.0242134 0.78683       0       0 0
             76.1001 -4.81715  -1.0417 -31.4898 -6.71311 -18.2764 0.500081   0.374614   0.657485 -0.0840577   0.00216085   0.00105789 -0.000460028   0.167603 -0.0258286  0.0247706 0.786812        0        0 21564
             76.1001 -4.50211 -1.11215 -31.5357 -6.70945  -18.267 0.501316   0.396911   0.731312 -0.0758415   0.00208166   0.00108282 -0.000447696   0.167784 -0.0266411   0.024634 0.780594        0        0 0
             76.2003  -3.84569 -0.769767  -33.0911 -6.67317 -18.2064 0.493388   0.375859   0.614697 -0.0684182   0.00214187   0.00102568 -0.000458868   0.167574 -0.0256048  0.0248585 0.780563        0        0 21498
             76.2003  -3.55095 -0.836268  -33.0624 -6.66512 -18.1826 0.498943   0.420705   0.807997 -0.0319762   0.00206504   0.00104244 -0.000465662   0.168277 -0.0276932  0.0242721 0.776184        0        0 0
             76.3002 -2.52626  0.73123 -33.2225 -6.62917 -18.1191 0.493215   0.352515   0.640441 -0.0510907   0.00212694  0.000987699 -0.000478967   0.167745 -0.0263484  0.0245533 0.776141        0        0 21775
             76.3002 -2.32277 0.725093  -33.227 -6.62823 -18.1075   0.4951    0.34611   0.738913 -0.0400615   0.00206398  0.000987191 -0.000475816    0.16842 -0.0272569  0.0243481 0.78587       0       0 0
                76.4 -2.60301  1.74634 -32.9119 -6.60579 -18.0546 0.490088  0.218216  0.570453 -0.036941   0.00219401   0.00100507 -0.000494743     0.1677 -0.0252454   0.024522 0.785891        0        0 21891
                76.4 -2.34924  1.43366 -32.8813 -6.59802 -18.0418 0.491122   0.273546   0.674948 -0.0311244   0.00211214   0.00110115 -0.000501387   0.167808 -0.0266232  0.0243932 0.784697        0        0 0
             76.5006 -3.29952  1.11941 -31.6708 -6.58556 -17.9877 0.488312   0.137897   0.570109 -0.0437774   0.00218015   0.00102964 -0.000507435   0.168103 -0.0249536  0.0242747 0.784686        0        0 21842
             76.5006 -3.09336   1.1078 -31.6481 -6.58209 -17.9702 0.492042   0.146362   0.716642 -0.0198204   0.00211323   0.00103252 -0.000515057    0.16896 -0.0264275  0.0239583 0.788066        0        0 0
             76.6005 -3.68664  1.68146 -30.0642 -6.57751  -17.913 0.485768  0.0555194   0.608042 -0.0306693   0.00216886   0.00100386 -0.000528988   0.168868 -0.0249235  0.0244371 0.788091        0        0 21701
             76.6005 -3.47981  1.48605 -30.0211 -6.57051  -17.898 0.488653   0.101383   0.730295 -0.0117032   0.00210468   0.00106653 -0.000538843   0.169167 -0.0264059   0.024154 0.790842        0        0 0
             76.7003 -3.34801  1.75429  -28.245 -6.56178 -17.8357 0.483645  0.118399   0.61072 -0.033891   0.00215852   0.00101213 -0.000526337   0.168959 -0.0256927  0.0246382 0.790777        0        0 21584
             76.7003 -3.00856  1.73708 -28.2418 -6.55866 -17.8269 0.487143  0.135553  0.679697 -0.010233   0.00205497   0.00102009 -0.000527443  0.169211 -0.026507 0.0243164 0.798178        0        0 0
             76.8002 -2.69309  2.36948 -27.5782 -6.54722 -17.7637 0.478997   0.156303   0.637204 -0.0708851   0.00212029   0.00100568 -0.000505116   0.169459 -0.0260046  0.0248356 0.798151        0        0 21817
             76.8002 -2.57291  2.23068 -27.5629 -6.54436  -17.763 0.481918   0.182909   0.637926 -0.0500821   0.00208559   0.00104535 -0.000508097  0.169188 -0.026156  0.024572 0.805331        0        0 0
             76.9001 -2.75656  3.00986 -27.3694 -6.52688 -17.7053 0.472576   0.249169   0.567046 -0.0590481   0.00215396   0.00101121 -0.000502357   0.169699 -0.0256493  0.0251454 0.805309        0        0 21819
             76.9001 -2.52203  2.88182 -27.3465 -6.52263 -17.6966 0.475383   0.278053   0.633901 -0.0401232   0.00208978   0.00105232 -0.000509205   0.169756 -0.0264931  0.0248884 0.802359        0        0 0
             77.0003 -4.01405   2.8823 -28.0488 -6.49401  -17.633 0.466229  0.305121  0.650638 -0.116569   0.00217111   0.00103459 -0.000488274   0.170051 -0.0264093  0.0251401 0.802356        0        0 21861
             77.0003 -3.86874  2.72283 -28.0483 -6.49201 -17.6322 0.469994   0.322762   0.653826 -0.0898636   0.00212775   0.00108322 -0.000485813   0.169887 -0.0265335  0.0248137 0.816928        0        0 0
             77.1001  -5.4929  1.80897 -29.4375 -6.46055 -17.5592 0.460331   0.33954  0.745897 -0.115034   0.00219652   0.00104381 -0.000484999   0.170511 -0.0268449  0.0246957 0.816962        0        0 21850
             77.1001 -5.20233  1.63997 -29.4728 -6.45557 -17.5541 0.463246   0.379848   0.781057 -0.0939513   0.00211058   0.00109407 -0.000470736   0.170283 -0.0274281  0.0244079 0.804088        0        0 0
             77.1999 -5.04182 0.537025 -31.3053 -6.42338 -17.4875 0.451914   0.382068    0.67795 -0.0922571   0.00215395   0.00103262 -0.000468156  0.170725 -0.026207 0.0247099 0.804061        0        0 21604
             77.1999 -4.73577 0.492125 -31.3432 -6.42013   -17.48   0.4556    0.40255   0.735584 -0.0663304 0.00206393 0.00104662 -0.0004562   0.170842 -0.0269019  0.0243532 0.799608        0        0 0
             77.3006 -3.73935  1.63504  -32.325 -6.37971 -17.4132 0.445908   0.408859   0.655734 -0.0543201   0.00215712  0.000984992 -0.000476542   0.170639 -0.0264651  0.0248334 0.799601        0        0 21746
             77.3006 -3.51581  1.51089 -32.3048 -6.37195 -17.3971 0.451202   0.460921    0.78412 -0.0170988   0.00210357   0.00102253 -0.000479991   0.170872 -0.0280066  0.0242592 0.795415        0        0 0
             77.4004 -4.11301  3.04625 -32.0232 -6.33789 -17.3348 0.441923   0.329185   0.633339 -0.0579347   0.00217534  0.000976448 -0.000503396   0.170839 -0.0266159  0.0249995 0.79542       0       0 21670
             77.4004 -3.89832  2.94076 -32.0178 -6.33818 -17.3355 0.445043   0.326517   0.626148 -0.0356978  0.00211006  0.00100792 -0.00050187   0.170815 -0.0265327  0.0247462 0.801012        0        0 0
             77.5003 -4.56254   3.4064 -31.5382 -6.31396 -17.2826 0.440623   0.230058   0.530516 -0.0268194   0.00216471   0.00100337 -0.000513594   0.170887 -0.0257068  0.0250358 0.800993        0        0 21769
             77.5003 -4.30876  3.29768 -31.4965 -6.30977 -17.2742  0.44534   0.258039   0.597999 0.00668073   0.00210282   0.00103947 -0.000525267   0.171034 -0.0265037  0.0246055 0.808884        0        0 0
             77.6001 -5.21372  3.81512 -30.4121 -6.29354 -17.2209 0.440656  0.152625     0.545 -0.044496   0.00218783   0.00101095 -0.000529769   0.171398 -0.0258021  0.0250397 0.808857        0        0 21498
             77.6001 -4.8933 3.66391 -30.393 -6.28987 -17.2134 0.444558   0.175981   0.605257 -0.0166504   0.00210255   0.00105869 -0.000532339   0.171542 -0.0265171  0.0246783 0.817304        0        0 0
                77.7 -5.30436  3.50668 -29.4896 -6.27787 -17.1539 0.435346    0.10448   0.606083 -0.0777145   0.00217572   0.00103521 -0.000523596   0.171758 -0.0263221  0.0252386 0.817308        0        0 21572
                77.7 -4.93758  3.38124 -29.4711 -6.27268 -17.1445 0.442057   0.139516   0.678287 -0.0311613   0.00207713   0.00107514 -0.000526312   0.171867 -0.0272105   0.024634 0.820893        0        0 0
             77.8003  -4.5498   3.1244 -28.4741 -6.26469  -17.089  0.43196   0.122608   0.537785 -0.0669483   0.00214193   0.00103909 -0.000521312   0.171874 -0.0261704  0.0253236 0.820835        0        0 21640
             77.8003 -4.25082  3.14293 -28.4967 -6.26473 -17.0839 0.434293   0.114555   0.579611 -0.0508348    0.0020577   0.00103753 -0.000514971   0.172205 -0.0265493  0.0251229 0.832052        0        0 0
             77.9001 -4.24774   5.0763 -29.2493 -6.24985 -17.0319 0.427818   0.168887   0.525116 -0.0294164   0.00213892  0.000990798 -0.000494895    0.17191 -0.0263332  0.0254365 0.832034        0        0 21707
             77.9001 -4.08037  4.79514 -29.2386 -6.24577 -17.0317 0.433125   0.207995   0.521083 0.00918935   0.00209356   0.00106673 -0.000492444   0.171514 -0.0264793  0.0249549 0.827097        0        0 0
             77.9999 -5.98804  3.72877 -30.1552  -6.2315 -16.9794 0.434166  0.17078 0.518036 0.024459   0.00219875   0.00105896 -0.000494695   0.172379 -0.0262145  0.0251478 0.827147        0        0 21945
             77.9999 -5.62131   3.6092 -30.1469 -6.22565  -16.966 0.435034  0.209758  0.622709 0.0303297   0.00211638   0.00109883 -0.000498713   0.172554 -0.0274541  0.0250052 0.82443       0       0 0
             78.1006 -5.95911   3.3207 -30.9032 -6.20597 -16.9123 0.437028  0.241783  0.518517 0.0155364   0.00218278   0.00105174 -0.000500465    0.17278 -0.0268237  0.0252131 0.824391        0        0 21982
             78.1006 -5.62314  3.22919 -30.9183 -6.20477 -16.9149  0.44285  0.255915   0.49244 0.0589352   0.00208029   0.00107495 -0.000492868   0.172527 -0.0266396  0.0247149 0.822504        0        0 0
             78.2004 -6.40375  1.82016 -32.0282 -6.18065  -16.867 0.442393 0.266036 0.501103 -0.02749   0.00217884   0.00106064 -0.000484678    0.17276 -0.0263773  0.0251067 0.822489        0        0 21881
             78.2004 -6.17903  1.64246 -32.0304 -6.17628 -16.8603 0.447103    0.29878   0.553168 0.00769358  0.00212805  0.00111359 -0.00048119   0.172752 -0.0270272  0.0246429 0.815607        0        0 0
             78.3003  -6.64715 -0.194163  -33.7194 -6.15226  -16.808 0.440266   0.273976   0.545734 -0.0765354   0.00217915   0.00106085 -0.000474405   0.173204 -0.0263685  0.0250839 0.815591        0        0 21649
             78.3003  -6.33787 -0.281876  -33.7688 -6.14753 -16.7985 0.445499   0.305552   0.619859 -0.0394508   0.00210612   0.00108935 -0.000459632   0.173351 -0.0272201  0.0245751 0.805079        0        0 0
             78.4001   -5.51147 -0.0264578   -35.7388 -6.11969 -16.7469 0.432082   0.293341   0.505689 -0.0971877   0.00218413  0.000996231 -0.000462717   0.173278 -0.0265861  0.0254452 0.805048        0        0 21531
             78.4001   -5.14821 -0.0100553   -35.7141 -6.11267 -16.7267 0.438822   0.332875   0.672439 -0.0514103  0.00210986  0.00100542 -0.00047306   0.173958 -0.0283352  0.0247084 0.806636        0        0 0
             78.5003 -4.04343  1.33108 -36.1031 -6.08601 -16.6756 0.428648   0.265245   0.521416 -0.0738531   0.00216411  0.000969037 -0.000498448  0.173424 -0.027032 0.0253182 0.80658       0       0 21874
             78.5003 -3.81974  1.23586  -36.136 -6.08721 -16.6821 0.435194  0.262186  0.462783 -0.025917   0.00208496  0.000987575 -0.000485447   0.173058 -0.0264543  0.0248255 0.807856        0        0 0
             78.6002 -4.22427  1.80549 -37.2666 -6.06765 -16.6359 0.429364   0.155787    0.45824 -0.0294444   0.00217337  0.000981926 -0.000485902   0.173527 -0.0264261   0.025256 0.807855        0        0 21852
             78.6002  -4.0254  1.67296 -37.2568 -6.06234  -16.626 0.431829   0.192215   0.541426 -0.0121085   0.00214463   0.00102599 -0.000488964   0.173738 -0.0273755  0.0249935 0.817172        0        0 0
                78.7 -4.83793  1.49136 -37.0973 -6.05686 -16.5797 0.428447  0.0577113   0.481128 -0.0313105   0.00218816   0.00101308 -0.000515625   0.174123 -0.0263332  0.0252652 0.817173        0        0 21685
                78.7 -4.62573  1.35763 -37.1118 -6.05167 -16.5747 0.432884   0.0988879    0.519831 0.000883497   0.00214335   0.00104839 -0.000509778   0.174028 -0.0269215   0.024867 0.807753        0        0 0
             78.7999 -4.98611  1.86313 -36.9078 -6.05069 -16.5301 0.425248  0.0239589   0.457497 -0.0630149   0.00218311   0.00100431 -0.000517232   0.174329 -0.0260623  0.0254344 0.807732        0        0 21669
             78.7999 -4.70321  1.75481  -36.903 -6.04578 -16.5185 0.432708   0.0543139    0.556787 -0.00970216   0.00212739   0.00104622 -0.000517398   0.174746 -0.0270833   0.024777 0.81368       0       0 0
             78.9006    -5.08  2.07213 -36.1274 -6.04535 -16.4728 0.428726  0.0238172   0.455696 -0.0231179   0.00216049    0.0010022 -0.000528136    0.17458 -0.0261912  0.0251641 0.813664        0        0 21776
             78.9006  -4.8245  2.05536 -36.1198 -6.04598 -16.4735 0.437211 0.0182852  0.447617 0.0380088   0.00208418   0.00100836 -0.000529387    0.17459 -0.0260537  0.0244919 0.819236        0        0 0
             79.0004 -4.32961  3.59459 -36.0788 -6.04339 -16.4315 0.428747  0.0310489   0.419348 -0.0411431    0.0021737  0.000972213 -0.000519814   0.174453 -0.0260551  0.0255667 0.819198        0        0 21964
             79.0004 -4.02018  3.43488 -36.0782 -6.04019 -16.4295 0.434458   0.0570179    0.432373 0.000850898   0.00208207   0.00102133 -0.000515968   0.174318 -0.0263249   0.025072 0.818462        0        0 0
             79.1003 -3.87605  3.55602 -36.4297  -6.0355 -16.3858  0.42415   0.085129   0.414673 -0.0881725   0.00217491  0.000998167 -0.000505482   0.174733 -0.0263559  0.0258288 0.818454        0        0 22048
             79.1003 -3.58396  3.49312 -36.4602 -6.03065 -16.3744 0.429476   0.113686   0.509374 -0.0508265   0.00209015   0.00101713 -0.000495945   0.175153 -0.0274096    0.02534 0.817454        0        0 0
             79.2001 -2.97074  4.64314 -36.8091 -6.01913  -16.333 0.422815   0.188714   0.403875 -0.0465665  0.00216532 0.000975272 -0.00050412    0.17533 -0.0265617  0.0256985 0.817398        0        0 22150
             79.2001 -2.74904  4.49122 -36.8279 -6.01436  -16.333 0.429223   0.233546   0.396397 0.00306871   0.00209552   0.00102375 -0.000495363    0.17488 -0.0267945  0.0250581 0.81306       0       0 0
                79.3 -3.66461  3.72347  -37.209 -5.99845 -16.2953 0.423787   0.196516    0.39899 -0.0575483   0.00220931    0.0010101 -0.000501731   0.175673 -0.0260535  0.0256451 0.813049        0        0 22194
                79.3 -3.48212  3.55536 -37.2117 -5.99522 -16.2926 0.426246   0.223125    0.42062 -0.0379196    0.0021508   0.00106265 -0.000498552   0.175583 -0.0264498  0.0253832 0.818186        0        0 0
             79.4006 -4.60314  2.86429 -37.7675 -5.97358 -16.2488 0.416881   0.280812    0.46315 -0.0857982   0.00222853   0.00101027 -0.000502533  0.176145 -0.026091 0.0258734 0.818162        0        0 22221
             79.4006 -4.26677  2.77603 -37.7947  -5.9692 -16.2437 0.422877   0.314426   0.502831 -0.0392692   0.00212172   0.00103682 -0.000491988   0.176153 -0.0267049  0.0252847 0.81963       0       0 0
             79.5004 -4.87769  2.27798 -38.6519 -5.94005 -16.1958 0.414546   0.31996  0.499898 -0.091313   0.00222272  0.000994857 -0.000498407   0.176376 -0.0261385  0.0256527 0.819585        0        0 22051
             79.5004 -4.55268  2.19692 -38.6712 -5.93657 -16.1887 0.420044  0.343292  0.559995 -0.048553   0.00212036   0.00101942 -0.000490456   0.176622 -0.0268532  0.0251036 0.820949        0        0 0
             79.6003 -4.67093  2.95778 -38.8835 -5.90582 -16.1388 0.407857    0.31638   0.491352 -0.0978151   0.00220087  0.000964489 -0.000514433   0.176546 -0.0262886  0.0257452 0.820913        0        0 22121
             79.6003 -4.37158  2.87318 -38.9022 -5.90181 -16.1376 0.412883   0.350898   0.495672 -0.0610461   0.00210802  0.000989714 -0.000505752   0.176277 -0.0265826  0.0252692 0.818454        0        0 0
             79.7001 -4.73152  3.91231 -38.8417 -5.87553 -16.0961 0.405656   0.243656   0.419233 -0.0542655   0.00221976  0.000958078 -0.000519975   0.176335 -0.0257499  0.0255784 0.818408        0        0 22256
             79.7001 -4.42712  3.81271 -38.8342 -5.87209 -16.0919 0.410658   0.270461   0.453974 -0.0156253   0.00212813  0.000988965 -0.000519599   0.176368 -0.0262524  0.0250769 0.814873        0        0 0
                79.8 -5.32532  4.27451 -38.4346 -5.85757 -16.0484  0.40652   0.123158   0.452868 -0.0260923   0.00222286  0.000967929 -0.000530933   0.176959 -0.0255734  0.0254667 0.81487       0       0 22162
                79.8 -5.10133  4.09685 -38.4201 -5.85291  -16.041 0.410084     0.155577     0.515854 -0.000183886   0.00215738   0.00102355 -0.000531042   0.177146 -0.0263709  0.0251082 0.830368        0        0 0
             79.9003  -5.8746  4.55095 -37.4203 -5.84404 -15.9898 0.401996     0.0753   0.520651 -0.0672073   0.00221351  0.000971819 -0.000543623   0.177511 -0.0260947  0.0259544 0.830316        0        0 22128
             79.9003 -5.55866   4.4665 -37.4224 -5.83969 -15.9825 0.406515   0.108652   0.585078 -0.0303704   0.00211904  0.000997813 -0.000539993   0.177719 -0.0269089  0.0254588 0.823945        0        0 0
             80.0001 -5.79582  5.02717 -35.8425   -5.837  -15.933 0.401006 0.0161107  0.527641 -0.055142   0.00220222  0.000969017 -0.000557009   0.177365 -0.0257346  0.0257842 0.823881        0        0 22174
             80.0001 -5.49265  4.86184 -35.8135  -5.8339 -15.9333 0.408038  0.0462182   0.520691 0.00103929   0.00210982   0.00101791 -0.000560632   0.177084 -0.0258512  0.0250762 0.82868       0       0 0
                80.1 -5.68423  5.13663 -34.3045 -5.83654 -15.8875   0.4028 -0.00106608    0.453556  -0.0497882   0.00217656  0.000969684 -0.000554628   0.177376 -0.0250233  0.0256499 0.828603        0        0 22251
                80.1  -5.4573  5.08244 -34.3115 -5.83148 -15.8801 0.405831  0.0385457   0.516449 -0.0253036   0.00210901  0.000987118 -0.000550337   0.177474 -0.0258741  0.0252783 0.838973        0        0 0
             80.2006 -4.99842  7.01425 -33.4807 -5.83297 -15.8338 0.397727 -0.00127477    0.459533  -0.0639938   0.00216209  0.000937891 -0.000541353   0.177772 -0.0251945  0.0259065 0.838926        0        0 22563
             80.2006 -4.67195  6.83011 -33.5049 -5.82619  -15.826 0.397777   0.053028   0.525244 -0.0610457   0.00207084  0.000994426 -0.000528204   0.177688 -0.0262309  0.0257611 0.838148        0        0 0
             80.3004 -4.52111  7.02846 -33.3973 -5.82969 -15.7768 0.392249 0.00744163   0.493211 -0.0379548   0.00215423  0.000993159 -0.000523867   0.178532 -0.0254704  0.0260304 0.838105        0        0 22707
             80.3004 -4.26011  6.88142 -33.4207 -5.82498 -15.7737   0.3955  0.0488612   0.515887 -0.0110388   0.00208387   0.00103268 -0.000514416   0.178314 -0.0259489  0.0256386 0.84853       0       0 0
             80.4003 -4.98642  7.13186 -34.0779 -5.81928 -15.7241 0.395569  0.111589  0.489061 0.0073952   0.00217859  0.000986043 -0.000508653   0.178808 -0.0257342  0.0257506 0.848515        0        0 22768
             80.4003 -4.76004  6.93685 -34.0847 -5.81479 -15.7214 0.396547  0.15117 0.508915 0.016187  0.00211748  0.00104164 -0.00050236   0.178559 -0.0261813  0.0255813 0.844042        0        0 0
             80.5001 -5.95451  5.75911 -34.7804 -5.80001  -15.675 0.397664   0.206722      0.474 0.00629623   0.00218226   0.00101243 -0.000506204   0.178686 -0.0255387  0.0257274 0.84405       0       0 22650
             80.5001  -5.7202  5.56305 -34.7959 -5.79428 -15.6705 0.400218  0.257181  0.509564 0.0286912   0.00211908   0.00106886 -0.000496911   0.178458 -0.0261927  0.0253808 0.847058        0        0 0
                80.6 -6.18049  4.69065 -35.8473 -5.77162 -15.6248 0.397317   0.282102   0.476238 -0.0395374  0.00219275 0.000999777 -0.00050515    0.17892 -0.0253624  0.0259328 0.846961        0        0 22414
                80.6 -5.86687  4.57692 -35.8781 -5.76687  -15.622 0.401053    0.325044    0.496563 -0.00778746  0.00210099  0.00103169 -0.00049232  0.178685 -0.025827 0.0254867 0.84043       0       0 0
             80.7007 -6.26385  3.52534 -37.5175 -5.73733 -15.5725 0.392571   0.326177   0.493502 -0.0724745   0.00220657  0.000993894 -0.000491469   0.179272 -0.0254617   0.026217 0.840387        0        0 22409
             80.7007 -5.96561  3.47086 -37.5694 -5.73234  -15.563 0.395953   0.361973   0.572689 -0.0459134   0.00212156   0.00101135 -0.000474364  0.179507 -0.026439 0.0258123 0.83824       0       0 0
             80.8005 -5.28538  3.85143 -38.2449 -5.70095 -15.5087 0.386098   0.292917   0.547153 -0.0616168  0.00218189  0.00096764 -0.00050309   0.179701 -0.0261266  0.0265018 0.838226        0        0 22300
             80.8005 -4.99624  3.64609 -38.2051 -5.69805  -15.505 0.390799  0.314871  0.577892 -0.024449   0.00210363   0.00102955 -0.000508786   0.179732 -0.0265419  0.0260124 0.82672       0       0 0
             80.9004 -4.60688   3.0009 -38.0278 -5.67581 -15.4541 0.387064   0.205596   0.496127 -0.0227488   0.00219033  0.000985734 -0.000525182   0.179919 -0.0259054  0.0263249 0.826698        0        0 22171
             80.9004  -4.3373  2.91564 -38.0722 -5.67484 -15.4648  0.39225  0.226839  0.393866 0.0173921   0.0020941 0.000991473 -0.00051283   0.179045 -0.0251492  0.0258722 0.828384        0        0 0
             81.0002 -4.42663  2.94839 -38.0289 -5.65954 -15.4231 0.392942  0.133429  0.401899 0.0142253   0.00219226  0.000971638 -0.000521069   0.179862 -0.0252184  0.0261011 0.828412        0        0 22171
             81.0002 -4.18013  2.77876 -38.0339 -5.65442 -15.4184 0.394858  0.172701  0.438211 0.0280625   0.00213114   0.00101999 -0.000516173   0.179776 -0.0258151    0.02589 0.833928        0        0 0
             81.1001 -5.19466  2.76025 -37.3715 -5.64635 -15.3769 0.394057  0.0707334   0.411015 -0.0160712   0.00221506  0.000976555 -0.000532806   0.180433 -0.0253574  0.0261781 0.833933        0        0 22023
             81.1001 -4.89482   2.6213 -37.3746 -5.63948 -15.3673 0.397846 0.121677 0.490903 0.011828   0.00214544   0.00102027 -0.000529126   0.180564 -0.0264108  0.0257874 0.839622        0        0 0
             81.2003 -5.18945  3.00039  -35.697 -5.63497 -15.3261 0.396942   0.0540993    0.396835 -0.00912791   0.00218364   0.00097047 -0.000553992   0.180753 -0.0256105  0.0260248 0.839644        0        0 21858
             81.2003 -4.97256  2.86483 -35.7002 -5.63109 -15.3256  0.39904  0.0888293   0.395743 0.00708439   0.00212305   0.00100468 -0.000549666  0.180436 -0.025847 0.0258044 0.845728        0        0 0
             81.3001 -4.95543  3.36547  -34.065 -5.62484 -15.2914  0.39675  0.0660728   0.337879 -0.0207235   0.00215228   0.00097298 -0.000547498   0.180416 -0.0254642  0.0260925 0.845731        0        0 22063
             81.3001 -4.72029  3.22337 -34.0696 -5.62004 -15.2867 0.403117  0.105806  0.375177 0.0282679   0.00209441   0.00101386 -0.000543478   0.180329 -0.0260386  0.0254682 0.84929       0       0 0
                81.4 -3.40983  3.91883 -32.7567   -5.615 -15.2508 0.395629  0.0786305   0.344134 -0.0782966  0.00213957 0.000977699 -0.00053542   0.180961 -0.0257545  0.0262527 0.849282        0        0 22257
                81.4 -3.21728  3.83751 -32.8065 -5.61443 -15.2585 0.399549  0.0925522   0.270565 -0.0473798  0.00206951 0.000985065 -0.00051818   0.180383 -0.0251579   0.025914 0.852412        0        0 0
             81.5006 -2.66569  4.65492 -32.7822 -5.60684 -15.2263  0.38626  0.118427  0.339541 -0.113236    0.0021526  0.000984245 -0.000509404  0.181269 -0.025337 0.0265743 0.852367        0        0 22505
             81.5006 -2.40772  4.50384 -32.7934 -5.60114 -15.2196 0.388063  0.161643  0.389607 -0.100415   0.00209615   0.00102675 -0.000506369   0.181178 -0.0260698  0.0263762 0.858764        0        0 0
             81.6005 -2.66162   4.3567 -32.9944 -5.58656 -15.1804 0.374438  0.198009  0.407195 -0.133682   0.00217445     0.001017 -0.000502144  0.181763 -0.025656 0.0267813 0.858754        0        0 22478
             81.6005 -2.45415  4.18766 -33.0664 -5.58282  -15.187 0.378288  0.240732  0.340385 -0.101394  0.00210187  0.00104423 -0.00047531   0.181003 -0.0253083  0.0263719 0.855394        0        0 0
             81.7003 -3.92773  3.69632 -34.7474 -5.55963 -15.1464 0.369113   0.271491     0.4212 -0.0869976   0.00219053   0.00101519 -0.000474712   0.181862 -0.0255518  0.0263619 0.855453        0        0 22421
             81.7003 -3.69335  3.51897 -34.7728 -5.55285 -15.1405 0.369025  0.330098  0.469645 -0.086608    0.0021442   0.00105955 -0.000466257   0.181607 -0.0263545  0.0263059 0.851178        0        0 0
             81.8002 -4.55291  2.93877 -36.4367 -5.52405 -15.0941 0.363604   0.332161    0.48979 -0.0365299   0.00220132   0.00102389 -0.000486185   0.182273 -0.0257339  0.0262577 0.851145        0        0 22356
             81.8002 -4.28408  2.81386 -36.4707 -5.51932 -15.0955 0.365964   0.377765   0.470524 -0.0177438    0.0021242   0.00104758 -0.000472086    0.18175 -0.0258621  0.0260069 0.849172        0        0 0
             81.9001 -3.96529  2.92476 -36.9762 -5.48744 -15.0446 0.363935    0.311765    0.515438 -0.00725283   0.00219992  0.000996744 -0.000509972   0.182476 -0.0257663  0.0262031 0.849172        0        0 22154
             81.9001 -3.69772  2.82658 -37.0146 -5.48229 -15.0422 0.368895  0.355279  0.528364 0.0290459   0.00211966   0.00102317 -0.000495751  0.182189 -0.026167 0.0257469 0.85061       0       0 0
             82.0003 -3.84081  3.22838 -36.8872 -5.45534 -14.9922 0.365448   0.249408   0.519241 -0.0206832    0.0021932  0.000981309 -0.000521356   0.182541 -0.0256239   0.026423 0.850597        0        0 22233
             82.0003 -3.64326  3.09842 -36.9167 -5.45267 -14.9944 0.367724    0.276311    0.494082 -0.00290613   0.00213138   0.00102315 -0.000509802   0.182101 -0.0255901  0.0261917 0.852417        0        0 0
             82.1002 -4.28478  3.43271 -36.3443 -5.43356 -14.9443 0.364388   0.168566   0.510043 -0.0252631   0.00219684  0.000982141 -0.000533837   0.182648 -0.0253121  0.0265125 0.852413        0        0 22194
             82.1002 -4.11732  3.32163 -36.3593 -5.42957  -14.942 0.368219    0.20177   0.524496 0.00264161   0.00214247   0.00101725 -0.000526452   0.182453 -0.0256829  0.0261387 0.849901        0        0 0
                82.2 -4.82378  3.65391 -35.1304 -5.41783 -14.8906  0.36255  0.0993358   0.543004 -0.0413114   0.00218836  0.000989617 -0.000548094   0.182826 -0.0252682  0.0267439 0.84986       0       0 22222
                82.2  -4.5963  3.44269 -35.1252 -5.41114  -14.884 0.363663   0.152727   0.595951 -0.0330692   0.00212394   0.00104934 -0.000543929   0.182697 -0.0261607  0.0265765 0.858146        0        0 0
             82.3006 -4.66019  3.66906 -33.5255 -5.40428 -14.8238 0.358944   0.071655   0.602354 -0.0337639   0.00218712   0.00100248 -0.000555175   0.183365 -0.0257772  0.0268033 0.858143        0        0 22237
             82.3006 -4.40671  3.51204 -33.5831 -5.40161 -14.8319 0.362549    0.104864    0.523913 -0.00558683   0.00210071   0.00103161 -0.000532873   0.182591 -0.0252929  0.0264719 0.848783        0        0 0
             82.4005 -4.70265  3.91182 -32.2658 -5.39631 -14.7764 0.361396 0.0740533  0.547419 0.0130072   0.00217705  0.000980485 -0.000547368   0.183617 -0.0253238  0.0268161 0.848774        0        0 22015
             82.4005 -4.43781   3.7751 -32.2458 -5.39555 -14.7817 0.362236 0.0855263  0.496041 0.0207867   0.00209399   0.00102272 -0.000550337    0.18316 -0.0249285  0.0267296 0.867666        0        0 0
             82.5003 -3.8391 4.32245 -31.296 -5.38781 -14.7257 0.369057 0.0787065  0.565356 0.0630229   0.00216504  0.000976323 -0.000540435  0.183844 -0.025347 0.0264322 0.867571        0        0 21841
             82.5003 -3.57104  4.08242  -31.324 -5.38157 -14.7284 0.373191  0.138037   0.53132 0.0940676   0.00207906   0.00105247 -0.000526127   0.183023 -0.0253774  0.0259922 0.87032       0       0 0
             82.6001 -3.41189  3.17506 -31.3395 -5.37109 -14.6683 0.379561  0.123079  0.593859 0.0527547  0.00215678  0.00100761 -0.00050791   0.184008 -0.0257695  0.0262643 0.870351        0        0 21800
             82.6001 -3.16981  3.03584 -31.3743 -5.36569 -14.6652 0.378385  0.168707   0.61394 0.0439956   0.00208325   0.00104849 -0.000495176  0.183653 -0.026289 0.0263134 0.87056       0       0 0
                82.7 -3.36658  3.11143 -32.4397  -5.3522 -14.6015 0.378545   0.146956    0.62475 -0.0174675   0.00217611  0.000979796 -0.000481902   0.184565 -0.0263956  0.0265614 0.870548        0        0 21909
                82.7 -3.16082  2.95917 -32.5609 -5.34812 -14.6165 0.381099   0.204356   0.481322 0.00379328    0.0021064   0.00102321 -0.000441924   0.183112 -0.0253105  0.0262793 0.868617        0        0 0
             82.8003 -3.92643  2.17423 -35.6606 -5.33773 -14.5593 0.376726  0.0812726   0.572294 -0.0300418   0.00218842  0.000985083 -0.000440373   0.184574 -0.0256524  0.0267219 0.868622        0        0 21784
             82.8003 -3.71292  2.01561 -35.7123 -5.33561  -14.563 0.378805   0.104304   0.535901 -0.0132737   0.00212148   0.00103517 -0.000421754   0.184109 -0.0254499  0.0265075 0.862229        0        0 0
             82.9001 -4.34298  1.03475 -39.1006 -5.33243 -14.5034 0.377123 0.0176892  0.573246 0.0124765   0.00221255  0.000970864 -0.000441657   0.185241 -0.0257299  0.0267565 0.862276        0        0 21581
             82.9001 -4.06976 0.828118 -39.1433 -5.32856 -14.5094 0.375223    0.0598114     0.513456 -0.000407211   0.00212506   0.00103555 -0.000424552   0.184403 -0.0254928  0.0268993 0.843782        0        0 0
             82.9999 -4.90286  1.34033 -42.4906 -5.32747 -14.4528  0.37767 -0.0183325   0.522084  0.0387054   0.00223265  0.000932115 -0.000453066   0.185555 -0.0259608   0.026837 0.843805        0        0 21383
             82.9999    -4.71  1.21781 -42.5434 -5.32621 -14.4649 0.377735 0.00785567    0.41017  0.0410728   0.00216745   0.00097221 -0.000433403   0.184474 -0.0251797  0.0268444 0.84536       0       0 0
             83.1006 -6.32808 0.113238 -45.9209 -5.33313 -14.4165 0.382766 -0.108914    0.4897 0.0332702   0.00227501  0.000963554 -0.000461514   0.185445 -0.0254802  0.0267723 0.845382        0        0 21647
             83.1006   -6.10205 -0.0796791   -45.9428 -5.32921 -14.4199 0.380055 -0.072021   0.45362  0.014652   0.00220496   0.00102053 -0.000449624    0.18481 -0.0255153  0.0269909 0.846041        0        0 0
             83.2004  -7.29969 -0.635691  -48.0224  -5.3389 -14.3662 0.382238 -0.102837  0.517447 0.0154548   0.00228943  0.000953658 -0.000485698   0.185701 -0.0259828  0.0268516 0.846036        0        0 21327
             83.2004  -7.10068 -0.756297  -48.0394 -5.33689 -14.3712 0.386464 -0.0807442   0.466694  0.0473285   0.00222481   0.00098375 -0.000475909   0.185082 -0.0257608  0.0264943 0.844367        0        0 0
             83.3003 -7.93259 -0.96851 -50.0923 -5.34803 -14.3234 0.394416 -0.110162  0.489061 0.0698242   0.00224668  0.000922989 -0.000493117   0.185546 -0.0255649  0.0262445 0.844395        0        0 21175
             83.3003 -7.79644 -1.18003 -50.0842 -5.34688 -14.3307 0.391242 -0.0945573   0.418576  0.0483063   0.00219956  0.000979882 -0.000486245   0.184784 -0.0252321  0.0265637 0.840409        0        0 0
             83.4001 -8.47495 -1.97501 -50.9804 -5.36772 -14.2846 0.399473 -0.195826   0.47305 0.0487247   0.00225858  0.000936966 -0.000523434   0.185806 -0.0245686  0.0262279 0.840457        0        0 20820
             83.4001 -8.28933 -2.21114 -50.9683 -5.36629 -14.2904 0.394392 -0.180279  0.417511 0.0136951   0.00219849   0.00100317 -0.000516903    0.18517 -0.0243975  0.0266982 0.844499        0        0 0
                83.5 -8.83958 -2.30886 -51.7027 -5.38563 -14.2442 0.397405  -0.14957  0.442834 0.0210706   0.00225032  0.000919206 -0.000530591   0.186005 -0.0243728  0.0264462 0.844547        0        0 20581
                83.5 -8.60404 -2.44762 -51.7364 -5.38448 -14.2501 0.398298 -0.136484  0.382413 0.0289609   0.00217533  0.000954952 -0.000513309   0.185324 -0.0240956  0.0264313 0.84783       0       0 0
             83.6006  -8.5424 -1.93338 -53.6935  -5.3935  -14.207 0.405426 -0.0268458   0.396663  0.0795132   0.00224754  0.000878906 -0.000513415   0.186294 -0.0244395  0.0261763 0.847841        0        0 20531
             83.6006  -8.3438 -2.13217  -53.693 -5.39073 -14.2095 0.400281 -0.00239115    0.370026   0.0434103   0.00218243  0.000945004 -0.000503362   0.185873 -0.0245855  0.0266251 0.849291        0        0 0
             83.7005 -8.61526 -2.34025  -54.977 -5.39017 -14.1697 0.408462 0.0596287   0.40132  0.042352   0.00225434  0.000894906 -0.000529506   0.186583 -0.0243204  0.0262147 0.849287        0        0 20292
             83.7005 -8.47302 -2.55554 -54.9815 -5.38915 -14.1763 0.402136   0.0723913    0.337988 -0.00151524   0.00221265  0.000964008 -0.000518854   0.185841 -0.0241254  0.0268432 0.842889        0        0 0
             83.8004 -9.02656  -2.8563   -56.61 -5.37782 -14.1347 0.406213   0.166454    0.40112 0.00720357   0.00227243  0.000912335 -0.000521773  0.186797 -0.024377 0.0262029 0.842913        0        0 20163
             83.8004 -8.83112 -3.06493 -56.6303 -5.37527 -14.1416 0.402794  0.192251  0.332438 -0.015965   0.00221196   0.00096073 -0.000504419    0.18596 -0.0242807  0.0265556 0.849522        0        0 0
             83.9002 -9.22597 -3.21463 -58.4494 -5.36063 -14.1066 0.404818   0.204738   0.357776 -0.0141698    0.0022607  0.000901318 -0.000515383   0.186732 -0.0235433  0.0261863 0.849545        0        0 20211
             83.9002 -9.06491 -3.41067 -58.4592 -5.35811  -14.113 0.400976   0.229458   0.293395 -0.0411454   0.00221037  0.000944457 -0.000501235   0.185955 -0.0234928  0.0265736 0.837125        0        0 0
                  84 -8.97489 -3.95685 -60.3243 -5.34058 -14.0715 0.398929   0.201533    0.41291 -0.0400116   0.00226286  0.000911553 -0.000520918   0.187515 -0.0232535  0.0262291 0.837169        0        0 20338
                  84 -8.76098 -4.17233 -60.3271 -5.33874 -14.0792 0.394676   0.220566   0.337476 -0.0688588   0.00219494  0.000961944 -0.000508482   0.186645 -0.0231247  0.0266653 0.834918        0        0 0
             84.1003 -7.73988 -3.28864    -61.7 -5.32168 -14.0419 0.396417    0.184308    0.344154 -0.00436803   0.00223141  0.000869291 -0.000528796   0.187543 -0.0227113  0.0259142 0.834987        0        0 20403
             84.1003 -7.63438 -3.38673 -61.7009 -5.31828 -14.0401 0.389457   0.211017    0.36045 -0.0556809   0.00220758  0.000896789 -0.000525482   0.187618 -0.0231757  0.0264493 0.825739        0        0 0
             84.2001 -8.15449 -1.39458 -62.6173 -5.30401 -14.0028 0.389007   0.132378   0.416238 -0.0179479  0.00227003 0.000853393 -0.00054726     0.1878 -0.0226252  0.0260608 0.825752        0        0 20838
             84.2001 -8.03173 -1.67096 -62.6014 -5.30135 -14.0093 0.384748   0.157043   0.350865 -0.0502105   0.00223198  0.000922043 -0.000540946  0.186989 -0.022651 0.0265067 0.84624       0       0 0
                84.3 -8.34197 -1.23315 -62.8936 -5.29178 -13.9662 0.384891   0.086994   0.460352 0.00756147   0.00225915  0.000881894 -0.000557107   0.187475 -0.0223123  0.0261233 0.846274        0        0 20838
                84.3 -8.19189 -1.42603 -62.8621 -5.28779  -13.962 0.383157    0.117316    0.498944 -0.00608201   0.00222586  0.000944616 -0.000559122   0.187736 -0.0228452  0.0261995 0.846874        0        0 0
             84.4006  -8.60328 -0.921058  -62.1753 -5.28369 -13.9144 0.387712  0.042835  0.476346 0.0635318   0.00225978  0.000889697 -0.000577429   0.187843 -0.0221614  0.0261164 0.846888        0        0 21155
             84.4006 -8.45156 -1.11319 -62.1589 -5.28336 -13.9199 0.385247 0.0475354  0.424091  0.046209   0.00221115  0.000931329 -0.000573939  0.187265 -0.022026 0.0263647 0.833349        0        0 0
             84.5004 -8.82659 -1.13047  -61.281 -5.28667 -13.8732 0.391486 -0.0311931   0.492522  0.0736649    0.0022238  0.000901269 -0.000581459    0.18777 -0.0214614  0.0264058 0.833378        0        0 20943
             84.5004 -8.67743 -1.37746 -61.2696 -5.28304 -13.8756 0.385155 -0.000491933     0.468834    0.0261567   0.00218718  0.000961608 -0.000574637   0.187386 -0.0217665  0.0269239 0.838227        0        0 0
             84.6003  -8.7434 -1.68183 -60.8413  -5.2924 -13.8268 0.394085 -0.0760045   0.476931   0.106554   0.00221418  0.000910176 -0.000568308   0.188062 -0.0210215  0.0266174 0.838283        0        0 20859
             84.6003 -8.58353 -1.88369 -60.8353 -5.29276 -13.8344 0.391285 -0.0767709   0.402772  0.0868551   0.00215907  0.000949081 -0.000561351  0.187297 -0.020726 0.0269224 0.840712        0        0 0
             84.7001 -8.14414 -2.61074 -61.0572 -5.29801 -13.7819 0.411057 -0.0393768   0.519353   0.181777   0.00220299  0.000919922 -0.000547381   0.188438 -0.0212008  0.0260185 0.84074       0       0 20714
             84.7001  -8.0125 -2.88013 -61.0343 -5.29649 -13.7859 0.405742 -0.0253742   0.482035   0.142684  0.00216455 0.000987424 -0.00054341   0.187984 -0.0212505  0.0264873 0.844338        0        0 0
                84.8 -7.78673  -3.5628  -61.134  -5.2997 -13.7307 0.423355 0.0281928  0.548686  0.137258   0.00220768  0.000923808 -0.000549338   0.188884 -0.0209766  0.0260601 0.844339        0        0 20512
                84.8 -7.63192 -3.77455 -61.1283 -5.29669 -13.7334 0.419214 0.054498 0.522306 0.107064   0.00216724    0.0009742 -0.000542944   0.188487 -0.0211876  0.0264103 0.841172        0        0 0
             84.9007 -7.81884 -4.26013  -61.336  -5.2894 -13.6812 0.425145  0.115731  0.513971 0.0166861    0.0022156  0.000909118 -0.000539374   0.188608 -0.0209466  0.0264733 0.841171        0        0 20219
             84.9007 -7.68896 -4.45483 -61.3412 -5.28824 -13.6898 0.422086    0.129252    0.430307 -0.00451728   0.00217109  0.000950945 -0.000526782  0.187696 -0.020745 0.0268242 0.850338        0        0 0
             85.0005 -8.40447 -4.81657 -62.4592 -5.27877 -13.6389 0.427587  0.154824  0.499708 0.0300816   0.00225131  0.000867057 -0.000524761   0.189052 -0.0203223  0.0261529 0.850359        0        0 19766
             85.0005 -8.23195 -5.03015 -62.4642 -5.27488  -13.641 0.422845    0.186697    0.478612 -0.00350567   0.00219967  0.000933882 -0.000513949   0.188677 -0.0206362  0.0265538 0.840932        0        0 0
             85.1004 -8.70962 -5.74528 -63.1833  -5.2603 -13.5896 0.425484  0.214155   0.52591 0.0239903    0.0022351   0.00087382 -0.000535537  0.189423 -0.019877  0.026379 0.840966        0        0 19622
             85.1004 -8.53344 -6.02063 -63.1908 -5.25785 -13.5989 0.414549   0.236225   0.436275 -0.0538321   0.00218122  0.000965707 -0.000520427    0.18839 -0.0198534  0.0274592 0.838043        0        0 0
             85.2002 -8.22573 -6.85996 -64.8105  -5.2353 -13.5476 0.417575   0.247305   0.520471 -0.0193574   0.00222561  0.000885777 -0.000508162   0.189264 -0.0195997  0.0264479 0.838121        0        0 19410
             85.2002 -8.06872 -7.04581 -64.8331 -5.23173 -13.5524 0.410951   0.278035   0.472229 -0.0688679   0.00218153  0.000936007 -0.000493752    0.18864 -0.0198335   0.027113 0.830391        0        0 0
                85.3 -7.80604 -6.23634  -66.372 -5.21615 -13.5006 0.416249  0.183045  0.516744 0.0153322   0.00222331  0.000864538 -0.000515137   0.189396 -0.0186799  0.0259398 0.830482        0        0 19525
                85.3  -7.6273 -6.48143 -66.3521 -5.21179 -13.5025  0.40972  0.218985  0.498929 -0.033455   0.00217892  0.000925715 -0.000511933   0.189122 -0.0190919   0.026502 0.831386        0        0 0
             85.4003 -7.20391 -6.73011 -67.2044 -5.19868 -13.4526 0.417723   0.16557  0.487395 0.0509699   0.00220949  0.000879651 -0.000528503   0.189431 -0.0180717  0.0256771 0.831425        0        0 19510
             85.4003 -7.03856 -6.93755 -67.2075 -5.19346 -13.4522 0.412411  0.206879   0.49046 0.0124863   0.00216852  0.000940991 -0.000521957   0.189351 -0.0186015  0.0260713 0.838362        0        0 0
             85.5001   -7.159 -5.95814  -67.002 -5.18036 -13.4063 0.417341  0.141728   0.44484 0.0477253   0.00221656   0.00085345 -0.000551896   0.189444 -0.0178604  0.0258434 0.838385        0        0 19572
             85.5001  -7.1124   -6.156 -66.9577   -5.178 -13.4043 0.410276    0.159377    0.465743 -0.00473879   0.00220436  0.000916194 -0.000558875    0.18969 -0.0182236   0.026408 0.830423        0        0 0
             85.6003 -7.99694 -5.92355 -66.0707 -5.16435 -13.3643 0.418249  0.156577  0.392635 0.0691332   0.00223758  0.000870385 -0.000566776    0.18911 -0.0176672  0.0259354 0.830418        0        0 19628
             85.6003  -7.8242 -6.15008 -66.0489 -5.16192 -13.3654 0.408758    0.174397    0.382513 -0.00112361   0.00218372  0.000940273 -0.000564624   0.189022 -0.0179642  0.0267903 0.832838        0        0 0
             85.7002 -7.95116 -5.70414 -64.4225 -5.14765 -13.3229  0.41203   0.14885  0.434656 0.0134024    0.0022134  0.000869085 -0.000580797   0.189484 -0.0176529  0.0263912 0.83285       0       0 19746
             85.7002 -7.77154 -5.94728 -64.3719 -5.14432 -13.3166  0.40588   0.172047   0.496203 -0.0326166  0.00215333 0.000947169 -0.00058659  0.190148 -0.018252 0.0268093 0.840475        0        0 0
             85.8001 -7.79018 -5.33029  -61.975 -5.13803 -13.2717 0.408232   0.0742959    0.461679 0.000807398   0.00219832  0.000873539 -0.000598745   0.189747 -0.0170578  0.0264271 0.840522        0        0 20016
             85.8001 -7.62196 -5.51397 -61.9611 -5.13488 -13.2733 0.405395   0.098978   0.446108 -0.0192222   0.00214491  0.000930645 -0.000595134   0.189479 -0.0173261  0.0266776 0.840888        0        0 0
             85.8999 -7.18798 -4.99517 -59.9794 -5.12935 -13.2253 0.409916 0.0627496   0.47434 0.0138785   0.00218568  0.000870757 -0.000578944   0.189896 -0.0170274  0.0260378 0.840915        0        0 20192
             85.8999 -7.01623 -5.19051 -59.9685  -5.1272 -13.2288 0.406534  0.0803318   0.440211 -0.0100209   0.00213209  0.000931545 -0.000574698   0.189451 -0.0171226  0.0263794 0.846692        0        0 0
             86.0006 -6.25666 -3.37146 -59.1133 -5.12088 -13.1785 0.409788 0.0921387  0.468251 0.0147842   0.00216761  0.000847303 -0.000549371  0.190576 -0.017149 0.0258094 0.846681        0        0 20387
             86.0006  -6.1551 -3.49153 -59.1311 -5.11989 -13.1859 0.408641     0.1036    0.39611 0.00783505    0.0021371  0.000878751 -0.000539104   0.189712 -0.0169189  0.0260188 0.847634        0        0 0
             86.1004 -5.68519 -2.00443 -58.7269   -5.114 -13.1363 0.409013    0.114273    0.524297 -0.00949901   0.00219347  0.000871803 -0.000547096   0.191223 -0.0165675  0.0259922 0.847602        0        0 20557
             86.1004 -5.55772  -2.2583 -58.7074 -5.11007 -13.1379 0.406019   0.147381   0.507909 -0.0314642    0.0021574  0.000945342 -0.000545986    0.19087 -0.0168786  0.0262607 0.851102        0        0 0
             86.2003 -5.84288  -1.3981 -58.3007 -5.09904 -13.0816 0.401519   0.170154   0.565464 -0.0604563   0.00219473   0.00088339 -0.000544812   0.191787 -0.0163694  0.0261998 0.851128        0        0 20929
             86.2003 -5.71036 -1.58262 -58.3341 -5.09836  -13.095 0.396456   0.183059   0.436451 -0.0942269   0.00215076  0.000923384 -0.000524557  0.190369 -0.015853  0.026738 0.861368        0        0 0
             86.3001 -6.29678 -1.04237 -58.7205 -5.08044 -13.0416 0.389236   0.222005   0.553172 -0.0824929   0.00220157  0.000888683 -0.000531977   0.191579 -0.0158699  0.0265354 0.861389        0        0 20704
             86.3001 -6.10687 -1.23636 -58.7214 -5.07793  -13.046 0.387185   0.244559   0.509428 -0.0963277   0.00214366  0.000943624 -0.000524093   0.190981 -0.0158982  0.0267269 0.85451       0       0 0
             86.4003 -6.66826 -1.11674  -59.486 -5.05551 -12.9849 0.382106   0.275298   0.630633 -0.0657022   0.00220412  0.000894149 -0.000531155   0.192076 -0.0156393  0.0262755 0.854484        0        0 20902
             86.4003 -6.46764 -1.32856 -59.4966 -5.05642 -12.9976 0.378777   0.273745   0.511538 -0.0872927     0.002138  0.000949744 -0.000517196   0.190813 -0.0150112  0.0266495 0.859609        0        0 0
             86.5002  -6.09964 -0.705826  -60.2328 -5.02821  -12.937 0.376614   0.296062   0.593239 -0.0208302   0.00218402  0.000880208 -0.000532171   0.191972 -0.0152093  0.0261778 0.859599        0        0 21120
             86.5002  -5.96989 -0.852639  -60.2192 -5.02636 -12.9384 0.373964   0.311601   0.579181 -0.0400489   0.00214564  0.000922893 -0.000530842   0.191731 -0.0153362  0.0264075 0.848229        0        0 0
                86.6  -5.54278 -0.117074  -60.1418 -4.99605 -12.8769 0.375404  0.285483    0.6233 0.0139469    0.0021996  0.000880357 -0.000547755   0.192071 -0.0154394  0.0260011 0.848249        0        0 21302
                86.6  -5.43388 -0.276024  -60.1587 -4.99363 -12.8836 0.377129  0.308029  0.556218 0.0288598   0.00216407  0.000916978 -0.000537579   0.191222 -0.0153246  0.0258543 0.848418        0        0 0
             86.7007 -5.92335  0.76891 -60.1682 -4.97346 -12.8207  0.37979  0.180218  0.634189 0.0614876   0.00219987  0.000873339 -0.000549038    0.19233 -0.0148875  0.0261561 0.848421        0        0 21490
             86.7007 -5.76638  0.56199  -60.178 -4.96966 -12.8279 0.378526  0.215283  0.563567 0.0538278   0.00215262  0.000919932 -0.000539938   0.191383 -0.0149208  0.0262574 0.862486        0        0 0
             86.8005   -6.7953 0.0844395  -59.2773 -4.96164 -12.7662 0.385785 0.0806479  0.630747 0.0865046   0.00220114  0.000906646 -0.000562643   0.19244 -0.014151 0.0264168 0.862521        0        0 21408
             86.8005 -6.66395 -0.11287 -59.2666 -4.95841 -12.7692 0.386442  0.108972  0.599385 0.0925688   0.00216344  0.000956437 -0.000559495   0.191951 -0.0142917  0.0263322 0.859747        0        0 0
             86.9004 -7.01947 -0.18979 -57.6972 -4.95639 -12.7054 0.392843   0.03273  0.650093 0.0566819   0.00217226  0.000904025 -0.000581423   0.192744 -0.0137023  0.0265816 0.859789        0        0 21327
             86.9004  -6.89554 -0.328915  -57.7035 -4.95124 -12.7047 0.391977 0.0755225  0.654172 0.0502556   0.00214286  0.000942112 -0.000574307    0.19255 -0.0141861  0.0266066 0.862806        0        0 0
             87.0002  -7.29686 0.0992891  -55.1612 -4.94766 -12.6368 0.397569 0.0521097  0.688559 0.0506249   0.00217586  0.000892101 -0.000599003   0.192929 -0.0138811  0.0265595 0.862827        0        0 21426
             87.0002  -7.10693 -0.138645  -55.1293 -4.94608  -12.639 0.397261 0.0653539  0.667119 0.0490685  0.00211759 0.000959128 -0.00059966  0.192614 -0.013918 0.0265819 0.859657        0        0 0
             87.1001 -6.96764 0.491126 -52.4729 -4.93894 -12.5712 0.402356  0.106981  0.671978 0.0430553   0.00217314  0.000893864 -0.000600169   0.192949 -0.0138522  0.0265723 0.85967       0       0 21412
             87.1001 -6.73848  0.27543 -52.5016 -4.93477 -12.5808 0.403113  0.146513  0.576823 0.0505823   0.00210165  0.000941071 -0.000581836   0.191726 -0.0136778  0.0265188 0.862064        0        0 0
             87.2003 -6.46141 0.307697 -50.2627 -4.92396 -12.5131 0.404547  0.159001  0.677044 0.0187486   0.00215802  0.000926171 -0.000581683   0.193158 -0.0137379  0.0268085 0.862038        0        0 21624
             87.2003 -6.25635 0.139421 -50.2773 -4.91975 -12.5164 0.404528  0.196558  0.641076 0.0190187   0.00210008   0.00096371 -0.000571536   0.192546 -0.0138817  0.0267919 0.876133        0        0 0
             87.3001 -6.21051 0.518476 -47.8485 -4.90129 -12.4433 0.405916   0.233826   0.725643 0.00920671   0.00216057  0.000947053 -0.000578407   0.194027 -0.0140686  0.0268871 0.876166        0        0 22090
             87.3001 -6.00334 0.329522 -47.8648 -4.90134 -12.4559 0.406336  0.239065  0.598628 0.0143903   0.00208279  0.000971607 -0.000562645   0.192825 -0.0132572  0.0269255 0.869316        0        0 0
                87.4  -6.75583 -0.095701  -46.1111 -4.87876 -12.3866 0.410793   0.252288   0.708207 0.00772752   0.00214538  0.000945216 -0.000554506   0.193927 -0.0134504  0.0264477 0.869292        0        0 22207
                87.4   -6.5897 -0.367033  -46.1113 -4.87877 -12.3972 0.408739    0.258152     0.60364 -0.00638656   0.00208308   0.00100254 -0.000541858   0.192948 -0.0127759  0.0266917 0.87319       0       0 0
             87.5006  -7.39875 -0.673148   -45.067  -4.8522 -12.3256 0.407759    0.31485   0.726481 -0.0261902   0.00213717  0.000944556 -0.000541995  0.194115 -0.013133 0.0265424 0.873137        0        0 22000
             87.5006  -7.20401 -0.864458  -45.0727 -4.85075 -12.3338 0.408139   0.333699   0.644871 -0.0210429   0.00207096  0.000981768 -0.000530416   0.193256 -0.0126836  0.0265483 0.881614        0        0 0
             87.6005 -7.75949 -1.33337 -44.7721  -4.8158 -12.2596 0.404224   0.36874  0.758302 -0.044896   0.00214944  0.000954169 -0.000524787   0.194138 -0.0130966  0.0265541 0.881607        0        0 21872
             87.6005 -7.44073 -1.52852 -44.7983 -4.81066 -12.2618 0.405176   0.415757   0.731438 -0.0366207   0.00205974  0.000996382 -0.000509037    0.19354 -0.0132942  0.0264498 0.883181        0        0 0
             87.7003 -6.64581 -1.17105 -43.4698 -4.77536 -12.1801 0.398453    0.35751   0.817725 -0.0597322   0.00211475  0.000940616 -0.000546747    0.19491 -0.0134221  0.0266975 0.883193        0        0 21743
             87.7003 -6.40804 -1.35109 -43.4689  -4.7735   -12.19 0.400304   0.382277   0.719217 -0.0440053   0.00203089  0.000966765 -0.000538364   0.193893 -0.0128642  0.0266268 0.881214        0        0 0
             87.8002  -6.63384 -0.970262  -41.9235 -4.74497 -12.1155 0.390715   0.278727   0.740899 -0.0728194   0.00212771  0.000952257 -0.000545553   0.194877 -0.0126262  0.0270713 0.881209        0        0 21909
             87.8002 -6.42691 -1.18049 -41.9869 -4.74267 -12.1326 0.393783   0.315381   0.572017 -0.0478457   0.00204103  0.000962748 -0.000519693   0.193242 -0.0115922  0.0269679 0.880539        0        0 0
                87.9  -7.67072 -0.197528  -41.2462 -4.71879 -12.0635 0.390097   0.189059   0.679957 0.00359793   0.00212044  0.000941563 -0.000528163  0.194806 -0.012264  0.027105 0.880629        0        0 22162
                87.9  -7.40619 -0.352186  -41.2194 -4.71522 -12.0615 0.397448  0.219298  0.693662 0.0578243   0.00205243  0.000984819 -0.000531173   0.194639 -0.0125509  0.0264546 0.890742        0        0 0
             88.0003  -7.99477 -0.993886  -39.8001 -4.70026 -11.9904 0.402845   0.13598  0.715047 0.0523847   0.00212311  0.000980627 -0.000537856   0.195152 -0.0124459  0.0266046 0.890755        0        0 22185
             88.0003 -7.68859 -1.22427 -39.8299 -4.69651  -11.995 0.405858  0.173632  0.666093 0.0761468   0.00203145   0.00102555 -0.000522645   0.194459 -0.0123203  0.0263622 0.899306        0        0 0
             88.1001 -7.70949 -1.44328 -38.3557 -4.68476 -11.9245 0.400738   0.109324    0.71389 -0.0570354   0.00211503  0.000973715 -0.000536619   0.195154 -0.0123985  0.0271559 0.899331        0        0 22016
             88.1001 -7.39697 -1.55907 -38.3705 -4.68347 -11.9293 0.408531   0.125835   0.666101 0.00132718   0.00201677  0.000993273 -0.000528264   0.194647 -0.0120581  0.0265474 0.902524        0        0 0
                88.2 -7.65613 -1.56353 -36.6481 -4.67258 -11.8543 0.398721   0.115631   0.728587 -0.0906991   0.00211399  0.000971403 -0.000542261   0.195568 -0.0126938  0.0271375 0.902512        0        0 22066
                88.2 -7.31033 -1.70926 -36.6706 -4.67371  -11.867 0.404873   0.117734   0.608334 -0.0431456   0.00198847  0.000989584 -0.000528728    0.19467 -0.0116428  0.0267726 0.90802       0       0 0
             88.3006 -6.68306 -0.46853 -36.1246 -4.65991  -11.799 0.393807   0.161454   0.664422 -0.0977836  0.00209478 0.000918549 -0.00051927   0.195517 -0.0123327  0.0272229 0.90803       0       0 22000
             88.3006  -6.27598 -0.686658  -36.1684  -4.6563 -11.8069 0.396756   0.20211  0.585876 -0.073917   0.00195592  0.000971061 -0.000494771   0.194573 -0.0119144  0.0270375 0.90657       0       0 0
             88.4004  -6.09049 -0.730203  -36.2974 -4.63531 -11.7357 0.384736  0.243526  0.707985 -0.114879   0.00207513  0.000935215 -0.000495388   0.195926 -0.0127593  0.0272932 0.906559        0        0 22162
             88.4004  -5.87077 -0.995345  -36.2951 -4.63313 -11.7438 0.387688   0.273462   0.629714 -0.0920406    0.0020026   0.00101541 -0.000486891   0.195024 -0.0122147   0.027102 0.919672        0        0 0
             88.5003 -6.75504 -1.05637 -37.1767  -4.6051 -11.6747   0.3756  0.328232  0.667472 -0.125519  0.00209916 0.000934441 -0.00047249   0.196232 -0.0126423  0.0272807 0.919675        0        0 22018
             88.5003 -6.55012 -1.20612 -37.2282 -4.60663 -11.6892 0.379681   0.330536   0.535563 -0.0932358   0.00203393  0.000981392 -0.000449707   0.195235 -0.0113722  0.0270412 0.904699        0        0 0
             88.6001 -8.11502 -1.99663 -39.9645 -4.56964 -11.6168 0.367463  0.369902  0.720955 -0.130229   0.00213891  0.000939241 -0.000443726   0.196649 -0.0129243  0.0270503 0.904592        0        0 21980
             88.6001 -7.82396 -2.25552 -40.0154 -4.56602 -11.6296 0.370822  0.416968  0.598189 -0.102575     0.002048   0.00102379 -0.000416199   0.195264 -0.0121061  0.0268427 0.907313        0        0 0
                88.7  -8.4943 -3.83152 -43.0673 -4.52857 -11.5552 0.359785   0.396406   0.740256 -0.0892098   0.00214494  0.000935993 -0.000448473  0.197056 -0.012737 0.0268252 0.907349        0        0 21700
                88.7  -8.1362 -3.93243  -43.139 -4.52438 -11.5584 0.365252   0.437869   0.704151 -0.0491067    0.0020316  0.000969178 -0.000421931    0.19636 -0.0127151  0.0263654 0.91055       0       0 0
             88.8003 -7.45641 -3.60385 -44.3436 -4.48618 -11.4812  0.35842   0.372528   0.761626 -0.0322672   0.00212477  0.000880337 -0.000490378   0.197603 -0.0128612   0.026731 0.910604        0        0 21586
             88.8003 -7.18319 -3.80356 -44.3769 -4.48306 -11.4922   0.3641  0.412084  0.651292 0.0141561    0.0020387  0.000948237 -0.000472712   0.196283 -0.0122156  0.0263531 0.907085        0        0 0
             88.9001 -7.89821 -3.48596 -45.9576 -4.45026 -11.4283 0.361704   0.313795   0.637008 -0.0207849   0.00213626  0.000873103 -0.000479918      0.197 -0.0118905  0.0267287 0.907062        0        0 21382
             88.9001 -7.75142 -3.66226 -46.0028 -4.45105 -11.4435 0.364981     0.3214   0.491905 0.00521264    0.0020873  0.000926812 -0.000458618   0.195603 -0.0107209  0.0266757 0.905601        0        0 0
                  89 -8.99845 -3.94954 -46.7506 -4.42142 -11.3739 0.359546   0.267207   0.704985 -0.0686281   0.00218919   0.00089807 -0.000506241   0.197457 -0.0120454  0.0268024 0.905679        0        0 21326
                  89 -8.72168 -4.15034 -46.7483  -4.4165 -11.3738 0.364252   0.310642   0.699141 -0.0336722   0.00210462  0.000956456 -0.000498551  0.196992 -0.012357 0.0263572 0.904684        0        0 0
             89.1006 -9.10265 -3.78755 -47.0447 -4.39066 -11.3004 0.352883  0.278005  0.742408 -0.131908   0.00216373  0.000878264 -0.000517668    0.19787 -0.0121036  0.0268044 0.904674        0        0 21589
             89.1006 -8.82827 -3.97701 -47.0925 -4.38687 -11.3088 0.357044   0.318035   0.655737 -0.0989394   0.00207755  0.000928919 -0.000492646   0.196719 -0.0117605  0.0265484 0.909052        0        0 0
             89.2005 -8.77832 -3.31165  -46.163 -4.36135 -11.2373 0.338062  0.289846  0.758213 -0.195191   0.00214474  0.000883652 -0.000545756   0.197729 -0.0114535  0.0271386 0.909062        0        0 21758
             89.2005 -8.53189 -3.55072 -46.1245 -4.35811 -11.2382 0.341494  0.318647  0.745899 -0.168978   0.00206758  0.000955881 -0.000546156   0.197344 -0.0115933   0.026829 0.913198        0        0 0
             89.3003 -9.28786 -2.25331 -44.2689 -4.32612  -11.161 0.325018  0.363959  0.754168 -0.137576  0.00217443 0.000875005 -0.00057193   0.198107 -0.0115537  0.0268609 0.913222        0        0 21925
             89.3003 -8.89659 -2.24753 -44.3766 -4.32669 -11.1797 0.336704   0.374043   0.564493 -0.0482462   0.00204613  0.000851578 -0.000533159   0.196257 -0.0100369  0.0261441 0.912472        0        0 0
             89.4001  -8.33011 -0.205029  -43.8998 -4.29478 -11.1053 0.326315  0.305384   0.74879 -0.057686   0.00214914  0.000861849 -0.000551647   0.198408 -0.0109635  0.0266878 0.912529        0        0 22093
             89.4001  -7.94826 -0.496009  -43.8861 -4.28957 -11.1063 0.328878 0.351411 0.732413 -0.03719   0.00203209  0.000948672 -0.000542296   0.197849 -0.0112248  0.0264241 0.913765        0        0 0
                89.5 -7.25512  0.75485 -42.3994 -4.25545 -11.0269  0.31874   0.348145    0.76668 -0.0722608  0.00213614 0.000894584 -0.00055631   0.198908 -0.0117824  0.0271257 0.91374       0       0 22240
                89.5 -6.93689 0.639896 -42.4381 -4.25455 -11.0385 0.326338  0.368875  0.651318 -0.014832   0.00203278  0.000916655 -0.000538525    0.19772 -0.0109247  0.0265585 0.923149        0        0 0
             89.6006  -7.1641  1.28758 -42.1122 -4.21826 -10.9654 0.319596   0.342182   0.736447 -0.0582691   0.00213107   0.00089461 -0.000528443   0.198505 -0.0115147  0.0269709 0.923056        0        0 22349
             89.6006 -6.87279 0.966525 -42.1112 -4.21518 -10.9714  0.31803   0.374654   0.676575 -0.0678849   0.00204061  0.000980651 -0.000517562   0.197709 -0.0113169  0.0271141 0.921773        0        0 0
             89.7005  -7.29392 -0.154651  -41.3975 -4.18494 -10.8939 0.307849  0.315692  0.780019 -0.118683   0.00214959  0.000953185 -0.000535054   0.199073 -0.0114652  0.0272845 0.921751        0        0 22017
             89.7005  -6.90537 -0.285833  -41.4677 -4.18421 -10.9117  0.31377   0.343231   0.610189 -0.0733303   0.00201221  0.000964037 -0.000508585   0.197473 -0.0102108  0.0268731 0.922132        0        0 0
             89.8004  -6.87738 -0.213805  -42.1868 -4.15577  -10.833 0.298612 0.271377 0.771134  -0.1332   0.00217959   0.00093814 -0.000517009   0.199758 -0.0112158  0.0274549 0.922275        0        0 21894
             89.8004   -6.4041 -0.351972  -42.2113 -4.15421 -10.8431 0.306328   0.297285   0.672338 -0.0741866   0.00202453  0.000967131 -0.000504095   0.198734 -0.0105366   0.026834 0.918347        0        0 0
             89.9002 -5.86601 0.965042 -41.9909 -4.12695 -10.7671 0.298376   0.265486   0.749573 -0.0684499   0.00214243  0.000897047 -0.000536691   0.199887 -0.0110795  0.0268642 0.918426        0        0 21760
             89.9002 -5.45937 0.811602 -42.0373 -4.11923  -10.768 0.303943   0.333902      0.728 -0.0263419    0.0020217  0.000932452 -0.000517759  0.199108 -0.011425 0.0263221 0.922565        0        0 0
             90.0001 -5.13638  1.58433 -41.9259 -4.09101 -10.6855 0.296067   0.247044   0.815003 -0.0586073   0.00217667  0.000915502 -0.000528239    0.20036 -0.0120388  0.0268079 0.922491        0        0 21687
             90.0001 -4.67693  1.48857 -42.0188 -4.08898 -10.7022 0.301954   0.284779   0.652824 -0.0145191  0.00202023 0.000922435 -0.00049616   0.198713 -0.0109481  0.0263705 0.919648        0        0 0
             90.1003 -5.70482  2.62355 -41.5322 -4.07017 -10.6313 0.301057  0.154973  0.704145 0.0145707   0.00216163  0.000893756 -0.000532036   0.199835 -0.0110032  0.0265063 0.919625        0        0 21832
             90.1003 -5.43312  2.31491 -41.5443 -4.06709 -10.6392 0.298556    0.190885    0.627614 -0.00218378  0.00207443 0.000969558 -0.00052042   0.198878 -0.0106802   0.026715 0.930933        0        0 0
             90.2002 -6.78227  1.84353 -40.5052 -4.05536 -10.5639 0.295758  0.0898529   0.768586 -0.0215496   0.00219091   0.00095099 -0.000545591   0.200377 -0.0112299  0.0270691 0.930933        0        0 21769
             90.2002 -6.28303  1.66144 -40.5335 -4.05332 -10.5762 0.304076  0.122488  0.647147 0.0421432   0.00202569  0.000976842 -0.000531202  0.199171 -0.010434 0.0263316 0.926808        0        0 0
                90.3 -6.16427  1.21939 -39.4149 -4.04824 -10.5005 0.300601   0.019352   0.770871 -0.0347904   0.00213839  0.000934743 -0.000543477   0.200367 -0.0109037  0.0268741 0.926754        0        0 21850
                90.3 -5.78428 0.990327 -39.4362 -4.04662 -10.5117 0.302925  0.0464218   0.662211 -0.0170109   0.00200992   0.00098085 -0.000530706   0.199287 -0.0101876  0.0267104 0.917804        0        0 0
             90.4006 -5.90294 0.933486 -37.9437 -4.04364 -10.4357 0.298283  0.0391251   0.742364 -0.0317162  0.00211296 0.000920745 -0.00054013   0.200213 -0.0107591  0.0269056 0.917822        0        0 22266
             90.4006 -5.60863 0.797999  -37.993 -4.03831 -10.4367 0.303532  0.0872921   0.725453 0.00637199   0.00202909  0.000948223 -0.000521886   0.199664 -0.0109488  0.0264238 0.920202        0        0 0
             90.5005   -5.219  1.69388 -37.0549 -4.03261 -10.3604 0.298345  0.0763679   0.759446 -0.0385329   0.00210769  0.000912054 -0.000528038   0.200568 -0.0110582  0.0269258 0.920165        0        0 22430
             90.5005 -4.83508  1.45306 -37.1045 -4.03365 -10.3809 0.299896  0.0868765   0.567983 -0.0255505    0.0019588  0.000944624 -0.000502031    0.199085 -0.00945501    0.026922 0.927822        0        0 0
             90.6003 -4.62398  1.64119 -37.1832  -4.0276 -10.3119   0.2932 0.0895265  0.675203 -0.043943   0.00209323  0.000916389 -0.000502872   0.200526 -0.0101634  0.0272912 0.92779       0       0 22414
             90.6003 -4.33263  1.40154 -37.1778 -4.02219 -10.3168 0.292741   0.142546   0.622825 -0.0458779   0.00200348  0.000970504 -0.000498483   0.199653 -0.0100878  0.0273031 0.924743        0        0 0
             90.7002 -5.70784  1.68491 -37.4293 -4.00609 -10.2422 0.293784    0.202905    0.732998 -0.00362341  0.00212445 0.000938838 -0.00050101   0.201106 -0.0109146  0.0269116 0.924712        0        0 22208
             90.7002 -5.54188  1.44088 -37.3927 -4.00933  -10.255 0.292977    0.185557    0.619073 -0.00866109   0.00204762  0.000992918 -0.000498737    0.200448 -0.00978577   0.0270502 0.928482        0        0 0
             90.8001 -7.11648 0.536256 -38.2913 -3.98545 -10.1698 0.289844   0.233534   0.870321 -0.0579951   0.00218376  0.000976569 -0.000507241   0.201676 -0.0114401  0.0270025 0.928345        0        0 22235
             90.8001 -6.74093  0.29692 -38.3144 -3.98465 -10.1826 0.297752  0.253543  0.748954 0.0024324   0.00204714   0.00102522 -0.000485776   0.200659 -0.0104804  0.0263654 0.924075        0        0 0
             90.9003 -6.66225 -1.31808 -39.7579 -3.95776  -10.095  0.29553    0.28112   0.870748 -0.0278037   0.00213269  0.000966033 -0.000487932   0.201527 -0.0112549  0.0263725 0.924011        0        0 22021
             90.9003 -6.35546 -1.49943 -39.7914 -3.95528 -10.1016 0.298209    0.309463    0.804923 -0.00718933   0.00203277   0.00100275 -0.000470952   0.200801 -0.0108846  0.0261785 0.921192        0        0 0
             91.0002  -5.57005 -0.910516  -40.6118 -3.92507 -10.0174 0.287684  0.313706  0.820237 -0.064403   0.00212916  0.000914899 -0.000498786   0.201514 -0.0112517  0.0270257 0.921145        0        0 21640
             91.0002  -5.28828 -0.974666  -40.6337 -3.92134 -10.0188 0.293465   0.349216   0.800791 -0.0207541   0.00204713  0.000923521 -0.000490231  0.201055 -0.011315 0.0265256 0.918955        0        0 0
                91.1  -5.10882 -0.414329  -40.5938 -3.89213 -9.94255 0.290744   0.269598    0.74104 -0.0155229   0.00212053  0.000903936 -0.000505945   0.201353 -0.0110087  0.0267684 0.918967        0        0 21946
                91.1  -4.85875 -0.640738  -40.6085 -3.89459 -9.95983 0.291823    0.261005    0.575263 -0.00477901   0.00200931  0.000941383 -0.000491145    0.200172 -0.00958113   0.0268204 0.925512        0        0 0
             91.2006 -4.93381 0.911838 -40.6759 -3.87831 -9.88924 0.287159   0.108096   0.683888 -0.0348728    0.0021258  0.000868814 -0.000507655   0.201834 -0.0103554  0.0270792 0.925408        0        0 22024
             91.2006 -4.68486 0.643923 -40.6814 -3.87377 -9.89183 0.289548   0.150714   0.654082 -0.0162939   0.00204841  0.000943672 -0.000499532   0.201217 -0.0104296  0.0268638 0.929951        0        0 0
             91.3005 -5.39527 0.532426 -40.2423 -3.86851 -9.82074 0.286576  0.0460626   0.722482 -0.0356085   0.0021349 0.000893102 -0.00051851   0.202464 -0.0103986  0.0269829 0.929938        0        0 22129
             91.3005  -5.1041 0.340316  -40.264 -3.86518 -9.82329 0.291203   0.0779154    0.693288 -0.00105369   0.00204323  0.000952992 -0.000506837   0.201918 -0.0103837  0.0265641 0.928123        0        0 0
             91.4003 -5.69458 0.672482 -39.2077 -3.86378  -9.7496 0.286098 -0.0134661   0.717611 -0.0319291  0.00214196 0.000877018 -0.00053495   0.202825 -0.0104918  0.0269693 0.928115        0        0 22226
             91.4003 -5.34861  0.44301 -39.2186 -3.86219 -9.76115 0.288416  0.0128423   0.606757 -0.0145062   0.00203433  0.000950227 -0.000524281   0.201668 -0.0097078  0.0268154 0.930646        0        0 0
             91.5002   -5.757   0.9325 -38.4873 -3.86827 -9.69197 0.279985 -0.0977824   0.675029 -0.0545465   0.00215272  0.000883057 -0.000528579    0.20277 -0.0104237  0.0273863 0.930632        0        0 22360
             91.5002 -5.40752 0.747367 -38.5137 -3.86773 -9.70085 0.291034 -0.0820866   0.590024  0.0241543   0.00204518  0.000940955 -0.000514805   0.201943 -0.0097037  0.0264611 0.938668        0        0 0
                91.6 -6.69184  2.62405  -38.615 -3.86895 -9.63481 0.294014 0.0114506  0.647179 0.0863736   0.00214743  0.000833437 -0.000516749   0.202742 -0.0105639  0.0268643 0.938681        0        0 22394
                91.6 -6.39561  2.40355 -38.6424 -3.86844  -9.6473 0.297325 0.0296945  0.529323  0.111599   0.00205842  0.000905484 -0.000498368    0.201644 -0.00960387   0.0266303 0.927635        0        0 0
             91.7007  -6.5634  2.12115 -38.6183 -3.86928 -9.57481 0.294894 -0.0145187   0.714843 0.00525009   0.00214698  0.000897954 -0.000527137   0.203262 -0.0108889  0.0277911 0.927597        0        0 22731
             91.7007 -6.21189   1.8469 -38.6164 -3.86968 -9.58591 0.298946 -0.00733788     0.61185    0.035873   0.00204059  0.000986748 -0.000517535    0.202391 -0.00997798   0.0274772 0.928339        0        0 0
             91.8006 -6.41653  2.13674 -38.8654 -3.86155 -9.51692 0.305213  0.139546  0.645132 0.0588534   0.00212445  0.000876892 -0.000508257   0.203241 -0.0110014  0.0271984 0.928304        0        0 22500
             91.8006 -6.25217  1.90658 -38.8847 -3.86393 -9.52888 0.301112  0.131005  0.538778 0.0316972   0.00207365  0.000947474 -0.000493826    0.202467 -0.00999762   0.0276315 0.939305        0        0 0
             91.9004  -8.3278  1.18199 -39.3836 -3.84853 -9.46076 0.304672   0.150817   0.702538 0.00124402   0.00218941  0.000910288 -0.000509478   0.203462 -0.0111143  0.0272991 0.939144        0        0 22586
             91.9004 -8.01679 0.874019 -39.3618 -3.85056  -9.4754 0.304039    0.137902    0.558156 -0.00197805   0.00208389   0.00100089 -0.000502081    0.202445 -0.00971418   0.0274766 0.94427       0       0 0
             92.0002  -8.81014 -0.386364   -39.213 -3.83584  -9.4069  0.30588   0.180288   0.703647 -0.0272563   0.00216592  0.000925774 -0.000524324   0.203445 -0.0103864  0.0268958 0.944236        0        0 22367
             92.0002  -8.38963 -0.598367  -39.2038 -3.83528 -9.41442 0.308917   0.190399   0.628914 -0.0021077   0.00202991   0.00098939 -0.000518242    0.202755 -0.00977747   0.0266676 0.94016       0       0 0
             92.1001 -8.30419  -1.1278 -39.7153 -3.81392 -9.34057 0.304015   0.249925   0.741124 -0.0866745   0.00216005  0.000899056 -0.000507723   0.203801 -0.0105955  0.0266028 0.940037        0        0 22250
             92.1001 -7.96259  -1.2741   -39.78  -3.8118 -9.35243 0.309025   0.276156   0.619536 -0.0383475   0.00204917  0.000939456 -0.000481634   0.202582 -0.0096289  0.0261742 0.932245        0        0 0
             92.2003   -7.0806 -0.557676  -41.3208 -3.78555  -9.2742  0.29512  0.279171  0.759104 -0.117227   0.00214204  0.000860304 -0.000487128  0.204486 -0.010649 0.0267096 0.932144        0        0 22226
             92.2003  -6.71555 -0.593246  -41.3778 -3.78559 -9.27887 0.301997   0.284014   0.714007 -0.0676386   0.00202626  0.000870134 -0.000467079   0.204066 -0.0102243  0.0261683 0.924749        0        0 0
             92.3002 -5.12294  1.04313 -42.3868 -3.75865  -9.2054 0.288785 0.262474 0.718328  -0.1151   0.00214377  0.000827973 -0.000495741   0.204778 -0.0105356  0.0271593 0.924694        0        0 22231
             92.3002 -4.89244  0.80827 -42.3866 -3.75815 -9.21824  0.29363    0.27342    0.58916 -0.0653451   0.00206722   0.00090654 -0.000486964     0.20359 -0.00943115   0.0266995 0.934764        0        0 0
                92.4 -5.02522  2.39908 -42.7711 -3.73701 -9.14816 0.278291  0.166861  0.695287 -0.119588    0.0021974  0.000833642 -0.000516076  0.205039 -0.010246 0.0275077 0.934776        0        0 22333
                92.4 -4.66537  2.36629 -42.7734 -3.74039 -9.16169 0.286192   0.151647   0.568712 -0.0611432   0.00207996  0.000843644 -0.000512385    0.204048 -0.00891474   0.0268642 0.939137        0        0 0
             92.5007 -5.35184  3.79854 -42.9197 -3.72599   -9.097 0.281334    0.118108    0.631345 -0.00895808    0.0021996  0.000842551 -0.000524104    0.204701 -0.00981018   0.0271265 0.939039        0        0 22758
             92.5007 -5.07257  3.48862  -42.903 -3.72343  -9.1008 0.280656   0.142734   0.591808 -0.0142639   0.00211207  0.000928097 -0.000520784    0.204123 -0.00970802   0.0271831 0.945952        0        0 0
             92.6005 -5.37061  3.30064 -42.0615 -3.71172  -9.0352 0.276651   0.108096   0.667326 -0.0267229  0.00218932 0.000882835 -0.00054051   0.204711 -0.0101208  0.0275544 0.945918        0        0 22623
             92.6005 -5.05089  3.09147 -42.0364 -3.71253 -9.04267 0.279901    0.106789    0.595199 -0.00152019   0.00208092  0.000937328 -0.000542188    0.204134 -0.00950263   0.0272603 0.945985        0        0 0
             92.7003 -5.27138  3.20547 -41.0087 -3.70418 -8.97333 0.276567  0.0572384   0.687799 -0.0439978   0.00219861  0.000882574 -0.000543901   0.205185 -0.0101982  0.0274264 0.945966        0        0 22709
             92.7003 -4.94609  3.04982 -40.9968 -3.70683 -8.98559 0.283307  0.0447097    0.57069 0.00584619   0.00208281  0.000918951 -0.000543217    0.204361 -0.00906759   0.0268713 0.943805        0        0 0
             92.8002 -4.81363  3.34263 -39.1488  -3.7028 -8.91711 0.279461   0.038615   0.658753 -0.0306581   0.00215827  0.000874491 -0.000560372    0.20539 -0.0099719  0.0272544 0.943775        0        0 22875
             92.8002 -4.50114  3.18936 -39.1333 -3.70578 -8.92451 0.279917  0.0176536   0.590713 -0.0265842   0.00205264   0.00091561 -0.000561353    0.205017 -0.00922984   0.0272538 0.951686        0        0 0
             92.9001 -3.21357  4.61984 -37.8272 -3.70099 -8.86438 0.276976  0.0791329   0.603365 -0.0466661   0.00211707  0.000839198 -0.000539877    0.205258 -0.00946043     0.02718 0.951656        0        0 22757
             92.9001 -2.87267  4.41696 -37.8075 -3.70045 -8.87118 0.279066  0.0893114   0.535793 -0.0296844   0.00200347   0.00090074 -0.000541017    0.204634 -0.00893631   0.0269806 0.952448        0        0 0
             93.0003 -1.57167  5.33827 -36.7298 -3.68984 -8.80405 0.277556   0.135235   0.680752 -0.0181783   0.00209776  0.000846632 -0.000530719    0.205685 -0.00973609   0.0268564 0.952374        0        0 23021
             93.0003 -1.37082  5.10592 -36.7284 -3.69054  -8.8115 0.274706   0.135259   0.611018 -0.0382013   0.00203693  0.000915963 -0.000528569    0.205096 -0.00908932   0.0271052 0.962503        0        0 0
             93.1001 -2.36291  5.62131 -36.3925 -3.67073  -8.7415 0.274918  0.255512   0.68265 0.0266877    0.0021428  0.000874731 -0.000516014    0.205898 -0.00985073   0.0270914 0.962469        0        0 22998
             93.1001 -2.18166  5.37568 -36.3807 -3.67172 -8.74936 0.271175    0.254457     0.61314 0.000826755  0.00208076 0.000938351 -0.00051462    0.205366 -0.00921036   0.0273876 0.963035        0        0 0
                93.2   -4.359  4.91717 -36.4171  -3.6423 -8.68038 0.274203    0.31415   0.716464 0.00350398   0.00214746  0.000888877 -0.000506763    0.20579 -0.0096403   0.027131 0.963016        0        0 23023
                93.2 -4.17531  4.63118 -36.3756 -3.64328 -8.68605 0.271964   0.310496    0.66735 -0.0117905   0.00208461  0.000969507 -0.000512128    0.205442 -0.00917473   0.0273003 0.964719        0        0 0
             93.3006 -5.43193  3.41652 -36.6665 -3.60969 -8.60318 0.270967   0.352722   0.840631 -0.0362089   0.00216116  0.000913861 -0.000508283   0.206397 -0.0101158   0.027123 0.964649        0        0 22989
             93.3006 -5.09978  3.16972 -36.6644 -3.60965 -8.61263 0.270126   0.361581   0.753317 -0.0415626  0.00204765 0.000975972 -0.00050042    0.205675 -0.00938942   0.0271744 0.96165       0       0 0
             93.4005 -5.03802  1.68923 -37.3839 -3.57378 -8.53019 0.262941   0.381693   0.817619 -0.0739604   0.00211958  0.000912609 -0.000491783   0.206432 -0.0097079  0.0273546 0.96162       0       0 22862
             93.4005 -4.75598  1.45561 -37.4034 -3.57186 -8.53667  0.25941   0.406005   0.756821 -0.0986094   0.00202782  0.000968895 -0.000479153    0.205743 -0.00935923   0.0276444 0.950441        0        0 0
             93.5003 -3.92102  2.21682 -37.6174 -3.53254 -8.45078  0.25553   0.401928   0.850584 -0.0377382   0.00211619  0.000862687 -0.000500934    0.207057 -0.00992395   0.0272397 0.950423        0        0 22595
             93.5003 -3.69894  1.99776 -37.5881 -3.52953 -8.44934 0.254086  0.426086  0.859099 -0.047316   0.00205464  0.000925165 -0.000504593    0.20687 -0.0102022  0.0273283 0.947944        0        0 0
             93.6002 -3.83368  1.57921 -36.6027   -3.495  -8.3683 0.255187  0.314192  0.798199 0.0153528   0.00211264  0.000893247 -0.000527848   0.207102 -0.0096286  0.0270811 0.947936        0        0 22627
             93.6002 -3.59481   1.4248  -36.664 -3.49676 -8.38602 0.257067 0.319665 0.637591  0.02949  0.00200894 0.000908298 -0.00050566     0.20591 -0.00822683   0.0269812 0.953555        0        0 0
                93.7  -3.5245  2.46055 -36.4979 -3.47026 -8.31979 0.257606 0.218241 0.647939 0.012092   0.00210511   0.00084878 -0.000502724    0.206322 -0.00856587   0.0271703 0.953539        0        0 22680
                93.7 -3.28983   2.1522 -36.4738 -3.46685 -8.32155 0.255934    0.250125    0.627464 0.000558608   0.00203707  0.000929644 -0.000504972  0.205865 -0.008629  0.027291 0.964871        0        0 0
             93.8003 -4.23402  2.27485 -36.4076  -3.4494 -8.24318 0.249763    0.12816   0.786284 -0.0671544   0.00214722  0.000886213 -0.000501163    0.207425 -0.00950686   0.0276913 0.964873        0        0 22744
             93.8003 -3.96512  2.11888 -36.4108  -3.4486 -8.24777 0.251876   0.140489   0.742746 -0.0517213   0.00206056  0.000922558 -0.000497153    0.207004 -0.00920541   0.0275125 0.960225        0        0 0
             93.9002 -4.68128  2.35347 -36.3212 -3.43998 -8.16477 0.248832  0.0644163   0.852024 -0.0396927   0.00214094  0.000889506 -0.000508823    0.207824 -0.00955287   0.0273228 0.960223        0        0 22574
             93.9002 -4.40765  2.08283 -36.3131 -3.43828 -8.16916 0.245454  0.0837454   0.809429 -0.0635335   0.00205448  0.000957884 -0.000504671    0.207324 -0.00933579   0.0276038 0.964882        0        0 0
                  94 -5.82737  2.25745 -36.7373 -3.42729 -8.08481  0.23912   0.148465   0.814649 -0.0667482   0.00214369  0.000886048 -0.000495383    0.207651 -0.00963068    0.027469 0.964868        0        0 22583
                  94 -5.59702  2.13567 -36.7733 -3.42861 -8.09574 0.235911   0.148962   0.717254 -0.0894684   0.00205522  0.000905764 -0.000479207    0.206961 -0.00878336   0.0277773 0.967152        0        0 0
             94.1006 -5.60082  4.54908 -37.8468 -3.41108 -8.01931 0.235556   0.191156   0.746651 0.00957028   0.00211494  0.000816473 -0.000501864    0.207399 -0.00913052   0.0272176 0.967117        0        0 22595
             94.1006 -5.32656  4.22692 -37.8017 -3.41162 -8.02726 0.233324    0.193214    0.674623 -0.00595597   0.00201581  0.000917643 -0.000501535    0.206835 -0.00852595   0.0274406 0.961379        0        0 0
             94.2005 -5.84281  3.93304 -38.0429 -3.38951  -7.9538 0.241796 0.265535 0.702913 0.108707   0.00212564  0.000866164 -0.000518416    0.207729 -0.00906688   0.0270748 0.961354        0        0 22875
             94.2005 -5.61453  3.68153 -38.0148 -3.38697 -7.95499 0.240056  0.288456  0.688566 0.0972601  0.00205394 0.000947403  -0.0005202    0.207359 -0.00913746   0.0271909 0.960898        0        0 0
             94.3003 -6.33254  3.83062 -37.9442 -3.35368 -7.87953 0.255511 0.363587 0.724577  0.10895   0.00210298  0.000834289 -0.000516028    0.208276 -0.00978336   0.0266291 0.960906        0        0 22746
             94.3003 -6.19334  3.58154 -37.9311  -3.3574 -7.89283 0.250909  0.345108  0.608237 0.0762316   0.00206324   0.00091692 -0.000511634    0.207516 -0.00858243   0.0271159 0.972463        0        0 0
             94.4002 -7.46046  2.61593 -38.3816 -3.31969 -7.81886  0.25101   0.378725   0.728348 -0.0333638  0.00213338 0.000863453 -0.00050591   0.208508 -0.0097722  0.0273701 0.972355        0        0 22751
             94.4002  -7.1794  2.33788 -38.3584 -3.31916 -7.82403 0.246519   0.387854    0.68014 -0.0652422    0.0020464   0.00095499 -0.000503395   0.207998 -0.0094458  0.0277858 0.959956        0        0 0
                94.5 -6.52015  1.54296 -38.8879 -3.27739 -7.74703 0.239943   0.457332   0.750365 -0.0738988  0.00207835 0.000863062 -0.00050241   0.208821 -0.0100813  0.0274954 0.959895        0        0 22581
                94.5 -6.22672  1.31903 -38.8972 -3.27793 -7.76012 0.239327   0.467688   0.631443 -0.0776166   0.00199207  0.000923451 -0.000493139    0.207782 -0.00906126   0.0276291 0.964933        0        0 0
             94.6007 -4.40518  2.55745 -38.0338  -3.2292 -7.68523  0.23797  0.486679  0.732016 0.0101503   0.00209239  0.000828033 -0.000530507    0.209007 -0.00984088     0.02733 0.964873        0        0 22467
             94.6007 -4.22623  2.24009 -37.9863 -3.22437 -7.67961 0.232444   0.520776   0.778097 -0.0294476   0.00204541  0.000927337 -0.000537759   0.208989 -0.0105661  0.0277222 0.969724        0        0 0
             94.7005 -3.71698  1.82269 -35.0192  -3.1814 -7.60328 0.232796   0.402268    0.80029 -0.0241764  0.00209835 0.000877657 -0.00057136    0.209186 -0.00994598   0.0274316 0.969724        0        0 22444
             94.7005 -3.45909  1.65737   -35.04 -3.18612 -7.62525 0.231303   0.386623   0.610061 -0.0335918   0.00200442  0.000925737 -0.000561724    0.207833 -0.00808428   0.0276736 0.967424        0        0 0
             94.8004  -2.3959  3.14628 -32.4138  -3.1518 -7.55464 0.229775  0.301402  0.711192 -0.035377   0.00207603  0.000848541 -0.000556351    0.208683 -0.00868525    0.027402 0.967362        0        0 22477
             94.8004 -2.22128  2.89196 -32.3547 -3.15085 -7.55431 0.226626   0.307565   0.713159 -0.0577828   0.00202068  0.000928204 -0.000570588    0.208604 -0.00878541   0.0276792 0.973012        0        0 0
             94.9002 -2.44322  4.16494 -29.0561 -3.12685 -7.48098 0.226041   0.197929   0.719896 -0.0191048   0.00207651  0.000855362 -0.000561715    0.208964 -0.00884316   0.0271748 0.973007        0        0 22582
             94.9002 -2.27265  3.90208 -28.9926 -3.12851 -7.48089 0.226867   0.180767   0.722642 -0.0132992   0.00202065  0.000937861 -0.000578132    0.209135 -0.00877402   0.0271147 0.978765        0        0 0
             95.0001 -2.28539  3.91834 -26.3225 -3.11516 -7.41973 0.224778    0.109697      0.5896 -0.00712354   0.00206747  0.000880626 -0.000543409    0.208706 -0.00804692   0.0272693 0.978815        0        0 22366
             95.0001 -2.04298  3.71012 -26.2774 -3.11147 -7.41157 0.225908    0.133106    0.655068 0.000181527   0.00199178  0.000948883 -0.000555247     0.20884 -0.00891057   0.0271619 0.979566        0        0 0
             95.1003 -1.08329  4.54696 -24.7147 -3.10535 -7.36557 0.222895  0.0614241   0.397186 -0.0147493  0.00202488 0.000858026  -0.0005091    0.208587 -0.00761279   0.0274262 0.97959       0       0 22356
             95.1003 -0.889787   4.42898  -24.7083 -3.10365 -7.35846 0.222551  0.0672452   0.454127 -0.0175606   0.00196399    0.0008969 -0.000509262    0.208818 -0.00829527   0.0274623 0.994883        0        0 0
             95.2002 -0.919809    6.5606  -25.9927 -3.09897 -7.31931  0.21811  0.0300064   0.324736 -0.0171646   0.00204514  0.000837998 -0.000444569    0.208873 -0.00844368   0.0277326 0.994873        0        0 22438
             95.2002 -0.813629   6.24199  -26.0059 -3.09516 -7.31566 0.204818 0.0601017  0.350537 -0.110715   0.00201258  0.000938987 -0.000439187    0.208541 -0.00891257    0.028883 0.984575        0        0 0
                95.3 -1.95523  6.49581 -28.0512 -3.09337 -7.28047  0.20699 0.0277935  0.340937 0.0333641   0.00207635  0.000889107 -0.000432919    0.209204 -0.00895646   0.0280537 0.984524        0        0 22545
                95.3 -1.78461  6.18717 -27.9742 -3.09179 -7.27472 0.202976  0.0339376   0.387807 0.00255972  0.00202928  0.00098761 -0.00045504    0.209295 -0.00952589   0.0284628 0.987403        0        0 0
             95.4006 -2.08502   5.5106 -29.5077 -3.08809 -7.24256 0.219762 0.0844531  0.314659  0.147163    0.0020773  0.000904658 -0.000449883    0.209575 -0.00891371   0.0273112 0.987498        0        0 22576
             95.4006 -1.92092  5.30236 -29.4933 -3.08333 -7.23194 0.211016   0.11556  0.397272 0.0853122   0.00203753  0.000967753 -0.000453004    0.209562 -0.00999757   0.0280848 0.978884        0        0 0
             95.5005 -2.66171  4.42819 -30.5742 -3.07234 -7.19209 0.229753 0.128641 0.431366 0.163821   0.00210698  0.000899987 -0.000462815    0.209801 -0.00973829   0.0271817 0.978722        0        0 22660
             95.5005  -2.4851  4.07494 -30.5334 -3.07099 -7.19299 0.223999 0.140424 0.424462 0.120225   0.00205439   0.00100687 -0.000471195    0.209549 -0.00975769   0.0277032 0.987513        0        0 0
             95.6003 -3.17768  1.79633 -31.1195 -3.05503 -7.14616 0.241819 0.200948 0.492881 0.154874   0.00211721  0.000917944 -0.000465631    0.209765 -0.00976919   0.0271498 0.98751       0       0 22535
             95.6003 -2.96655  1.59678 -31.0912 -3.05505 -7.14768 0.242587  0.20135 0.479275 0.160828    0.0020503  0.000980052 -0.000472589    0.209667 -0.00964798   0.0270797 0.978226        0        0 0
             95.7002 -3.18679 0.144884 -31.5552  -3.0317 -7.09654 0.251554 0.280442  0.51923 0.107603   0.00211505   0.00088856 -0.000470668   0.209983 -0.0097886  0.0277032 0.978238        0        0 22193
             95.7002    -2.96519 -0.00432155      -31.54 -3.02982 -7.09133 0.255661 0.290215 0.560082 0.136605   0.00205066  0.000937234 -0.000473627   0.210136 -0.0102782  0.0273315 0.976927        0        0 0
             95.8001 -2.70467 0.253816 -30.9872 -2.99634 -7.02889 0.259119  0.341136  0.604883 0.0679093   0.00212201  0.000836452 -0.000491088   0.210479 -0.0109563  0.0281706 0.976882        0        0 22028
             95.8001  -2.44802 0.0915529  -30.9843 -2.99503  -7.0356   0.2625  0.361242  0.542672 0.0933841   0.00203628  0.000882573 -0.000488706  0.209868 -0.010453  0.027885 0.98602       0       0 0
             95.9003 -2.28429 -1.16015 -30.0659 -2.96338 -6.97895 0.264579  0.277971  0.563836 0.0489076   0.00210667  0.000882248 -0.000488898   0.210409 -0.0106477  0.0286558 0.985989        0        0 22009
             95.9003  -2.0851 -1.49421 -30.0711 -2.96037 -6.97993 0.257625   0.304074   0.552557 0.00116222  0.00204453 0.000979352 -0.00048424   0.210032 -0.0107353  0.0292617 0.983524        0        0 0
             96.0002 -2.43993 -2.29868 -27.6127  -2.9424 -6.92406 0.259206   0.154422   0.566546 -0.0161884   0.00210445  0.000899027 -0.000512841   0.210952 -0.0103699  0.0289928 0.983529        0        0 21869
             96.0002 -2.18959 -2.51817 -27.6297 -2.93917 -6.92031 0.259394    0.17846   0.593769 -0.0145556   0.00203554  0.000963029 -0.000505731   0.210847 -0.0108224   0.028962 0.983666        0        0 0
                96.1 -2.99985 -2.36939 -24.1349 -2.92882 -6.86334 0.263742 0.0814315  0.556183 0.0207544   0.00209894  0.000892104 -0.000532897  0.211287 -0.010421 0.0280218 0.983621        0        0 21916
                96.1 -2.76464 -2.70623 -24.1215 -2.92599 -6.86886  0.25889   0.111898   0.500595 -0.0239863   0.00201927  0.000982178 -0.000531992  0.210664 -0.010034 0.0286213 0.984197        0        0 0
             96.2006 -3.01571 -2.20905 -20.1263  -2.9207 -6.81818 0.267321 0.0336778  0.466702 0.0330113   0.00206031  0.000884163 -0.000535348   0.211204 -0.0101777  0.0275415 0.984243        0        0 21499
             96.2006 -2.78618 -2.48892 -20.1215 -2.91727 -6.82147 0.262433   0.0684928    0.435216 0.000183725   0.00198768   0.00095732 -0.000532453   0.210671 -0.0100308   0.027984 0.996627        0        0 0
             96.3005 -2.80757 -1.77823 -15.8364 -2.91898 -6.77896 0.267009 -0.0552989   0.407522  0.0382325   0.00204086  0.000905505 -0.000549853   0.211397 -0.0100074  0.0273594 0.996626        0        0 21587
             96.3005 -2.49268 -2.08634 -15.8318 -2.91473 -6.77935 0.261178 -0.0132119   0.401247  -0.017618   0.00194594   0.00098535 -0.000548113    0.21092 -0.0101552  0.0280597 1.00376       0       0 0
             96.4003 -2.05505 -1.52925 -11.2961 -2.92155 -6.74005 0.266728 -0.0777042   0.355463   0.045609   0.00202912  0.000905876 -0.000545064   0.211343 -0.0102486  0.0272057 1.00374       0       0 21562
             96.4003  -1.6602 -1.81421 -11.3774 -2.91831 -6.74353   0.2586 -0.0449554   0.320341 -0.0283907    0.0019023  0.000977876 -0.000516567   0.210888 -0.0100092  0.0281392 1.0109      0      0 0
             96.5002 -0.672651 -0.726231  -8.58928 -2.92827 -6.71155 0.261504  -0.131903   0.285058 0.00254336   0.00197659  0.000906665 -0.000486793   0.211373 -0.0103734  0.0272512 1.0109      0      0 21754
             96.5002 -0.400816 -0.976334  -8.56034 -2.92146 -6.70626  0.25311 -0.0622425     0.3343 -0.0761948  0.00190636 0.000971065 -0.00049779   0.210653 -0.0111349  0.0282308 1.01772       0       0 0
                96.6 0.536272 0.445795 -5.38664 -2.94081 -6.68165 0.254158  -0.218154   0.248015 -0.0402911   0.00196046  0.000908707 -0.000481823   0.211692 -0.0105074  0.0273436 1.01773       0       0 21723
                96.6 0.663348 0.140947 -5.35379 -2.93202 -6.67175 0.241468 -0.137233  0.317269 -0.127298   0.00193788  0.000983939 -0.000497075   0.210841 -0.0114397  0.0284157 1.01496       0       0 0
             96.7007 0.505744  1.14906 -2.76448 -2.95241 -6.63611  0.23902  -0.176669   0.323734 -0.0572646   0.00199856  0.000937922 -0.000459508   0.211621 -0.0118611  0.0275446 1.015     0     0 21926
             96.7007 0.700924 0.851376 -2.77698 -2.94895 -6.63986 0.224519 -0.145378  0.294139  -0.15457   0.00193269   0.00101165 -0.000456004  0.211223 -0.011526 0.0287166 1.02796       0       0 0
             96.8005 0.842611  3.38669 -1.94492 -2.96529 -6.61476 0.226663  -0.128716   0.238509 -0.0240962   0.00196479  0.000931451 -0.000422602   0.211852 -0.0113728   0.027299 1.02798       0       0 22263
             96.8005 0.948056  3.03201 -1.93967 -2.95876 -6.60888 0.207657 -0.0669187   0.282134  -0.155247   0.00194674    0.0010123 -0.000428587   0.211091 -0.0118361  0.0288606 1.03254       0       0 0
             96.9004  1.03879  4.76981 -2.27932 -2.96413 -6.57848 0.218322 -0.017784  0.265417 0.0423769   0.00200795  0.000942315 -0.000410988   0.211368 -0.0123038  0.0267229 1.03266       0       0 22308
             96.9004  1.16401  4.46185 -2.29597 -2.96162 -6.58329 0.201223 0.00499587   0.229664 -0.0808489   0.00195994   0.00101845 -0.000404715   0.211042 -0.0118398  0.0281539 1.03588       0       0 0
             97.0002 -0.42429  5.72318 -3.72801 -2.96128 -6.55686 0.216341 0.0231231  0.242534 0.0987396   0.00205094  0.000955114 -0.000396782   0.211473 -0.0123431  0.0263208 1.03597       0       0 22597
             97.0002 -0.272263   5.47547  -3.72832 -2.95581 -6.55326 0.203984  0.077702  0.269352 0.0105718   0.00201288   0.00100814 -0.000398819   0.210729 -0.0126126   0.027325 1.02901       0       0 0
                97.1 -1.92563  5.84021 -6.65984 -2.95201 -6.52776 0.221986 0.0654467  0.254339  0.164734    0.0020519  0.000961525 -0.000381254   0.211636 -0.0125567  0.0262086 1.02906       0       0 22436
                97.1 -1.75277  5.56007  -6.7019 -2.95113  -6.5314 0.210444  0.072736  0.226998 0.0824545   0.00199385   0.00103661 -0.000365692   0.211444 -0.0122314  0.0271645 1.03106       0       0 0
             97.2003  -3.1436   5.1245 -11.1437 -2.94237 -6.49963 0.221735 0.100319 0.297559 0.125908   0.00209962  0.000948778 -0.000371391   0.211481 -0.0132116  0.0270003 1.03104       0       0 22524
             97.2003  -2.9323  4.92944 -11.1587 -2.93765 -6.50942 0.213989  0.147183  0.210743 0.0536468    0.0020102  0.000989114 -0.000361914   0.210813 -0.0122744  0.0277869 1.02766       0       0 0
             97.3001 -3.86421  4.71919 -16.5401 -2.92298 -6.46135  0.22106  0.148065  0.412841 0.0864631   0.00214973   0.00090827 -0.000376426   0.211333 -0.0144774   0.027767 1.0277      0      0 22238
             97.3001 -3.60084   4.6305 -16.5939 -2.92194 -6.46533 0.220027  0.159716  0.381495 0.0793306   0.00206291  0.000932171 -0.000358727   0.211149 -0.0141701  0.0278446 1.02886       0       0 0
                97.4 -3.95864  5.23298 -21.0665 -2.90716 -6.42026 0.228333  0.128091  0.430989 0.0863473   0.00218536  0.000880831 -0.000401712    0.21144 -0.0148923  0.0279095 1.02886       0       0 22216
                97.4 -3.70934  4.90145 -21.1268 -2.90664 -6.43072 0.224145  0.135646   0.33917 0.0517499   0.00208488  0.000973666 -0.000375996  0.211067 -0.013952 0.0283346 1.02564       0       0 0
             97.5006  -4.547 4.02679 -24.449 -2.89867 -6.39006 0.230021  0.054268  0.411832 0.0253512   0.00218253   0.00088757 -0.000420853   0.211683 -0.0143708  0.0280347 1.02565       0       0 22099
             97.5006 -4.34685  3.89477 -24.4074 -2.89525  -6.3898 0.229702 0.0877053  0.411104 0.0224134   0.00212152  0.000924872 -0.000431764   0.211302 -0.0145049  0.0280284 1.01809       0       0 0
             97.6004  -4.7393  4.77252 -25.9223 -2.88938  -6.3479 0.231202  0.0541818   0.417725 0.00799322  0.00219026 0.000825284 -0.00046678   0.211529 -0.0144511  0.0278946 1.01809       0       0 22223
             97.6004 -4.59865  4.56145 -25.9168 -2.89011 -6.35371 0.224319  0.0483377   0.362115 -0.0513886   0.00214446  0.000900317 -0.000463156    0.21124 -0.0138496  0.0286798 1.01527       0       0 0
             97.7003 -5.70616  5.41112 -26.6485 -2.88616 -6.31757 0.223248 0.0337832  0.360212 0.0123525   0.00221345  0.000832446 -0.000494959    0.21132 -0.0137581  0.0284591 1.01526       0       0 22241
             97.7003 -5.56561  5.13465 -26.6241 -2.88329 -6.31538 0.218739  0.0632352   0.382912 -0.0313864   0.00216936  0.000920347 -0.000494453   0.211027 -0.0142362   0.028979 1.00843       0       0 0
             97.8002 -6.65265   4.9979 -27.2138 -2.88412 -6.27755 0.225945 -0.0442845   0.380326  0.0623234   0.00221539  0.000849197 -0.000500685   0.211633 -0.0140498  0.0282233 1.00848       0       0 22313
             97.8002 -6.45981  4.68053 -27.1945 -2.87983 -6.27552 0.221027 -0.00703357    0.391435    0.027168   0.00215484  0.000949984 -0.000495868  0.211205 -0.014432 0.0286069 1.00759       0       0 0
                97.9 -6.61324  3.69145 -27.4714 -2.88828 -6.23748 0.228484 -0.0831694   0.360531  0.0861418   0.00221844  0.000868324 -0.000503799  0.211903   -0.0142 0.0283568 1.00761       0       0 22358
                97.9  -6.3499  3.50553 -27.4663 -2.88795  -6.2406 0.227236 -0.0773069   0.333393  0.0776353   0.00213469  0.000927943 -0.000499729  0.211662 -0.013971 0.0284725 1.00087       0       0 0
             98.0003 -5.06109  4.14828 -28.4576 -2.89724 -6.20629 0.245182 -0.0706608   0.326391   0.188061   0.00215749  0.000811603 -0.000496008   0.212384 -0.0142083  0.0279087 1.00086       0       0 22443
             98.0003 -4.93434   3.8865 -28.4228 -2.89462 -6.20315 0.240653 -0.0512933   0.349331   0.156361   0.00211813  0.000895501 -0.000498096   0.212238 -0.0146219  0.0282617 1.00097       0       0 0
             98.1001 -5.08276  4.17842 -28.3675 -2.89354  -6.1618 0.256064 0.0299975  0.436798  0.140171   0.00223513  0.000821934 -0.000511963   0.212258 -0.0150616  0.0282222 1.00098       0       0 22384
             98.1001 -4.92756  3.77864 -28.3847 -2.88828 -6.16349 0.251486 0.0806485  0.415562  0.108736   0.00218455  0.000948114 -0.000496618   0.211519 -0.0151696  0.0285642 1.00426       0       0 0
             98.1999 -5.77471  1.25126 -28.3241 -2.88287 -6.11872 0.260422 0.0976016  0.455956  0.062834   0.00225612  0.000886581 -0.000503882   0.212176 -0.0149137  0.0285632 1.00425       0       0 22122
             98.1999 -5.47845  1.09759 -28.3675 -2.88234 -6.12128 0.259151  0.103339  0.429938 0.0517446   0.00216154  0.000933657 -0.000487788   0.211939 -0.0147016  0.0287143 0.994369        0        0 0
             98.3006 -5.41474  2.05286 -29.3091 -2.86713 -6.07336 0.263574 0.207108 0.465235 0.023462   0.00223945   0.00081026 -0.000488094   0.212602 -0.0153316  0.0285457 0.994371        0        0 22212
             98.3006 -5.21793  1.78026   -29.33  -2.8647 -6.07512 0.257639   0.232126   0.447219 -0.0289036  0.00217865 0.000891158 -0.00047278   0.212182 -0.0153559  0.0292038 1.0011      0      0 0
             98.4004 -6.50012  1.04586 -29.9146 -2.84297 -6.02706  0.25731   0.253074   0.527186 -0.0451261   0.00227735  0.000848951 -0.000496013  0.212761 -0.014998  0.028556 1.00111       0       0 22253
             98.4004 -6.30896 0.743452 -29.9169 -2.83957 -6.02882 0.255624   0.287528   0.508135 -0.0609162   0.00221767  0.000938408 -0.000485758   0.212252 -0.0150299   0.028744 0.994274        0        0 0
             98.5003  -6.88681 0.0999239  -31.0219 -2.81155 -5.97555 0.251557   0.321928   0.557094 -0.0618186   0.00224905  0.000834982 -0.000484086   0.212839 -0.0146541  0.0282515 0.994291        0        0 22113
             98.5003  -6.64514 -0.144082  -31.0426 -2.80785 -5.97491 0.250371   0.357713   0.561074 -0.0723648    0.0021758  0.000907838 -0.000468607   0.212458 -0.0149467  0.0283518 0.992024        0        0 0
             98.6001  -6.42673 -0.424415  -32.3831 -2.77279 -5.91017 0.245884   0.378556   0.652073 -0.0454463  0.00224212 0.000815848 -0.00048515   0.213423 -0.0153735  0.0280809 0.992022        0        0 21847
             98.6001  -6.18699 -0.653222   -32.425 -2.76936 -5.91271   0.2428   0.412618   0.624868 -0.0661948   0.00216665  0.000882384 -0.000463553   0.212872 -0.0153546  0.0283539 0.996282        0        0 0
             98.6999 -5.28054 0.703691 -33.0749 -2.73032 -5.84889  0.23819   0.396888   0.638073 -0.0167093    0.0022542  0.000785543 -0.000506458   0.213489 -0.0151909  0.0284025 0.996289        0        0 21651
             98.6999 -4.99116 0.528789 -33.0893 -2.72582  -5.8463 0.238923   0.439792   0.660023 -0.0106352   0.00216591  0.000837807 -0.000496474   0.213168 -0.0157153  0.0282717 0.99284       0       0 0
             98.8007  -4.1204 0.948185 -32.5722  -2.6889 -5.78261 0.237438   0.330104   0.639831 -0.0360791   0.00226259  0.000798721 -0.000524614  0.213393 -0.015207  0.028372 0.992877        0        0 21884
             98.8007 -3.79229 0.704475 -32.6341 -2.68613 -5.78565 0.235822   0.358006   0.607836 -0.0494738   0.00215583  0.000865912 -0.000499999   0.212856 -0.0151091  0.0285564 1.00047       0       0 0
             98.9005 -3.90756  1.52492 -32.0054 -2.66107 -5.72524 0.228378    0.22195   0.606793 -0.0921535   0.00223729  0.000797179 -0.000521328   0.213534 -0.0145596  0.0285369 1.00053       0       0 21927
             98.9005 -3.73764  1.25585 -31.9599  -2.6593 -5.72354 0.223791 0.237512 0.622583 -0.13189   0.00219112  0.000878532 -0.000529948   0.213451 -0.0148723  0.0290164 1.00221       0       0 0
             99.0003 -4.82569  2.38663 -30.9102 -2.63636 -5.65953 0.215246   0.234586   0.618287 -0.0782348    0.0022695  0.000806334 -0.000536015   0.213874 -0.0152346  0.0286197 1.00217       0       0 22152
             99.0003 -4.60674  2.21439 -30.9297 -2.63232 -5.66153  0.21325    0.27655    0.59657 -0.0965045  0.00220326 0.000848918 -0.00052569   0.213293 -0.0153129  0.0288306 1.00404       0       0 0
             99.1002 -5.18392  2.79478 -30.0397 -2.61053  -5.5961 0.209072   0.198947   0.674368 -0.0358604   0.00225903  0.000817774 -0.000529719    0.21406 -0.0154764  0.0284879 1.00402       0       0 22218
             99.1002 -4.99057  2.40718 -29.9647 -2.61123 -5.60004 0.208082   0.191959   0.637007 -0.0436733   0.00219333  0.000935177 -0.000541833   0.213863 -0.0150772  0.0286112 1.00283       0       0 0
                99.2 -5.60314  2.62417 -28.7616 -2.59229 -5.53469 0.207827    0.220507    0.630957 -0.00126479   0.00227563  0.000834775 -0.000547723    0.21423 -0.0152116   0.028226 1.00285       0       0 22263
                99.2 -5.22914  2.60005 -28.7884 -2.58831 -5.53188 0.208359   0.261921   0.656944 0.00324779   0.00216693  0.000837361 -0.000538652   0.213953 -0.0157557  0.0281098 1.01308       0       0 0
             99.3007 -4.02014  4.05903 -27.7527 -2.56069 -5.45937 0.209302   0.286953   0.723395 0.00320684   0.00222058  0.000797245 -0.000542445   0.214517 -0.0162688  0.0281068 1.01306       0       0 22380
             99.3007 -3.77444  3.72891 -27.7407 -2.55815 -5.46392 0.206658 0.313817 0.678464 -0.01906   0.00213789  0.000899662 -0.000537178   0.213929 -0.0159928  0.0283873 1.01992       0       0 0
             99.4005 -4.04294  4.74989 -26.4522 -2.52781 -5.39214 0.201933  0.346118  0.695897 -0.046082   0.00226731  0.000814176 -0.000540476    0.21468 -0.0162612  0.0285249 1.01995       0       0 22448
             99.4005 -3.73983  4.59127 -26.4833 -2.52853  -5.3962 0.200199   0.343018    0.66201 -0.0579605   0.00217241  0.000859345 -0.000526729   0.214491 -0.0159055  0.0286978 1.01564       0       0 0
             99.5003 -4.41523  5.83082 -26.3834 -2.48805 -5.32374 0.195633   0.417459   0.707859 -0.0494053   0.00225071  0.000822185 -0.000529211   0.214772 -0.0166302  0.0286636 1.01566       0       0 22480
             99.5003 -4.20491   5.4228 -26.4237 -2.48876 -5.34098 0.189469   0.431197   0.566204 -0.0936255   0.00216308  0.000916436 -0.000501962   0.213828 -0.0152168    0.02923 1.02214       0       0 0
             99.6002 -5.79261  4.14549 -27.4042 -2.44922 -5.26954 0.184744    0.37856   0.704869 -0.0757844   0.00228464  0.000867878 -0.000505334   0.215001 -0.0162056  0.0286399 1.02215       0       0 22285
             99.6002 -5.50285   3.8542 -27.4436 -2.44983 -5.27671 0.178789  0.380261  0.646243 -0.118858   0.00218506  0.000945716 -0.000484978   0.214616 -0.0156505  0.0291693 1.01608       0       0 0
                99.7 -5.80348  2.63091 -29.2115 -2.40833 -5.19613 0.173559   0.419035   0.782964 -0.0394986  0.00226966 0.000863971 -0.00048964   0.215372 -0.0168733  0.0286829 1.01608       0       0 22178
                99.7 -5.47996  2.43233 -29.2539 -2.40853 -5.20807 0.173246   0.431394   0.683912 -0.0423026   0.00215014  0.000912096 -0.000470806   0.214709 -0.0159367  0.0287523 1.00836       0       0 0
             99.8003 -4.39741  3.60715  -30.242 -2.36543 -5.12514  0.17166    0.396778    0.792273 0.000469028   0.00226196  0.000811791 -0.000503862   0.215606 -0.0171236  0.0286557 1.00838       0       0 22113
             99.8003 -4.14881  3.42191 -30.2387 -2.36343 -5.12671 0.172169   0.416574   0.775391 0.00452611   0.00218544  0.000861757 -0.000499541   0.215292 -0.0170781  0.0285977 1.01033       0       0 0
             99.9001 -4.37538  3.35861 -30.2427 -2.32513 -5.04663 0.175383  0.332922  0.780283 0.0212752   0.00229267  0.000829023 -0.000520902   0.215518 -0.0173914  0.0284479 1.01032       0       0 22186
             99.9001 -4.17128  3.09767 -30.2908 -2.32837 -5.06497 0.172604   0.325693   0.627005 0.00190556   0.00219543  0.000890065 -0.000501821   0.214677 -0.0158327  0.0287692 1.00987       0       0 0
                 100 -4.78149   3.7601 -30.4066  -2.3006 -4.98885  0.17071   0.214818   0.731788 -0.0270061   0.00228376  0.000822898 -0.000523757   0.215617 -0.0169649   0.028774 1.0099      0      0 22179
                 100 -4.51138  3.51745 -30.4031 -2.30116   -4.996 0.169659   0.217617   0.670955 -0.0344061   0.00219117  0.000885412 -0.000519627   0.215209 -0.0163958  0.0288815 1.0128      0      0 0
             100.101 -4.27736  3.97242  -29.718 -2.28091  -4.9191 0.165989   0.167177   0.725763 -0.0452048   0.00227373  0.000823326 -0.000535195   0.215768 -0.0173164  0.0287794 1.01284       0       0 22103
             100.101 -4.05796  3.77981  -29.749 -2.28227 -4.93119 0.165773   0.169731   0.623205 -0.0467109   0.00218468  0.000873758 -0.000521045   0.215132 -0.0163255  0.0288315 1.01372       0       0 0
               100.2 -4.30155  4.77781 -29.2267 -2.26876 -4.85629  0.15975   0.085901   0.730384 -0.0509659   0.00228475  0.000812591 -0.000533836   0.216155 -0.0173984  0.0289511 1.01375       0       0 22420
               100.2  -4.0492  4.47997 -29.2395 -2.26823  -4.8681  0.15701  0.106324  0.629257 -0.069681   0.00220323  0.000895078 -0.000524667   0.215271 -0.0164924  0.0291862 1.01903       0       0 0
               100.3 -3.35084  4.78234 -28.9071 -2.26104 -4.79293 0.155424  0.0471969   0.686582 -0.0260764   0.00226004  0.000850089 -0.000524128  0.216306 -0.017507 0.0287736 1.01905       0       0 22410
               100.3  -2.9824  4.69946 -28.9546 -2.26264  -4.8098 0.154942  0.0548701   0.546744 -0.0293093   0.00212642  0.000848896 -0.000509819   0.215457 -0.0161576  0.0288334 1.01884       0       0 0
               100.4 -1.15243  6.49818 -30.1441  -2.2552 -4.74632 0.154385   0.0725096    0.590704 -0.00687213   0.00221185  0.000806194 -0.000487119   0.216345 -0.0171328  0.0286196 1.01886       0       0 22567
               100.4 -1.05133  6.11426 -30.1428 -2.25513  -4.7578 0.145402  0.0875891   0.495743 -0.0722731   0.00216146   0.00089745 -0.000484087   0.215587 -0.0163151   0.029374 1.01714       0       0 0
               100.5 -0.960721   6.33601    -30.62 -2.24203 -4.68915 0.146164  0.165941   0.65017 0.0107233   0.00229736  0.000828117 -0.000509426   0.216631 -0.0177035  0.0289502 1.0172      0      0 22616
               100.5 -0.800646    6.1706  -30.6365  -2.2421 -4.69659 0.143575    0.174192    0.588331 -0.00761274   0.00223248  0.000876919 -0.000501935   0.216163 -0.0171565  0.0291326 1.02028       0       0 0
             100.601 -2.15731  6.81421 -31.6167 -2.21709 -4.62687 0.151513  0.281125  0.681348 0.0776024   0.00229655  0.000803656 -0.000503799   0.216945 -0.0180838  0.0286609 1.02034       0       0 22726
             100.601 -2.02527  6.48682 -31.6464 -2.21846 -4.63995 0.146304   0.28528  0.574009 0.0410113   0.00225083  0.000913327 -0.000490627   0.216131 -0.0169946  0.0290419 1.02182       0       0 0
               100.7 -3.22358  5.20383 -32.7505 -2.18522 -4.56531 0.151472  0.349332  0.747823 0.0249388    0.0023083  0.000839078 -0.000508709   0.216997 -0.0182296  0.0289192 1.02182       0       0 22514
               100.7 -3.04066  4.93098 -32.7875 -2.18785    -4.58 0.146985    0.344244    0.629485 -0.00635411   0.00225051  0.000928426 -0.000492547   0.216225 -0.0169607  0.0292581 1.01965       0       0 0
               100.8 -3.96024  3.75164 -34.1724 -2.14793 -4.50381 0.149076 0.421337  0.76608 -0.01374  0.00229999 0.000823855 -0.00049628   0.216905 -0.0178508   0.028787 1.01965       0       0 22297
               100.8 -3.80109  3.53333 -34.2042 -2.14894 -4.51458 0.148305   0.426762   0.676214 -0.0193217   0.00225004  0.000895107 -0.000482578   0.216225 -0.0169599  0.0288355 1.01416       0       0 0
               100.9 -3.35636  4.09212 -35.0602  -2.1038 -4.42995 0.141949   0.432354   0.809171 -0.0339649   0.00228286   0.00077986 -0.000510686   0.217418 -0.0184095  0.0292612 1.01414       0       0 22218
               100.9 -3.13371  3.89413 -35.0297  -2.1032 -4.43554 0.137259   0.443938   0.759091 -0.0668109   0.00221281  0.000845426 -0.000516135   0.216896 -0.0180174  0.0296751 1.01511       0       0 0
                 101 -2.49701  5.18262 -34.1886 -2.06123 -4.35359 0.135567   0.380457   0.798313 -0.0399108   0.00228384  0.000757566 -0.000544112   0.217711 -0.0186413  0.0293102 1.01511       0       0 22267
                 101 -2.37474  5.07814 -34.2088 -2.06471  -4.3686 0.139799    0.369704    0.669859 -0.00939165   0.00224716  0.000793383 -0.000537037   0.216925 -0.0172524  0.0289449 1.01522       0       0 0
             101.101 -3.03142  6.44248 -33.1174 -2.03465  -4.2964 0.140232   0.250489   0.718561 -0.0052357    0.0023278   0.00075402 -0.000559863   0.217483 -0.0174633  0.0288038 1.01523       0       0 22554
             101.101 -2.82164   6.1097 -33.1122 -2.03559 -4.30938  0.13743   0.259291   0.607808 -0.0251479  0.00226375   0.0008587 -0.00055656    0.21655 -0.0164186  0.0290198 1.0176      0      0 0
               101.2 -3.75881  6.82758 -32.2072 -2.00969  -4.2342 0.130879    0.22206   0.705105 -0.0507572   0.00232095  0.000785948 -0.000557769   0.217531 -0.0177843  0.0294065 1.01763       0       0 22688
               101.2 -3.57393   6.6238 -32.1982 -2.01145 -4.24331   0.1299   0.218345   0.629348 -0.0573552      0.00226  0.000845166 -0.000556155   0.217024 -0.0169952  0.0294663 1.01944       0       0 0
               101.3 -4.55166  7.09328 -31.5342 -1.99129 -4.16513 0.124458   0.137942   0.756687 -0.0204718   0.00232123  0.000803142 -0.000562442   0.218071 -0.0183698  0.0296908 1.01945       0       0 22598
               101.3 -4.37443  6.84241 -31.5107 -1.99304 -4.17803 0.122374   0.139547   0.647735 -0.0349768   0.00225864  0.000875233 -0.000563689    0.21729 -0.0172684  0.0298351 1.02448       0       0 0
               101.4 -4.97165  6.46926 -30.6992 -1.97898 -4.09831 0.125669  0.104925  0.760966 0.0326728   0.00231421  0.000815895 -0.000557913   0.218213 -0.0186439  0.0294476 1.02452       0       0 22511
               101.4 -4.81776  6.16932 -30.6947 -1.97971 -4.11348 0.124764  0.119237  0.630528 0.0268033   0.00225711  0.000902792 -0.000552939   0.217191 -0.0173802  0.0294762 1.02402       0       0 0
               101.5 -4.98304  5.72614 -30.0541 -1.96634 -4.03823 0.129781  0.146361  0.708577 0.0344231   0.00231943  0.000814384 -0.000553644   0.218281 -0.0185459  0.0293152 1.02409       0       0 22638
               101.5 -4.72687  5.58426 -30.0505 -1.97033 -4.05746  0.13103  0.136394  0.549411 0.0453586   0.00222931  0.000853625 -0.000553471   0.217392 -0.0168022   0.029209 1.02665       0       0 0
             101.601 -4.58997  6.03541 -29.9422 -1.95037 -3.98565 0.133437   0.20437  0.655572 0.0319159   0.00229095    0.0007842 -0.000539371   0.218341 -0.0184822  0.0293624 1.0267      0      0 22717
             101.601 -4.43449  5.74471 -29.9182 -1.95234 -3.99707 0.128846     0.201359     0.561412 -0.000534396   0.00223826  0.000872404 -0.000540172   0.217719 -0.0175009  0.0297996 1.02318       0       0 0
               101.7  -5.6237  6.07639 -30.7785 -1.92146 -3.92566 0.130805  0.343748  0.656199 0.0161244   0.00233896  0.000794114 -0.000524007     0.2185 -0.0191974   0.029601 1.02319       0       0 22643
               101.7 -5.50518   5.8452 -30.7708 -1.92556 -3.94401 0.129059   0.331203   0.508899 0.00481401    0.0022845   0.00085704 -0.000516853   0.217685 -0.0175388  0.0297954 1.02763       0       0 0
               101.8 -7.50239   5.3813 -31.8878 -1.88666 -3.87773 0.130735   0.387803   0.647944 -0.0132086   0.00235957  0.000809579 -0.000525803   0.21851 -0.018849 0.0295144 1.02766       0       0 22492
               101.8 -7.31922  5.09554 -31.9064 -1.88734 -3.89048  0.12864   0.398583   0.539597 -0.0276931   0.00228395  0.000881641 -0.000505988   0.217691 -0.0177919  0.0297092 1.03196       0       0 0
               101.9 -7.72138  3.68682 -33.9645 -1.84806 -3.81968 0.127479   0.378402   0.684101 0.00991546   0.00233708  0.000812965 -0.000503997   0.218983 -0.0190409  0.0295539 1.032     0     0 22296
               101.9 -7.49632  3.35375 -33.9923 -1.84948 -3.83483 0.123434   0.385182   0.555556 -0.0190074   0.00224761  0.000905663 -0.000480413   0.218041 -0.0178158  0.0299807 1.01845       0       0 0
                 102 -6.72946  2.53032 -35.6051 -1.80859 -3.76214 0.121918  0.404358  0.690534 -0.020317   0.00233858  0.000792983 -0.000500927   0.219254 -0.0192736   0.029893 1.01851       0       0 22096
                 102  -6.5147  2.42593 -35.6045 -1.80728 -3.76559  0.12281   0.420359   0.657832 -0.0135266   0.00226805  0.000822269 -0.000497987   0.218871 -0.0190619  0.0298146 1.0148      0      0 0
             102.101 -5.65174  3.73851 -36.1623 -1.76562 -3.69873 0.124779     0.389892     0.653075 -0.000305297  0.00233052 0.000744026 -0.00052978   0.219198 -0.0191394  0.0294435 1.0148      0      0 22235
             102.101 -5.45035  3.43543  -36.174 -1.76761 -3.71824 0.122263   0.397771    0.47772 -0.0167037   0.00224677  0.000823688 -0.000517654   0.217838 -0.0175267   0.029804 1.01273       0       0 0
               102.2 -4.81266  3.67825 -36.1516 -1.73403 -3.65696 0.120797   0.270243   0.595237 -0.0346608   0.00232605   0.00075727 -0.000541756   0.219095 -0.0185462  0.0296406 1.01274       0       0 22171
               102.2  -4.6603  3.52641 -36.1479 -1.73444 -3.66188 0.118546   0.272202   0.551022 -0.0506186   0.00227214  0.000804407 -0.000538796   0.218732 -0.0181686  0.0298612 1.01481       0       0 0
               102.3 -4.68596  4.73303 -35.3875 -1.71366 -3.60202 0.118519   0.176294   0.584134 -0.0109679   0.00235034  0.000733993 -0.000562604   0.219698 -0.0184851  0.0294329 1.01481       0       0 22353
               102.3 -4.50456  4.41714 -35.3887 -1.71892 -3.62117 0.111362   0.154559   0.417918 -0.0605875   0.00228309  0.000827192 -0.000555225   0.218541 -0.0166909  0.0301623 1.01632       0       0 0
               102.4 -4.62313  4.91939 -34.9266 -1.70242 -3.56453 0.111085   0.122662   0.531971 -0.0116248   0.00235798  0.000778064 -0.000561908   0.219475 -0.0180416  0.0296996 1.0163      0      0 22356
               102.4 -4.48051  4.70968 -34.9095 -1.70395 -3.57383 0.111632    0.121068    0.450018 -0.00707775   0.00230101   0.00082708 -0.000562368  0.218902 -0.017224 0.0296597 1.02498       0       0 0
               102.5 -5.2515 4.74186 -35.345 -1.68875 -3.51463 0.112688    0.108965    0.523243 -0.00507795   0.00238898   0.00077886 -0.000539853   0.219769 -0.0187936  0.0294285 1.02501       0       0 22209
               102.5 -5.06573  4.44552 -35.3654 -1.69402 -3.53501   0.1092  0.0894591   0.348567 -0.0292614   0.00229641  0.000847417 -0.000526383   0.218709 -0.0169924  0.0297751 1.02797       0       0 0
               102.6 -4.40721  4.69411 -36.4354 -1.68069 -3.48155 0.108884  0.0836359   0.481289 -0.0119855   0.00235968  0.000769327 -0.000534908    0.21995 -0.0188759  0.0295183 1.02796       0       0 22053
               102.6  -4.2379  4.68128 -36.4717 -1.68001 -3.48555 0.110521    0.0955725       0.4436 -6.12473e-05   0.00230184  0.000766389 -0.000523848   0.219585 -0.0185968  0.0293623 1.02119       0       0 0
               102.7 -4.09884  5.75898 -38.1023 -1.66353 -3.42816 0.107359 0.179908 0.568647 0.029662   0.00239246  0.000747788 -0.000514227   0.220118 -0.0198625  0.0299242 1.02118       0       0 22034
               102.7 -4.01381   5.3627 -38.0797  -1.66383  -3.44241 0.0987093   0.196641   0.438715 -0.0335439   0.00234539  0.000847344 -0.000512302   0.218939 -0.0188227  0.0306863 1.01688       0       0 0
               102.8 -5.53248  4.68808 -37.7268 -1.64283 -3.38884 0.108237 0.274345 0.509382 0.110288  0.00243884 0.000776436 -0.00056634   0.220347 -0.0193198  0.0300729 1.01695       0       0 22228
               102.8 -5.33496  4.49167 -37.7426 -1.64718 -3.40672 0.108641   0.2583 0.350687 0.115842  0.00234899 0.000830684 -0.00055231   0.219325 -0.0177512  0.0300198 1.02689       0       0 0
             102.901 -5.82846  4.15973  -37.666 -1.61747 -3.35661 0.125835 0.297753 0.498049 0.191491   0.00237734   0.00076585 -0.000558447   0.220635 -0.0189012   0.029785 1.02688       0       0 22044
             102.901 -5.68492  3.79945 -37.6141 -1.61844 -3.36418 0.122887 0.298478 0.430679 0.170622   0.00233243  0.000871174 -0.000563202   0.220035 -0.0182899  0.0300592 1.0223      0      0 0
                 103 -5.91451  1.74208 -36.5548 -1.58517 -3.31176 0.143223 0.377703 0.507561 0.221674    0.0023963  0.000814034 -0.000569485    0.22069 -0.0189671  0.0298523 1.02232       0       0 21470
                 103 -5.79945  1.53218  -36.591 -1.58802 -3.32711 0.139303 0.371827 0.370865  0.19525   0.00233565  0.000844869 -0.000552335    0.21974 -0.0177103  0.0302474 1.01645       0       0 0
               103.1 -5.63505 -1.34643 -35.1686 -1.55035 -3.27659 0.158081 0.344178 0.500976  0.14919   0.00238298  0.000829781 -0.000569047   0.220586 -0.0186966  0.0302229 1.01644       0       0 21066
               103.1 -5.41532 -1.57328 -35.1926 -1.55285 -3.28923 0.155188 0.338091 0.389378 0.129364   0.00229096   0.00087168 -0.000555775   0.219841 -0.0176819  0.0305542 1.01148       0       0 0
               103.2 -4.42425 -2.75696 -33.8238 -1.51736 -3.23371 0.167571  0.332459  0.531425 0.0744967   0.00237249  0.000787085 -0.000557053   0.220888 -0.0189837  0.0300458 1.0115      0      0 21032
               103.2 -4.15039 -3.01787 -33.8084 -1.51636 -3.23555 0.165219  0.341958  0.513097 0.0581201    0.0022889  0.000857701 -0.000556126   0.220655 -0.0189189  0.0302586 1.01004       0       0 0
               103.3 -2.31992 -3.68374 -31.0881 -1.48012 -3.18085 0.172785    0.3565  0.518711 0.0347767   0.00233707  0.000774735 -0.000565906   0.220813 -0.0193209  0.0298404 1.01005       0       0 21074
               103.3 -2.16733 -3.98328 -31.0806 -1.47886 -3.19032 0.171153 0.379806 0.432818 0.025702   0.00227651  0.000843836 -0.000563555   0.220002 -0.0186733  0.0300579 1.00406       0       0 0
             103.401 -1.99845 -4.55961 -28.2434 -1.44567 -3.14675 0.173372    0.310549    0.386766 -0.00960491   0.00238639  0.000747667 -0.000554168   0.220691 -0.0188219  0.0298943 1.00406       0       0 21432
             103.401 -1.81845 -4.78012 -28.3093 -1.44468 -3.15533 0.168616   0.329028   0.311927 -0.0405534   0.00232065  0.000808023 -0.000529539   0.220047 -0.0182204  0.0303527 0.994124        0        0 0
               103.5 -2.20687 -4.23517 -25.3874 -1.42178 -3.12168 0.164834   0.203426   0.294898 -0.0619588  0.00237751 0.000714435 -0.00054652   0.221286 -0.0186438   0.030055 0.994104        0        0 21496
               103.5 -1.94407 -4.47817 -25.4732 -1.41542 -3.12152 0.164628   0.262446   0.291388 -0.0632275   0.00229568  0.000794036 -0.000516601   0.220577 -0.0189809  0.0301335 0.998414        0        0 0
               103.6  -1.6975 -3.90404 -22.6693 -1.40074 -3.08847 0.159399   0.112582   0.293462 -0.0575124   0.00236148   0.00072363 -0.000535956   0.221943 -0.0195276  0.0298659 0.998435        0        0 21082
               103.6 -1.39683 -4.10092 -22.7112 -1.39878 -3.09934 0.159342   0.136458   0.180069 -0.0560204   0.00227129  0.000782973 -0.000520636   0.221056 -0.0183783  0.0299596 1.00111       0       0 0
               103.7 -1.52144 -3.03869  -19.875 -1.39305 -3.08108 0.155127  0.0376551   0.152512 -0.0461726   0.00234903   0.00071086 -0.000522624   0.221895 -0.0186948  0.0297028 1.00111       0       0 20946
               103.7 -1.37736  -3.3116 -19.8765 -1.39236 -3.09003 0.153068  0.0455762  0.0559503 -0.0666896   0.00230636  0.000795561 -0.000519646   0.221366 -0.0176203  0.0300361 1.01867       0       0 0
               103.8 -2.80152  -2.1642 -18.2543 -1.39042 -3.08415 0.150987 -0.0020495  0.0197202  -0.027303   0.00236367  0.000711512 -0.000497093   0.221598 -0.0180707  0.0293363 1.01868       0       0 21147
               103.8 -2.66546 -2.37873 -18.2431 -1.38752 -3.08451 0.146222  0.0267713  0.0150147 -0.0758992   0.00231966  0.000781828 -0.000497604   0.221262 -0.0181521  0.0299889 1.02505       0       0 0
               103.9 -3.39154 -1.25228 -16.8861  -1.3858 -3.07847 0.141775 -0.00792121   0.0316411  -0.0383308   0.00232448  0.000733357 -0.000493898   0.221277 -0.0193408  0.0295125 1.02506       0       0 21273
               103.9 -3.23203 -1.52338 -16.8653 -1.38268 -3.08244 0.139734  0.0231481 -0.0123107 -0.0590974   0.00227523  0.000822005 -0.000494662   0.220736 -0.0189432  0.0298275 1.04248       0       0 0
                 104  -3.57606 -0.907552  -16.0601 -1.38362  -3.0792 0.135692 -0.0071182 0.00324403 -0.0481794   0.00232151  0.000739323 -0.000484564   0.221387 -0.0198397  0.0295118 1.04248       0       0 21201
                 104 -3.44397 -1.05019 -16.0454 -1.38415  -3.0878 0.133473 -0.0128397 -0.0897146 -0.0695761    0.0022824  0.000785292 -0.000485594   0.221158 -0.0187041  0.0298622 1.02989       0       0 0
               104.1 -3.84238 0.993188 -16.0602 -1.38954 -3.09203  0.12778 -0.0773302 -0.0593781 -0.0657849   0.00232565  0.000713688 -0.000472149   0.221834 -0.0196878  0.0294163 1.02995       0       0 21343
               104.1 -3.71979 0.753457 -16.0485 -1.38676 -3.09525  0.12504 -0.0495189 -0.0957075  -0.095082   0.00228561  0.000788785 -0.000469921   0.221369 -0.0193568  0.0298289 1.04723       0       0 0
             104.201 -3.44041  2.26702 -16.3803 -1.39602 -3.09809 0.118112 -0.0947535 -0.0464718 -0.0501373   0.00230756  0.000722979 -0.000474521    0.22196 -0.0205259  0.0294997 1.04727       0       0 21814
             104.201 -3.35225  2.09994 -16.4035 -1.39588 -3.10408 0.117266 -0.0949418  -0.114015 -0.0587301  0.00227736  0.00077481 -0.00046198   0.221745 -0.0197175  0.0296594 1.03478       0       0 0
               104.3 -3.43655  3.27725 -17.4763 -1.40733 -3.11488 0.116618 -0.143986  -0.13247  0.015733  0.00231857 0.000729974 -0.00045924   0.221929 -0.0202408   0.029223 1.03478       0       0 21976
               104.3 -3.28362  3.03701 -17.4634 -1.40635 -3.11763 0.113542 -0.135375 -0.163267 -0.015629   0.00226836  0.000805285 -0.000458154   0.221693 -0.0199335  0.0296333 1.04647       0       0 0
               104.4 -3.17273  2.62859 -18.3467 -1.42349 -3.13213 0.116969 -0.179425 -0.177449  0.057224   0.00234827  0.000750889 -0.000470474  0.221976 -0.020631 0.0292431 1.04648       0       0 22101
               104.4 -2.90807  2.38502 -18.4733 -1.42316 -3.13633 0.110602   -0.177726   -0.226073 -0.00836933    0.0022589  0.000826251 -0.000426699   0.221726 -0.0201271  0.0300977 1.03532       0       0 0
               104.5 -2.58992   1.8919 -20.6367  -1.4414   -3.156 0.114105 -0.189582  -0.19988 0.0335392   0.00232707  0.000749035 -0.000429334   0.221871 -0.0206555  0.0296858 1.03531       0       0 22064
               104.5 -2.48848  1.65887 -20.7204 -1.43634  -3.1556 0.112985 -0.139166 -0.196157 0.0221984   0.00229481  0.000819536 -0.000399903   0.221251 -0.0208925  0.0297944 1.03341       0       0 0
               104.6 -2.70338  1.69882 -23.1376 -1.45396 -3.17275 0.116526 -0.167536 -0.168316 0.0373656   0.00235303  0.000721828 -0.000425346   0.221963 -0.0210739  0.0295166 1.03339       0       0 22199
               104.6 -2.63661   1.5516 -23.2113 -1.45033 -3.17509 0.113764  -0.131677  -0.194767 0.00857459   0.00232925  0.000767453 -0.000399166   0.221395 -0.0209212  0.0298854 1.02553       0       0 0
             104.701  -2.9196  1.59119 -25.3624 -1.46948 -3.19152 0.116789 -0.173078 -0.155775 0.0318016   0.00236793  0.000720396 -0.000435613   0.222466 -0.0210047  0.0296833 1.0255      0      0 22402
             104.701  -2.8332  1.35966 -25.4612 -1.46377 -3.19302 0.114551  -0.116053  -0.173552 0.00820728   0.00233992  0.000781322 -0.000401088   0.221686 -0.0210822  0.0299703 1.02033       0       0 0
               104.8 -3.52246    1.952 -27.5656 -1.48186 -3.20712  0.11577    -0.1555   -0.12495 0.00739029   0.00239506  0.000712145 -0.000448882  0.222876 -0.021047 0.0297856 1.02036       0       0 22282
               104.8  -3.3627  1.72606 -27.6414 -1.47883 -3.21315 0.112922  -0.125484  -0.194198 -0.0223832   0.00233663  0.000773538 -0.000418766   0.222164 -0.0204633  0.0301737 1.02969       0       0 0
               104.9 -3.31991  1.08521 -28.9094 -1.49368 -3.22703  0.11535 -0.107302 -0.119822 0.0261827   0.00237542  0.000728515 -0.000472145   0.223062 -0.0204896  0.0296973 1.02967       0       0 22165
               104.9 -3.09453 0.854155 -29.0433 -1.48331  -3.2276 0.111581 -0.00671946   -0.129818  -0.0121325    0.0023084  0.000782483 -0.000425666   0.221878 -0.0209784  0.0301233 1.01642       0       0 0
                 105 -1.91409 -1.24829 -30.1049 -1.48899 -3.23213 0.111523 -0.0205896 -0.0123285 -0.0218448  0.00237189 0.000753236 -0.00046288   0.223309 -0.0212744  0.0300992 1.0164      0      0 21919
                 105 -1.77858 -1.55289 -30.2323  -1.4815 -3.23957 0.103529  0.0545167  -0.096927 -0.0997803   0.00232481  0.000830873 -0.000418778   0.221968 -0.0208619  0.0310901 1.00708       0       0 0
               105.1 -2.39718 -1.46658 -31.8136  -1.48418  -3.23745 0.0958315  0.017579 0.0735765 -0.104462   0.00241346  0.000697758 -0.000464708   0.223778 -0.0209713  0.0303271 1.00701       0       0 21392
               105.1 -2.24851 -1.64153 -31.8609   -1.4843  -3.25039 0.0930954  0.0173274 -0.0746791  -0.127806   0.00235343  0.000746608 -0.000445356   0.222855 -0.0194062  0.0307062 1.00504       0       0 0
             105.201 -2.75767 0.159417  -33.683 -1.48045 -3.24283 0.091099 0.0327465 0.0743999 -0.082943   0.00242825  0.000656006 -0.000475452   0.223655 -0.0203947  0.0294653 1.00507       0       0 21262
             105.201   -2.53965 0.00393552   -33.6912  -1.47957  -3.24939 0.0956999  0.0508025  0.0157822 -0.0490137   0.00235154   0.00069967 -0.000466374    0.22304 -0.0198995  0.0290737 1.01268       0       0 0
               105.3 -1.92077  2.22332 -35.4904  -1.46612  -3.22868 0.0909162   0.119233   0.180592 -0.0612648   0.00241475  0.000637051 -0.000486788   0.223583 -0.0216296  0.0289226 1.01267       0       0 21350
               105.3 -1.80327  2.02995 -35.5019  -1.46498  -3.23624 0.0893117   0.139502   0.112583 -0.0705362   0.00236751  0.000680832 -0.000476167   0.222912 -0.0210906  0.0290696 1.01987       0       0 0
               105.4 -2.05922  3.38254  -37.169  -1.44697  -3.21224 0.0804414   0.191507   0.231954 -0.0698692   0.00244694  0.000644902 -0.000498249   0.223685 -0.0221286  0.0293217 1.01981       0       0 21470
               105.4 -1.95916  3.12973 -37.1874  -1.44765  -3.22446 0.0747148  0.200708   0.12427 -0.108835   0.00239708  0.000706911 -0.000483853   0.222827 -0.0211699  0.0298108 1.02164       0       0 0
               105.5 -2.79085  4.31216 -38.8757  -1.42469    -3.198 0.0659402   0.235145   0.264202 -0.0859587   0.00246171  0.000647082 -0.000504161   0.223983 -0.0221361  0.0297544 1.02169       0       0 21490
               105.5 -2.67131  4.12556 -38.8849  -1.42503  -3.20282 0.0672452   0.238345   0.221199 -0.0764449   0.00241736    0.0006997 -0.000496011   0.223628 -0.0217635  0.0296291 1.02484       0       0 0
               105.6 -3.37238  4.73395 -39.9058  -1.40241  -3.17383 0.0561669   0.23172  0.281779 -0.107465  0.00247418 0.000658941 -0.00052804    0.2244 -0.022162 0.0299979 1.02484       0       0 21333
               105.6 -3.26063   4.5601  -39.919  -1.40726  -3.19044 0.0564361 0.211604 0.134214 -0.10397   0.00241225  0.000700411 -0.000514976   0.223449 -0.0206567  0.0299418 1.02424       0       0 0
             105.701 -4.00643   5.1448  -40.466    -1.381  -3.16568 0.0463843   0.267511   0.211182 -0.0931944   0.00246706  0.000651184 -0.000538706   0.224153 -0.0217104  0.0299599 1.02426       0       0 21392
             105.701 -3.89415  4.96139 -40.4204  -1.38264  -3.17706 0.0513825  0.267957  0.107646 -0.056125    0.0024167  0.000696179 -0.000546252   0.223351 -0.0207595   0.029476 1.02305       0       0 0
               105.8 -4.67969  5.83563 -40.7699  -1.35166  -3.15499 0.0382358  0.316754  0.186284 -0.104591   0.00248317  0.000664941 -0.000556247   0.224541 -0.0220191  0.0303045 1.02306       0       0 21480
               105.8 -4.48272  5.61156 -40.7538  -1.35282  -3.16553 0.0376343  0.318706 0.0865456 -0.106748   0.00240462  0.000712702 -0.000552279    0.22371 -0.0211566  0.0303094 1.02094       0       0 0
               105.9 -5.00669  5.38695 -40.9567  -1.31937  -3.14529 0.0244055  0.340369  0.171023 -0.149275     0.002487   0.00069181 -0.000557261   0.224871 -0.0221292   0.030519 1.02097       0       0 21589
               105.9 -4.87879  5.15408 -40.9527  -1.32322   -3.1622 0.0237292  0.327389 0.0159152 -0.153305  0.00241053 0.000731603 -0.00054786    0.22376 -0.0206849  0.0305615 1.02262       0       0 0
                 106 -5.80729  5.74194 -41.2908   -1.28807   -3.14611 0.00575692  0.354745  0.133233 -0.180469   0.00249927  0.000681444 -0.000563902  0.225196 -0.021908 0.0306875 1.02262       0       0 21594
                 106 -5.5984 5.54841 -41.248   -1.28684   -3.15142 0.00845608  0.371138  0.080765 -0.160023   0.00242963  0.000729097 -0.000569745    0.22465 -0.0215787  0.0304141 1.01916       0       0 0
               106.1 -4.97004  5.56103 -40.4527    -1.24735    -3.13473 -0.00453897  0.397523  0.169293 -0.134135   0.00246426  0.000690753 -0.000577938   0.225351 -0.0222508  0.0302448 1.01915       0       0 21366
               106.1 -4.76363  5.34656 -40.4277    -1.25036    -3.14938 -0.00364485  0.388193 0.0320918 -0.125273   0.00237344  0.000733079 -0.000577169   0.224339 -0.0209981   0.030157 1.01246       0       0 0
             106.201 -4.06434  5.50505 -39.7325   -1.20803   -3.13001 -0.0169325  0.421728  0.207174 -0.128188   0.00244903  0.000692337 -0.000568714   0.225385 -0.0221349  0.0302578 1.01253       0       0 21597
             106.201 -3.97765  5.41682 -39.7395   -1.21445   -3.14277 -0.0134353  0.381538 0.0939217 -0.101708   0.00239215  0.000705478 -0.000564253   0.224871 -0.0208054  0.0300089 1.02576       0       0 0
               106.3 -3.54901  6.60456 -38.9433   -1.17108    -3.1172 -0.0265817   0.411055   0.287692 -0.0938359   0.00244731  0.000651864 -0.000571741   0.225297 -0.0219298  0.0303611 1.02573       0       0 21521
               106.3 -3.48122  6.17238 -38.9016   -1.17557   -3.13384 -0.0301315 0.391383 0.137442 -0.11919   0.00240358  0.000782493 -0.000574067   0.224247 -0.0204767  0.0306781 1.02189       0       0 0
               106.4  -4.5076  5.88486 -39.2599   -1.13441   -3.10034 -0.0420359  0.376213  0.319566 -0.098364   0.00246891  0.000674836 -0.000541119   0.225661 -0.0220919  0.0308833 1.0219      0      0 21351
               106.4 -4.36058  5.75645 -39.2948   -1.13664   -3.10997 -0.0419629   0.370283   0.233415 -0.0968105   0.00242265  0.000723206 -0.000527254   0.224967 -0.0212141  0.0308424 1.02593       0       0 0
               106.5 -5.29063  6.06913 -40.2364   -1.09765   -3.07166 -0.0449666   0.381577    0.39996 -0.0209373   0.00244694  0.000664611 -0.000531329   0.226036 -0.0223213  0.0305516 1.02593       0       0 21292
               106.5 -5.16249  5.85373 -40.2657   -1.10359   -3.08493 -0.0435263    0.347264    0.284161 -0.00937475    0.0024112   0.00073487 -0.000516467    0.22542 -0.0209107  0.0304371 1.02186       0       0 0
               106.6 -6.01129  5.85205  -42.178   -1.06399   -3.04129 -0.0414816  0.383056  0.476682 0.0194288    0.0024523  0.000667884 -0.000515767  0.226068 -0.021892 0.0301407 1.02186       0       0 21046
               106.6 -5.89463  5.57107 -42.1558   -1.06927   -3.05415 -0.0406873  0.354217   0.36491 0.0264146   0.00241824  0.000748174 -0.000514779   0.225411 -0.0205946   0.030095 1.02297       0       0 0
             106.701 -6.42529  4.88173 -44.4973   -1.03089   -2.99944 -0.0379112  0.364696  0.560051 0.0235873   0.00247995  0.000669344 -0.000511184   0.226368 -0.0218197  0.0300497 1.02295       0       0 21299
             106.701 -6.32153  4.72868 -44.5194   -1.03207   -3.00981 -0.0361217  0.366653  0.463068 0.0370684   0.00243293  0.000704472 -0.000498566   0.225607 -0.0210007  0.0298953 1.01554       0       0 0
             106.801 -5.83989  4.71975  -46.889  -0.994513   -2.95228 -0.0388245   0.389005   0.583633 -0.0123182  0.00245815 0.000626285 -0.00051313   0.226602 -0.0217045  0.0304981 1.01555       0       0 21115
             106.801 -5.71725  4.51413 -46.9176  -0.998924   -2.96774 -0.0387545    0.368344    0.439541 -0.00991335   0.00241217  0.000700443 -0.000499312    0.22547 -0.0203112  0.0305371 1.01927       0       0 0
               106.9 -5.14927   4.8974 -48.4133  -0.959378   -2.90738 -0.0442607 0.368404 0.612045 -0.04774   0.00245626  0.000614378 -0.000532783   0.226753 -0.0216192   0.030917 1.01934       0       0 21185
               106.9 -5.10175  4.65959 -48.3719  -0.957442   -2.90396 -0.0499806   0.379976   0.644955 -0.0897168   0.00244199  0.000690733 -0.000538212   0.226897 -0.0220626  0.0314277 1.02513       0       0 0
                 107 -6.19177  4.96634 -48.1485   -0.92494   -2.83987 -0.0560826   0.322356   0.649031 -0.0712339   0.00251774  0.000626229 -0.000572282   0.227089 -0.0216409  0.0311683 1.02513       0       0 21045
                 107 -6.03689  4.67732 -48.1319  -0.929419   -2.86016 -0.0561959   0.302267     0.4503 -0.0683823   0.00246819  0.000717094 -0.000569599    0.22527 -0.0198427  0.0311564 1.02271       0       0 0
               107.1 -7.02268  4.01305 -47.1111  -0.902389   -2.80361 -0.0599481   0.273249   0.560976 -0.0410927  0.00251476 0.000656063  -0.0005955   0.226798 -0.0206217   0.030879 1.02267       0       0 20821
               107.1  -6.8146  3.78055 -47.0814   -0.90441    -2.8086 -0.0576374   0.254184   0.508693 -0.0200897   0.00244772  0.000729144 -0.000597173   0.226441 -0.0200086  0.0306433 1.02151       0       0 0
               107.2 -7.43755   3.6573 -45.2784  -0.877516   -2.75233 -0.0576139   0.291605   0.557898 -0.0139017   0.00250075  0.000643132 -0.000613968   0.227185 -0.0205748  0.0302447 1.02153       0       0 20598
               107.2 -7.25828  3.47837 -45.2924  -0.872712   -2.75411 -0.0559863   0.335306   0.538583 0.00241988   0.00244383  0.000698038 -0.000601963   0.226643 -0.0208247  0.0299651 1.02122       0       0 0
               107.3 -7.33135  3.31257 -42.9166  -0.840328   -2.69396 -0.0602277     0.3308   0.608671 -0.0763652   0.00246889  0.000639495 -0.000618291  0.227441 -0.021276 0.0301576 1.02125       0       0 20217
               107.3 -7.23829  3.03173 -42.9426  -0.838953   -2.70796 -0.0659879  0.339469  0.454913 -0.132032   0.00243905  0.000721645 -0.000599181   0.225878 -0.0201377  0.0309457 1.0255      0      0 0
               107.4  -7.6454  3.62291 -40.4878   -0.81177   -2.65588 -0.0780627  0.309841   0.50873 -0.121449   0.00246796  0.000626253 -0.000621216   0.227453 -0.0201366  0.0307496 1.02552       0       0 20017
               107.4 -7.46704  3.40494 -40.4501  -0.811324   -2.66267 -0.0750574  0.312614  0.435746 -0.092854   0.00241165  0.000693483 -0.000624321    0.22678 -0.0194749  0.0304337 1.03839       0       0 0
             107.501 -7.13273  3.34599  -37.546  -0.778689   -2.61089 -0.0845658   0.352848   0.473427 -0.0901645   0.00244119   0.00064703 -0.000621593   0.227828 -0.0202816   0.030525 1.03851       0       0 19169
             107.501 -6.98134  3.15043 -37.5381  -0.778131   -2.61943 -0.0858953  0.360658  0.386963 -0.100261   0.00239291  0.000703954 -0.000616532   0.226996 -0.0195626  0.0307105 1.05556       0       0 0
               107.6 -6.84415  4.22221 -34.7528    -0.7411   -2.57842 -0.0952876   0.404016   0.360084 -0.0862276    0.0024413  0.000634561 -0.000621374   0.227875 -0.0201689  0.0307976 1.05561       0       0 17655
               107.6 -6.63669  4.06767 -34.7367  -0.735038   -2.58135 -0.0958542   0.46277  0.326608 -0.091335   0.00237952  0.000672676 -0.000621733    0.22703 -0.0203204  0.0307906 1.05347       0       0 0
               107.7 -6.35186  5.26667 -31.5366 -0.690198  -2.54497 -0.108024   0.45681  0.330444 -0.128026   0.00242832  0.000654496 -0.000618956   0.227869 -0.0208947  0.0310648 1.05349       0       0 19112
               107.7 -6.21744  4.93236 -31.5104 -0.690538  -2.55613 -0.104391   0.453779    0.21397 -0.0936996   0.00237334  0.000746362 -0.000613174   0.227074 -0.0196603  0.0307152 1.04829       0       0 0
               107.8 -6.31448  3.86525 -28.8418 -0.647236  -2.52795 -0.121768  0.448492  0.250394 -0.186982   0.00242411  0.000697378 -0.000597105    0.22827 -0.0204622  0.0313596 1.04838       0       0 19938
               107.8  -6.1096  3.75257 -28.8122 -0.644335  -2.53489 -0.120592  0.482124  0.182449 -0.176554   0.00235781  0.000724007 -0.000603632   0.227472 -0.0199585  0.0312084 1.03895       0       0 0
               107.9 -4.55675  4.47499 -26.1722  -0.59904  -2.51107 -0.139917  0.453224  0.218949 -0.205128    0.0023723  0.000667421 -0.000589712   0.228527 -0.0205031  0.0312792 1.03891       0       0 20462
               107.9 -4.36357  4.32406 -26.1705 -0.595268  -2.51059 -0.139241  0.487909   0.21804 -0.199742     0.002313  0.000711481 -0.000586313   0.228136 -0.0207047  0.0311594 1.04215       0       0 0
                 108 -3.0064 4.52795 -22.859  -0.55136  -2.48798 -0.160268  0.412843  0.191974 -0.216254   0.00237697  0.000682699 -0.000583058   0.228659 -0.0208606  0.0311804 1.04217       0       0 20872
                 108 -2.84964  4.35686 -22.8548 -0.550443  -2.49019 -0.157298  0.422753  0.171303 -0.191507   0.00232568  0.000733194 -0.000581776   0.228444 -0.0206669  0.0308616 1.04621       0       0 0
               108.1 -2.35047  5.93808 -19.1149 -0.506039  -2.47449 -0.174922  0.443412  0.108352 -0.137624   0.00236859  0.000646105 -0.000576537   0.228241 -0.0210424  0.0309332 1.04619       0       0 21029
               108.1 -2.26784  5.79656  -19.059 -0.505433  -2.48534 -0.175169  0.459388 0.0184968  -0.13913   0.00233508  0.000680517 -0.000593169   0.227604 -0.0200668   0.030952 1.04391       0       0 0
               108.2 -1.82094  6.55302 -15.3035 -0.461318  -2.48031 -0.183912  0.435588 0.0230177 -0.052324   0.00236207   0.00067242 -0.000572337   0.228145 -0.0204971  0.0309741 1.04392       0       0 20738
               108.2 -1.82565  6.29158 -15.3108 -0.453831  -2.47329 -0.193068   0.49647 0.0680134 -0.114665   0.00237531  0.000745409 -0.000569456   0.227513 -0.0212955  0.0316915 1.05649       0       0 0
             108.301 -1.06005   5.8489 -10.8612  -0.41244  -2.46518 -0.194756   0.400556  0.0647573 -0.0223658   0.00233713  0.000730249 -0.000572633   0.228567 -0.0213523  0.0312004 1.05658       0       0 21676
             108.301 -1.05746   5.5619 -10.8512 -0.411835  -2.47141  -0.19537   0.410778  0.0211698 -0.0253038   0.00232645  0.000810683 -0.000573915   0.228277 -0.0208563  0.0312184 1.072     0     0 0
               108.4 -0.459921   3.79629   -5.9597 -0.375164  -2.46704 -0.194211   0.358958  0.0248474 -0.0157932   0.00232341  0.000773251 -0.000569688   0.228746 -0.0210621  0.0309284 1.07201       0       0 22680
               108.4 -0.522193   3.65689  -5.97888 -0.370364  -2.46324 -0.199771   0.401017  0.0470292 -0.0541979   0.00234925  0.000809604 -0.000563214   0.228227 -0.0214048  0.0313549 1.08024       0       0 0
               108.5 -0.158687   3.12855 -0.775883 -0.335048  -2.46176 -0.201857    0.372562 -0.00728519  -0.0497176    0.0023025  0.000763852 -0.000549763   0.228972 -0.0213179  0.0310012 1.08024       0       0 22526
               108.5 -0.252874   3.02317 -0.807452 -0.327906   -2.4506 -0.208994   0.439717  0.0716603 -0.0965937   0.00235106  0.000790887 -0.000539468    0.22816 -0.0223149  0.0315325 1.08131       0       0 0
               108.6 0.517329  4.20839  3.87972 -0.288482  -2.45026 -0.212766   0.366186 0.00471611 -0.0630415   0.00226723  0.000751566 -0.000515994    0.22887 -0.0218415  0.0309882 1.08134       0       0 22510
               108.6 0.341333  4.05321  3.87211 -0.286721   -2.4512 -0.212384     0.383713 -0.000854954    -0.060182   0.00231985  0.000797868 -0.000514514   0.228638 -0.0217415  0.0309414 1.09737       0       0 0
               108.7 0.777579  4.16298  7.83911 -0.254207  -2.45377 -0.216621   0.304477  -0.032486 -0.0523565   0.00227259  0.000787021 -0.000495402   0.228961 -0.0215969  0.0307765 1.09735       0       0 22232
               108.7 0.641735  4.16325  7.83276 -0.249528  -2.44777  -0.21537   0.353793  0.0180749 -0.0413887  0.00232786 0.000779121 -0.00049451   0.228258 -0.0221256  0.0306015 1.09657       0       0 0
               108.8 0.953366  4.40578  11.4442 -0.217921  -2.44435 -0.222897   0.294844   0.036556 -0.0775336   0.00229304  0.000792992 -0.000478948   0.228449 -0.0223436   0.030888 1.09657       0       0 22160
               108.8 0.871345  4.36807  11.4387 -0.215695  -2.44469  -0.22479   0.316567  0.0362678 -0.0921687   0.00231747  0.000798162 -0.000477581  0.228165 -0.022265  0.031052 1.10255       0       0 0
               108.9 1.73815 4.84666 13.6247 -0.189635  -2.43666 -0.238749   0.25646  0.074044 -0.143723   0.00228212  0.000799743 -0.000435121   0.228538 -0.0227172  0.0313709 1.10258       0       0 22033
               108.9 1.73446 4.91643 13.6032 -0.186494  -2.43343 -0.236614  0.291919   0.10652 -0.126625  0.00229101 0.000769845  -0.0004283   0.228023 -0.0229787  0.0311287 1.10795       0       0 0
                 109 2.86426 6.43418 14.7252  -0.15941  -2.42119 -0.251767  0.280454  0.099769 -0.157084    0.0023026  0.000774423 -0.000407888   0.228225 -0.0233127  0.0312645 1.10797       0       0 22119
                 109 2.81942 6.49526 14.6832 -0.156949  -2.41545 -0.246877  0.311084  0.154154 -0.118588   0.00232702  0.000748582 -0.000396286  0.227683 -0.023841 0.0307674 1.11234       0       0 0
             109.101 2.89485 6.81183  14.869 -0.128818  -2.40066 -0.265093  0.259418  0.139286 -0.160673   0.00233329  0.000796985 -0.000386235   0.227822 -0.0238874  0.0314112 1.11237       0       0 22308
             109.101 2.89604 6.83762  14.841 -0.124464  -2.40536 -0.258211  0.295789  0.104559 -0.109522   0.00232187  0.000784201 -0.000377058   0.227622 -0.0233553   0.030723 1.12    0    0 0
               109.2 2.97462 6.94954 14.1905 -0.100217  -2.39258 -0.280112  0.241385 0.0934957 -0.203916   0.00230815  0.000796954 -0.000366786   0.227758 -0.0237728  0.0318076 1.12009       0       0 22483
               109.2 2.89693 7.02074  14.184 -0.0949248   -2.39486  -0.278076  0.290483 0.0795489 -0.188743   0.00232776  0.000766492 -0.000363089   0.227287 -0.0233985  0.0315384 1.12104       0       0 0
               109.3 2.38448 4.50616 13.7791 -0.0764641   -2.38662  -0.308588  0.154317 0.0230035 -0.323603   0.00232766  0.000847358 -0.000377536   0.227799 -0.0239903  0.0325479 1.12111       0       0 22259
               109.3 2.37543 4.42139 13.8123 -0.0775709   -2.38467  -0.310811  0.145641 0.0384328 -0.339889    0.0023329  0.000872912 -0.000387967   0.227797 -0.0242099  0.0327807 1.11163       0       0 0
               109.4 2.17854 2.91252 14.8685 -0.0635756   -2.37765  -0.345785  0.144266  0.026607 -0.442779   0.00235099  0.000818707 -0.000387273   0.227397 -0.0248509  0.0321909 1.11166       0       0 21828
               109.4 2.11748 3.12233 14.8718 -0.0595408   -2.37249  -0.338742  0.189896 0.0780383 -0.388382    0.0023829  0.000738507 -0.000385051   0.226744 -0.0253052  0.0314877 1.10691       0       0 0
               109.5 2.54809 3.28689 15.6595 -0.045011  -2.36503 -0.383357  0.130396 0.0432266 -0.484058   0.00233907  0.000759681 -0.000372503   0.226867 -0.0256287  0.0316667 1.10695       0       0 21839
               109.5 2.56479 3.39834 15.6798 -0.0456681   -2.36533  -0.383482  0.124509 0.0398543 -0.485016   0.00233411  0.000728494 -0.000376914   0.226957 -0.0256174  0.0316804 1.1088      0      0 0
             109.601 3.50004 4.62571  16.737 -0.0363746   -2.36372  -0.440268 0.0517538 0.0076125 -0.629643   0.00232306  0.000741278 -0.000379429   0.226993 -0.0255306  0.0318055 1.10879       0       0 22050
             109.601 3.39521 4.56979 16.7665 -0.0333129   -2.36621  -0.444763   0.0761527 -0.00958298   -0.662467   0.00235099  0.000754096 -0.000390229   0.226763 -0.0251904  0.0321702 1.11452       0       0 0
               109.7 4.26846 4.59554 17.5268 -0.0285665   -2.36462  -0.509556  0.0480117 -0.0071277  -0.706262  0.00233464 0.000767082 -0.00037517   0.226754 -0.0256901  0.0316107 1.11454       0       0 22117
               109.7 4.27451 4.67377 17.5301 -0.0243153   -2.36435  -0.507624   0.0895645 -3.7774e-05    -0.69173   0.00233203  0.000743854 -0.000374765   0.226223 -0.0255831   0.031385 1.11374       0       0 0
               109.8 4.85717 3.65949 18.0905 -0.0220604   -2.35838  -0.576523 0.0253145 0.0342885 -0.686479   0.00231871   0.00078712 -0.000365169    0.22656 -0.0265649  0.0313925 1.11382       0       0 22169
               109.8 4.81248 3.64835 18.1606 -0.0210979   -2.36415  -0.577604  0.0280079 -0.0152987  -0.694806  0.00234051 0.000787135 -0.00038887   0.226791 -0.0259188  0.0314614 1.10569       0       0 0
               109.9 5.10616 3.26196 18.3771 -0.0190063   -2.36018  -0.647407 0.0342932  0.022534 -0.670824     0.002333  0.000769002 -0.000360728   0.226734 -0.0266899   0.031709 1.10573       0       0 22018
               109.9  5.1017 3.37685 18.3932 -0.0135451   -2.35055  -0.644708  0.099844  0.118699 -0.647768   0.00232668  0.000739397 -0.000361309   0.225388 -0.0275622  0.0314137 1.1124      0      0 0
                 110 4.69372  5.3312 18.1779 -0.00745216    -2.33611   -0.713836 0.0760984  0.101148 -0.671896   0.00233491  0.000722284 -0.000340914   0.225757 -0.0281511  0.0319588 1.11247       0       0 21985
                 110 4.63246 5.48139 18.1887 -0.00670696    -2.33526   -0.711865 0.0847698  0.110163 -0.656632    0.0023545  0.000673712 -0.000340492   0.225632 -0.0282303   0.031757 1.1147      0      0 0
               110.1 4.03817 6.66026 18.4428 -0.00160787    -2.32894   -0.779638  0.0421822 0.00830563  -0.609243   0.00235146  0.000747676 -0.000360389   0.225725 -0.0282789  0.0324137 1.1147      0      0 22299
               110.1 4.08855 6.72896  18.472 0.00344413   -2.33207  -0.775972  0.0847091 -0.0118084  -0.582011   0.00233638  0.000725349 -0.000367268   0.225363 -0.0278456  0.0319801 1.12288       0       0 0
               110.2 4.41697 7.01393 18.9262 0.00748252   -2.33025  -0.832751  0.0474551 -0.0115396  -0.491317   0.00232768  0.000767145 -0.000365475   0.225521 -0.0285394  0.0325325 1.12293       0       0 22252
               110.2 4.38818 7.06509 18.9941 0.0115322  -2.33521 -0.829994   0.080892 -0.0517937  -0.470263   0.00233928  0.000749277 -0.000385278   0.225384 -0.0278953   0.032176 1.12177       0       0 0
               110.3 4.32809 7.90402 20.2831 0.0152903  -2.33322 -0.872314  0.0334049 -0.0187628  -0.352282   0.00233243  0.000759795 -0.000390919    0.22524 -0.0289424  0.0324328 1.12181       0       0 22250
               110.3 4.25234 8.01273  20.333  0.021055  -2.33712 -0.865554  0.0834656 -0.0448366  -0.300295   0.00235917  0.000723602 -0.000404065   0.224898 -0.0284088  0.0316525 1.12818       0       0 0
               110.4 3.30457 7.44555 21.3324 0.0179116  -2.33699 -0.897467 -0.074432  -0.05335 -0.259504   0.00236541  0.000795298 -0.000388997   0.224982 -0.0294285  0.0325798 1.12823       0       0 22059
               110.4 3.36551 7.42469 21.3829 0.0135737  -2.33901 -0.894254  -0.114609 -0.0753691   -0.23574   0.00234758  0.000801343 -0.000405959   0.225631 -0.0294365  0.0323467 1.1332      0      0 0
               110.5 2.78582 5.13095 21.7656 0.00471762   -2.34312  -0.921379 -0.0985665 -0.0751603  -0.242431   0.00235289  0.000824078 -0.000369137  0.224542 -0.029865 0.0328802 1.13319       0       0 21830
               110.5 2.79099 5.21012 21.7506 0.0109799  -2.33986 -0.919902 -0.0366669 -0.0383788  -0.229731   0.00235242   0.00079344 -0.000361585   0.223621 -0.0299346  0.0326076 1.12554       0       0 0
             110.601    1.87 3.97055 21.4864 0.00565965   -2.34314  -0.942669  -0.037997 -0.0679135  -0.229261   0.00236678  0.000785436 -0.000340359   0.223615 -0.0304534  0.0326243 1.12557       0       0 21636
             110.601 1.80006 4.03619  21.574 0.0127755  -2.35158 -0.940621 0.0176462 -0.135607 -0.211854   0.00238398  0.000761447 -0.000369606   0.223428 -0.0293142  0.0322938 1.11771       0       0 0
               110.7 1.01219 2.72617  22.019 0.00709375   -2.35844  -0.960376 -0.0409049 -0.0808182  -0.171317   0.00237394  0.000788787 -0.000365211   0.223765 -0.0304586  0.0326482 1.11771       0       0 21572
               110.7 1.07978 2.77807 22.1121 0.00701169   -2.35991  -0.961026 -0.0428875  -0.094634  -0.176425   0.00235289  0.000772593 -0.000394654   0.223875 -0.0303128  0.0327116 1.11098       0       0 0
               110.8  0.8128  2.7609 22.7367 0.000593772    -2.36642   -0.977737 -0.0372396 -0.0850259  -0.196952   0.00237297  0.000755755 -0.000363117   0.224085 -0.0308002  0.0325255 1.111     0     0 21377
               110.8 0.860004  2.85941  22.7839 0.00398398   -2.36402  -0.974712 -0.00397502   -0.061349   -0.172825   0.00236026  0.000720067 -0.000377299   0.223573 -0.0308807   0.032193 1.1053      0      0 0
               110.9 0.683486  3.33843  23.1968 0.00142213    -2.3656  -0.995815 -0.0190007 -0.0526231  -0.206733  0.00237222 0.000736746 -0.00035715   0.223395 -0.0315433   0.032535 1.10534       0       0 21451
               110.9 0.708657  3.43987  23.2888 0.00527621   -2.36516  -0.993379  0.0164669 -0.0450267  -0.187076   0.00236547  0.000701182 -0.000386072  0.222954 -0.031409 0.0322592 1.11526       0       0 0
                 111 -0.00287685     4.50854     23.7498 0.00387432   -2.36725   -1.01598 -0.00930151  -0.0591463   -0.210452  0.00237605 0.000721793  -0.0003632   0.222937 -0.0320046  0.0326597 1.11526       0       0 21384
                 111 -0.018285    4.5581    23.801 0.00853911   -2.36772   -1.01639  0.0310664 -0.0593286  -0.212399   0.00238075  0.000702585 -0.000379826   0.222468 -0.0317274  0.0326547 1.12228       0       0 0
               111.1 0.176225  5.10903   23.671 0.00651377   -2.37414   -1.03759 -0.0203806   -0.10711  -0.192605    0.0023617  0.000735644 -0.000358515   0.222696 -0.0322952  0.0328455 1.12235       0       0 21318
               111.1    0.25 5.15693 23.6995 0.0106405   -2.3745  -1.03583 0.0170889 -0.106222 -0.177185   0.00233795  0.000715458 -0.000367761   0.222273 -0.0320579  0.0326079 1.12725       0       0 0
               111.2 1.18903 5.29401 22.8701 0.00573681   -2.38428   -1.05363 -0.0579592  -0.125334  -0.155884    0.0023542  0.000746247 -0.000345277   0.222539 -0.0326686  0.0329085 1.12728       0       0 21163
               111.2 1.18728 5.35891 22.9072 0.00598853    -2.3849   -1.05056 -0.0550963  -0.130537  -0.130299   0.00235537  0.000726113 -0.000356514    0.22258 -0.0325941  0.0325812 1.1154      0      0 0
               111.3 1.97848 4.42616  22.253 0.0014446  -2.39533  -1.06403 -0.0160155  -0.126329  -0.105598   0.00236226  0.000749256 -0.000353145   0.222141 -0.0329939    0.03277 1.11541       0       0 21066
               111.3 2.00341  4.4275 22.2278 0.00265191   -2.39208   -1.06407 -0.00155209  -0.0940723   -0.105849   0.00235758   0.00074419 -0.000345865   0.221766 -0.0332712  0.0327497 1.11888       0       0 0
             111.401 2.83402 5.06622  21.772 0.00439085   -2.39532   -1.07504  0.0312696 -0.0533438  -0.117558   0.00235449  0.000701435 -0.000348667   0.221066 -0.0341086  0.0327588 1.11889       0       0 21042
             111.401 2.76586 5.29442 21.8237 0.00215548   -2.39867    -1.0671   0.010295 -0.0861654 -0.0518679   0.00237475  0.000637881 -0.000360293   0.221613 -0.0338948  0.0319466 1.12375       0       0 0
               111.5 2.30388 7.13524 21.4813 0.00405609   -2.40445   -1.07978 0.00391476 -0.0597624 -0.0960686   0.00240794  0.000662972 -0.000354379  0.221278 -0.034067 0.0326131 1.12384       0       0 20653
               111.5 2.30964 7.17074 21.5381 0.00401141   -2.41442   -1.07764 -0.00419109   -0.142811  -0.0798805   0.00239453  0.000660561 -0.000369534   0.221909 -0.0331745  0.0324024 1.13208       0       0 0
               111.6 2.97318 7.92225  21.421 0.00504101   -2.42013   -1.08864 0.00747062 -0.0745408  -0.055285   0.00238692  0.000679192 -0.000376438  0.220954 -0.034068 0.0329386 1.13201       0       0 20437
               111.6 3.01696 7.91984 21.4673 0.00883056   -2.42118   -1.08822  0.0412799 -0.0807649 -0.0500316   0.00237048  0.000672378 -0.000390747   0.220611 -0.0337967  0.0328132 1.1353      0      0 0
               111.7 3.96444 7.09729 21.7401 0.0114888  -2.42121  -1.09431    0.022539 -0.00818332  -0.0530766   0.00241598  0.000694192 -0.000389167   0.220038 -0.0348494  0.0330973 1.13536       0       0 20328
               111.7 3.97782 7.20794 21.7738 0.00693075   -2.42153   -1.08999 -0.0169578 -0.0154238 -0.0191644   0.00241627  0.000673799 -0.000396721     0.2206 -0.0350352  0.0327466 1.13287       0       0 0
               111.8 4.62842 8.44158 22.1445 0.00722106    -2.4127   -1.09867  0.0310046  0.0722401 -0.0886978   0.00244372  0.000653632 -0.000374942   0.219793 -0.0360091  0.0332347 1.13278       0       0 20410
               111.8  4.6676  8.6127 22.1676 0.00368498   -2.41633   -1.09317 -0.000322455    0.0356314   -0.0461539   0.00242836  0.000613026 -0.000377571   0.220458 -0.0358311  0.0327584 1.14782       0       0 0
               111.9 5.06235 10.0464 22.2532 0.00810507    -2.4122   -1.09912   0.0164983 -0.00190415  -0.0116821   0.00244472  0.000655267 -0.000376975   0.219839 -0.0359641  0.0329669 1.14783       0       0 20212
               111.9 5.11558 10.0481 22.2568 0.00428303   -2.41421   -1.09531 -0.0154712 -0.0218341  0.0166176   0.00242813  0.000664367 -0.000377285   0.220372 -0.0359705  0.0326809 1.14641       0       0 0
                 112  5.1098 9.69116 22.3924 0.00759669   -2.41282   -1.10115  0.0310032  -0.015031 -0.0654777  0.00244334 0.000680324 -0.00038273   0.219235 -0.0361682  0.0333115 1.14659       0       0 19782
                 112 5.12626 9.79985 22.4115 0.00561766   -2.41534   -1.09611   0.012861 -0.0406516 -0.0239338  0.00243629 0.000654463 -0.00038559   0.219695 -0.0360485   0.032843 1.14633       0       0 0
               112.1 5.35377 9.09483 22.5461 0.0100572  -2.41523  -1.10252  0.0361054 -0.0226156 -0.0358777   0.00245167  0.000678465 -0.000382011   0.21883 -0.036471  0.033401 1.14633       0       0 19693
               112.1 5.36174 9.16554 22.5898 0.0104848  -2.42068  -1.09584 0.0382918 -0.072786 0.0193975   0.00244238  0.000660604 -0.000394194   0.219255 -0.0359725  0.0327043 1.14495       0       0 0
             112.201 5.57467 8.41252 22.6443 0.0139477   -2.4229  -1.10162  0.0390964 -0.0366338 -0.0429456   0.00246313  0.000678352 -0.000381802   0.218665 -0.0365162  0.0334575 1.14497       0       0 20251
             112.201 5.54486 8.53487 22.6598 0.0120221  -2.42248  -1.09844  0.0244515 -0.0339843  -0.017559   0.00247586  0.000640803 -0.000382536   0.218884 -0.0366699  0.0331837 1.14426       0       0 0
               112.3 5.32748 8.67362 22.5112 0.0138808   -2.4195  -1.10377   0.0184667 -0.00250985  -0.0399905   0.00246996  0.000655817 -0.000375521   0.218561 -0.0374394  0.0336207 1.14418       0       0 20133
               112.3 5.32968 8.74221 22.5549 0.0133151  -2.42497  -1.09932   0.0119697  -0.0481013 -0.00520697   0.00246749  0.000637027 -0.000387245  0.219018 -0.037001 0.0331702 1.14632       0       0 0
               112.4 5.15771 8.76975 22.4462 0.012784  -2.4236 -1.10309 0.00270542  -0.013055 -0.0290689   0.00248843  0.000649577 -0.000378667   0.218623 -0.0378045  0.0335554 1.14633       0       0 20179
               112.4 5.15276 8.84734 22.4792 0.0121739  -2.42577  -1.10009 -0.00303472  -0.0330266 -0.00484067   0.00248762  0.000630337 -0.000386517   0.218862 -0.0376538   0.033265 1.14748       0       0 0
               112.5 5.08966 8.77226 22.4109 0.0122999  -2.42185   -1.1048 0.00603097  0.0118092 -0.0349516   0.00251052  0.000642139 -0.000376628   0.218096 -0.0384123  0.0336926 1.14748       0       0 20148
               112.5 5.09333 8.86737 22.4366 0.0101515  -2.42222  -1.09953 -0.0106866 0.00687119 0.00672397   0.00251227  0.000620096 -0.000381632   0.218397 -0.0385151  0.0332361 1.14748       0       0 0
               112.6 5.08039  8.7882  22.397 0.0105918   -2.4173  -1.10334 0.00685425  0.0221057  -0.026428   0.00251954  0.000631657 -0.000374636   0.217783 -0.0389569  0.0336638 1.14753       0       0 20024
               112.6 5.05825 8.89165 22.4293 0.00918784   -2.42249   -1.09772 -0.00625274  -0.0223186   0.0186342   0.00251794  0.000610885 -0.000382017   0.218289 -0.0386104  0.0331435 1.14767       0       0 0
               112.7 4.99462 8.86362 22.3539 0.0114072  -2.41942   -1.1019  0.0145181 0.00404286 -0.0250165   0.00252017  0.000628834 -0.000374803   0.217454 -0.0390946  0.0337016 1.14766       0       0 20174
               112.7 4.99011 8.94356 22.3808 0.00942142   -2.42149   -1.09756 -0.00208295  -0.0160385  0.00952117  0.00252187 0.000607483 -0.00038141   0.217834 -0.0390176  0.0333208 1.14719       0       0 0
               112.8 4.99325 8.85583 22.3369 0.0117234  -2.41783  -1.10207  0.0192257 0.00905989 -0.0292742   0.00251507  0.000629523 -0.000376354   0.216994 -0.0395501  0.0338566 1.14722       0       0 20100
               112.8 4.96312 8.92701 22.3465 0.0096662   -2.4194  -1.09895  0.00174284 -0.00614831 -0.00542802    0.0025262   0.00060615 -0.000377623   0.217371 -0.0395073  0.0335853 1.14816       0       0 0
               112.9 4.95489 8.85087 22.3419 0.0122546  -2.41688  -1.10287  0.0231949  0.0020072 -0.0287128   0.00252383  0.000625848 -0.000376461   0.216728 -0.0398581  0.0339169 1.14817       0       0 20112
               112.9 4.93901 8.92044 22.3619 0.010964 -2.41946 -1.09981   0.0113347   -0.021155 -0.00431462  0.00252981 0.000603352 -0.00038111   0.217088 -0.0396876  0.0336156 1.15165       0       0 0
                 113 4.92444 8.85335 22.3531 0.0125883  -2.41791   -1.1031  0.0142986 -0.0110089 -0.0238373   0.00252388  0.000624509 -0.000378623   0.216604 -0.0401843  0.0339406 1.15165       0       0 20183
                 113  4.9424 8.91298 22.3807 0.0127896     -2.42  -1.10092   0.0156108  -0.0287974 -0.00601011  0.00251998 0.000604411 -0.00038587   0.216751 -0.0399908  0.0336985 1.14954       0       0 0
               113.1 4.95181 8.83006 22.3768 0.0129337  -2.41989  -1.10441 0.00359261  -0.028873 -0.0261751   0.00251707  0.000623594 -0.000383146   0.216563 -0.0405021  0.0340752 1.14959       0       0 20025
               113.1 4.93674 8.90327   22.41 0.0138136  -2.42408  -1.10096  0.0102818 -0.0626967 0.00201397   0.00252483  0.000598862 -0.000391909   0.216776 -0.0400965   0.033682 1.15024       0       0 0
               113.2 4.93711 8.81312 22.3757 0.0144732  -2.42158  -1.10468   0.0117602 -0.00846493  -0.0270571   0.00251982  0.000624037 -0.000382288   0.216042 -0.0411295  0.0341459 1.15026       0       0 20127
               113.2 4.93925 8.89588 22.4111 0.0150049  -2.42344  -1.10212   0.0168162  -0.0240294 -0.00568856   0.00252145  0.000596399 -0.000391308   0.216141 -0.0409441  0.0338524 1.15017       0       0 0
               113.3 4.94535 8.80177 22.3715 0.0138985  -2.41919  -1.10552 -0.00286799  0.00994675  -0.0271661   0.00251295  0.000626203 -0.000381949  0.215802 -0.041875 0.0342643 1.15016       0       0 19802
               113.3 4.94362 8.89654 22.4086 0.0133636  -2.42369  -1.10205 -0.00959972  -0.0297633 0.000900321   0.00251774  0.000592118 -0.000391638   0.216214 -0.0414853  0.0339027 1.14963       0       0 0
               113.4 4.93027 8.81184  22.373 0.0118226  -2.42137  -1.10439  -0.0105623 -0.00602007  -0.0159687   0.00251747  0.000618365 -0.000381322   0.215713 -0.0422102  0.0342097 1.14966       0       0 19904
               113.4 4.95584 8.90292 22.4175 0.0124024  -2.42629  -1.10093 -0.00787515  -0.0482702   0.0123976   0.00251431  0.000586864 -0.000393211   0.216039 -0.0417222  0.0338107 1.15089       0       0 0
               113.5 4.93067 8.81257 22.3716 0.0116822  -2.42384  -1.10367 -0.0022857    -0.0052 -0.0167949  0.00252285 0.000612279 -0.00038093   0.215329 -0.0425783  0.0342658 1.1509      0      0 20166
               113.5 4.95329 8.90212 22.4151 0.0128085  -2.42539  -1.10073 0.00801083 -0.0175417 0.00752336   0.00251759  0.000582481 -0.000392226  0.215354 -0.042403 0.0339202 1.14954       0       0 0
               113.6 4.92387 8.81501 22.3761 0.0136581   -2.4216  -1.10341  0.0112895  0.0101409 -0.0168962   0.00253019  0.000605181 -0.000382353   0.214771 -0.0430842  0.0343104 1.14956       0       0 20195
               113.6 4.95268 8.90167 22.4179 0.0131264   -2.4257  -1.10045 0.00468084 -0.0262174 0.00700919   0.00252129  0.000578329 -0.000393471   0.215142 -0.0427354  0.0340062 1.14984       0       0 0
               113.7 4.91619 8.81165 22.3664 0.0128862  -2.41998  -1.10416 0.00508159  0.0238649  -0.025664   0.00253569  0.000603564 -0.000378724   0.214459 -0.0437073  0.0345136 1.14981       0       0 20081
               113.7  4.9471 8.89778 22.4087 0.012297 -2.42412 -1.10103 -0.00205407   -0.012309 -0.00072115   0.00252635  0.000576435 -0.000390039   0.214839 -0.0433658  0.0341984 1.1498      0      0 0
             113.801 4.93203 8.81486 22.3786 0.0121157  -2.42075  -1.10384 0.000878792  0.00618437  -0.0195093   0.00253183  0.000598915 -0.000381925    0.21434 -0.0439734  0.0345176 1.1498      0      0 20143
             113.801  4.9506 8.89828  22.412 0.0134305  -2.42452  -1.10103  0.0108624 -0.0253398 0.00385543    0.0025259  0.000572095 -0.000390452  0.214488 -0.043575 0.0341815 1.1516      0      0 0
               113.9 4.94125 8.81317 22.3761 0.0131822  -2.42069  -1.10361 0.00338555 0.00787825 -0.0174884   0.00253352  0.000593224 -0.000381216   0.214019 -0.0444022  0.0345617 1.15162       0       0 20172
               113.9 4.95927 8.90158 22.4142 0.0135453  -2.42458  -1.10042 0.00502486 -0.0258175 0.00877957   0.00252704  0.000566104 -0.000391029   0.214283 -0.0440361  0.0342091 1.15268       0       0 0
                 114 4.94342 8.80764  22.379 0.0126769  -2.42093   -1.1038 -0.00348679  0.00654755  -0.0231823   0.00253914  0.000588639 -0.000382514   0.213816 -0.0448411  0.0347195 1.15272       0       0 20061
                 114 4.95043 8.89729 22.4116 0.0131173  -2.42396  -1.10084 -0.000446257   -0.0194063   0.00118139   0.00253519  0.000561503 -0.000390485   0.214008 -0.0445562   0.034394 1.15255       0       0 0
               114.1 4.92838 8.80185 22.3716 0.0131951  -2.42041  -1.10447 0.00328728   0.007747 -0.0251158   0.00254854  0.000583365 -0.000379464   0.213446 -0.0452071  0.0348092 1.15256       0       0 20172
               114.1  4.9401  8.8935 22.4079 0.013996 -2.42314 -1.10155 0.00963338 -0.0151845 -0.0010523  0.00254316 0.000554777 -0.00038853    0.21358 -0.0449384  0.0344826 1.15065       0       0 0
               114.2 4.92142 8.82042 22.3703 0.0127721  -2.42111  -1.10333 -0.00808104 -0.00626509  -0.0130245     0.002556  0.000574239 -0.000379653   0.213415 -0.0455424   0.034751 1.15066       0       0 20056
               114.2  4.9492 8.89567  22.414 0.0127172  -2.42474  -1.10067 -0.00986818  -0.0386395  0.00907323   0.00254534  0.000552086 -0.000391572   0.213695 -0.0452128  0.0344647 1.14971       0       0 0
               114.3 4.95152 8.80984 22.3831 0.012973 -2.42095 -1.10408 0.00513992 0.00807639 -0.0221433   0.00255477  0.000570445 -0.000382598   0.212861 -0.0460316  0.0349175 1.1497      0      0 20126
               114.3 4.95341 8.89647 22.4117 0.012801 -2.42421 -1.10077 0.00267679 -0.0203001 0.00483183    0.0025524  0.000545001 -0.000389439   0.213137 -0.0457556  0.0345718 1.15265       0       0 0
               114.4 4.93654 8.81241 22.3767 0.0128378  -2.42068  -1.10418  0.0040613 0.00705056 -0.0235141   0.00256481  0.000564515 -0.000380862   0.212604 -0.0464355  0.0350125 1.15267       0       0 20037
               114.4 4.94399 8.89122 22.4155 0.0145823  -2.42456  -1.10194   0.0170463  -0.0249983 -0.00471654   0.00255944  0.000539369 -0.000391216   0.212707 -0.0460117  0.0347317 1.15081       0       0 0
               114.5 4.93612 8.80715 22.3789 0.0138208  -2.42225  -1.10465 -0.00215489 -0.00598932  -0.0205544   0.00256705  0.000562325 -0.000381252   0.212486 -0.0467504  0.0350654 1.15083       0       0 20018
               114.5 4.95957 8.89743 22.4232 0.0130468  -2.42673  -1.10116 -0.0105399 -0.0458425  0.0075351   0.00255762   0.00053598 -0.000393206   0.212908 -0.0463784  0.0347126 1.15164       0       0 0
             114.601 4.91112 8.81255 22.3688 0.0121908  -2.42395  -1.10382 -0.00409904 -0.00254336  -0.0171111   0.00258525  0.000551306 -0.000379687   0.212207 -0.0472304  0.0350875 1.15166       0       0 19895
             114.601 4.94212  8.8961 22.4129 0.0124611  -2.42499  -1.10082 -0.000791256   -0.0110814   0.00761869  0.00257653 0.000525302 -0.00039085   0.212286 -0.0471482  0.0347608 1.15154       0       0 0
               114.7 4.92181 8.80098 22.3805 0.0119628  -2.42093  -1.10412 -0.00222626   0.0131575  -0.0221143   0.00259265   0.00054507 -0.000381628   0.211811 -0.0477947   0.035219 1.15154       0       0 19913
               114.7 4.91871 8.89007 22.3972 0.0117922  -2.42207  -1.10122 -0.00282279  0.00337382    0.001724   0.00259273  0.000519355 -0.000384428   0.211938 -0.0477205  0.0349222 1.15031       0       0 0
               114.8 4.91209 8.80141 22.3714 0.0127308  -2.41732  -1.10488 0.00912963  0.0228868 -0.0262225   0.00260537  0.000535025 -0.000379338   0.211347 -0.0482185  0.0353051 1.15032       0       0 20198
               114.8  4.9256 8.89617 22.3998 0.0114435   -2.4219  -1.10027 -0.00325518  -0.0182965   0.0109667   0.00259538  0.000513348 -0.000385902   0.211822 -0.0478824  0.0348633 1.14984       0       0 0
               114.9 4.90413 8.83134 22.3643 0.0119754  -2.41887   -1.1024 0.00670683 0.00528343 -0.0118046   0.00261158  0.000523575 -0.000376393   0.211248 -0.0484449  0.0351975 1.1498      0      0 20124
               114.9  4.9283 8.89165 22.4024 0.0131014  -2.42293  -1.10133   0.0135164  -0.0295888 -0.00255622  0.00259801 0.000506215 -0.00038689   0.211411 -0.0480271  0.0350552 1.15058       0       0 0
                 115 4.92389 8.80838 22.3797 0.0140681  -2.42043  -1.10444   0.0128077 -0.00140077  -0.0229745   0.00261108  0.000523729 -0.000381317  0.210921 -0.048706 0.0353829 1.15057       0       0 20109
                 115 4.93641 8.89307 22.4112 0.0145739  -2.42365  -1.10159   0.0162306  -0.0292774 0.000757851   0.00260329  0.000499244 -0.000389055   0.211113 -0.0484038  0.0350716 1.15071       0       0 0
               115.1 4.92895 8.80173 22.3826 0.0145928  -2.42105  -1.10472  0.00501938 -0.00346887  -0.0237774   0.00261958  0.000519183 -0.000381752   0.210731 -0.0491535  0.0354727 1.15073       0       0 20200
               115.1 4.93871 8.88921 22.4148 0.0148688  -2.42406  -1.10217   0.0064687  -0.0294927 -0.00283701   0.00261278  0.000493995 -0.000389689   0.210932 -0.0488751  0.0351961 1.15161       0       0 0
               115.2 4.92432 8.81354 22.3836 0.0137214  -2.42092  -1.10481 -0.00619277   0.0020847  -0.0191035   0.00263598    0.0005067 -0.000381492   0.210557 -0.0496691  0.0355094 1.15162       0       0 20060
               115.2 4.94172 8.88864 22.4193 0.0148041  -2.42528  -1.10246  0.00104947  -0.0353902 7.74627e-05   0.00262132  0.000487008 -0.000390863   0.210753 -0.0492308  0.0352408 1.15442       0       0 0
               115.3 4.93378 8.79905  22.364 0.0128727  -2.42044  -1.10478 -0.0111744  0.0152712 -0.0162146   0.00264699  0.000503676 -0.000375504   0.210266 -0.0502361  0.0355565 1.15445       0       0 20159
               115.3 4.94254 8.89374 22.4122 0.0133535  -2.42373  -1.10139 -0.00788966  -0.0129382   0.0118629   0.00263936  0.000477458 -0.000387776  0.210467 -0.049943 0.0351984 1.15128       0       0 0
             115.401 4.92134 8.81601 22.3713 0.0121346  -2.41878  -1.10357 -0.00785384    0.021397  -0.0129635   0.00266123  0.000489608 -0.000376104   0.209947 -0.0506814  0.0355788 1.15129       0       0 20139
             115.401 4.95683 8.89717  22.401 0.0113908  -2.42217  -1.10105  -0.0156056 -0.00919082  0.00739285   0.00264536  0.000471301 -0.000383148   0.210264 -0.0504197  0.0353396 1.15306       0       0 0
               115.5 4.93684 8.81485 22.3751 0.0113322   -2.4175    -1.103 0.000376971   0.0216867  -0.0106692    0.0026662  0.000478764 -0.000377244   0.209603 -0.0510174  0.0356014 1.15305       0       0 20087
               115.5 4.95918 8.89927 22.4138 0.0122414   -2.4244  -1.10046 0.00399661 -0.0390811  0.0105956   0.00264409  0.000460451 -0.000387446   0.209972 -0.0503658  0.0353174 1.15305       0       0 0
               115.6 4.92083 8.82099 22.3754 0.0125175  -2.42239  -1.10243  0.00606205 -0.00747045  -0.0116536   0.00267208  0.000471772 -0.000376961   0.209445 -0.0510503  0.0356487 1.15306       0       0 20076
               115.6 4.94415 8.89652 22.4121 0.0124888  -2.42471   -1.1008 0.00486708 -0.0281416 0.00175313   0.00266164  0.000451799 -0.000386025   0.209614 -0.0508524  0.0354844 1.14985       0       0 0
               115.7 4.93607 8.80664 22.3721 0.0124607  -2.42087  -1.10426 0.00348088  0.0102419 -0.0252372   0.00267666  0.000472453 -0.000373219   0.209073 -0.0516288   0.035891 1.14985       0       0 19996
               115.7 4.94344 8.89558 22.3979 0.0107359   -2.4226  -1.10099  -0.0111588 -0.00630133 0.000759818   0.00267434  0.000448132 -0.000379114   0.209393 -0.0515669  0.0356064 1.15012       0       0 0
               115.8 4.91583 8.81512 22.3584 0.0110585  -2.41741  -1.10404 0.00404198  0.0251938  -0.021019   0.00268145  0.000474198 -0.000368615   0.208682 -0.0522223  0.0359178 1.15008       0       0 20138
               115.8 4.93237 8.89194 22.4071 0.0122447  -2.42367  -1.10135  0.0113908 -0.0288125 0.00151485   0.00267778  0.000447524 -0.000382549   0.209001 -0.0515794   0.035593 1.15016       0       0 0
             115.901 4.92737 8.80041 22.3699 0.0124647  -2.42131  -1.10451  0.00671004 -0.00351541  -0.0230498   0.00267315  0.000476178 -0.000373483   0.208553 -0.0522944  0.0359987 1.15016       0       0 19809
             115.901 4.95149 8.89885  22.414 0.0119909  -2.42508  -1.10034 0.00167127  -0.036985   0.010807    0.0026697  0.000441783 -0.000384914   0.208916 -0.0519776  0.0355585 1.15136       0       0 0
                 116 4.93118 8.81709 22.3809 0.0121397   -2.4222  -1.10265   0.00581852 -0.000368689   -0.0129919   0.00267345   0.00046716 -0.000376036   0.208287 -0.0527782  0.0359497 1.15136       0       0 20054
                 116 4.94529 8.89882 22.4121 0.0126045  -2.42424  -1.10042 0.00953539 -0.0176322 0.00530279   0.00267127  0.000439809 -0.000383637   0.208405 -0.0525772  0.0356963 1.15082       0       0 0
               116.1 4.91732  8.8191 22.3675 0.0129476  -2.41853  -1.10343 0.00714894  0.0241898 -0.0207727    0.0026767  0.000464877 -0.000370019   0.207818 -0.0534653  0.0361246 1.15086       0       0 20131
               116.1 4.94031 8.89548 22.4085 0.0123035  -2.42373  -1.10103 -0.000552569     -0.02025  -0.00168855   0.00267271  0.000438692 -0.000381235   0.208245 -0.0530148  0.0358788 1.15095       0       0 0
               116.2 4.91496 8.80075 22.3753 0.0124659  -2.42125  -1.10456  0.00353731 -0.00116189  -0.0255598  0.00267715 0.000467684 -0.00037322  0.207739 -0.053596 0.0362626 1.15094       0       0 20109
               116.2 4.92964 8.89599 22.4007 0.0109225  -2.42287  -1.10011 -0.00865116  -0.0163305   0.0101633   0.00267412  0.000435262 -0.000378746    0.20807 -0.0535452  0.0358243 1.14943       0       0 0
               116.3 4.91801 8.81082 22.3723 0.011711 -2.42003 -1.10316 0.00638188 0.00426153 -0.0194827   0.00267784  0.000459139 -0.000371976   0.207372 -0.0540677  0.0362475 1.14939       0       0 20118
               116.3 4.93973 8.89713 22.4048 0.0117059  -2.42351  -1.10067 0.00507373  -0.026216 0.00079039   0.00267149  0.000430562 -0.000380426   0.207646 -0.0537359  0.0359695 1.15139       0       0 0
             116.401 4.92453 8.81726 22.3857 0.0126666  -2.42183  -1.10379   0.0103983 -0.00782845  -0.0209782   0.00268144  0.000450027 -0.000376125  0.207121 -0.054307  0.036332 1.15139       0       0 20112
             116.401 4.94313 8.89082 22.4249 0.0136085  -2.42693  -1.10187   0.0157691  -0.0523222 -0.00520965   0.00267351  0.000427525 -0.000387013  0.207388 -0.053763  0.036094 1.15119       0       0 0
               116.5 4.92435 8.80263 22.3762 0.0141863   -2.4242   -1.1048   0.0125367 -0.00318613  -0.0216904   0.00268496  0.000452297 -0.000374889   0.206789 -0.0547411  0.0364082 1.1512      0      0 20193
