                   0  0 -0  0 0 0 0 0 0 0 0 0 0 0 0 0 1 0 0
                   0  0 -0  0 0 0 0 0 0 0 0 0 0 0 0 0 1 0 0
                   0  0 -0  0 0 0 0 0 0 0 0 0 0 0 0 0 1 0 0
                   0  0 -0  0 0 0 0 0 0 0 0 0 0 0 0 0 1 0 0
                   0  0 -0  0 0 0 0 0 0 0 0 0 0 0 0 0 1 0 0
            0.300492  0 -0  0 0 0 0 0 0 0 0 0 0 0 0 0 1 0 0
            0.400332 -0.0030566  -0.135188  -0.145645 -4.23502e-05  0.000838962  0.000180125 -0.0017974  0.0161019 0.00541989 0 0 0 0 0 0 1 0 0
            0.400332 0.00728673  -0.218535  -0.175114    0.001892  0.00049453 -0.00366395 -0.00302795   0.0158548  0.00514814 -1.61097e-08  1.50833e-07  5.07675e-08 -9.38804e-09  1.56176e-09  1.80725e-08 1 0 0
            0.500169 -0.245662 -0.413404 -0.307965 0.00166488 0.00268002 -0.0029564 -0.00368049   0.0259389   0.0106766 -1.61097e-08  1.50833e-07  5.07675e-08 -9.38804e-09  1.56176e-09  1.80725e-08 1 0 0
            0.500169 -0.517861 -0.428547 -0.289609  0.00202004  0.00621123 -0.00493551  0.00157327   0.0510198 -0.00167424  2.79516e-05  1.02757e-06 -2.61134e-06 -8.01765e-07 -3.23661e-06  1.80244e-06 1 0 0
            0.600017 -0.326204 -0.798022 -0.276323  0.00260987  0.00255007 -0.00113192 0.000264324    0.027551   0.0124625  3.38452e-06  2.60217e-06 -3.00098e-07 -8.24781e-07  1.87226e-06 -2.84602e-07 1.00166       0       0
            0.600017 -0.694144 -0.817411 -0.224127  0.00155993  0.00308184 -0.00490974 -0.0105871  0.0348113 -0.0255029  4.47259e-05  9.68882e-06 -5.82365e-06 1.82411e-05 3.52789e-06 1.71023e-05 1.00165       0       0
            0.700803 -0.114903 -0.811153 -0.057774  0.00317869  0.00128713 -0.00163866  0.00214702   0.0124743 -0.00772033 -1.88816e-06  2.42985e-06 -4.94496e-06 -9.94832e-07  1.02077e-05  2.06105e-06 0.999724        0        0
            0.700803  -0.104456   -0.85137 -0.0489392 0.00387714 0.00063123 -0.0035714   0.009272   0.006199 -0.0273442 -3.61753e-06  6.46902e-06 -6.01788e-06 -2.64812e-05  2.91625e-05  7.37742e-05 0.999731        0        0
            0.800637 -0.318455 -0.517607  0.070037  0.00409532  0.00220806 -0.00329423 0.00141714  0.0171209 -0.0141737 -1.27863e-07 -3.89701e-06  -3.6653e-06 -1.80633e-05  2.38963e-05  1.26997e-05 0.998292        0        0
            0.800637 -0.601867 -0.496429 0.0871161  0.00415615  0.00128423 -0.00343749 0.00191036 0.00916632 -0.0155748  3.33011e-05 -6.42412e-06 -5.72301e-06 -1.95318e-05  6.61415e-05  1.90616e-05 0.998278        0        0
            0.900487 -0.382303 -0.269793  0.119878  0.00428358  0.00166605 -0.00264323   0.00156464 -0.000368955  -0.00115976  1.78613e-06 -5.97814e-06 -5.21458e-06  -2.0906e-05   6.2309e-05 -2.65848e-05 0.998507        0        0
            0.900487 -0.654366 -0.279949  0.137566  0.00359626   0.0012879 -0.00357647 -0.00638767 -0.00306079  -0.0113978  3.10767e-05 -4.50695e-06 -7.13773e-06 1.02837e-05 8.03884e-05 1.59642e-05 0.998495        0        0
             1.00032 -0.0244386   -0.14783 -0.0417675  0.00465309 0.000298383 -0.00279422  0.00347542 -0.00981409  0.00263361 -1.73494e-06 -7.36747e-06 -2.88974e-06   -2.283e-05  8.44304e-05 -2.23452e-05 0.999511        0        0
             1.00032  -0.291677  -0.149658 -0.0282673  0.00447719 0.000865094 -0.00281833  0.00164647 -0.00261772  0.00241763  2.92244e-05 -6.95775e-06 -4.49884e-06 -1.63751e-05  6.60885e-05 -2.12098e-05 0.999501        0        0
             1.10014  0.446131  0.134811 0.0386919  0.00536897  0.00188848 -0.00270588 0.00267604  0.0109081 0.00644137 -4.64531e-06 -1.01027e-05 -1.80773e-06 -3.18065e-05   4.7998e-05 -2.00204e-05 0.999832        0        0
             1.10014  0.191512  0.164171 0.0392639  0.00564585 0.000470274 -0.00369193  0.00565959 -0.00241549 -0.00429257  2.27131e-05  -1.3844e-05 -1.78862e-06 -4.18643e-05  0.000104495  2.23076e-05 0.999837        0        0
                 1.2 0.927368 0.304339 0.143301  0.00592272 -0.00127149 -0.00195322 -0.00160278  -0.0148947   0.0220791 -6.43931e-06 -1.25663e-05 -4.14237e-06 -3.50462e-05  0.000126635  -1.1927e-05 0.999624        0        0
                 1.2 0.853695 0.294256 0.146684  0.00588928  -0.0013116 -0.00282504 -0.00208445  -0.0149193   0.0127332  1.95095e-06 -1.14467e-05 -4.54534e-06 -3.35097e-05  0.000129096  2.51167e-05 0.999621        0        0
             1.30061    1.77761 -0.0479381   0.249582   0.00579577  -0.00206353 -0.000333088 -0.00475957 -0.00758441    0.027122  -9.0801e-06 -9.60999e-06 -9.01577e-07 -4.78969e-05  0.000111331  2.00721e-05 1.00094       0       0
             1.30061    1.53904 -0.0469963   0.281201  0.00514134 -0.00207205 -0.00180444  -0.0117902 -0.00657165   0.0112115  1.79997e-05    -9.05e-06 -4.37284e-06 -2.13724e-05  0.000115265  8.38542e-05 1.00094       0       0
             1.40045   2.09352 -0.359345  0.304191  0.00255328 -0.00337022 0.000841484  -0.017968 0.00327674 0.00939235 -8.92999e-06 -7.59111e-06  1.61773e-06 4.79831e-06 0.000145479 3.86347e-05 1.00084       0       0
             1.40045   1.91063 -0.320541  0.330759  0.00355343 -0.00343701 0.000565881 -0.00688414  0.00379973  0.00646851   1.1969e-05  -1.3588e-05 -1.27596e-06 -3.54158e-05  0.000149154  4.99274e-05 1.00085       0       0
             1.50029   2.3156 -0.37715 0.578344  0.00364396 -0.00549486 -0.00108487 -0.00422459  0.00164371  -0.0145676 -6.30358e-06 -1.09353e-05   8.4292e-07 -4.84625e-05  0.000202971   8.2659e-05 1.00048       0       0
             1.50029   2.09094 -0.357036   0.63187  0.00350247 -0.00450959 -0.00194113 -0.00532853   0.0132183  -0.0239609  2.09044e-05 -1.33816e-05 -5.39057e-06 -4.36033e-05  0.000167075  0.000121461 1.00049       0       0
             1.60014    2.5826 -0.180603   1.03577  0.00207524 -0.00260103 -0.00096491 -0.00593751   0.0246363 -0.00865771 -9.31556e-06 -1.54928e-05 -1.93039e-06 -2.8402e-05 0.000167403 4.97405e-05 0.999608        0        0
             1.60014   2.46217 -0.184073   1.02647  0.00351276 -0.00396549  -0.0021555  0.0101898  0.0111686 -0.0219761  3.62771e-06 -1.68074e-05 -6.99742e-07 -8.90794e-05  0.000225055  0.000100966 0.999622        0        0
             1.70038   2.3404 -0.13361  1.45723  0.00135018 -0.00549662 -0.00056854 -0.00416798  0.00944978   0.0003791 -6.48318e-06 -1.61523e-05  1.32654e-06 -3.5763e-05 0.000290419 3.10103e-05 1.00031       0       0
             1.70038    2.0568 -0.136915   1.50915  0.00240485 -0.00598843 -0.00117068  0.00751602  0.00641419 -0.00637984  2.70743e-05 -1.69391e-05 -4.87731e-06 -8.17493e-05  0.000313125  5.83872e-05 1.00031       0       0
             1.80039   2.05095 -0.049452   1.78845  0.00147896 -0.00328951 0.000270415 -0.00691039   0.0143214   0.0124982 -3.70024e-06 -1.55508e-05 -1.28274e-07 -4.20281e-05  0.000264648  1.30041e-05 1.00045       0       0
             1.80039     1.89464 -0.00612101      1.7965   0.00249202  -0.00362916 -0.000100838  0.0046009  0.0118331 0.00854596  1.48016e-05 -2.18239e-05 -8.73987e-07 -8.56858e-05  0.000281084  2.87249e-05 1.00046       0       0
             1.90023     2.34264 -0.00452841     2.13036 0.000626966 -0.00388271 6.77901e-05 -0.0129017  0.0169995  0.0075618 -1.19783e-05 -1.56151e-05 -1.43251e-06 -3.8814e-05 0.000302993 5.15745e-05 0.999382        0        0
             1.90023   2.12007 0.0112695    2.1412   0.00213033  -0.00353374 -0.000472151 0.00382766  0.0219783 0.00168361  1.53081e-05 -1.91104e-05 -2.73217e-06 -0.000104913  0.000293052   7.6313e-05 0.9994      0      0
             2.00008    2.16515 -0.0526896     2.5444  0.000801967 -3.56142e-06  -0.00155026  0.00280602   0.0342325 -0.00428933 -1.09596e-05 -1.71726e-05  -2.8071e-06 -6.40454e-05  0.000275853  0.000104023 1.00032       0       0
             2.00008    1.92963 -0.0455115    2.52395   0.00144474 -0.000207435  -0.00173865  0.00990042   0.0335268 -0.00634135  1.75934e-05 -1.85125e-05  -2.3732e-07 -9.20096e-05  0.000287224   0.00011237 1.00033       0       0
             2.10032   2.03805 -0.126172    2.6736 -0.000616457 -0.000151118  0.000395462 -0.00453021   0.0177087  0.00837104 -1.01643e-05   -1.505e-05   1.2322e-06 -2.62868e-05  0.000345049  5.51106e-05 1.00114       0       0
             2.10032    1.83815 -0.0699993    2.63823 0.000561442  0.00038967 0.000552721   0.009049  0.0245565 0.00999649  1.47609e-05 -2.28568e-05  5.76788e-06 -8.02483e-05  0.000325903  4.90202e-05 1.00116       0       0
             2.20016    2.04425 -0.0653812    2.70454 0.000376054 0.000442662 -0.00109789  0.0129041   0.018443 -0.0104394 -1.32623e-05 -1.63011e-05  1.88437e-06 -4.29915e-05  0.000378109  9.52492e-05 0.999866        0        0
             2.20016    1.88191 -0.0653088    2.69857  0.00242576  0.00017855 -0.00210598  0.0357757  0.0169697 -0.0213891  7.60161e-06 -1.83728e-05  2.66989e-06 -0.000136465   0.00039521  0.000141869 0.999889        0        0
             2.30001  2.13778 0.202604  3.25653  0.00327264  0.00198159 -0.00144792   0.0235945   0.0381983 -0.00691507 -1.49141e-05 -1.98479e-05  5.75843e-07 -8.41649e-05  0.000417412  8.76541e-05 0.999186        0        0
             2.30001  1.90664 0.226209  3.31064  0.00491609  0.00147507 -0.00231877   0.042154  0.0345365 -0.0167837  1.37238e-05 -2.42397e-05 -6.15257e-06 -0.000160048  0.000445681  0.000129712 0.999206        0        0
             2.40064 1.66948 0.46729 3.67731  0.00553234  0.00461846 -0.00146677  0.0284915  0.0340464 0.00353422 -1.34354e-05  -2.2635e-05 -7.00274e-06 -7.01336e-05  0.000455183  6.91114e-05 0.997772        0        0
             2.40064  1.37669 0.473274  3.64268  0.00636966  0.00593167 -0.00240109   0.0378752   0.0495293 -0.00673897  2.37735e-05 -2.37194e-05 -2.78417e-06 -0.000112287   0.00040484  0.000115614 0.997769        0        0
             2.50049  1.68657 0.332198  4.00623 0.00739107 0.00213296 -0.0014054   0.0139953 -0.00529591   0.0149381 -1.14673e-05  -1.9713e-05  -5.2061e-06 -7.65033e-05  0.000566338  0.000108541 1.00085       0       0
             2.50049   1.5872 0.325034  4.00113  0.00897976  0.00368262 -0.00261715  0.0318237  0.0119874 0.00145374  2.05745e-06 -2.00939e-05 -4.66612e-06 -0.000154475  0.000505301  0.000167917 1.00084       0       0
             2.60035  2.31882 0.194086  4.33245  0.00887674 0.000776409  -0.0024834   0.0237348 -0.00148313  -0.0102584 -2.16399e-05 -1.41894e-05 -8.96829e-06 -6.94141e-05  0.000582512  0.000161423 0.998842        0        0
             2.60035  2.11238 0.243866  4.29384   0.0101231  0.00237535 -0.00285662  0.0380696  0.0166895 -0.0145797  5.54281e-06 -2.12272e-05 -3.98034e-06 -0.000132306  0.000518792  0.000181768 0.998856        0        0
             2.70021  2.26488 0.117987  4.42556   0.0120171   0.0028291 -0.00196038  0.0292809  0.0221623 -0.0104382 -1.85892e-05 -1.70626e-05 -8.54641e-06 -8.9225e-05  0.00055538 0.000123824 0.998218        0        0
             2.70021  2.02222 0.127554  4.38198   0.0131872  0.00393884 -0.00343958  0.0423186  0.0352827 -0.0262569  1.40842e-05 -1.85277e-05 -2.72856e-06 -0.00014744 0.000515621 0.000194318 0.998208        0        0
              2.8002    2.035 0.195695  4.64597    0.0132562    0.0118765 -0.000822951  0.0262719  0.0578147 0.00832846 -1.36047e-05 -1.88897e-05 -6.62482e-06 -6.07032e-05  0.000404402  9.46935e-05 0.997814        0        0
              2.8002  1.78998 0.231083  4.61152   0.0146813   0.0132909 -0.00138589  0.0425359  0.0739403 0.00173213  1.84373e-05 -2.31453e-05 -1.95524e-06 -0.000137036  0.000348766  0.000127574 0.997821        0        0
             2.90004    1.93232 -0.0268191    4.71899    0.0162221    0.0150126 -0.000262169   0.035552  0.0398126 0.00746333 -1.66562e-05 -1.95035e-05 -5.01447e-06 -5.8259e-05 0.000460115  0.00011506 0.997691        0        0
             2.90004    1.62692 -0.0143538    4.66918    0.017999   0.0162452 -0.00162299   0.0552142   0.0544617 -0.00759857  2.31151e-05 -2.13814e-05  1.58574e-06 -0.000145938  0.000417307  0.000183479 0.997678        0        0
             3.00067    1.70311 -0.0698744    4.64041    0.0209324    0.0115844 -7.33512e-05    0.018612 0.000166225   0.0039193 -1.32845e-05 -1.78637e-05  1.33638e-06 -0.000100428   0.00061996  0.000116318 0.997929        0        0
             3.00067     1.47024 -0.00936157     4.64369   0.0214528   0.0132783 -0.00113293   0.0249699   0.0189523 -0.00762953  1.69093e-05 -2.57219e-05  1.12426e-06 -0.000131614  0.000552358  0.000170324 0.99791       0       0
             3.10051  2.20875 0.376937   5.3579   0.0197237   0.0134264 -0.00300158  0.0104148 0.00760034 -0.0198334 -2.29885e-05  -2.5089e-05 -8.78499e-06 -4.69193e-05   0.00057976  0.000189207 0.995399        0        0
             3.10051  1.89263 0.389806  5.31048   0.0225624   0.0140962 -0.00385095  0.0421552  0.0168113 -0.0294551  1.83504e-05 -2.71363e-05 -2.74973e-06 -0.000184333  0.000563696  0.000232903 0.995418        0        0
             3.20036   2.7158 0.810813  5.77585   0.0253199  0.00955469 -0.00112053   0.0367008 -0.00830347  0.00559328 -2.55065e-05 -2.73609e-05 -8.84323e-06 -0.000125622  0.000691326  9.93085e-05 0.997517        0        0
             3.20036  2.48287 0.834959  5.70011   0.0274871   0.0108695 -0.00194094   0.0605566  0.00689845 -0.00342854  5.20815e-06 -3.05488e-05  9.33873e-07 -0.000232704  0.000645549  0.000140706 0.997533        0        0
              3.3002 3.03769  1.3109 6.20896    0.0252098    0.0133358 -0.000247676   0.0147033   0.0277055 -0.00386327 -2.47621e-05 -3.33216e-05  -7.6927e-06 -6.48606e-05  0.000597724  9.62032e-05 0.998547        0        0
              3.3002 2.77409 1.31281 6.12339   0.0278515   0.0137545 -0.00195178  0.0429269  0.0332589 -0.0225988 8.59426e-06 -3.4525e-05  2.9999e-06 -0.000190925  0.000598214  0.000180093 0.998571        0        0
             3.40003 2.24515 1.39545 6.16422  0.0252654  0.0171098 -0.0060926  0.0132413  0.0495178 -0.0370991 -1.04002e-05   -2.713e-05  2.00985e-06 -3.83248e-05   0.00061134  0.000218865 1.00119       0       0
             3.40003 2.03518 1.40839 6.12408  0.0303961  0.0174241 -0.0074422  0.0692005    0.05444 -0.0508435   1.5016e-05 -3.73859e-05  7.18713e-06 -0.000268306  0.000625035  0.000271357 1.00121       0       0
             3.50066 0.953283  1.81542  6.13774  0.0352347  0.0127737 -0.0105894   0.087316 0.00280708 -0.0639826 -1.19736e-05 -3.43924e-05 -8.12539e-06 -0.000173312  0.000829406  0.000197644 1.00374       0       0
             3.50066 0.738942  1.79685  6.03378  0.0358299   0.014642 -0.0129952  0.0940376  0.0212593 -0.0882652  1.60993e-05 -3.36357e-05  4.23002e-06 -0.000211198  0.000768158  0.000302394 1.00372       0       0
              3.6005 -0.877053   2.85166   5.43818  0.0412007  0.0216477 -0.0156575  0.0704748  0.0659805 -0.0475174 -4.00369e-07 -2.68144e-05  4.78508e-06 -9.97327e-05  0.000705408  0.000168211 1.0002      0      0
              3.6005 -1.04543  2.94573  5.45913  0.0424067  0.0235098 -0.0169214  0.0843257  0.0861793 -0.0612196  2.28293e-05 -4.10345e-05  1.70557e-06 -0.000161193  0.000637541  0.000224236 1.00021       0       0
             3.70036 -1.55158  3.72067  6.07169  0.0485755  0.0248615 -0.0168437 0.0365449 0.0281208 0.0354983 -1.05632e-05 -4.40182e-05 -1.95721e-05 -0.000142671  0.000751871  0.000170888 1.00073       0       0
             3.70036 -1.72678  3.64453  5.95481  0.0489701  0.0250692 -0.0197506  0.0401796   0.031258 0.00527154  1.01331e-05 -3.57856e-05 -4.95759e-06 -0.000167318  0.000744365  0.000297419 1.00075       0       0
             3.80035 -2.05531  1.47561  5.12115  0.0524096   0.013827 -0.0125081  0.0154834 -0.0454839  0.0975841 -2.11387e-05 -1.54832e-05  -1.9722e-05 -0.000163924   0.00100643  0.000256666 1.00466       0       0
             3.80035 -2.21247    1.436  4.94868  0.0524093  0.0172882 -0.0141241  0.0142441 -0.0132664  0.0832194  2.28975e-06 -1.19366e-05  2.44611e-06 -0.000177425   0.00088056  0.000314691 1.00459       0       0
             3.90018  -2.96916 -0.637928   3.98131  0.0509395  0.0168902 0.00400825 0.0142668 0.0072917  0.130588 -1.83221e-05  3.45843e-06  -6.4602e-06 -9.5585e-05 0.000879536 0.000131677 1.00125       0       0
             3.90018  -3.31033 -0.472241   3.91365  0.0508208  0.0207218 0.00109185 0.0134391 0.0469668  0.103155  3.20847e-05 -1.99701e-05   2.2493e-06 -0.000105614  0.000721983  0.000245131 1.00112       0       0
             4.00001 -3.39859 -1.13918  3.72418    0.0477696   0.00816813 -0.000549883  0.0015824 -0.0487126  0.0308188 -1.74845e-05 -3.89413e-06 -2.83372e-05 2.84149e-05   0.0010361 0.000502405 0.997153        0        0
             4.00001 -3.54873 -1.00138  3.60337    0.05262   0.013994 0.00167147  0.0553982 0.00872008  0.0532844    9.025e-06 -3.00492e-05 -1.42376e-05 -0.000216159  0.000818581  0.000392476 0.997097        0        0
             4.10064 -2.60023 -0.93028  3.05399  0.0547989  0.0244474 0.00726522  0.042945 0.0397563 0.0534609 -1.63052e-05   -2.164e-05 -1.23266e-05 -0.000165158  0.000587654  0.000363945 0.990888        0        0
             4.10064   -2.8169 -0.831635   2.98913  0.0588625  0.0267416 0.00877131 0.0877683 0.0648426 0.0690871  1.41704e-05 -3.99952e-05 -5.72544e-06 -0.00036205 0.000503635 0.000292469 0.99094       0       0
             4.20049 -1.45881 0.258514  2.87381 0.0641405 0.0154632  0.019141 0.0653958 -0.012758  0.115408 -3.32088e-05 -3.71876e-05 -1.71807e-05 -0.000253665  0.000883867  0.000272952 0.995139        0        0
             4.20049 -1.68619 0.339158  2.80097 0.0661888 0.0166017 0.0203373   0.0889719 0.000849537    0.128518 -2.20993e-06 -5.10155e-05 -9.06206e-06 -0.000354108  0.000842203  0.000214195 0.995156        0        0
             4.30032 -1.15499  1.00689  2.86217 0.0757409 0.0125044 0.0377496   0.0604809 -0.00509208    0.186338 -2.75626e-05  -4.9504e-05 -1.82579e-05 -0.000404259  0.000958997  0.000169456 0.996002        0        0
             4.30032 -1.38153 0.977967   2.8136 0.0740389 0.0143923 0.0370464 0.0419962 0.0152676  0.178819  4.51001e-06 -4.36964e-05 -1.19975e-05 -0.000331525  0.000875673  0.000201608 0.995983        0        0
             4.40017 -1.28191 0.636883  3.13618 0.0716894 0.0185348 0.0409394 -0.0148648  0.0327203   0.131277 -5.02759e-06 -2.44161e-05 -1.70058e-05 -0.000235837   0.00081475  0.000569879 0.997266        0        0
             4.40017 -1.39631 0.649726  3.07511 0.0708778 0.0190037 0.0438115 -0.0237341  0.0379371   0.162278  1.14532e-05 -2.55625e-05 -8.41826e-06 -0.000196562  0.000797824  0.000430965 0.997261        0        0
             4.50001 -1.06859 0.994575   3.8406  0.0696731 0.00708907  0.0613364  -0.015797 -0.0324689   0.167325 -1.31912e-05 -1.31494e-05 -2.87504e-05 -0.000178814   0.00115028  0.000404951 0.99938       0       0
             4.50001 -1.23534  1.09923   3.7443  0.0724571 0.00960243  0.0640167   0.0158717 -0.00517541    0.194069   9.8517e-06 -2.78532e-05 -1.61927e-05 -0.000327055     0.001042  0.000272003 0.999467        0        0
             4.60064 -0.349013   1.49193   4.19837 0.0726075 0.0140156 0.0933122 -0.0194687  0.0178944   0.240616 -2.32503e-05 -3.39085e-05 -2.57195e-05 -0.000339854   0.00092591  3.05232e-05 0.996995        0        0
             4.60064 -0.569834   1.49267   4.08624 0.0712957 0.0147484 0.0930075 -0.0334458  0.0259617   0.237542  6.48666e-06 -3.30571e-05 -1.06555e-05 -0.000280653  0.000892832  4.60773e-05 0.996988        0        0
             4.70049 0.252869  1.11121  4.33034  0.0571283 0.00869149   0.106009   -0.10405 -0.0141021   0.178356 -2.97854e-05 -1.71093e-05 -1.32004e-05 -7.05173e-05   0.00106728  0.000299434 1.0014      0      0
             4.70049 0.0810095    1.1245   4.24655 0.0611024 0.0124815  0.105726 -0.0603996  0.0229852   0.175359 -3.49223e-06 -2.34485e-05 -2.37712e-06 -0.000273338   0.00092405  0.000307283 1.00132       0       0
             4.80048 0.721811  1.53156  4.74265 0.0571759 0.0114898  0.130572 -0.0398502 0.00926621   0.217508 -2.48344e-05 -3.40258e-05 -1.08829e-05 -0.000305685   0.00100277  0.000144363 0.996513        0        0
             4.80048 0.555468  1.59368  4.68564 0.0596304 0.0124567  0.130484 -0.0127305  0.0207956   0.216504 -1.53845e-06 -4.48036e-05 -3.39587e-06 -0.000427654  0.000966555  0.000146273 0.996524        0        0
             4.90032 1.59194 2.59153 5.34417 0.0557118 0.0113202   0.14141 -0.00474613   0.0126352    0.146401 -2.78415e-05 -3.82514e-05 -9.16617e-06 -0.00033618  0.00104186 0.000382318 0.997358        0        0
             4.90032 1.48355 2.60161 5.29093 0.0566433 0.0121343  0.141083 0.0055609 0.0216112  0.142932  -1.2586e-05 -4.03724e-05 -2.17616e-06 -0.00038547  0.00100943  0.00039757 0.997359        0        0
             5.00015 2.43535 4.82119 5.99916  0.0604963 0.00461906   0.164293 0.0488581 -0.020026  0.160552 -4.22572e-05 -5.95018e-05 -1.47385e-05 -0.000380589   0.00123714  0.000129228 1.00203       0       0
             5.00015 2.18008 4.82342 5.90079   0.061541 0.00613382   0.162683   0.0596397 -0.00367599    0.145752 -4.90148e-06 -6.02119e-05 -1.40852e-06 -0.000440125   0.00117731  0.000199408 1.002     0     0
             5.10037 2.68981 6.76134 6.06242    0.0591661 -0.000432465      0.16969   0.011974 -0.0317739    0.10122 -3.68333e-05 -6.12828e-05 -1.28908e-05 -0.000218305   0.00132369  0.000362903 0.996959        0        0
             5.10037 2.40923 6.67624 5.95297  0.0621113 0.00132994   0.167249   0.041164 -0.0139377  0.0787082  1.49741e-06 -5.07747e-05  8.99399e-07 -0.000373608   0.00126906  0.000462683 0.996966        0        0
             5.20022 2.64387   6.782 5.69816 0.0620595 0.0101304  0.183867 -0.00296498   0.0482089    0.127882 -1.61001e-05 -4.87087e-05 -3.41305e-06 -0.000315801   0.00104591  0.000277253 1.00209       0       0
             5.20022 2.49826  6.6526 5.62977  0.0649531 0.00996175   0.180626 0.0237431 0.0487055 0.0996689   2.9781e-06 -3.14961e-05  5.33072e-06 -0.000456705    0.0010674  0.000397142 1.00211       0       0
             5.30005 2.20661 6.31326 5.45639  0.0681061 0.00395916   0.190108  0.0422154 0.00916715  0.0906623 -2.06874e-05 -2.26602e-05 -7.45992e-06 -0.000407931   0.00133123  0.000400871 1.00364       0       0
             5.30005 1.99705   6.352 5.38042  0.0682139 0.00480163   0.188212 0.0430413 0.0179653 0.0736092  7.90485e-06 -2.78569e-05   3.4412e-06 -0.000424238   0.00130244  0.000483184 1.00365       0       0
             5.40067 1.89228 7.81365 5.26903  0.0753182 0.00279085   0.202749   0.0892802 -0.00764988   0.0962364 -1.47884e-05 -4.22444e-05 -1.03004e-05 -0.000389641   0.00136088  0.000296837 1.00428       0       0
             5.40067 1.82085 7.81842 5.20506  0.0739335 0.00389642   0.198517  0.0750124 0.00219071  0.0557311 -5.55482e-06 -4.22893e-05 -1.59203e-06 -0.000351013   0.00131945  0.000500619 1.00428       0       0
             5.50052 2.46883 9.27608 5.62078  0.0762749 0.00313779   0.211916  0.0281191 0.00226694  0.0967088 -2.36615e-05 -5.90096e-05 -1.58814e-05 -0.000221486    0.0013182  0.000328353 1.00515       0       0
             5.50052 2.33593 9.20124 5.57447  0.0786067 0.00416547   0.208996 0.0490255 0.0125256 0.0733177 -5.62566e-06 -4.94234e-05 -1.00575e-05 -0.000338529   0.00128853  0.000427462 1.00514       0       0
             5.60036 3.54148 8.33277 5.92171   0.0857034 -0.00417373    0.228379  0.0196329 -0.0130216   0.118508  -2.5322e-05 -5.10543e-05 -2.80924e-05 -0.000413198   0.00147424  0.000147265 1.0046      0      0
             5.60036 3.40629  8.2097 5.77714   0.0834873 -0.00314495    0.222715 -0.00413703 -0.00442052   0.0701198 -8.71215e-06 -3.11074e-05 -8.02069e-06 -0.00034948  0.00143825  0.00039822 1.00464       0       0
              5.7002  2.6517 7.66391 5.76768  0.0819255 0.00702972   0.233765 -0.0204024  0.0818061  0.0599721 -1.84913e-05 -3.49263e-05 -1.10452e-05 -0.000358436   0.00126714  0.000265573 1.00282       0       0
              5.7002 2.46144 7.67657 5.69173   0.080391 0.00701311   0.227767 -0.0365349  0.0800306 0.00714483  4.94621e-06  -3.4957e-05 -1.09393e-06 -0.000322398   0.00128877  0.000531662 1.00274       0       0
             5.80018 2.19567 8.37818 7.51792 0.0694036 0.0149252  0.222662 -0.0952048  0.0826844 -0.0348303 -7.02427e-06 -3.86078e-05 -1.35849e-05 -0.000209629   0.00132057  0.000656257 1.00111       0       0
             5.80018 2.11094 8.35531 7.53458 0.0720457 0.0131103  0.220093 -0.0722731   0.068212 -0.0557419  2.03013e-06 -3.88576e-05 -1.60018e-05 -0.000316294   0.00140123  0.000734429 1.00111       0       0
             5.90001 3.47029 9.01912 9.51185 0.0698292 0.0158177  0.226111  -0.0278279   0.0318632 -0.00256176 -3.53343e-05 -5.37611e-05 -4.20743e-05 -0.000356948   0.00146067   0.00045825 1.00194       0       0
             5.90001 3.29419 8.94599 9.26327 0.0732723 0.0129873  0.223048 -0.000489789    0.0114039   -0.0264313 -2.12141e-05 -4.70034e-05  -1.0407e-05 -0.000480016   0.00157085   0.00054412 1.00194       0       0
             6.00064 3.49989 8.22629 8.98547 0.0773701 0.0113373  0.220703  0.0178889   0.016671 -0.0229484 -4.13179e-05 -4.38027e-05 -1.74541e-05 -0.000550175   0.00164423  0.000517638 1.00353       0       0
             6.00064 3.26181 8.14198 8.82574 0.0741794 0.0113428   0.21816 -0.0151329  0.0178048 -0.0464284 -1.01004e-05 -2.67395e-05   5.1588e-06 -0.000430957   0.00163104  0.000646518 1.00354       0       0
             6.10046 2.51946 7.77288 8.74904 0.0703452 0.0142322  0.226119 -0.0306803   0.032554 0.00208311 -2.97812e-05 -3.02945e-05 -3.79355e-06 -0.000369484   0.00162466  0.000371988 1.00138       0       0
             6.10046 2.35153 7.79334 8.72409 0.0692741 0.0150416  0.222617 -0.0427031  0.0381008 -0.0266319 -6.50412e-06 -3.27517e-05  -1.8507e-07 -0.000337364   0.00160535  0.000519841 1.00134       0       0
              6.2003 2.15115 7.81109 9.22084 0.0634186 0.0163247  0.221518 -0.0526269  0.0204172 -0.0239499   -2.757e-05 -3.64436e-05 -2.04394e-05 -0.000290825   0.00164934  0.000478765 1.00077       0       0
              6.2003 2.01287 7.82587 9.09201 0.0650678  0.016701   0.21942 -0.0385128  0.0242496 -0.0400882 -1.10585e-05 -3.94664e-05 -2.89269e-06 -0.000367857   0.00165003  0.000546803 1.00074       0       0
             6.30014 2.98232 7.41901 9.00238  0.0670155 0.00705123   0.221481 -0.0144158 -0.0346085 0.00985984  -4.3856e-05 -4.17885e-05 -2.25906e-05 -0.000459692   0.00187884  0.000417094 1.00095       0       0
             6.30014 2.85769 7.34346 8.89957 0.0671872 0.0100613  0.218219  -0.0156663 -0.00747815  -0.0183224 -2.50862e-05 -3.15265e-05 -8.67913e-06 -0.000494718   0.00176639  0.000552538 1.00088       0       0
             6.39999 3.13986 6.43351 8.24188 0.0639772 0.0287522  0.215683  -0.0256763   0.0940319 -0.00925258 -3.34455e-05 -2.88732e-05 -4.08025e-06 -0.000520733   0.00135906  0.000597161 0.999485        0        0
             6.39999  3.0004 6.44247 8.15703 0.0626783  0.026877  0.216974 -0.0379675  0.0806102  0.0005559 -1.71578e-05 -2.72899e-05  7.78132e-06 -0.000450876   0.00141285  0.000557315 0.999464        0        0
             6.50064  2.9967  6.1446 8.16535 0.0630183  0.020757  0.232571 -0.0305651  0.0192274  0.0811798 -3.63927e-05 -3.92766e-05 -7.05534e-06 -0.000473111   0.00167616  0.000221631 1.00155       0       0
             6.50064 2.80452 6.21137  8.1003 0.0605159 0.0206439  0.230658 -0.055763 0.0197443 0.0621997 -1.05993e-05 -4.44374e-05  2.39905e-06 -0.000369241   0.00166901  0.000326275 1.00157       0       0
             6.60048 4.53514 5.99957 8.68602 0.0544519  0.013756  0.235108 -0.0241773 -0.0254309  0.0513879 -4.94836e-05  -4.1332e-05 -2.51146e-05 -0.000315981   0.00185295  0.000379498 0.997996        0        0
             6.60048 4.47685 5.99311 8.55772 0.0566215   0.01622  0.232662 -0.00490528 -0.00445395   0.0291265 -4.06595e-05 -4.31422e-05 -7.52041e-06 -0.000426372    0.0017788  0.000477279 0.997976        0        0
             6.70033 5.15533 6.18807 8.07765 0.0458255 0.0240029  0.235324 -0.0556204  0.0634586 0.00582084 -5.20781e-05 -4.41666e-05 -1.61929e-07 -0.000214453    0.0016155  0.000498006 0.994623        0        0
             6.70033 4.97813 6.18063 7.99211 0.0536083  0.025505  0.234037   0.0235897   0.0778814 -0.00604923 -2.67805e-05 -5.40884e-05  1.20085e-05 -0.000589319   0.00161144  0.000513434 0.994574        0        0
             6.80033 4.22396 6.00032 7.38821 0.0580601 0.0360943   0.24506 0.0392445  0.115129 0.0362381 -2.84969e-05   -6.197e-05    3.465e-06 -0.000608377   0.00156725  0.000207105 1.0015      0      0
             6.80033 4.00791 5.96568 7.30559 0.0613292 0.0331937  0.241622   0.069569  0.0917016 0.00336742 -2.69069e-06 -6.00728e-05  1.50396e-05 -0.000753518   0.00171779  0.000343733 1.00147       0       0
             6.90017 3.36063 6.06857 6.69038 0.0697299  0.033726  0.240278   0.0853356   0.0559255 -0.00699365 -2.85859e-05 -6.46187e-05  5.36956e-06 -0.000748121   0.00192164  0.000360948 0.99682       0       0
             6.90017 3.25556 6.08216 6.65609 0.0678962 0.0326061  0.238694   0.066459  0.0466249 -0.0227799 -1.47183e-05 -6.42666e-05  1.01914e-05 -0.000661899   0.00196404  0.000446217 0.996831        0        0
             7.00001 3.36954 6.54182 6.68939  0.063356 0.0262671  0.230064  0.00843785 -0.00398245   -0.052761 -3.64342e-05 -5.93865e-05 -1.33782e-05 -0.000373194   0.00217647  0.000622786 0.9985      0      0
             7.00001 3.21321 6.51667 6.61398 0.0666608 0.0304688  0.228459  0.0418641  0.0338846 -0.0684679 -1.16151e-05 -5.93721e-05 -2.57837e-06 -0.000560567   0.00202624  0.000691067 0.998485        0        0
             7.10066 3.69685 6.85789 6.81667 0.0722379 0.0470684  0.216617   0.042455  0.0910154 -0.0831801 -3.37681e-05 -5.77232e-05 -1.21459e-05 -0.000640983   0.00174194  0.000831765 1.00157       0       0
             7.10066 3.57074 6.78436 6.70774 0.0730656 0.0472444  0.217102  0.0504097  0.0935326 -0.0779549 -1.72682e-05 -4.70972e-05  2.75877e-06 -0.000679882   0.00173718  0.000801565 1.00156       0       0
              7.2005 4.41965 7.12919 7.09812 0.0839156 0.0421619  0.226222 0.0867677 0.0152985 0.0213526 -4.60395e-05 -5.81814e-05 -1.22111e-05 -0.000731726   0.00200332  0.000378241 1.00433       0       0
              7.2005  4.2775  7.1239 7.04475 0.0821595 0.0421134  0.226783 0.0693013 0.0158981 0.0262295  -2.4971e-05 -5.50717e-05 -4.12993e-06 -0.000648176   0.00199532  0.000365213 1.00432       0       0
             7.30033  6.0343 7.41681 7.23431 0.0953408 0.0400718  0.236844   0.112111 -0.0130556  0.0679058 -5.46934e-05 -7.83011e-05 -2.42251e-05 -0.000753008   0.00203917   0.00018878 1.0025      0      0
             7.30033 5.94688 7.31954 7.03839  0.089302 0.0389637   0.23513  0.0521214 -0.0230676  0.0522647 -4.54148e-05 -5.66556e-05  5.01445e-06 -0.000455594    0.0020633   0.00031224 1.00243       0       0
             7.40018 6.40819 6.94574 6.25615 0.0837367  0.031106  0.245459 -0.0240475 -0.0172841  0.0630453 -4.46532e-05 -6.46164e-05  7.34186e-06 -0.000195491   0.00218631  0.000200024 1.002     0     0
             7.40018 6.20408 6.90198 6.22049 0.0870378 0.0333076   0.24119 0.00755382  0.0024662  0.0230508 -1.36477e-05 -6.15775e-05  1.19737e-05 -0.000391278   0.00213375  0.000391332 1.00205       0       0
             7.50003 5.87531 6.76646 5.43845 0.0913014 0.0329692  0.241738 0.0307545 -0.016333 0.0235649 -3.29469e-05 -7.06952e-05 -3.72381e-06 -0.000464974   0.00215181  0.000433673 0.999125        0        0
             7.50003 5.70096 6.74211 5.31479 0.0932551 0.0342983   0.23836    0.050029 -0.00411869 -0.00874278 -8.39512e-06 -6.70825e-05  1.44972e-05 -0.000586459   0.00212641   0.00058986 0.999107        0        0
             7.60065 5.46731 6.47552 4.03995  0.105292 0.0342713  0.240781   0.0807768   0.0107185 -0.00574964 -4.23011e-05  -6.9773e-05  1.25122e-05 -0.000737194   0.00214331  0.000458334 0.998862        0        0
             7.60065 5.35141 6.49754 3.98988  0.103062 0.0367868   0.23749  0.0584174  0.0324346 -0.0387334 -2.42756e-05 -7.14058e-05  2.02479e-05 -0.000657695   0.00205054  0.000650842 0.998858        0        0
             7.70049  4.9624 6.88096 2.75399  0.109857 0.0269922  0.237526  0.0793198 -0.0248028 -0.0272093 -4.02924e-05 -7.91959e-05 -1.27502e-06 -0.000592972   0.00233194  0.000496545 0.99546       0       0
             7.70049 4.79356 6.86169 2.69434  0.10715 0.029008 0.233922   0.0504551 -0.00687586  -0.0643893 -1.43263e-05 -7.39914e-05  7.18294e-06 -0.000481564   0.00226064  0.000710651 0.995487        0        0
             7.80048 4.55614  7.3913 2.20674  0.123683 0.0264065  0.238199   0.0829838 -0.00514418 -0.00566322 -3.28074e-05 -9.73276e-05 -1.22374e-06 -0.000779411   0.00232099  0.000370693 0.999211        0        0
             7.80048  4.4006 7.32604 2.21879 0.118004  0.02857 0.235783  0.0253683  0.0114087 -0.0309059 -6.82442e-06  -8.4237e-05 -4.29263e-06 -0.000519691   0.00224625   0.00054339 0.999236        0        0
             7.90032  3.93065  7.05504 0.986162  0.121094 0.0288942   0.22725  0.0109103  0.0101511 -0.0359702 -2.96799e-05 -8.01407e-05 -3.40481e-06 -0.000576368   0.00228321    0.0006985 1.00082       0       0
             7.90032  3.78684   6.9909 0.939226  0.117284 0.0307711  0.225974 -0.0291494  0.0267471 -0.0499411 -7.49972e-06 -6.88514e-05  2.94593e-06 -0.000391721   0.00220706  0.000804277 1.0008      0      0
             8.00016   4.554  7.5566 1.08303 0.123001 0.030423 0.236998 0.0201182 0.0247846  0.027306 -3.48349e-05  -8.5376e-05 -1.17384e-05 -0.000548206   0.00224037   0.00035453 0.999232        0        0
             8.00016 4.52453 7.57045 1.07744  0.119183 0.0304102  0.234618 -0.0223619  0.0239229 0.00123059 -3.02468e-05 -8.65361e-05 -1.07913e-05 -0.000352568   0.00225343  0.000517821 0.999239        0        0
             8.10001 6.05051 9.14168 2.17033   0.12953 0.0172559   0.23597  0.0414088 -0.0680269 0.00221228 -4.22121e-05 -0.000111311 -3.25669e-05 -0.000672815   0.00264504  0.000392518 1.00243       0       0
             8.10001 5.95389 9.06256 2.09176  0.124904 0.0191786  0.231311 -0.00707194  -0.0514797  -0.0432242 -2.90526e-05 -9.72208e-05 -2.16756e-05 -0.00046746  0.00258194 0.000670002 1.00226       0       0
             8.20063  6.54368  9.01297 0.662171  0.127983 0.0201573  0.226002  0.0119494 0.00454761 -0.0621962  -5.4014e-05 -0.000105107 -2.80749e-05 -0.00056881  0.00244887  0.00068856 1.00422       0       0
             8.20063 6.27031 8.80772 0.44793  0.124296 0.0227231  0.223073 -0.0234913  0.0246318 -0.0894434 -1.63427e-05 -7.03157e-05   1.1393e-06 -0.000424488   0.00237018  0.000867149 1.00424       0       0
             8.30048    4.287   8.3032 -2.36254  0.131295 0.0180192  0.230731  0.0115356  0.0213182 -0.0175184 -1.32973e-05 -8.47145e-05  9.43687e-06 -0.000598049   0.00253614  0.000392834 0.996781        0        0
             8.30048  4.29918  8.29829 -2.32472  0.128082 0.0208894  0.227785 -0.0216017  0.0463666 -0.0473077 -1.31437e-05   -8.378e-05  3.48685e-06 -0.000459166   0.00242838  0.000589012 0.996682        0        0
             8.40031  2.98584  8.51553 -3.88144  0.131179 0.0262399  0.226384 0.00856544   0.048515 -0.0169379 -6.92476e-06 -9.81851e-05 -6.99999e-06 -0.00057718  0.00240367 0.000496655 0.999737        0        0
             8.40031  3.08402   8.5043 -3.87537  0.128252 0.0286858  0.222946 -0.0202556  0.0688052  -0.048581 -1.91864e-05 -9.44565e-05 -8.16336e-06 -0.000455421   0.00231874  0.000694825 0.999648        0        0
             8.50014  2.82667  8.72986 -5.51255  0.135956 0.0261935  0.225788  0.0201926  0.0127938 0.00322712 -2.44609e-05  -0.00011183 -7.61986e-06 -0.000684773   0.00249249  0.000469787 1.00652       0       0
             8.50014  2.81681  8.68302 -5.50169   0.13132 0.0272446   0.22327  -0.027508  0.0213118 -0.0223841 -2.18257e-05 -9.67345e-05 -9.72721e-06  -0.0004807  0.00247632 0.000632184 1.00641       0       0
             8.60037  2.54954  8.19663 -7.63712  0.135016 0.0260022  0.219832 -0.00161647   0.0201807   -0.022329 -2.81853e-05 -0.000101781 -9.49199e-06 -0.000653307   0.00256104  0.000638186 1.00218       0       0
             8.60037  2.67944  8.15302 -7.66136  0.131268 0.0291599  0.216399 -0.0388279  0.0462121 -0.0539282 -4.28078e-05 -8.84351e-05 -6.14098e-06 -0.000495407   0.00246105  0.000826797 1.00204       0       0
             8.70021  1.49554  7.84453 -9.82353  0.132799 0.0111553   0.22208  -0.0235577  -0.0467613 -0.00587178 -3.37083e-05 -0.000100965 -1.01092e-05 -0.000634156    0.0029589  0.000504214 1.00559       0       0
             8.70021  1.50487  7.85946 -9.73423  0.131473 0.0128643  0.218721  -0.036488 -0.0326025 -0.0345785 -3.09468e-05 -0.000101559 -2.28465e-05 -0.000586423   0.00290803  0.000657438 1.00553       0       0
             8.80022 0.692453  7.73787 -11.3355  0.135056 0.0227993  0.215033 -0.00693191   0.0213669  -0.0233225 -1.35622e-05 -0.000112379 -2.00713e-05 -0.000721735   0.00257086  0.000668315 1.0052      0      0
             8.80022 0.912705  7.75453 -11.3421  0.131049 0.0256094  0.214095 -0.0463438  0.0447318 -0.0331536 -4.23279e-05 -0.000107273 -1.90682e-05 -0.000526518   0.00248788  0.000748617 1.00517       0       0
             8.90006 0.669604   8.0441 -12.6992    0.13577 0.00674446   0.222521 -0.00269554  -0.0735843   0.0320268 -4.08893e-05 -0.000124558 -2.73204e-05 -0.000785435   0.00297108  0.000412522 1.00541       0       0
             8.90006 0.702965   8.0363 -12.6918   0.130863 0.00981651   0.219521 -0.0513981 -0.0470305 0.00480724 -4.34843e-05 -0.000117682 -2.84753e-05 -0.00055276  0.00289439 0.000585538 1.00528       0       0
             9.00071  1.07611  8.19864 -14.4662  0.136266 0.0133308  0.217563   0.0203913  -0.0136776 -0.00427103 -3.56757e-05 -0.000126433 -1.95885e-05 -0.000749091   0.00263918  0.000627448 1.00198       0       0
             9.00071  1.13588  8.16278 -14.5121  0.132501 0.0127665   0.21671 -0.0197201  -0.022109 -0.0125788 -4.56584e-05 -0.000119335 -1.26502e-05 -0.000559989   0.00273191  0.000701073 1.00193       0       0
             9.10054  1.1721 8.50806  -16.81  0.130364 0.0077956  0.218551    -0.026807   -0.0413755 -0.000640573 -3.49995e-05 -0.000125465 -2.58523e-06 -0.000547175   0.00280273  0.000615015 1.00446       0       0
             9.10054  1.23073  8.52003 -16.7948   0.128543 0.00837943   0.217818  -0.0455201  -0.0368123 -0.00700848 -4.35176e-05 -0.000124315 -4.69368e-06 -0.000457299   0.00280251    0.0006623 1.00446       0       0
             9.20038  1.22443  8.66322 -18.0295     0.13267 -0.00502148    0.223472 -0.0260201 -0.0894761  0.0203785  -3.2712e-05 -0.000143078 -1.20584e-05 -0.000744352   0.00295523  0.000459101 1.00738       0       0
             9.20038  1.38549   8.6433 -17.9627   0.129134 -0.0050727   0.221163  -0.061785 -0.0916892 0.00107534 -5.71144e-05 -0.000134878 -2.20764e-05 -0.000597266   0.00301378  0.000581446 1.00736       0       0
             9.30023 0.950354  8.68496 -19.0869   0.132043 -0.0124526   0.226321 -0.0209465   -0.08509  0.0223737 -2.69381e-05 -0.000148851 -1.24055e-05 -0.000782484   0.00289662   0.00043081 1.0034      0      0
             9.30023 1.08581 8.68351 -19.015   0.128041 -0.0134481   0.223814   -0.061957  -0.0939207 -0.00187039 -4.88646e-05  -0.00014345 -2.34138e-05 -0.000623983   0.00300122  0.000580868 1.00349       0       0
             9.40006 0.495954  8.57351 -20.0675   0.130184 -0.0201924   0.218953 -0.0331781 -0.0865893 -0.0227074 -1.51086e-05  -0.00014496 -8.32145e-06 -0.000830848   0.00286926  0.000666727 0.997042        0        0
             9.40006 0.642421  8.59032 -19.9549  0.124365 -0.024368  0.218237 -0.0910081   -0.12298 -0.0299885 -4.23397e-05  -0.00014135 -2.59607e-05 -0.000625797   0.00313421  0.000733195 0.997155        0        0
             9.50069 0.493728  8.46671 -20.6156   0.121973 -0.0324909   0.219161 -0.0877576  -0.103564 0.00673126 -1.73213e-05  -0.00014987 -4.58568e-06 -0.000785117   0.00296343  0.000644511 0.988319        0        0
             9.50069 0.694966  8.45473 -20.5528   0.116583 -0.0353653   0.219863 -0.141581 -0.129943 0.0133744 -5.32202e-05 -0.000142322 -1.49339e-05 -0.000572979   0.00317753  0.000639493 0.988389        0        0
             9.60054 0.452711  7.63827 -21.0158   0.111967 -0.0462852   0.220948 -0.0946341  -0.105935  0.0165579 -2.62129e-05 -0.000132436 -2.63513e-06 -0.00080561  0.00306775 0.000622889 0.987328        0        0
             9.60054 0.632893  7.64172  -20.978    0.10558 -0.0496768   0.218988   -0.155005   -0.131887 5.92773e-05 -5.92532e-05 -0.000126845 -9.23848e-06 -0.000578307   0.00329902  0.000745984 0.987402        0        0
             9.70038 -0.0540445    7.35654   -21.7038   0.105943 -0.0529296    0.22013 -0.0785698 -0.0720293  0.0163068 -1.16234e-05 -0.000134145  2.04268e-05 -0.000867796   0.00297588  0.000695374 0.986784        0        0
             9.70038 0.162985  7.38419 -21.6056 0.0977201 -0.058774  0.220096  -0.15894 -0.123972 0.0172882 -5.27821e-05 -0.000131736  4.03197e-06 -0.000582614   0.00337044  0.000728238 0.987031        0        0
             9.80038 -0.112265    7.1546  -21.9123  0.0972191 -0.0719099   0.221126 -0.0929223  -0.102651  0.0170617 -1.86488e-05 -0.000140282  1.92744e-05 -0.000990286   0.00327302  0.000704366 0.98158       0       0
             9.80038 0.178056  7.13005 -21.7622   0.089173 -0.0765124   0.221132 -0.173695 -0.146915 0.0179617 -6.90771e-05 -0.000129963 -5.16214e-06 -0.000692066   0.00363352  0.000740041 0.981811        0        0
             9.90022 -0.149432   6.64665  -22.2194  0.0900523 -0.0742291   0.229156 -0.0805056 -0.0347842  0.0393929 -2.36508e-05 -0.000140867  3.06785e-05 -0.000963686   0.00311541  0.000535687 0.989558        0        0
             9.90022  0.16599  6.66565 -22.0954  0.0794318 -0.0799639    0.22891  -0.183692 -0.0890824  0.0390421 -8.05902e-05 -0.000135986  1.00018e-05 -0.000578255   0.00357147  0.000589699 0.98986       0       0
             10.0001 0.0291301   5.86118  -22.1439  0.0725657 -0.0885119   0.224582   -0.113724  -0.0542107 -0.00387335 -3.95418e-05 -0.000126852  3.01406e-05 -0.000881697   0.00351238  0.000752239 0.985815        0        0
             10.0001 0.169063  5.87909 -22.0026  0.0631835 -0.0952403   0.226452 -0.202503 -0.110136 0.0135526 -6.78578e-05 -0.000123728  6.71365e-06 -0.000556145   0.00395864  0.000697804 0.98605       0       0
             10.1007 0.178768  5.45959 -22.1229  0.0629641 -0.0828455   0.237637 -0.0645884  0.0178041  0.0521877 -3.51101e-05 -0.000128268  4.39243e-05 -0.000735799   0.00330771  0.000389361 0.989843        0        0
             10.1007 0.448021  5.58589 -21.9808  0.0562265 -0.0931969   0.236677  -0.129541 -0.0745469  0.0444088 -8.67823e-05 -0.000146913  2.03874e-05 -0.000608246    0.0038823   0.00044771 0.990248        0        0
             10.2005 0.385932  5.75245 -22.0142  0.050888 -0.115168  0.229999 -0.0712116   -0.11778 -0.0203302 -5.52991e-05 -0.000143328  2.12769e-05 -0.000941809   0.00419466   0.00069425 0.987003        0        0
             10.2005 0.548932  5.77847 -21.8813 0.0447601  -0.11874  0.230118  -0.131777  -0.149544 -0.0188107 -8.40212e-05 -0.000144179 -1.88008e-07 -0.000708514    0.0044697  0.000709754 0.987172        0        0
             10.3004 0.640791  6.08557 -21.7764 0.0614717 -0.109208   0.24075  0.0310739 -0.0166466  0.0377709 -4.07826e-05 -0.000160705  2.65337e-05 -0.00115893  0.00364739 0.000310024 0.98071       0       0
             10.3004 0.872787  6.07583 -21.5933 0.0518783 -0.115679  0.239115 -0.0653383 -0.0769012  0.0257565 -8.18917e-05 -0.000155395 -2.96077e-06 -0.000815654   0.00413517   0.00041184 0.981016        0        0
             10.4002 0.779916  6.54561 -21.6621  0.049816 -0.129327  0.245762 -0.0293261 -0.0907269  0.0580609 -5.01117e-05 -0.000168529  7.07104e-06 -0.000959655   0.00426673  0.000305545 0.984254        0        0
             10.4002  1.04029   6.5399 -21.4803 0.0416204 -0.134303  0.242575 -0.106658 -0.124227 0.0331415 -9.32958e-05 -0.000164836 -2.22666e-05 -0.000661672   0.00458167  0.000477192 0.984259        0        0
             10.5001 0.740026  6.66618 -21.6303 0.0503077 -0.126948  0.241215 -0.0247433 -0.0146278  0.0235487 -4.63919e-05 -0.000165889  2.54477e-06 -0.000976193   0.00402348  0.000580139 0.98615       0       0
             10.5001 0.900745  6.61644 -21.5388 0.0423863 -0.129658  0.238667  -0.102926  -0.033432 0.00191589 -7.36926e-05 -0.000154632 -1.25457e-05 -0.000643076    0.0042718  0.000739628 0.986272        0        0
             10.6007  0.65447  6.20112 -21.7183 0.0491534 -0.112148  0.243676 -0.0234879  0.0788796  0.0289143 -3.74068e-05 -0.000156719  1.50553e-05 -0.000874873   0.00367655  0.000609071 0.987692        0        0
             10.6007 0.925597  6.19016 -21.5771 0.0425073 -0.120966  0.242275 -0.0844753 0.00901252  0.0191143 -8.38577e-05 -0.000154965 -9.26871e-06 -0.000719492   0.00414241  0.000678287 0.987776        0        0
             10.7005 0.750354  5.81196 -21.7431 0.0527337 -0.115865  0.241799 0.0111203 0.0338066 0.0104158 -4.36075e-05 -0.000153048  1.87365e-05  -0.0011657  0.00389378 0.000696401 0.984659        0        0
             10.7005 0.955247  5.79112  -21.638 0.0437938 -0.122707   0.24081 -0.0742646 -0.0162595  0.0021547 -7.51966e-05 -0.000151148  7.18483e-07 -0.000835469   0.00432553  0.000777778 0.984785        0        0
             10.8005 0.934526  5.70671 -21.6963 0.0470231 -0.114713  0.248586 -0.0170996  0.0332028  0.0269275 -4.40837e-05 -0.000156089  2.01569e-05 -0.00098421  0.00402324 0.000533704 0.977325        0        0
             10.8005  1.19229  5.75582 -21.5492 0.0394672 -0.122065  0.247307 -0.0877527 -0.0253341  0.0173165 -8.46531e-05 -0.000164401  -4.3019e-06 -0.00075251  0.00446135 0.000608862 0.977489        0        0
             10.9004  1.15852  5.42785 -21.6859 0.0493461 -0.116367  0.249557 0.00666883  0.0116129  0.0211796 -5.17226e-05  -0.00016445  2.28864e-05 -0.00114518  0.00410745 0.000568091 0.981968        0        0
             10.9004  1.34075  5.38897 -21.5516 0.0416068 -0.123154  0.247295  -0.067674 -0.0439148 0.00368746 -8.07903e-05  -0.00015797   2.2857e-07 -0.00089719  0.00453884  0.00068821 0.982098        0        0
             11.0002 1.34686 5.23654 -21.735 0.0458843 -0.114236  0.238674 -0.0123282  0.0162357 -0.0397579 -5.32776e-05  -0.00014669  2.75246e-05 -0.00106105  0.00412664  0.00092144 0.984323        0        0
             11.0002  1.52997  5.26688 -21.6126 0.0394935 -0.121869  0.239823 -0.0724107 -0.0474246 -0.0296266 -8.26006e-05 -0.000152243   7.1165e-06 -0.000881843   0.00456681  0.000872274 0.984515        0        0
             11.1001  1.30319   5.0612 -21.9019 0.0461919 -0.117911   0.23805 -0.0112221 -0.0119042  -0.023962 -5.00437e-05 -0.000145606  3.10014e-05 -0.00115777  0.00422836 0.000816134 0.983916        0        0
             11.1001  1.47166  5.06367 -21.7718 0.0397235 -0.125566  0.239495 -0.0726053 -0.0759754 -0.0106182 -7.79792e-05 -0.000144455  1.06286e-05 -0.000972943   0.00467453  0.000746429 0.984139        0        0
             11.2007  1.35197  4.95504 -22.2183  0.046873 -0.123066  0.238352 -0.00609699  -0.0387682  -0.0204393 -5.45095e-05 -0.000141107  3.36857e-05 -0.00124598  0.00428492 0.000710306 0.981218        0        0
             11.2007  1.53959  5.01966 -22.1091 0.0388441 -0.128876  0.239256 -0.0845189 -0.0864041 -0.0121762 -9.47688e-05 -0.000140642  1.68316e-05 -0.000965569   0.00466044  0.000682157 0.981355        0        0
             11.3006  1.60465   5.4197 -22.4188 0.0459644  -0.12824  0.252109 -0.00618508  -0.0546085   0.0493555 -5.11422e-05 -0.000162006  3.91016e-05 -0.00120422  0.00429213 0.000288709 0.978916        0        0
             11.3006  1.86596  5.47552 -22.2172 0.0389875 -0.137076  0.250027 -0.0710471  -0.127696  0.0349346 -0.000107503 -0.000165078  8.32775e-06 -0.00104775   0.0047587 0.000369215 0.978992        0        0
             11.4004   1.8516  6.12739 -22.7668 0.0442421 -0.141568  0.248439 -0.0107169  -0.095902 0.00837868 -6.45136e-05 -0.000177968  3.21216e-05 -0.00126618  0.00446158 0.000478979 0.983739        0        0
             11.4004  2.02111  6.13448 -22.6476 0.0361066 -0.148418  0.246236  -0.0874734   -0.148774 -0.00743834 -0.000104317  -0.00017057   1.4048e-05 -0.00101817  0.00486121 0.000578251 0.983797        0        0
             11.5002   1.8925  6.66728 -23.3339 0.0407072 -0.161804  0.245639  -0.0343789   -0.149299 -0.00300927 -6.15268e-05 -0.000185823  2.57734e-05 -0.00133611  0.00470502 0.000551771 0.980194        0        0
             11.5002  2.18816  6.64281 -23.1942 0.0323723 -0.165396  0.244523  -0.116054  -0.172916 -0.0115887 -0.00011527  -0.0001708 3.86571e-06 -0.00100327  0.00497517 0.000627204 0.980328        0        0
             11.6001  2.01749  6.59678 -24.7059  0.038233 -0.168409  0.244395 -0.0504638  -0.112273 0.00421113 -5.67917e-05 -0.000180542  3.80622e-05 -0.00131353  0.00450526 0.000602885 0.948558        0        0
             11.6001  2.30878   6.5955 -24.5101 0.0308677 -0.174866  0.243822  -0.121073  -0.162859 0.00111225 -0.000112308 -0.000172804   6.6748e-06  -0.0010869  0.00488545 0.000634238 0.948672        0        0
             11.7003  1.78448  6.47561 -26.1652 0.0304446 -0.177063  0.244564 -0.0728303 -0.0954941 0.00814483 -5.15042e-05 -0.000176452  4.46711e-05 -0.00123698  0.00447295 0.000629767 0.90921       0       0
             11.7003  2.05832  6.56263 -25.9729 0.0235277 -0.184358  0.244992 -0.136922 -0.153668 0.0122749 -0.000105753 -0.000187101  1.18651e-05 -0.00105501  0.00488223 0.000614274 0.909264        0        0
             11.8003  1.13165  6.23991 -27.9476 0.0210596 -0.202155  0.243126 -0.0922247  -0.145347 0.00533841 -5.67332e-05  -0.00018409  3.47183e-05 -0.00138554  0.00484159   0.0006516 0.902738        0        0
             11.8003  1.54297  6.25255 -27.7315 0.0154467 -0.207443  0.238785  -0.142876  -0.180013 -0.0239431 -0.000126624 -0.000183829 -2.28209e-06 -0.00123111  0.00513142 0.000832305 0.902589        0        0
             11.9002 0.784304  5.31877 -29.3125 0.0166578 -0.215655   0.23687 -0.0687509  -0.117938   -0.01374 -5.56436e-05  -0.00017391  3.14211e-05 -0.00156421  0.00479817 0.000821896 0.89754       0       0
             11.9002  1.02088  5.35419 -29.1033 0.00834795  -0.218506    0.23697  -0.148206  -0.133103 -0.0103813 -9.70617e-05 -0.000169566 -4.53405e-06 -0.00121745  0.00507463 0.000834755 0.897516        0        0
                  12 0.433968   4.8521 -30.4555 0.00657254  -0.215656   0.228932 -0.0751179 -0.0483928 -0.0449148 -6.98624e-05 -0.000151592  3.21713e-05 -0.00134654  0.00462616  0.00100208 0.891015        0        0
                  12 0.685968   5.0067 -30.2628 -0.000949017    -0.220486     0.229581  -0.142123 -0.0800201 -0.0377969 -0.000116829 -0.000170763 -4.61785e-07  -0.0011057  0.00495168 0.000979551 0.891212        0        0
             12.1006 0.0476417   4.75122  -31.3922 -0.00758728   -0.226921    0.218217   -0.11648 -0.0624502  -0.073643 -6.95509e-05 -0.000144996  2.54827e-05 -0.00131501  0.00484194  0.00113609 0.884268        0        0
             12.1006 0.207894  4.87409 -31.2246 -0.0131275   -0.23419   0.223565  -0.161362  -0.118675 -0.0374867 -0.000103478 -0.000162768  -2.3271e-06 -0.00123746  0.00522569 0.000931591 0.884371        0        0
             12.2005 0.109826  4.80417 -31.9291 -0.0133805  -0.239583    0.22819 -0.0983022  -0.079237 -0.0118493  -7.2757e-05 -0.000160775  2.00806e-05 -0.00153431  0.00490839 0.000726736 0.887299        0        0
             12.2005 0.347069  4.92239  -31.764 -0.0201283  -0.246023    0.23126 -0.156444 -0.129339 0.0111759 -0.000120325 -0.000175956 -7.30897e-06 -0.00139466  0.00529889 0.000606509 0.88726       0       0
             12.3003 0.468608  5.12625 -31.8961 -0.0257806  -0.250987   0.234451    -0.1129 -0.0663768 0.00813305 -8.65563e-05 -0.000172755  8.71441e-06 -0.00153564  0.00504279 0.000537977 0.862669        0        0
             12.3003 0.712954  5.20987 -31.7854 -0.032865 -0.254806  0.233839  -0.176118 -0.0900844 0.00537752 -0.000134215 -0.000182525 -1.01094e-05 -0.00131145  0.00532937 0.000573491 0.862711        0        0
             12.4002 0.498758  5.24871 -31.5603 -0.0399937  -0.257047   0.242693  -0.118217 -0.0334007  0.0265232 -9.07344e-05 -0.000189403 -1.68674e-06 -0.00146509  0.00511266 0.000360038 0.833994        0        0
             12.4002 0.658875  5.34442  -31.451 -0.0458322  -0.263765    0.24117  -0.163914 -0.0784054  0.0179979  -0.00012261  -0.00020496 -2.02716e-05 -0.00138531  0.00545771 0.000416162 0.83415       0       0
                12.5 -0.182167   5.73226  -31.3461 -0.0523083  -0.264706   0.242324  -0.100083 -0.0218201 0.00478007 -8.07312e-05 -0.000198364 -7.96989e-06 -0.00151784  0.00524962 0.000405092 0.833825        0        0
                12.5 -0.0214789    5.84425   -31.2294 -0.0578426  -0.270146   0.238971  -0.146229 -0.0577839 -0.0176438  -0.00011096 -0.000216489 -2.79193e-05 -0.00141545   0.0055564  0.00054645 0.833983        0        0
             12.6007 -0.685571   6.25463  -30.2504 -0.0586925  -0.272211   0.231512  -0.0652095 -0.00994571   -0.042902 -7.42154e-05 -0.000206261 -2.50464e-05 -0.00173507  0.00536014 0.000661748 0.838928        0        0
             12.6007 -0.39684  6.27295 -30.1694 -0.0638517  -0.272526   0.230723  -0.118318 -0.0108301 -0.0488474 -0.000124508 -0.000206027 -3.90174e-05 -0.00148618  0.00551237 0.000724288 0.838945        0        0
             12.7005 -0.566845   6.84373  -28.7323 -0.0652887  -0.271957   0.226216 -0.0417168  0.0324498 -0.0449715 -8.27257e-05 -0.000200909  -3.7464e-05 -0.00172096   0.0054009 0.000698209 0.842378        0        0
             12.7005 -0.247502   6.89707   -28.682 -0.0714263  -0.269042   0.225111  -0.106049  0.0617346 -0.0528018 -0.000137901 -0.000203418  -4.6368e-05 -0.00133065  0.00543201 0.000790094 0.842495        0        0
             12.8005  0.20083  8.18488 -27.2778  -0.06501 -0.263254  0.214748 -0.00335307   0.0991931  -0.0871596 -8.38734e-05 -0.000197955 -4.39225e-05 -0.00176834  0.00530179 0.000858359 0.841921        0        0
             12.8005 0.545902  8.22614  -27.226 -0.0724984  -0.263465   0.215693 -0.0749273   0.104066 -0.0804485 -0.000145934 -0.000199685  -5.2184e-05 -0.00139924  0.00546276 0.000867797 0.84186       0       0
             12.9003 0.600159  9.34085 -25.8299 -0.0759231  -0.235291   0.212801 -0.0726486   0.255751 -0.0498707 -8.85412e-05  -0.00019582 -3.22998e-05 -0.00131808  0.00514515 0.000756181 0.846226        0        0
             12.9003  0.80771  9.34695 -25.7853 -0.0783226  -0.241172   0.215295 -0.0921391   0.206601 -0.0306389 -0.000128818 -0.000198349 -3.94474e-05 -0.00133754  0.00543522 0.000641012 0.846296        0        0
             13.0002 -0.365564   8.95495  -24.7822 -0.0797901  -0.228293   0.213611   -0.0709164     0.242755 -0.000394408 -7.04535e-05 -0.000179873 -3.64644e-05 -0.00174251  0.00562501 0.000586892 0.841398        0        0
             13.0002 -0.167458   9.00694  -24.7515 -0.0863119  -0.231095   0.217314 -0.130534  0.224087 0.0266495 -0.000107598 -0.000187612 -4.22523e-05 -0.00145952  0.00586513 0.000469477 0.841373        0        0
                13.1 -1.37488  8.14198 -24.0043 -0.0882916  -0.193301   0.206944   -0.103372    0.345144 0.000932462 -6.04392e-05 -0.000152222  -2.2593e-05 -0.00168717  0.00547817 0.000805565 0.850556        0        0
                13.1 -1.05633  8.25613 -23.9474 -0.0937746   -0.19595   0.210763 -0.157974  0.321419 0.0340446 -0.000116728 -0.000172172 -3.38713e-05 -0.00142619  0.00572216 0.000646977 0.850648        0        0
             13.2007 -1.16943  7.76541 -22.3045 -0.0988635  -0.160925     0.2097  -0.12282  0.369782 0.0350023 -7.08472e-05 -0.000142594  -2.7258e-05 -0.00176821  0.00558041 0.000747094 0.852518        0        0
             13.2007 -0.863004   7.92599  -22.2568 -0.104771 -0.163884  0.214364 -0.179429  0.346311 0.0755355 -0.000124591 -0.000170771  -3.6837e-05  -0.0014847  0.00582875 0.000545527 0.85256       0       0
             13.3005 0.257988  8.13345 -20.0124 -0.106416 -0.108851  0.227474 -0.126349  0.466492 0.0956163 -8.91162e-05  -0.00017111 -1.01468e-05 -0.00172313  0.00522922 0.000364815 0.874151        0        0
             13.3005 0.543311  8.17899 -19.9447 -0.115049 -0.116574  0.228442 -0.206879  0.405837  0.105429 -0.000142149 -0.000178893 -2.22031e-05 -0.00142606  0.00572185 0.000358242 0.874152        0        0
             13.4003  1.44417  8.16068 -17.4864   -0.13221 -0.0792967   0.230548   -0.2138  0.430057 0.0604703 -0.000113642 -0.000175841 -2.05317e-05 -0.00166426  0.00579836 0.000556005 0.875169        0        0
             13.4003   1.5422  8.15365 -17.4028  -0.139193 -0.0884877   0.231219 -0.273672  0.361051 0.0706136 -0.000132424 -0.000176126  -3.5418e-05 -0.00147908  0.00629246 0.000524531 0.875148        0        0
             13.5002  1.65546  8.17999 -15.0777  -0.159243 -0.0630172   0.242898 -0.238572  0.335089 0.0846132 -9.27814e-05 -0.000183026 -4.60095e-05 -0.00179907  0.00653396 0.000323114 0.89648       0       0
             13.5002  1.78209  8.19732 -15.0076  -0.164021 -0.0673178   0.241514 -0.284964  0.300476  0.071764 -0.000114586 -0.000185746 -5.78356e-05 -0.00161076  0.00681506 0.000428493 0.896432        0        0
                13.6  1.60636  8.51043 -13.1317   -0.18919 -0.0301597   0.243308 -0.260071  0.329133 0.0464454 -9.37589e-05 -0.000183647 -5.79877e-05 -0.00165032  0.00662679 0.000578126 0.900155        0        0
                13.6  1.75139  8.53238 -13.0876  -0.189644 -0.0325396   0.243437 -0.266168  0.304833 0.0474328 -0.000121177 -0.000188094 -6.51199e-05 -0.00165252  0.00675812 0.000567633 0.900127        0        0
             13.7008   1.8184  9.29271 -11.6948 -0.197994 0.0246327  0.244326 -0.152964  0.412727 0.0357247 -7.42627e-05 -0.000199064 -4.55692e-05 -0.00193804   0.0058883 0.000662414 0.893928        0        0
             13.7008  2.02305  9.25362 -11.7011 -0.199876 0.0210105  0.241757 -0.171528  0.381645 0.0153109 -0.000116745 -0.000192068 -4.43339e-05 -0.00190031  0.00606946 0.000779387 0.893896        0        0
             13.8007   2.1247  9.92094 -10.6529 -0.209124  0.049848  0.253194  -0.11529   0.31337 0.0647046 -9.51075e-05 -0.000214379 -3.83409e-05 -0.00208173  0.00620783 0.000500276 0.902365        0        0
             13.8007 2.20756 9.87295 -10.639 -0.213234 0.0489178  0.250775 -0.159977   0.30287 0.0404979 -0.000110029 -0.000206426 -4.09187e-05 -0.00186542  0.00632335 0.000682005 0.902337        0        0
             13.9005  2.27601   10.155 -9.71166 -0.227408 0.0706676  0.253995 -0.135319  0.228416 0.0348654 -9.93923e-05 -0.000210669 -4.92277e-05 -0.00193073   0.0065034 0.000679385 0.901581        0        0
             13.9005  2.26958   10.073 -9.73227 -0.229674 0.0722414  0.251087  -0.161801    0.24388 0.00327406  -9.8967e-05 -0.000195454 -4.63306e-05 -0.00179908  0.00645017 0.000905398 0.901565        0        0
             14.0003  2.35947  10.1154 -8.97295 -0.235709 0.0905486  0.252233 -0.0900122    0.18667 0.00828068 -9.44319e-05 -0.000202392 -5.40654e-05 -0.00207106  0.00650901  0.00081854 0.900515        0        0
             14.0003  2.42852  10.0652 -8.97828 -0.240918 0.0933518  0.250551  -0.146354   0.212172 -0.0119074 -0.000105593 -0.000183206 -5.30946e-05 -0.00177195  0.00642501 0.000994364 0.900527        0        0
             14.1002  2.90691  9.55054 -7.72733 -0.251296   0.11528  0.259377 -0.100888  0.220082 0.0438546 -9.32345e-05 -0.000192241 -5.46083e-05 -0.00181628   0.0063792 0.000715031 0.900164        0        0
             14.1002  2.94638  9.46788 -7.72744 -0.252545  0.119005   0.25719 -0.116684  0.251497 0.0201756 -9.54326e-05 -0.000174997 -5.49203e-05 -0.00172814  0.00622315 0.000883411 0.900154        0        0
                14.2  3.17217  9.11527 -6.52519 -0.251721  0.125074  0.262403 -0.0374485   0.180636  0.0349823 -0.000116479  -0.00019802 -7.31941e-05 -0.00211114  0.00666399 0.000674615 0.898474        0        0
                14.2  3.11094   9.1095 -6.55397 -0.253975  0.128501  0.261447 -0.0610236   0.213972   0.022371  -0.00010205 -0.000191986 -6.80284e-05 -0.00196821  0.00650292 0.000784112 0.898485        0        0
             14.3006  3.23068  8.68726 -5.01529 -0.25518 0.154702 0.261089 -0.00736123    0.239088  -0.0112197 -9.53198e-05 -0.000193806 -7.60601e-05 -0.00205487  0.00636023 0.000817933 0.898765        0        0
             14.3006  3.22906  8.65267 -5.11468 -0.256998  0.157766  0.259551 -0.0269379   0.266823 -0.0279112 -9.37807e-05 -0.000183178 -5.94312e-05 -0.00194473  0.00622237 0.000945466 0.898784        0        0
             14.4005  3.25765  8.63528 -4.35613 -0.252398  0.176614  0.258235  0.0400798    0.23752 -0.0495267 -0.000104102   -0.0001977 -5.97591e-05 -0.00210595  0.00641618 0.000794729 0.898     0     0
             14.4005  3.23653  8.57781 -4.40425 -0.257002  0.179305   0.25605 -0.00869301     0.26136  -0.0741895  -9.9021e-05 -0.000178755 -5.23073e-05 -0.00184778  0.00631804  0.00098919 0.898057        0        0
             14.5003  2.87674  8.94883 -4.28724 -0.249705  0.195525  0.253275  0.0764469   0.232871 -0.0507054 -0.000106035 -0.000196982 -5.75866e-05 -0.00199576  0.00659606     0.00079 0.890987        0        0
             14.5003  2.69217  8.87221 -4.37313 -0.252558  0.199894  0.250947  0.0457812   0.270023 -0.0772954 -7.07232e-05 -0.000177856 -4.39054e-05 -0.00183511  0.00641824 0.000986139 0.890967        0        0
             14.6001  2.25213  9.51936 -4.97276 -0.241523  0.226447  0.252604  0.0891936   0.288294 0.00167693 -9.05157e-05 -0.000205643 -4.30298e-05 -0.00196463   0.0064403 0.000734852 0.91735       0       0
             14.6001  2.28424  9.45173 -4.98875 -0.242576  0.230066  0.249384  0.0765372   0.321807 -0.0321562 -9.12591e-05 -0.000191799 -4.08473e-05 -0.00191398  0.00626502 0.000958301 0.91729       0       0
             14.7004  2.40631  9.20959 -5.87395 -0.232464  0.241032  0.249491   0.0525274    0.227673 -0.00054382 -0.000109329 -0.000198656 -4.82357e-05 -0.00204616  0.00683256  0.00082126 0.948378        0        0
             14.7004  2.39076  9.10403 -5.87611 -0.233746  0.245896  0.246811  0.0367522    0.27023 -0.0306198  -0.00010065 -0.000177824 -4.82953e-05 -0.0019704  0.0066025 0.00103271 0.948389        0        0
             14.8004  3.07459  7.95671 -6.16987 -0.227587  0.276699  0.255258 0.0308219  0.304757 0.0418536 -0.000106336 -0.000182903  -4.6229e-05 -0.00205898  0.00650321 0.000674643 0.94163       0       0
             14.8004  3.04654  7.94124 -6.20312 -0.229361  0.280502  0.253158 0.0112871  0.339559  0.018368 -9.80999e-05 -0.000177239 -3.97048e-05 -0.00195085  0.00631965 0.000846737 0.941642        0        0
             14.9002  2.95623  8.29868 -6.57755 -0.228857  0.321957  0.268452  0.013855  0.413774 0.0706366 -9.94867e-05 -0.000194637 -3.00053e-05 -0.00183141    0.006159 0.000427329 0.946465        0        0
             14.9002  2.95709  8.38786 -6.54522 -0.228188  0.321425  0.264209 0.0192559  0.410285 0.0296715 -9.92717e-05 -0.000211978   -3.494e-05 -0.00189715  0.00618914 0.000670584 0.946503        0        0
             15.0001  2.28907  8.78753 -5.90698 -0.226904   0.34765  0.259729 -0.0145809   0.342298 -0.0011155 -9.55957e-05 -0.000230047 -4.68851e-05 -0.00199131  0.00660615 0.000862972 0.945294        0        0
             15.0001   2.2935   8.6538 -5.91877 -0.224733  0.348698  0.256378 0.00561134     0.3519 -0.0314774 -9.54454e-05 -0.000208372 -4.56547e-05 -0.00213607  0.00654528  0.00103464 0.945288        0        0
             15.1007  1.97021   8.6012 -5.32703 -0.221619  0.367324  0.259547 0.0123479  0.271788 0.0154623 -0.000100901 -0.000214101 -5.17787e-05 -0.00227846  0.00697124 0.000831658 0.939067        0        0
             15.1007  2.04748  8.53601 -5.30028 -0.224615  0.372443  0.256332 -0.0205936   0.310203 -0.0177933  -0.00011159 -0.000198963 -5.72225e-05 -0.0020961 0.00677049 0.00108039 0.938992        0        0
             15.2005  2.32843  8.69304 -4.56801 -0.222877  0.392228  0.259198 0.000134801    0.283742   0.0112422 -0.000116638 -0.000206801 -5.87875e-05 -0.00221866  0.00706565 0.000909742 0.936685        0        0
             15.2005  2.30238  8.66795 -4.54313 -0.226383   0.39664  0.257212 -0.0372864    0.32425 -0.0112718 -0.000109058 -0.000199758 -6.33141e-05 -0.00199251  0.00684795  0.00110053 0.936707        0        0
             15.3003  2.46208  8.58598 -4.24614 -0.227208  0.442655  0.266664 -0.0250755   0.424675  0.0332825 -0.000117769 -0.000206523 -4.45781e-05 -0.00202695  0.00648556 0.000751644 0.940144        0        0
             15.3003  2.36218  8.50882 -4.28475 -0.22853 0.443041 0.263364   -0.0416762      0.42867 -0.000131511 -0.000100435 -0.000190823 -3.81316e-05 -0.00196196  0.00648267  0.00097613 0.940098        0        0
             15.4002  1.88306  8.22946 -4.79542 -0.238447   0.47527  0.272509 -0.0699283   0.407375  0.0417898 -0.000103522 -0.000200627 -3.48687e-05 -0.00177577  0.00683439 0.000688098 0.944877        0        0
             15.4002 1.88852 8.18661 -4.8291 -0.235723  0.476825  0.268331  -0.042033   0.419604 0.00172457 -0.000104248 -0.000194775 -2.87197e-05  -0.0019771  0.00675739 0.000916304 0.944788        0        0
                15.5  1.91881  7.85235 -5.39298 -0.239999  0.492386  0.267663 -0.0404843   0.322476  0.0137155 -0.000122799 -0.000196038 -4.45559e-05 -0.00203254  0.00745726 0.000927352 0.935163        0        0
                15.5  1.93995  7.82077 -5.33856 -0.236781  0.500516  0.264883 -0.00625075    0.382442  -0.0154803 -0.000121221 -0.000192738 -5.42256e-05 -0.00223794  0.00708218  0.00109825 0.935091        0        0
             15.6007  2.41723  8.35868 -5.88515 -0.234475  0.547555  0.274962 0.00542261   0.440703  0.0291308 -0.000130222 -0.000214938 -3.59385e-05 -0.00224961  0.00689631 0.000724866 0.937473        0        0
             15.6007  2.30535  8.34467 -5.88186 -0.234063  0.550148  0.272315 0.00814424   0.463289  0.0028237 -0.000108072 -0.000212786 -3.66108e-05 -0.00227771  0.00676869 0.000894997 0.937465        0        0
             15.7005  2.32355  8.81839 -7.10416 -0.236159  0.589473  0.273473  -0.0208466    0.436257 -0.00156001  -0.00012244  -0.00022192 -2.69806e-05 -0.00222619  0.00697969 0.000844501 0.944505        0        0
             15.7005  2.22253  8.71916 -7.09077 -0.237165  0.592413  0.270384 -0.0344626   0.459667 -0.0320621 -0.000100266 -0.000201916 -3.05471e-05 -0.00216169  0.00685816  0.00106063 0.944431        0        0
             15.8005   2.5641  8.93677 -8.18218 -0.240906  0.627447  0.269627   -0.051834    0.397183 -0.00956376 -0.000113792 -0.000214855 -2.00611e-05 -0.00221953   0.0071251 0.000975042 0.933546        0        0
             15.8005   2.8019  8.88961 -8.04823 -0.240661   0.62957  0.267773 -0.0517085   0.413053 -0.0279889 -0.000153603 -0.000206888 -4.51014e-05 -0.00222966  0.00701876  0.00110149 0.933541        0        0
             15.9003  3.55033  9.04441 -8.88459 -0.24654 0.658106 0.278192 -0.0320798   0.346613  0.0394965 -0.000128545 -0.000215322 -3.63436e-05 -0.00217548   0.0073326 0.000669948 0.930648        0        0
             15.9003  3.47129   9.0318 -8.85185 -0.247959   0.66134  0.275705 -0.049683  0.372083  0.013012  -0.00011199  -0.00021331 -4.23754e-05  -0.0020758  0.00720362 0.000865794 0.930618        0        0
             16.0002  3.84964  10.3404 -9.36545 -0.256163  0.668203  0.289027 -0.0498179    0.23016  0.0682004 -0.000132537  -0.00024365 -6.13193e-05 -0.00197519  0.00800624 0.000433089 0.939756        0        0
             16.0002    3.823  10.2986 -9.34191 -0.253143  0.679442  0.282658 -0.0284779   0.310577  0.0113016 -0.000125538 -0.000237055  -6.6535e-05 -0.00209234  0.00751617 0.000814881 0.939588        0        0
                16.1  3.33283  10.2581 -10.1012 -0.258526  0.717556  0.287667 -0.067972  0.328509 0.0426947  -0.00010576 -0.000244927   -4.654e-05 -0.00202086  0.00731572  0.00073885 0.939542        0        0
                16.1  3.47067  10.1292 -9.99443 -0.255832  0.722053  0.282629  -0.0435162    0.365278 -0.00589429 -0.000128054 -0.000221983  -6.8214e-05 -0.00219342  0.00707882  0.00104355 0.939508        0        0
             16.2007  2.75302  9.60954 -10.1487 -0.255288  0.751508  0.289167 -0.0350379   0.331777  0.0261818 -0.000100241 -0.000219759 -4.99258e-05 -0.00238314  0.00722607 0.000745167 0.941441        0        0
             16.2007 2.82617 9.62569 -10.098 -0.256366  0.756292  0.285485 -0.0497085   0.371505 -0.0127797 -0.000113018 -0.000223769 -5.94961e-05 -0.00229684  0.00701197  0.00103297 0.941366        0        0
             16.3005  2.34576  9.06522 -10.4194 -0.26824 0.765484 0.283513 -0.0993888   0.248256  -0.032099 -0.000102402 -0.000225399  -6.8748e-05 -0.00225589  0.00782534 0.000990574 0.937814        0        0
             16.3005  2.38341  9.03653 -10.3875 -0.269928   0.77187  0.281161  -0.119039   0.301944 -0.0568307 -0.000105699 -0.000218183 -7.41302e-05 -0.00210057   0.0075177  0.00120525 0.937742        0        0
             16.4004  1.74545  8.77743 -10.9637 -0.279431  0.786884  0.284699  -0.103999   0.245068 -0.0284967 -0.000105076  -0.00021953 -6.87784e-05 -0.00221051   0.0079375 0.000799026 0.935439        0        0
             16.4004  1.80516  8.80768 -10.8728 -0.280198  0.794131  0.282457  -0.114682   0.307395 -0.0519505 -0.000101531 -0.000220645 -8.32529e-05 -0.00210716  0.00758767 0.000975608 0.935316        0        0
             16.5002 1.16791 9.16528 -11.662 -0.29198 0.801571 0.280294  -0.108131   0.216145 -0.0372116 -0.000122424 -0.000234692 -9.14159e-05 -0.00220192  0.00825051 0.000832897 0.93478       0       0
             16.5002  1.14701  9.12227 -11.6807 -0.291787  0.815067   0.27741  -0.108901   0.327219 -0.0662708 -9.55304e-05  -0.00022366 -8.68642e-05 -0.00210586  0.00762854  0.00104768 0.934585        0        0
             16.6001 0.414877  9.77321 -13.0717 -0.304421  0.840262  0.279351 -0.124519  0.313523 -0.025915  -0.00010986 -0.000235369 -8.34503e-05 -0.00207412  0.00785622 0.000771059 0.936051        0        0
             16.6001 0.384393  9.75646 -13.0421 -0.302273  0.848969  0.276567  -0.106248   0.385445 -0.0536694 -8.83131e-05 -0.000234253 -8.79484e-05 -0.00212084  0.00743195 0.000944367 0.936051        0        0
             16.7009 0.568634  9.69464 -14.2256 -0.313384  0.893377  0.284774 -0.112527  0.436847 0.0384828 -8.56944e-05 -0.000242912 -6.47587e-05 -0.00206838  0.00732041 0.000580261 0.941802        0        0
             16.7009 0.668511  9.64819 -14.1726 -0.310912  0.899026  0.280242  -0.0947834    0.476397 -0.00276695 -9.27631e-05 -0.000237532  -7.3255e-05 -0.00216337  0.00707135 0.000824505 0.941765        0        0
             16.8007   1.3888  10.2492 -14.6505 -0.322897  0.936569  0.285093 -0.100381  0.464743  0.045487 -0.000106058 -0.000247797 -6.74671e-05 -0.00213645  0.00735903 0.000722358 0.943627        0        0
             16.8007  1.37826  10.2714 -14.5829 -0.32023 0.938213 0.281204 -0.0767788   0.478277 0.00997934  -9.8274e-05 -0.000256944 -7.92358e-05 -0.00228388  0.00725221 0.000915477 0.943598        0        0
             16.9005  1.35032  10.6458 -15.3562 -0.324728  0.997482  0.280489 -0.0596252   0.563923  0.0209024 -6.94766e-05  -0.00025784 -4.51625e-05 -0.00232587  0.00699598 0.000996838 0.944205        0        0
             16.9005  1.54357  10.5863 -15.2855 -0.326001  0.993165  0.280185 -0.0733412   0.528643  0.0166178 -0.000108945 -0.000246378 -5.86061e-05 -0.00230832  0.00721149  0.00102517 0.944234        0        0
             17.0004  0.90493  11.2795 -15.7535 -0.332503   1.02168  0.284798 -0.070359  0.435144 0.0348522 -8.79526e-05  -0.00025383 -4.90795e-05 -0.00248444  0.00784903 0.000902975 0.940896        0        0
             17.0004  1.07229  11.2729 -15.6374 -0.335695    1.0208  0.283654 -0.104645  0.427505 0.0210501 -0.000117199 -0.000247912 -7.03361e-05 -0.00231714   0.0079449  0.00102283 0.940893        0        0
             17.1002  0.49912  11.4249 -15.5366 -0.356156    1.0558  0.294989 -0.147106  0.392962 0.0701696 -8.92637e-05 -0.000245616 -6.61491e-05 -0.00205644  0.00822063 0.000806673 0.944965        0        0
             17.1002  0.66303  11.3803 -15.3824 -0.354398    1.0536  0.292901 -0.131241  0.374868 0.0525188 -0.000116049 -0.000241331 -9.44054e-05 -0.00220062   0.0082943 0.000890384 0.944962        0        0
             17.2001 -0.0350769    11.8272     -15.44 -0.362971   1.07629  0.310414 -0.0609843   0.315196   0.110517 -0.000110381 -0.000248966 -8.89492e-05 -0.00229607  0.00863086 0.000488592 0.942329        0        0
             17.2001 0.00936241    11.8793   -15.3964 -0.360253   1.08061  0.307057 -0.0370371   0.347336  0.0824526 -0.000111212 -0.000261359  -9.6426e-05 -0.00241459  0.00840197 0.000648854 0.942244        0        0
             17.3007 -0.713237   12.0531  -15.7278 -0.367657   1.11212  0.319309 -0.0361892   0.350592   0.103085 -9.80941e-05 -0.000273977 -9.10904e-05 -0.00228702  0.00855644 0.000575477 0.936494        0        0
             17.3007 -0.590423    11.919  -15.6352 -0.36454   1.1161 0.315049 -0.00918659    0.381648   0.0643003 -0.000111082 -0.000252801 -0.000107153 -0.00244955  0.00832227 0.000795957 0.936395        0        0
             17.4005  -1.3248  11.5564 -16.0922 -0.365341   1.13796  0.318517 0.0260752  0.320921 0.0332858 -0.000105106 -0.000254732 -0.000108334 -0.00253741  0.00879149 0.000837646 0.939006        0        0
             17.4005 -1.20882  11.5538 -16.0494 -0.36587  1.14877 0.316485  0.016839  0.404595 0.0130449 -0.000112704 -0.000249205 -0.000115725 -0.00237316  0.00830494  0.00100261 0.938985        0        0
             17.5004 -1.88409  11.5197 -17.3563 -0.362908   1.19065  0.314117  0.0574817   0.430065 -0.0155055  -9.3193e-05 -0.000247513 -9.52686e-05 -0.00234752  0.00830515  0.00110412 0.933887        0        0
             17.5004  -1.7534  11.5018 -17.3499 -0.360629   1.19736  0.313184  0.0776084   0.479328 -0.0216822 -0.000109767 -0.000244962 -9.56211e-05 -0.00239108  0.00796708  0.00112864 0.933825        0        0
             17.6002 -1.46669   11.308 -18.2178 -0.343677   1.25533  0.320021  0.137358  0.557695 0.0251743 -8.79841e-05 -0.000255478 -6.67308e-05 -0.00252237  0.00770678 0.000771457 0.942967        0        0
             17.6002 -1.29037  11.2709 -18.1003 -0.348536   1.25387   0.32085  0.088359  0.547532 0.0282613 -0.000119659  -0.00024244 -8.88332e-05 -0.00225033   0.0078521 0.000813611 0.943007        0        0
             17.7001 -0.633638   10.9665   -19.001 -0.346062   1.29085  0.320179   0.0722582    0.501108 -0.00050341 -0.000119215  -0.00023603 -7.67487e-05 -0.00221492  0.00842667 0.000955931 0.942982        0        0
             17.7001 -0.520229   11.0144  -18.9279  -0.3452  1.29156 0.320295  0.0806493    0.50527 0.00153418 -0.000137694 -0.000245592  -9.0723e-05 -0.00225139  0.00838014 0.000933066 0.942976        0        0
             17.8001 -0.0600127    10.9849   -20.0807 -0.33717  1.33597 0.326935 0.0720464  0.478414 0.0382861 -0.000118244 -0.000254513 -7.76094e-05 -0.00228683  0.00854136 0.000720186 0.943611        0        0
             17.8001 0.0948508   10.9958  -19.9911 -0.337217   1.33768  0.326998 0.0701794  0.490527 0.0392926 -0.000143684 -0.000255844 -9.44559e-05 -0.0022492 0.00846538 0.00071904 0.943591        0        0
             17.9007 0.769285  10.6957 -21.5813 -0.327346   1.38963  0.328343 0.0595247  0.488343 0.0336848 -0.000114405 -0.000256675 -5.79363e-05 -0.00236704  0.00834928 0.000790059 0.932017        0        0
             17.9007 0.930145  10.7059 -21.4641 -0.326961   1.38863  0.327793 0.0632006  0.479599 0.0283735 -0.000142242 -0.000258951 -8.07587e-05 -0.00241373  0.00838538 0.000816631 0.932017        0        0
             18.0005  1.35872  10.9207 -22.6704 -0.322111   1.42908  0.333855 0.0478443  0.443879 0.0367154 -0.000109548 -0.000266369 -4.74362e-05  -0.0024398  0.00857413 0.000692134 0.933812        0        0
             18.0005  1.5771 11.0049 -22.417 -0.322901   1.42693  0.334983 0.0424049  0.427516 0.0456238 -0.000145365  -0.00028372 -9.71177e-05 -0.00242965  0.00867622 0.000630751 0.93385       0       0
             18.1004  1.37934  11.7401 -22.8527 -0.327854   1.47025  0.338227 -0.00764506    0.413337   0.0362041 -9.58598e-05 -0.000278347  -8.0889e-05 -0.00213484  0.00874148  0.00073822 0.942895        0        0
             18.1004  1.57646  11.7905 -22.6993 -0.32488  1.46602 0.336446 0.0226127   0.37711 0.0228179 -0.000130876  -0.00029287  -0.00011026 -0.00241783  0.00887282 0.000771624 0.942939        0        0
             18.2002  1.12796  12.1562 -22.2849 -0.327634   1.50603  0.340658 -0.0370069   0.373631  0.0428951 -8.99892e-05 -0.000302165 -9.76857e-05 -0.00229679  0.00882439 0.000770821 0.946723        0        0
             18.2002  1.33761  12.0533 -22.1565 -0.325035   1.50324  0.337959 -0.0149242    0.35083  0.0220275 -0.000126782 -0.000284614 -0.000122995 -0.00251622  0.00889465 0.000866591 0.946653        0        0
             18.3001 0.537199   11.506 -22.6193 -0.319681   1.55741  0.342599 -0.00165364    0.431225   0.0234751 -6.26983e-05   -0.0002676 -6.29414e-05 -0.00250842   0.0083234 0.000760017 0.939067        0        0
             18.3001 0.812402  11.5788 -22.4137 -0.322094   1.54517  0.343362 -0.0159894   0.339773  0.0254682 -0.000112826 -0.000283797 -0.000102946 -0.00264722  0.00889098 0.000702652 0.93921       0       0
             18.4003 0.416589  11.5852 -21.7045 -0.330478   1.56814  0.340441  -0.0570364    0.298747 -0.00590911 -5.70002e-05 -0.000284052 -7.89321e-05 -0.00263877  0.00925067 0.000889031 0.939801        0        0
             18.4003 0.832087  11.5906  -21.422 -0.331297   1.56207  0.341175   -0.0635976      0.25114 -0.000991996 -0.000128984 -0.000286975 -0.000133645 -0.00271168  0.00953112 0.000835215 0.939832        0        0
             18.5001 0.337801  11.6925 -20.9255 -0.343086   1.58985  0.337473  -0.100662   0.297622 -0.0235349 -8.42311e-05 -0.000275011  -0.00011277 -0.00256494  0.00958416 0.000977421 0.938469        0        0
             18.5001 0.602023  11.6787 -20.7858 -0.341275   1.58883  0.337569  -0.082431   0.288056 -0.0211347 -0.000129478 -0.000274581 -0.000138963 -0.00269537  0.00958394  0.00093282 0.938476        0        0
             18.6004 -0.185791   11.3043  -20.0158 -0.354095   1.61476   0.34585 -0.112514  0.297332 0.0245051 -7.08711e-05 -0.000284941 -0.000131102 -0.00260174  0.00975782 0.000602693 0.937059        0        0
             18.6004 0.0912338   11.2803  -19.9338 -0.350545   1.61783  0.345628 -0.0791137   0.320061  0.0265765  -0.00011731  -0.00028427 -0.000146315 -0.00273742  0.00953379  0.00056278 0.937004        0        0
             18.7002 -0.222318   11.4344  -19.5623 -0.363955   1.65885  0.342902   -0.101144    0.364374 -0.00301259 -7.69606e-05 -0.000270437 -0.000126389 -0.00249175  0.00936468 0.000782764 0.936376        0        0
             18.7002 -0.0195266    11.4694   -19.5124 -0.360215   1.66028  0.341223 -0.0660858   0.373067 -0.0145165 -0.000109613  -0.00027901 -0.000134634 -0.00269439  0.00922385  0.00081761 0.936387        0        0
             18.8002 0.553305  11.8129  -18.618 -0.371557   1.69835  0.336837 -0.0906349   0.381772 -0.0277656 -8.12169e-05  -0.00027913 -0.000113842 -0.00257659  0.00928167 0.000962589 0.931271        0        0
             18.8002 0.676663  11.7604 -18.4546 -0.369952   1.69815  0.335336 -0.0761793   0.378641 -0.0409349 -9.72304e-05 -0.000273113 -0.000143056 -0.00268264  0.00926411  0.00102666 0.931248        0        0
             18.9001 0.756831  11.9534 -17.8794 -0.370956   1.74886  0.334849 -0.0233188    0.42696 -0.0172084 -6.60938e-05 -0.000275992 -0.000103033  -0.0026827  0.00887388 0.000903438 0.930792        0        0
             18.9001  0.96185   11.865 -17.7531 -0.371584   1.74152  0.332472 -0.0279157   0.372288 -0.0418638 -0.000110227 -0.000264446 -0.000126975 -0.00279934  0.00918573  0.00103568 0.930799        0        0
             19.0003 0.490552  12.3604 -17.2771 -0.384307    1.7721  0.337142 -0.0551799   0.320465  0.0161698 -8.81695e-05 -0.000267446 -0.000109292 -0.00249763  0.00940439 0.000885634 0.92936       0       0
             19.0003 0.356494  12.3179 -17.3077 -0.378345   1.76818  0.334033  0.00281551      0.2864 -0.00910812 -6.80518e-05 -0.000275704 -0.000104493  -0.0029201  0.00949513 0.000954049 0.929313        0        0
             19.1002   0.3262  12.1445 -16.4681  -0.384 1.78348 0.33515 -0.0261246   0.203199 0.00975888 -8.64435e-05 -0.000275357 -0.000123551 -0.00285503  0.00983822 0.000945136 0.930402        0        0
             19.1002 0.427627  12.1047 -16.4271 -0.382456   1.78424  0.333801  -0.0134102    0.207675 -0.00161838 -0.000102068 -0.000270743  -0.00013123 -0.00293513  0.00978521  0.00100125 0.930376        0        0
                19.2 0.423669  11.6666 -15.7357 -0.379637   1.80965  0.340614 0.0343394  0.200386 0.0360618 -8.69137e-05 -0.000263232 -0.000116233 -0.00292409  0.00960387 0.000779691 0.934096        0        0
                19.2 0.542026  11.6733 -15.6715 -0.383227   1.81062   0.33934 -0.00130265    0.209123   0.0223461 -0.000107649 -0.000258033 -0.000128042 -0.00271905  0.00961169 0.000917883 0.934129        0        0
             19.3006 0.369284  11.8377 -15.3595 -0.391246   1.86578  0.344911 -0.0125203    0.34653  0.0344771 -6.41726e-05 -0.000241886  -7.7301e-05 -0.00212102  0.00879657 0.000968122 0.929924        0        0
             19.3006 0.444392  11.8484 -15.2674 -0.387886   1.85532  0.342005  0.0235984   0.254453 0.00638244 -8.96179e-05 -0.000256928 -9.60187e-05 -0.0025309 0.00928639 0.00106452 0.930032        0        0
             19.4005 0.264082  12.5978  -14.834 -0.38605  1.88103 0.341249   0.0486852    0.258973 -0.00956126 -7.62995e-05 -0.000259434 -8.86192e-05 -0.00244818  0.00930419  0.00111734 0.931564        0        0
             19.4005 0.414858  12.5442 -14.8047 -0.381341   1.86943  0.338859  0.0992053   0.143925 -0.0325216 -0.000123199 -0.000267252 -9.51688e-05 -0.00296473  0.00990275   0.0011531 0.931735        0        0
             19.5003 -0.0317104    12.7453   -14.6668 -0.365038   1.89332  0.331541   0.140923   0.204402 -0.0507009 -8.84546e-05 -0.000265901 -7.02057e-05 -0.00306797  0.00962859  0.00124221 0.932652        0        0
             19.5003 0.0810165   12.6777  -14.5609 -0.367931   1.88391  0.333845  0.122779  0.116195 -0.039367 -0.000123369 -0.000254243 -9.10951e-05 -0.00308945   0.0101841  0.00115912 0.932671        0        0
             19.6002 -0.12612  12.8317 -14.9552 -0.347686   1.90961  0.336483   0.182997   0.202274 0.00748713 -9.20378e-05 -0.000262543 -7.05119e-05 -0.00310901  0.00974035 0.000916907 0.931655        0        0
             19.6002 0.0113035   12.8124  -14.9041 -0.355811   1.90203  0.340691  0.111066   0.13023 0.0392874 -0.000132273 -0.000248903 -8.18694e-05 -0.00275308   0.0102877 0.000787859 0.931655        0        0
                19.7 -0.0727697    12.5537   -15.8364 -0.340924   1.92211   0.34035  0.151074  0.192306 0.0312815 -0.000112122 -0.000246133 -6.24929e-05 -0.00279471   0.0101136  0.00094375 0.933598        0        0
                19.7 0.0187865    12.523  -15.7267 -0.346724   1.91487  0.342372 0.103416 0.122934 0.042453 -0.000135944  -0.00023527 -8.51706e-05 -0.00260555   0.0106253 0.000915575 0.933719        0        0
                19.8 0.0267169   12.1891  -16.8599 -0.334518   1.93999  0.348663 0.139955 0.220537 0.056608   -0.0001091 -0.000238882 -6.99681e-05 -0.00248423    0.010288 0.000871429 0.927676        0        0
                19.8 0.191289  12.1923 -16.8501 -0.332025   1.93511  0.349069  0.169549  0.166314 0.0615655  -0.00014724 -0.000244346 -7.26839e-05 -0.00275501   0.0105672 0.000775623 0.927709        0        0
             19.9006 0.153992  12.1616 -18.5467 -0.313784   1.96599  0.361522  0.196457  0.270711 0.0879159 -0.000109033 -0.000255917 -5.47738e-05 -0.00255941    0.010179  0.00056788 0.925131        0        0
             19.9006 0.296247  12.2141 -18.4372 -0.312127   1.95752  0.360272  0.216224  0.198091 0.0750676 -0.000141493 -0.000270809 -7.68549e-05  -0.0028331   0.0105889 0.000597651 0.924999        0        0
             20.0005 0.503543  12.3153 -19.7917 -0.300157   1.99114  0.363478 0.180988 0.295319 0.039918 -0.000107541 -0.000268055 -7.60284e-05 -0.00242364   0.0103712 0.000816641 0.93202       0       0
             20.0005 0.615463  12.3331 -19.7117 -0.295459   1.98253  0.362367  0.230119  0.216806 0.0311607 -0.000136193 -0.000281814 -9.24169e-05 -0.00289038   0.0107468 0.000773363 0.932088        0        0
             20.1003 0.778984  12.8477 -21.3226 -0.267298   2.00262  0.365653  0.285005  0.230465 0.0208382 -0.000123635 -0.000295366 -8.15125e-05 -0.00300558   0.0108133 0.000717805 0.928142        0        0
             20.1003 0.936403   12.835 -21.2094 -0.26478  1.99851 0.362612    0.306901      0.1964 -0.00528414 -0.000153864 -0.000297734 -0.000103628 -0.00324975   0.0109672 0.000844233 0.928053        0        0
             20.2001  1.17074  13.4948 -22.3919 -0.241091   2.01107   0.36735  0.263714  0.167308 0.0111865 -0.000127868 -0.000321916 -0.000120053 -0.00309202   0.0112284 0.000692055 0.931765        0        0
             20.2001 1.31901 13.4313 -22.323 -0.242816   2.01432  0.365619    0.243124    0.192121 -0.00513038 -0.000153159 -0.000305516 -0.000134237 -0.00293723   0.0111213  0.00084706 0.93177       0       0
             20.3004  1.73504  13.3472 -23.6355 -0.215184   2.04544  0.365223   0.256299   0.229541 -0.0135325 -0.000128078 -0.000303834 -0.000106447 -0.00289742   0.0107506 0.000832358 0.929659        0        0
             20.3004   1.8943  13.3577 -23.4388 -0.218203   2.04594  0.365192   0.225233   0.234706 -0.0174098 -0.000151514 -0.000303351 -0.000144992 -0.00269914   0.0107956 0.000909372 0.929676        0        0
             20.4002  1.90917  13.6737 -24.6904 -0.196701   2.07119  0.365186    0.199814    0.229054 -0.00746308  -0.00011206 -0.000324381 -0.000122716 -0.00265715   0.0107052  0.00086946 0.933192        0        0
             20.4002 2.11197 13.6224 -24.527 -0.198297   2.07041   0.36382     0.1821   0.222473 -0.0215645 -0.000146404 -0.000313529 -0.000155382 -0.00259511   0.0107884 0.000984214 0.933221        0        0
             20.5001  1.79616  13.6881 -25.2574 -0.16999  2.11762 0.360271   0.238663   0.314812 -0.0283323  -9.0634e-05 -0.000310495 -0.000110236 -0.00256552  0.00996729  0.00101698 0.92543       0       0
             20.5001  2.15729  13.6923 -25.1459 -0.168866   2.10963  0.359707   0.251152    0.25033 -0.0336531 -0.000163467 -0.000314614 -0.000133016   -0.002826   0.0103051 0.000978699 0.925368        0        0
             20.6007   1.2633  13.9795 -25.8763 -0.148826   2.14906  0.358768   0.233796   0.321594 -0.0129978  -9.8662e-05 -0.000323139 -0.000103936 -0.00245933   0.0100241  0.00102521 0.932336        0        0
             20.6007  1.48362  13.9151 -25.7357 -0.147408   2.13573  0.357045   0.253181   0.206296 -0.0291295 -0.000144381 -0.000316243  -0.00013271 -0.00293503   0.0106542  0.00100143 0.932323        0        0
             20.7005  0.67293  13.2126 -26.4232 -0.106842   2.17985  0.336684   0.33103  0.333423 -0.107408 -8.48297e-05 -0.000295632 -8.33471e-05 -0.00316123  0.00989637  0.00152529 0.936258        0        0
             20.7005  1.01532   13.242 -26.2384 -0.110589   2.16368  0.342489   0.307895   0.194422 -0.0612829 -0.000158953 -0.000305578 -0.000121869 -0.00335155   0.0107742  0.00112306 0.936197        0        0
             20.8005 0.298299  12.6603 -26.5634 -0.0714583    2.21236   0.331051   0.365262   0.358506 -0.0910229 -8.92744e-05 -0.000288926 -6.45693e-05 -0.00319675  0.00994738  0.00131824 0.935834        0        0
             20.8005  0.57232   12.671 -26.4583 -0.0778094    2.19765   0.337105   0.313466   0.231625 -0.0473109 -0.000161567 -0.000292167  -8.9563e-05 -0.00320212   0.0108741 0.000985078 0.935822        0        0
             20.9004 0.0272596   11.9948  -26.2905 -0.0629772    2.21287   0.336256   0.250866   0.221835 -0.0345546 -0.000121595 -0.000285753 -8.79987e-05  -0.0027853   0.0114082 0.000991437 0.93155       0       0
             20.9004 0.361674  11.9954 -26.1407 -0.0618151    2.20049   0.338786   0.270374   0.119915 -0.0126209 -0.000193105 -0.000292478  -0.00012015 -0.00318366   0.0119548 0.000735132 0.931475        0        0
             21.0002 -0.0620554      11.21   -25.7745 -0.0441805    2.22023   0.351851 0.262572 0.179719 0.062846 -0.000136915 -0.000294323 -0.000117493 -0.00265643   0.0119363 0.000395342 0.937195        0        0
             21.0002 0.130249  11.2712 -25.5707 -0.0422923    2.20981   0.350556 0.284756 0.096403 0.050299 -0.000171163 -0.000309495  -0.00015973  -0.0030608   0.0123687 0.000397926 0.937322        0        0
             21.1001 -0.132651   11.0004  -25.4164 0.00317659    2.25478   0.333362   0.386185   0.251582 -0.0401843 -0.000119543 -0.000296223 -0.000102223 -0.00313466   0.0112768  0.00112498 0.934534        0        0
             21.1001 0.152168   11.002  -25.201 0.00211624    2.24086   0.334916   0.384981    0.13966 -0.0311992 -0.000171382 -0.000297677  -0.00014685 -0.00345329   0.0119543 0.000995958 0.934794        0        0
             21.2007 0.167754  10.9739 -24.7972 0.0419579   2.25736  0.331395   0.383186   0.164182 -0.0218058 -0.000132436 -0.000309418 -0.000130833 -0.00347064   0.0118964  0.00102857 0.929559        0        0
             21.2007 0.333826  10.9393 -24.7348 0.0398322   2.25498  0.334163     0.366507     0.146506 -0.000623291 -0.000164504 -0.000302536 -0.000143676 -0.00339463   0.0120475 0.000889982 0.929638        0        0
             21.3005 0.637259  10.7453 -24.1523 0.0819015   2.27266  0.336031   0.378954    0.16234 0.00197372 -0.000148374 -0.000303991 -0.000127847 -0.00355099   0.0118851 0.000750787 0.933408        0        0
             21.3005 0.852805  10.7836 -24.0333 0.0770989   2.27484  0.338411  0.330959  0.183032 0.0182016 -0.000186109 -0.000307017 -0.000150322 -0.00317328   0.0118892 0.000706943 0.933436        0        0
             21.4004 0.968005  11.1465 -23.3376 0.109672  2.30466 0.327419   0.322386   0.248383 -0.0562963  -0.00015657 -0.000295035 -0.000134595 -0.00306469   0.0116002  0.00113318 0.935698        0        0
             21.4004 0.951125   11.176 -23.2346 0.105815  2.30467 0.329975   0.288248   0.251549 -0.0375692 -0.000151694 -0.000293695  -0.00015409 -0.00283521   0.0116766  0.00104645 0.935759        0        0
             21.5002 0.361439  12.2352 -22.7784 0.131593  2.34099 0.329857   0.251462    0.33057 -0.0163726 -0.000128361 -0.000304991 -0.000141379 -0.00263247   0.0114523 0.000954496 0.939558        0        0
             21.5002 0.412931  12.1878 -22.7674 0.134196  2.33619 0.327157   0.275381   0.290437 -0.0391172 -0.000143799 -0.000305499 -0.000143866 -0.00290227   0.0116217  0.00105164 0.939543        0        0
                21.6 -0.721823   11.8874   -23.173 0.161393  2.36842  0.33474  0.272013  0.329963 0.0230919 -0.000116018 -0.000305753 -0.000137325 -0.00284654   0.0115493 0.000709835 0.937515        0        0
                21.6 -0.600348   11.8417  -23.1666 0.164649  2.36213 0.331416    0.302858    0.270998 -0.00593661 -0.000148734 -0.000309153 -0.000139203 -0.00321234   0.0118103 0.000826743 0.937529        0        0
             21.7008 -1.85443  11.7095 -24.7613 0.212339  2.40601 0.334399  0.370405  0.363641 0.0298371 -0.000110817  -0.00032686 -0.000101091 -0.00350961   0.0111553 0.000640332 0.942332        0        0
             21.7008 -1.79791  11.7362 -24.8092 0.210682  2.40267 0.330242   0.350579   0.329551 -0.0123891  -0.00013253 -0.000331424 -9.35151e-05 -0.0035405  0.0114018 0.00092946 0.94238       0       0
             21.8007 -1.60167  10.6926 -26.3496 0.234753  2.42136 0.321966   0.269236   0.293801 -0.0311442 -0.000152432 -0.000316103 -0.000111541 -0.00356036   0.0120082  0.00124635 0.9345      0      0
             21.8007 -1.45704  10.6513 -26.3943 0.231177  2.42188 0.321836   0.232821   0.299219 -0.0359007 -0.000183668  -0.00029908 -0.000103281 -0.00335006   0.0120663  0.00132447 0.934516        0        0
             21.9005 -1.53976  9.44714 -28.8525  0.2609  2.4871 0.30796   0.254953   0.514994 -0.0703299 -0.000114987 -0.000275957  -5.4563e-05 -0.00315465   0.0110886  0.00165396 0.944255        0        0
             21.9005 -1.33688  9.48801 -28.7314 0.256772  2.47544 0.313714    0.22319   0.411093 -0.0263797 -0.000177921 -0.000284004 -8.41414e-05 -0.00321464   0.0117796  0.00136467 0.944597        0        0
             22.0003 -0.910933    9.0338  -30.7943  0.27124  2.51448 0.325038  0.193393  0.410575 0.0578322 -0.000157146 -0.000283882 -5.77099e-05 -0.00297672   0.0119764  0.00103248 0.937917        0        0
             22.0003 -0.721176   9.23703  -30.5033  0.26774  2.50253 0.330267  0.17034 0.317498 0.100121 -0.000207671 -0.000325278 -0.000120041 -0.00307813   0.0125911 0.000734766 0.938166        0        0
             22.1001 -0.241468   9.85312  -31.6576  0.27695  2.52337 0.339818  0.126499   0.26629 0.0818268 -0.000196171 -0.000317411 -0.000122391 -0.00299079   0.0129917 0.000778635 0.93667       0       0
             22.1001 -0.186612   9.95789  -31.4964 0.280796  2.51928 0.340731  0.169607  0.231785 0.0927657 -0.000204462 -0.000347719 -0.000155536 -0.00333444   0.0130382 0.000645513 0.936743        0        0
             22.2004 -0.0870795     9.3779   -33.2996  0.31555  2.57791 0.354121 0.224387 0.384908  0.10187 -0.000142587  -0.00035776 -8.97174e-05 -0.00334033   0.0118418 0.000382709 0.944567        0        0
             22.2004 0.0616766    9.3392  -33.1342 0.315546   2.5684 0.353239  0.229982  0.296742 0.0930134  -0.00017979 -0.000357759 -0.000124315 -0.00370164    0.012315  0.00038739 0.944722        0        0
             22.3002 -0.259724   8.94608  -34.6774 0.348189  2.59673  0.36086  0.278692   0.24366 0.0617363 -0.000153459 -0.000367692 -0.000102863 -0.00394473   0.0121234 0.000317088 0.942574        0        0
             22.3002 -0.0913469     9.0724   -34.4956 0.336929  2.59256  0.36195  0.185279  0.220707 0.0677002  -0.00019347 -0.000380124 -0.000139941 -0.00349992   0.0125985 0.000352328 0.942591        0        0
             22.4001 -0.230486    9.0923  -36.0885 0.361601  2.60396 0.379081  0.215752  0.105047 0.0916368 -0.000197897  -0.00040675 -0.000130064  -0.00372962    0.0126489 -4.50007e-05 0.945887        0        0
             22.4001 -0.146211   9.15544    -35.93 0.349432  2.60627 0.373526 0.101961 0.141745 0.039882  -0.00021507 -0.000403425 -0.000162262 -0.00301719   0.0128908 0.000441748 0.945717        0        0
             22.5007 -0.0095123    9.64921   -37.3402 0.368336  2.65225 0.364117   0.145582   0.229809 -0.0300024 -0.000181366 -0.000396971 -0.000114295 -0.00255782   0.0118958 0.000903936 0.955892        0        0
             22.5007 0.070006  9.68435  -37.218 0.36695 2.64376 0.36013   0.139994   0.155374 -0.0646646 -0.000204416 -0.000410283 -0.000140184 -0.00288046   0.0123342  0.00110796 0.956167        0        0
             22.6005 -0.0865021     10.366   -38.9714 0.373983  2.65767 0.355801   0.120099   0.107704 -0.0506936 -0.000194247 -0.000409383 -0.000120286 -0.00262378   0.0124485  0.00108893 0.95211       0       0
             22.6005 -0.118032   10.3577  -38.9257 0.383351   2.6463 0.349718      0.20771 -0.000517109   -0.0955653 -0.000193713 -0.000432759 -0.000130825 -0.0036119  0.0126585 0.00124565 0.952115        0        0
             22.7004 -0.808075    10.698  -41.0214 0.414807  2.65137 0.345172   0.269611  0.0205907 -0.0581835 -0.000160059 -0.000439347 -9.12296e-05 -0.00374419    0.012297  0.00105358 0.940295        0        0
             22.7004 -0.513508   10.6777  -40.7066 0.413699  2.64276  0.34367    0.26418 -0.0519665 -0.0725494 -0.000219147 -0.000439348 -0.000155785 -0.0040521  0.0126907 0.00110295 0.940323        0        0
             22.8004 -0.925233   10.4349  -42.3022 0.438457  2.64002 0.338753   0.276289 -0.0235769 -0.0621758 -0.000160674 -0.000439612 -0.000121118 -0.00394445   0.0127147  0.00106013 0.942313        0        0
             22.8004 -0.745183   10.4276  -42.1356 0.436387   2.6411 0.337549   0.254713 -0.0140078 -0.0741614 -0.000192268 -0.000434404 -0.000155659 -0.00380812   0.0127561  0.00117631 0.942234        0        0
             22.9002 -1.06172  10.0765 -43.3466 0.455002  2.64495 0.338646   0.275571  0.0327864 -0.0379267 -0.000160708 -0.000424839 -0.000132524 -0.00344309   0.0128504 0.000991324 0.945416        0        0
             22.9002 -0.957536   10.1412  -43.1762 0.454047  2.64328 0.336902   0.265567  0.0177634 -0.0535893 -0.000178361 -0.000438047 -0.000168289 -0.00348285    0.012969  0.00110215 0.945342        0        0
                  23 -1.61528    10.39 -43.7881 0.493692  2.64965 0.329645   0.379234  0.0468433 -0.0630116 -0.000152885 -0.000434512 -0.000146336 -0.00362253   0.0126749  0.00110338 0.936022        0        0
                  23 -1.46023  10.4277 -43.6699  0.49135  2.65048 0.329405   0.355903  0.0552129 -0.0672605 -0.000182666 -0.000439765 -0.000171845 -0.00346969   0.0127407  0.00116549 0.935997        0        0
             23.1007 -2.25533  11.0471 -44.0854 0.535291  2.66759 0.325613   0.406613   0.113728 -0.0462556 -0.000128612 -0.000445984 -0.000124859 -0.00335914   0.0123483  0.00104188 0.953897        0        0
             23.1007 -1.99121   11.044  -43.917 0.533059  2.66245 0.325161   0.386791  0.0724062 -0.0528761 -0.000180971 -0.000445242 -0.000159674 -0.00347706   0.0126418  0.00108066 0.953919        0        0
             23.2005 -2.1213 11.4032 -43.619 0.560797  2.67649 0.327838   0.359413   0.108447 -0.0114811 -0.000139549  -0.00043879 -0.000151852 -0.00298675   0.0127816 0.000956217 0.957776        0        0
             23.2005 -1.81045  11.3976 -43.5067 0.559972  2.66739 0.326678   0.353284   0.029866 -0.0222317 -0.000205349 -0.000441015 -0.000174905 -0.00336662   0.0131877  0.00098068 0.957828        0        0
             23.3004 -2.22282  11.9206 -43.1429 0.585672  2.67254 0.335074  0.286265 0.0746212 0.0275477  -0.00017785 -0.000458377 -0.000159973 -0.00308337   0.0134063 0.000706922 0.945352        0        0
             23.3004 -2.09179  11.9355 -42.9855 0.588164   2.6645 0.332171   0.310174 0.00189031 0.00560541 -0.000201117 -0.000466095  -0.00019297 -0.00359558   0.0136408 0.000777763 0.945456        0        0
             23.4002 -1.90862  11.7342 -41.6924 0.619016  2.67212 0.340657  0.285013 0.0847654 0.0439577 -0.000158476  -0.00046385 -0.000176057 -0.00349637   0.0135101 0.000516001 0.933212        0        0
             23.4002 -1.67698  11.6984 -41.5289 0.619123  2.66869  0.33305   0.279041  0.0512186 -0.0185739 -0.000202596 -0.000457364 -0.000210563 -0.00373133   0.0136803  0.00094898 0.933103        0        0
                23.5 -1.30875  12.4625 -40.1167 0.635836  2.68822 0.335819  0.228489  0.132148 0.0135234 -0.000177582 -0.000460102  -0.00020057 -0.00309146     0.01361 0.000972604 0.938416        0        0
                23.5 -1.06265  12.4234 -39.9886 0.634815  2.68195 0.329263   0.217729  0.0723496 -0.0449045 -0.000227045 -0.000454341 -0.000227446 -0.00341904   0.0139468  0.00136191 0.938419        0        0
             23.6007 -1.61262  13.1995 -39.4478 0.647861  2.68441 0.316373   0.145114    0.10452 -0.0687779  -0.00014573 -0.000463798   -0.0002037 -0.00346883   0.0143208  0.00171445 0.947119        0        0
             23.6007 -1.37832  13.0701 -39.2619 0.651194  2.68059 0.314428   0.173681  0.0697997 -0.0805709 -0.000188433 -0.000437362 -0.000243078 -0.00381328    0.014356  0.00173015 0.947129        0        0
             23.7005 -1.48981  12.0328 -38.9177 0.674436  2.70025 0.284713 0.161902 0.162757 -0.16581 -0.000176911 -0.000377613 -0.000207744 -0.00394484   0.0139243  0.00241744 0.962346        0        0
             23.7005 -1.48971  11.9569 -38.8604 0.676665  2.70162 0.289414  0.18138 0.169511 -0.12566 -0.000173372 -0.000361273 -0.000219254 -0.0039524  0.0138037 0.00209992 0.962264        0        0
             23.8005 -1.77833  11.5246 -39.6766 0.707755   2.7362 0.286446   0.221628   0.265425 -0.0660905 -0.000127356 -0.000356678 -0.000163528 -0.0038975  0.0131654 0.00179509 0.956404        0        0
             23.8005 -1.45171  11.5473 -39.5945 0.705735  2.73496 0.291215    0.20285   0.251657 -0.0206974 -0.000194969 -0.000360717 -0.000181559 -0.00378393   0.0133209  0.00147561 0.956397        0        0
             23.9004 -1.67822  11.7585  -40.846 0.709727  2.76031 0.293576    0.110122    0.264438 -0.00757829 -0.000169069 -0.000356894 -0.000174162 -0.00332428   0.0137039   0.0014226 0.953445        0        0
             23.9004  -1.5212   11.807 -40.8257  0.71231  2.75834 0.297973  0.136143  0.238814 0.0344357 -0.000202674 -0.000366818 -0.000178732 -0.00351632   0.0137228  0.00105982 0.953365        0        0
             24.0002 -2.11401  12.0389 -43.5669 0.72492 2.80139 0.29691  0.105677  0.338991 -0.001158 -0.000166458 -0.000369129 -0.000135796 -0.00310415   0.0132216  0.00129385 0.949916        0        0
             24.0002 -2.0102  12.063 -43.552 0.728543  2.79343 0.300752  0.146048  0.252846 0.0371988 -0.000189498 -0.000372398 -0.000139146 -0.00367167   0.0134946 0.000886754 0.949929        0        0
                24.1 -2.07641  12.3161 -45.9506 0.731006  2.83613 0.336723 0.0743811  0.345329  0.179052 -0.000161769 -0.000408138 -0.000107676  -0.00276788    0.0133118 -8.69534e-05 0.938224        0        0
                24.1 -1.79131   12.514  -45.669 0.734901  2.82271 0.338276 0.116881 0.214428 0.187013   -0.0002131 -0.000447599 -0.000167503  -0.00361998     0.013765 -0.000317666 0.938795        0        0
             24.2007 -1.75726  12.1309 -47.9217 0.751228  2.86186 0.319782  0.124739  0.286671 0.0240247 -0.000141286 -0.000408553 -0.000102276  -0.0035619   0.0132286 0.000941859 0.941826        0        0
             24.2007 -1.43108  12.2374 -47.6437 0.752001  2.84408 0.324816   0.14183  0.114274 0.0579765 -0.000214662 -0.000449176 -0.000162281  -0.0044536   0.0139656 0.000514315 0.942434        0        0
             24.3005 -2.10089  12.2186 -50.1809 0.771431  2.85715 0.340615 0.158808  0.09632 0.107046 -0.000144018 -0.000462972 -0.000110695 -0.00441247    0.013765 0.000151223 0.939731        0        0
             24.3005 -1.64778  12.3066 -50.0141 0.768323  2.85177 0.342421  0.134669 0.0494017  0.119925 -0.000239717 -0.000481298 -0.000145727 -0.00451849   0.0140815 4.48451e-05 0.939758        0        0
             24.4004 -2.74896  12.2784  -52.495 0.767122   2.8496 0.332274   0.046544 -0.0317145  0.0260253 -0.000150177 -0.000466965 -0.000123274 -0.00449439   0.0144651  0.00078787 0.945131        0        0
             24.4004 -2.56078  12.4226 -52.3478 0.764939  2.85293 0.336793   0.0276867 -0.00484421    0.058814 -0.000181255 -0.000485762  -0.00015348 -0.00421898   0.0144503 0.000610463 0.945115        0        0
             24.5002 -3.14898  12.1949 -54.8025  0.75927  2.85751 0.310681 -0.0355891 -0.0360493 -0.0740838 -0.000146073 -0.000431214 -0.000130679 -0.00407288   0.0144291  0.00164397 0.947524        0        0
             24.5002 -2.88529  12.3411 -54.5825 0.758498  2.86067 0.320722 -0.0421958  -0.011377 0.00511308 -0.000187823 -0.000450613 -0.000175647 -0.00378503   0.0143789  0.00112909 0.947489        0        0
                24.6 -2.67293  11.8479  -55.986 0.737171  2.84812 0.289961 -0.138712 -0.101223 -0.125972 -0.000205839 -0.000400813 -0.000155876 -0.0039163  0.0148498 0.00216502 0.923748        0        0
                24.6 -2.69642   11.983 -55.8339 0.744096   2.8512 0.308207 -0.0717043 -0.0889222  0.0172628  -0.00018004 -0.000430095 -0.000187314 -0.00387613   0.0144716  0.00110385 0.924177        0        0
             24.7008 -2.22938    11.45 -57.4802 0.733937  2.82869 0.304466 -0.0931972  -0.191385 -0.0146256 -0.000179583  -0.00041504 -0.000180753 -0.0041374  0.0146798 0.00121334 0.908522        0        0
             24.7008 -2.17768  11.5836 -57.4491 0.736763   2.8349   0.3191 -0.0598108  -0.143028   0.103231 -0.000177582 -0.000436024 -0.000187114 -0.00379025   0.0143351 0.000386583 0.908624        0        0
             24.8007 -2.14592  11.3934 -59.2687 0.722065  2.80799 0.342261 -0.0794314  -0.217766   0.135798 -0.000170876 -0.000443001 -0.000153972  -0.00383683     0.014817 -5.73995e-05 0.925162        0        0
             24.8007 -1.96442  11.6363 -59.0806 0.728141  2.81644 0.345725 -0.040633 -0.155998  0.158918 -0.000187389 -0.000485832 -0.000192871  -0.00355565    0.0143491 -0.000197528 0.925061        0        0
             24.9005 -3.00758  11.3542 -61.2211 0.702283   2.7935 0.355635 -0.103898  -0.17495  0.127896 -0.000144011 -0.000473382 -0.000175563  -0.0033867   0.0150406 3.32283e-05 0.913937        0        0
             24.9005 -2.75795  11.4649 -61.1494  0.72146  2.80065 0.351459 0.0178567 -0.141258  0.100667 -0.000170347 -0.000504151 -0.000189295 -0.00363967   0.0141379 0.000143592 0.913785        0        0
             25.0004 -3.93671  11.1116 -62.4103 0.707244  2.77806 0.345273 -8.9384e-05   -0.154895   0.0380248 -0.000131258 -0.000478865 -0.000176051 -0.00370127   0.0146962  0.00061458 0.909385        0        0
             25.0004  -3.7354  11.2505 -62.2198  0.71577  2.78071 0.344284 0.0782827 -0.136498 0.0364708 -0.000153251 -0.000510301  -0.00021584 -0.00383232   0.0141237 0.000567682 0.909538        0        0
             25.1002 -4.78305  10.5442  -63.327   0.7087  2.76964 0.335745  0.0452237 -0.0890681 -0.0142581 -0.000100206 -0.000475296 -0.000187748 -0.00361764   0.0146672  0.00104751 0.88115       0       0
             25.1002 -4.50171  10.6549 -63.1119  0.71939   2.7678 0.336141    0.142966   -0.112986 -0.00582031 -0.000140082 -0.000506511 -0.000232397  -0.0040523   0.0140988 0.000856009 0.88132       0       0
                25.2 -5.22219    10.09 -63.3498 0.717839  2.76006 0.322308   0.119132 -0.0459085 -0.0671124 -0.000108244 -0.000463384 -0.000208301 -0.00379409   0.0146487  0.00141457 0.892656        0        0
                25.2 -5.01411  10.2409 -63.2526 0.728089  2.75356 0.325395   0.215873  -0.110222 -0.0387811 -0.000141216 -0.000509734 -0.000229139 -0.00445169   0.0142196   0.0010371 0.892909        0        0
             25.3007 -5.21622  9.96008 -62.8379 0.739054  2.74757 0.317705   0.213703 -0.0354785 -0.0684789 -0.000117707 -0.000481761  -0.00021852 -0.00421934   0.0146293  0.00123471 0.892733        0        0
             25.3007 -4.85668  10.0222 -62.8182 0.745975  2.74551 0.320583   0.275387 -0.0588817 -0.0448972 -0.000188881 -0.000502409 -0.000222362 -0.00452118   0.0142881 0.000967872 0.892942        0        0
             25.4005 -4.90352  10.2474 -62.8442 0.743095  2.73632 0.318675   0.180191 -0.0258755 -0.0413128 -0.000149497 -0.000484475 -0.000216468 -0.00420362   0.0154024  0.00108205 0.894509        0        0
             25.4005 -4.59661   10.357  -62.776 0.748253  2.73663 0.321526   0.228155 -0.0271102 -0.0165217  -0.00020806  -0.00050975 -0.000232071 -0.00431759   0.0150866 0.000840163 0.89461       0       0
             25.5004 -4.64183  10.3318  -62.379 0.771242  2.73625 0.324935    0.287128   0.0337118 -0.00548269 -0.000152802 -0.000503546 -0.000207638 -0.00427865   0.0152176  0.00067786 0.887852        0        0
             25.5004 -4.29776  10.3791 -62.2549 0.773903  2.73943 0.326069  0.309481 0.0610212 0.0048237 -0.000219377 -0.000510017  -0.00023478 -0.00414895   0.0149683 0.000599284 0.887923        0        0
             25.6002 -5.11344   10.365 -62.4797 0.787304  2.75298 0.316041   0.282703   0.149367 -0.0368637 -0.000151134 -0.000484969 -0.000212149 -0.00374071   0.0155872  0.00111272 0.898535        0        0
             25.6002 -4.85995   10.461  -62.362 0.794076  2.75088 0.318106   0.349693   0.125224 -0.0182417 -0.000197024 -0.000508972 -0.000238145 -0.00407834   0.0152157 0.000873108 0.898679        0        0
                25.7 -5.22639  10.3164  -62.731 0.820211  2.77256 0.310242   0.339349   0.215652 -0.0320364 -0.000146306 -0.000480022 -0.000206232 -0.00373256   0.0154837  0.00119672 0.895886        0        0
                25.7 -4.98636  10.4109 -62.6609 0.830465  2.76579 0.311681   0.429168   0.143814 -0.0153419 -0.000192041  -0.00050941 -0.000221787 -0.00446262   0.0151165 0.000898433 0.896177        0        0
                25.8 -4.57928  10.2116 -63.2222 0.873075  2.78728 0.303985   0.446101   0.210256 -0.0345286 -0.000147941 -0.000482703 -0.000188726 -0.0043159  0.0150932 0.00114983 0.892762        0        0
                25.8 -4.18538  10.3124 -63.1765 0.879728  2.78349 0.310254  0.498089  0.165867 0.0128804 -0.000235366 -0.000507764 -0.000200948 -0.00470493   0.0148964 0.000688133 0.893069        0        0
             25.9007 -3.66356  10.3073  -63.659 0.908606  2.79509 0.311187   0.434794   0.162947 0.00841249 -0.000164348 -0.000496306 -0.000180245 -0.00459001   0.0156378 0.000799902 0.891981        0        0
             25.9007 -3.42128  10.4768 -63.5471 0.912265  2.79673 0.317148 0.462272 0.174411  0.05031  -0.00021309 -0.000532149 -0.000207027 -0.00452589   0.0154239 0.000456831 0.892099        0        0
             26.0005 -3.31488  11.1921 -64.2334 0.948715   2.8066 0.319529  0.430067  0.153121 0.0482144 -0.000157487 -0.000530967 -0.000185953 -0.00465106   0.0158615 0.000574982 0.887582        0        0
             26.0005 -3.01652  11.3127 -64.1364 0.949448  2.81274 0.322201  0.42982 0.207722  0.06797  -0.00021936 -0.000554258 -0.000208059 -0.00424054   0.0156826 0.000479657 0.887702        0        0
             26.1003 -2.87165  10.8677 -64.3746 0.983858  2.83241 0.329066  0.386901   0.21433 0.0713446 -0.000154353 -0.000534814  -0.00019391 -0.00419655    0.015959 0.000532756 0.884259        0        0
             26.1003 -2.64943  10.8834 -64.3419 0.985216    2.836 0.326267  0.391682  0.244883 0.0506025 -0.000201928 -0.000536773 -0.000201301  -0.0040318   0.0158077 0.000719815 0.884164        0        0
             26.2002 -2.44668  10.4255 -64.4029  1.03557  2.86469 0.319867    0.417653    0.255885 -0.00588859 -0.000158543 -0.000514538 -0.000159311 -0.00413706   0.0153954  0.00103063 0.879985        0        0
             26.2002 -2.15121  10.5334 -64.2824  1.03276  2.86399 0.322945 0.397239 0.250591 0.018267 -0.000220664 -0.000537486 -0.000187198 -0.00406991   0.0155468 0.000860825 0.88006       0       0
                26.3 -2.02838  10.1116 -64.3351  1.03974  2.87368 0.324831   0.247906   0.162327 0.00968911 -0.000162462 -0.000522061 -0.000176538 -0.00406762   0.0165855 0.000902544 0.893352        0        0
                26.3 -1.84186  10.2338 -64.1918 1.04027 2.87279  0.3261  0.252498  0.152836 0.0179817  -0.00019861 -0.000548574 -0.000209452 -0.00412677   0.0165753 0.000824562 0.893391        0        0
             26.4007 -1.75386  10.4432 -63.8867  1.05717  2.87869 0.318322   0.226205  0.0871989 -0.0363511  -0.00017647  -0.00052675 -0.000190152 -0.00430293   0.0169344  0.00108412 0.892431        0        0
             26.4007 -1.58473  10.5289 -63.8081  1.06466  2.88141 0.320812   0.279286    0.10407 -0.0224255 -0.000210849 -0.000545923 -0.000208517 -0.00431733   0.0165002 0.000951314 0.89253       0       0
             26.5005 -2.40436  10.7238 -63.7255  1.09189  2.88213 0.298769  0.290348 0.0603614 -0.104168 -0.000156143 -0.000520443 -0.000194935 -0.00473009   0.0166225  0.00148556 0.893597        0        0
             26.5005 -2.27955  10.7328 -63.6881  1.09331   2.8884 0.304523   0.295079   0.114961 -0.0618677  -0.00018262 -0.000521079 -0.000203296 -0.00429915     0.01642   0.0012168 0.893726        0        0
             26.6004 -2.83384  10.2203  -62.864  1.11369  2.89514 0.288522  0.277164  0.102687 -0.115205    -0.000171 -0.000497101 -0.000201443 -0.00439325   0.0167809  0.00153688 0.853945        0        0
             26.6004 -2.79965  10.2984 -62.7774  1.11633   2.8998 0.300173   0.292473   0.142485 -0.0382536  -0.00017374 -0.000511067 -0.000219441 -0.00404614   0.0165667  0.00097364 0.854102        0        0
             26.7002 -3.23023  10.2099 -62.0523  1.11955  2.90013 0.298914   0.206551  0.0753561 -0.0443718 -0.000162523 -0.000501398  -0.00022816 -0.00406081   0.0175781  0.00088781 0.842329        0        0
             26.7002  -3.1082  10.3175 -62.0526  1.12928  2.90266 0.304662   0.285346  0.0924944 -0.0072682 -0.000173955 -0.000526579 -0.000227847 -0.00412109   0.0170159 0.000562132 0.842261        0        0
             26.8002 -3.24188  10.3679 -61.3415  1.16257  2.90323 0.289878   0.324513  0.0506051 -0.0551376 -0.000161732 -0.000527291 -0.000216247 -0.00452896   0.0170128 0.000927135 0.835747        0        0
             26.8002 -3.11203  10.3955 -61.3286  1.16722   2.9079 0.293166    0.36838  0.0909208 -0.0298067 -0.000174679 -0.000527953 -0.000218492 -0.00437288   0.0166145 0.000743563 0.835841        0        0
                26.9 -2.65965  10.0186  -60.439  1.19622  2.91514 0.295928   0.35975 0.0803459 0.0131199 -0.000195375 -0.000525074 -0.000221484 -0.00426361   0.0169509 0.000618607 0.839014        0        0
                26.9 -2.61637   10.049 -60.4588  1.20217  2.91823 0.296986  0.401445  0.101447 0.0207286 -0.000195189 -0.000531451 -0.000216977 -0.00424681   0.0166218  0.00054451 0.839012        0        0
             27.0007 -1.77981  9.76046 -59.8043  1.23655  2.93495 0.262577  0.410457  0.132138 -0.116395 -0.000180625 -0.000479464 -0.000202433 -0.00410141    0.016679  0.00177657 0.839841        0        0
             27.0007 -1.77749   9.8589 -59.8727  1.24264  2.92906 0.271349   0.462034  0.0674522 -0.0487498 -0.000181092 -0.000516736 -0.000188258 -0.00460888   0.0165897   0.0011508 0.839741        0        0
             27.1005 -1.38633  10.0055 -59.3485   1.2813  2.93093 0.251264   0.44943 0.0693778 -0.100808 -0.000175723 -0.000495227 -0.000178501 -0.00472019   0.0168479  0.00167224 0.847568        0        0
             27.1005 -1.18011  10.0773 -59.3247  1.28193  2.92757 0.264894   0.455633   0.036511 -0.0013731 -0.000223221  -0.00051627 -0.000184167 -0.00481444   0.0169387 0.000892978 0.847319        0        0
             27.2004 -1.59519  9.26781 -58.9121  1.31183  2.93365 0.254837   0.384401   0.081857 -0.0526495 -0.000186165 -0.000479407 -0.000189162 -0.00459468   0.0173749  0.00125007 0.85329       0       0
             27.2004 -1.52077  9.32573 -58.8736  1.31128  2.93126 0.266029  0.387337 0.0625083 0.0254607 -0.000203902 -0.000494186 -0.000197895 -0.00461991   0.0174371 0.000650753 0.853201        0        0
             27.3002 -1.73522  8.79838 -58.7734  1.32771  2.93317 0.290087  0.291578 0.0404515  0.100114 -0.000228965 -0.000498724 -0.000205064 -0.00423773   0.0181423 7.10271e-05 0.861824        0        0
             27.3002   -1.741  8.93147 -58.7778  1.33651  2.93297 0.289073   0.36254 0.0296834 0.0913939 -0.000216159 -0.000536243 -0.000203089 -0.00455701   0.0177264  7.0019e-05 0.86177       0       0
                27.4 -1.86738  9.24235 -58.4685  1.37017  2.93617 0.281554  0.333701 0.0324635 0.0164452 -0.000180433 -0.000521562 -0.000210926 -0.00458871   0.0177487 0.000564275 0.863453        0        0
                27.4 -1.69773  9.39236 -58.5207  1.37495  2.93678 0.281839  0.373432 0.0324567 0.0162811 -0.000212372 -0.000558269 -0.000199851 -0.00472075   0.0174848 0.000535488 0.863541        0        0
             27.5007 -1.33221  9.35543 -57.8588  1.38652  2.93052 0.256015    0.25445   0.027409 -0.0973039 -0.000197078 -0.000509339 -0.000206233 -0.00476051   0.0183287  0.00136982 0.870734        0        0
             27.5007 -1.19366  9.42657 -57.7444 1.39263 2.93584 0.26294   0.311078  0.0676735 -0.0377217 -0.000211162  -0.00052248 -0.000230858 -0.00463376   0.0178217 0.000911108 0.870676        0        0
             27.6005 -1.88942   10.178 -57.4338   1.4398  2.95097 0.244794  0.416892  0.114728 -0.110749 -0.000166763 -0.000491973 -0.000213923 -0.00469738   0.0172577   0.0013386 0.867262        0        0
             27.6005 -1.74555  10.2904  -57.504  1.44576  2.94964 0.250071   0.468129  0.0942227 -0.0677878 -0.000195492 -0.000523997 -0.000198145 -0.00495841   0.0170035 0.000950539 0.867281        0        0
             27.7004 -2.81266  10.6654 -57.7647  1.47826  2.95599 0.262183   0.40981  0.105111 0.0231431 -0.000181686 -0.000534359 -0.000203793 -0.00473678   0.0175073 0.000375972 0.871198        0        0
             27.7004 -2.69261  10.6555 -57.9081  1.48293  2.95678 0.262687  0.445872   0.10823 0.0284633 -0.000208959 -0.000535704 -0.000171624 -0.00484437   0.0172557 0.000306108 0.871045        0        0
             27.8004 -3.14545  10.5229 -58.3258  1.49839  2.96665 0.231175  0.334817  0.145083 -0.120018 -0.000242453 -0.000485257 -0.000205131 -0.0045817  0.0181166 0.00159497 0.862279        0        0
             27.8004 -3.3142 10.5993 -58.415  1.50686  2.96589 0.237975   0.413709   0.129736 -0.0635791 -0.000200622 -0.000510843 -0.000184993 -0.00489152   0.0176905  0.00106582 0.861921        0        0
             27.9002 -3.90149  10.5308  -59.411   1.5347  2.98603 0.239892   0.361447   0.217976 -0.0210825 -0.000189747 -0.000492205 -0.000193276 -0.00443963    0.018072 0.000878802 0.866182        0        0
             27.9002 -3.82798  10.6474 -59.4356  1.54095  2.98127 0.242453   0.417763   0.167181 0.00715008 -0.000205229 -0.000528855 -0.000188485 -0.00493124   0.0179053 0.000551284 0.866024        0        0
             28.0001 -3.95204  10.0724   -60.62   1.5887  3.00836 0.229935   0.465679     0.2571 -0.0421549 -0.000187087 -0.000492052  -0.00016488 -0.00485829   0.0176087  0.00106647 0.859291        0        0
             28.0001 -3.87409  10.1649 -60.6046  1.59026  3.00304 0.235205   0.484509   0.206226 0.00265032 -0.000206697 -0.000519424 -0.000169769 -0.00518974   0.0176908 0.000652748 0.859282        0        0
             28.1003 -3.42521  9.90739 -61.8427  1.62915  3.02446 0.239008  0.464583  0.236807 0.0291842  -0.00018933 -0.000511217  -0.00015937  -0.0049873   0.0180507 0.000630019 0.860219        0        0
             28.1003 -3.29135  10.0802 -61.7803  1.63093  3.02211 0.243707  0.480571   0.21326 0.0643683 -0.000218485 -0.000553089 -0.000176256 -0.00514039   0.0180385  0.00031809 0.8601      0      0
             28.2002 -2.62874   10.005 -62.1889 1.66543 3.05366 0.28112 0.444822 0.261464    0.194 -0.000255188 -0.000572248 -0.000189872  -0.00439321    0.0183969 -0.000571939 0.859049        0        0
             28.2002 -2.79599  10.0709 -62.2129  1.66718  3.04772 0.271781 0.464005 0.210342 0.124609  -0.00021832 -0.000593639 -0.000185313  -0.00490648    0.0184204 -9.92388e-05 0.859182        0        0
                28.3 -2.75298  10.2028 -62.9366  1.70564  3.07916 0.269195  0.408916  0.259161 0.0493934 -0.000234685 -0.000583682 -0.000187151 -0.00448769   0.0184513 0.000492685 0.85993       0       0
                28.3 -2.78768  10.2839 -62.9439  1.70881  3.07032 0.265152 0.444395 0.178314 0.020265 -0.000227689  -0.00060867 -0.000186748 -0.00520537   0.0184696 0.000602773 0.860001        0        0
             28.4007 -2.14602  9.94532 -62.9874  1.73732  3.09011 0.256333    0.34488   0.171854 -0.0335126 -0.000247712 -0.000580277 -0.000203142 -0.00492738   0.0188435  0.00103947 0.862994        0        0
             28.4007 -2.23163  9.96751  -62.994 1.74447   3.085 0.25281   0.407934   0.119893 -0.0620946 -0.000226206 -0.000590544 -0.000202016 -0.00553797   0.0185671  0.00114855 0.863202        0        0
             28.5005  -2.2161  9.56577 -62.7611  1.76568  3.10001 0.230539  0.315434  0.105936 -0.136207 -0.000243309 -0.000553165 -0.000221856 -0.00516103   0.0190883  0.00184087 0.872113        0        0
             28.5005 -2.35809   9.6141 -62.7922 1.77555 3.09922   0.234  0.407857 0.0937218  -0.10441 -0.000205029 -0.000568736 -0.000214905 -0.0054986  0.0184949 0.00149588 0.872265        0        0
             28.6003 -3.16118   9.2472 -62.1288  1.80576  3.10321 0.210183  0.348652 0.0513795 -0.170902 -0.000232076 -0.000532085 -0.000218366 -0.00554299   0.0188902  0.00198856 0.856368        0        0
             28.6003 -3.23586  9.22935 -62.1548  1.81143  3.10544 0.214671  0.392259 0.0663446 -0.138667 -0.000212212 -0.000527284 -0.000211838 -0.00553713    0.018545  0.00171125 0.856124        0        0
             28.7002 -3.68748  7.97357 -61.0667  1.82156  3.10535 0.181651  0.265084 0.0339249 -0.223653  -0.00021366 -0.000469177  -0.00024682 -0.00541001   0.0194767  0.00243196 0.865356        0        0
             28.7002 -3.76475  7.99145 -61.1958  1.83142  3.10988 0.191144  0.350758 0.0720245 -0.133792 -0.000201489 -0.000474016  -0.00021636 -0.0053143  0.0187615 0.00165029 0.865236        0        0
             28.8002 -3.60605  7.62941  -59.733  1.84315  3.10769 0.177936   0.264488 0.00342629  -0.151883 -0.000254134 -0.000435234    -0.000264 -0.00516978   0.0196876  0.00168677 0.861609        0        0
             28.8002 -3.77022  7.88399 -59.8789  1.85416  3.11536 0.191198   0.352921  0.0612082 -0.0508859 -0.000222092 -0.000494935 -0.000233543 -0.00493323   0.0189071 0.000829146 0.860908        0        0
                28.9 -3.17776  8.19058 -58.1509  1.85857  3.12141 0.184999   0.227653  0.0503286 -0.0438444  -0.00024007 -0.000476317  -0.00028121 -0.0043748  0.0198772 0.00103908 0.86639       0       0
                28.9 -3.12633  8.29755 -58.2084   1.8723  3.11921 0.193853  0.349642 0.0255796 0.0353228 -0.000253528 -0.000499335  -0.00026939 -0.00490502   0.0191602 0.000266126 0.866634        0        0
             29.0006 -2.64265  7.83223 -56.6636  1.88506  3.11717 0.213515  0.247047 0.0157584  0.133082 -0.000264177 -0.000498135 -0.000304345  -0.00461001    0.0200177 -0.000181116 0.866516        0        0
             29.0006 -2.89541   8.0094 -56.7971  1.90177  3.11425 0.215667   0.403932 -0.0165461   0.155011 -0.000208764 -0.000536261 -0.000275841  -0.00540345    0.0191038 -0.000533883 0.866629        0        0
             29.1005 -2.50463  6.44615 -56.0702   1.9574  3.11291 0.213637   0.481097 -0.0377403  0.0860353 -0.000247354 -0.000484445 -0.000274247 -0.00573833   0.0185286 0.000100149 0.874152        0        0
             29.1005 -2.45805  6.53992 -56.3323  1.96571  3.11385 0.214489   0.552241 -0.0295013  0.0958729 -0.000264821 -0.000508132 -0.000214161  -0.00595307    0.0180144 -3.87593e-05 0.874167        0        0
             29.2003  -2.3664  6.00959 -55.3464  1.98807  3.10161 0.213318   0.397569 -0.0771916  0.0473816 -0.000238336  -0.00051283 -0.000253412 -0.00568515   0.0191847 0.000516841 0.867123        0        0
             29.2003 -1.87743  6.01118 -55.4534  1.99561  3.10569 0.214426   0.466046 -0.0344339  0.0601105 -0.000343239 -0.000513503 -0.000228712 -0.00567198   0.0185051 0.000379257 0.867082        0        0
             29.3001 -2.33985   5.3336 -54.5215  2.01978  3.09767 0.227274   0.348316 -0.0404053  0.0854628 -0.000286652 -0.000536088 -0.000264558 -0.00538984   0.0193733 0.000186024 0.881812        0        0
             29.3001 -2.46959  5.41349 -54.6692  2.02522  3.10151 0.225509     0.398583 -0.000612317    0.0698787 -0.000244738 -0.000552001 -0.000231912 -0.00535414   0.0188918 0.000291898 0.881845        0        0
             29.4004 -3.18293  4.04238 -53.8777  2.06826  3.11064 0.220166   0.388993  0.0954588 0.00974934 -0.000222319 -0.000527471 -0.000211823  -0.0053029   0.0186104 0.000726224 0.912762        0        0
             29.4004 -2.99463  4.00851 -53.9577     2.07  3.11071 0.218152  0.404721 0.0956656 -0.010076 -0.000260865 -0.000523735 -0.000194263 -0.00538008    0.018496 0.000866609 0.912713        0        0
             29.5002   -3.805   3.0012 -52.5508  2.08035   3.0996 0.177253    0.240451 0.000963248    -0.21173 -0.000276131 -0.000482736 -0.000224051 -0.0056411  0.0197576 0.00239468 0.912449        0        0
             29.5002 -3.88094  3.13435 -52.5758  2.08245  3.10309 0.183833  0.259415 0.0353999 -0.156955 -0.000251945 -0.000506687 -0.000219671 -0.00547307   0.0195252  0.00197406 0.91262       0       0
             29.6001 -4.28102  2.21716 -51.6568  2.07955  3.09255 0.145436   0.0892434 -0.00377599   -0.272369  -0.00028562 -0.000448024 -0.000259858  -0.005516  0.0205799 0.00280388 0.918076        0        0
             29.6001 -4.17877   2.1515 -51.7888  2.08777  3.09709 0.155609  0.169347 0.0421581 -0.174333 -0.000288617 -0.000436092 -0.000229379 -0.00555673   0.0199462  0.00200582 0.918268        0        0
             29.7008 -4.19272   1.4767 -51.1286  2.10687  3.11714 0.136878  0.163164  0.153166 -0.197803 -0.000258633 -0.000394401 -0.000220052 -0.00521769    0.019556  0.00198273 0.919664        0        0
             29.7008 -3.9877 1.52624 -51.171  2.11478  3.11551 0.147551    0.24069   0.134597 -0.0955973 -0.000294194 -0.000417868 -0.000211704 -0.00565035   0.0192257  0.00115272 0.919667        0        0
             29.8007  -4.0998  1.80369 -51.2037  2.11609  3.13016 0.161979  0.119796  0.167886 0.0224492 -0.000298481 -0.000425736 -0.000213989 -0.00516784   0.0199626 0.000324557 0.907911        0        0
             29.8007 -4.06872  2.03528 -51.2624  2.12971  3.12502 0.171916 0.236882  0.11298 0.102095 -0.000294316 -0.000499432 -0.000205232  -0.00601129    0.0195556 -0.000351644 0.907964        0        0
             29.9005 -4.41356  2.42038 -51.4339   2.1531  3.13045 0.170637  0.222177  0.118748 0.0709329 -0.000267403 -0.000495266 -0.000183433 -0.00627529   0.0196738 0.000115218 0.911273        0        0
             29.9005 -4.18521  2.50677 -51.4095  2.15542  3.13346 0.173591  0.242492  0.146899 0.0990439 -0.000311867 -0.000511769 -0.000190435  -0.00618821    0.0194244 -0.000123466 0.911241        0        0
             30.0004 -4.51486  1.33826 -51.8457  2.15558   3.1334 0.173179  0.109093  0.098376 0.0790647 -0.000293792 -0.000497996 -0.000203392 -0.00621052    0.020442 0.000422275 0.915997        0        0
             30.0004 -4.5172 1.40175 -51.865  2.15797  3.14062 0.176242 0.131683 0.174191 0.107224 -0.000280644 -0.000503162  -0.00019992  -0.0058424   0.0199739 0.000173255 0.915927        0        0
             30.1002 -4.06727 0.248743 -52.1408  2.16642  3.16531 0.178722 0.103046 0.233314 0.084486 -0.000301742  -0.00047758 -0.000187414 -0.00556926   0.0199241 0.000547498 0.916684        0        0
             30.1002 -4.04626 0.395535 -52.1538  2.17054  3.16806 0.181095 0.142701 0.259811 0.106258 -0.000297512 -0.000511438 -0.000186859 -0.00557573    0.019573 0.000344891 0.916628        0        0
             30.2001  -3.76527 -0.763942   -52.009   2.1588  3.19227 0.168603   0.0188395    0.268363 -0.00681775 -0.000314537 -0.000461933 -0.000219903 -0.00510503   0.0203465   0.0012987 0.916263        0        0
             30.2001   -3.7646 -0.617682  -52.1347  2.17335  3.18614 0.174938  0.158154  0.205726 0.0444151 -0.000301894 -0.000520446  -0.00019467  -0.0061253    0.019799 0.000848445 0.916175        0        0
             30.3007  -3.9285 -1.59007 -52.3025  2.17145  3.20398 0.162083  0.0788086   0.205512 -0.0464277  -0.00031538 -0.000472974 -0.000206754 -0.00584969   0.0203856  0.00152429 0.908245        0        0
             30.3007  -3.6968 -1.52264 -52.4145  2.18391  3.20123 0.169752  0.190868  0.177618 0.0182498 -0.000357507  -0.00050333 -0.000182914 -0.00655107    0.019832 0.000978284 0.908109        0        0
             30.4005 -4.16567  -2.2244 -52.0692  2.18471  3.21768 0.167842     0.104996       0.1669 -0.000361601 -0.000320102  -0.00048864 -0.000221206 -0.00617824   0.0204126  0.00112502 0.907983        0        0
             30.4005 -4.19586 -2.12687 -52.2158  2.19635  3.21654 0.172447 0.214871 0.153879 0.036169 -0.000300441 -0.000523872 -0.000189837  -0.0067796   0.0197945 0.000805488 0.907765        0        0
             30.5004 -3.73896    -2.29 -51.1983  2.21269  3.23951 0.173833  0.197555  0.184661 0.0265051 -0.000301756 -0.000504859 -0.000197858 -0.00637645   0.0197737 0.000864272 0.906867        0        0
             30.5004 -3.79715 -2.13835 -51.2315  2.21672  3.23922 0.177857  0.235637  0.182485 0.0648628 -0.000283706 -0.000542852  -0.00019325 -0.00657695   0.0195683 0.000543611 0.906813        0        0
             30.6002 -2.79174 -1.90432 -49.9103  2.22138  3.25187 0.175002   0.16325  0.149027 0.0193602 -0.000328398 -0.000520311 -0.000208764 -0.00626368   0.0202897 0.000944005 0.914758        0        0
             30.6002 -2.54068  -1.9036 -49.9975  2.22677  3.25203 0.177756  0.209815  0.150057 0.0405722 -0.000381131 -0.000524744 -0.000189473 -0.00648812   0.0199862 0.000761471 0.914701        0        0
                30.7 -2.12533 -1.50739 -48.3512  2.23559    3.257 0.184035  0.161394  0.104101 0.0476128 -0.000388827 -0.000532725 -0.000212736 -0.00651905   0.0206445 0.000681346 0.916575        0        0
                30.7 -2.28647 -1.42632 -48.4984 2.24025  3.2595 0.18462  0.205946  0.129776 0.0512191 -0.000343916 -0.000552627 -0.000180312 -0.00657691   0.0202509 0.000633664 0.916504        0        0
             30.8001 -2.08613 -1.14245 -46.4846  2.23088  3.27932 0.175648   0.070237   0.171166 -0.0144546 -0.000353682 -0.000531623 -0.000219721 -0.00562334   0.0209796   0.0011495 0.919     0     0
             30.8001  -2.1903 -1.11253 -46.6133 2.24182 3.27652 0.17624   0.178332   0.141653 -0.0162472 -0.000320404 -0.000547109 -0.000191262 -0.00636101   0.0204769  0.00117022 0.918742        0        0
             30.9003  -1.62343 -0.862508   -44.151  2.28219  3.28948 0.180349  0.29148 0.132277 0.016784 -0.000329642 -0.000558518 -0.000189206 -0.00697302   0.0198463 0.000982632 0.915585        0        0
             30.9003  -1.50337 -0.935153  -44.2468  2.2833 3.29167 0.17777    0.301751    0.152573 -0.00722943  -0.00035673 -0.000541092 -0.000165649 -0.00690375   0.0196579  0.00117665 0.915544        0        0
             31.0002  -1.20564 -0.670288  -41.5821  2.27353  3.29548 0.172581   0.101452  0.0850027 -0.0207535 -0.000370154 -0.000528728 -0.000219654 -0.00610437   0.0211289  0.00138932 0.912656        0        0
             31.0002  -1.26159 -0.658936  -41.7196  2.27869  3.29934 0.172246   0.153035   0.124326 -0.0255974 -0.000350735 -0.000530699 -0.000187945 -0.00617016   0.0206063  0.00141707 0.91254       0       0
                31.1 -1.15107 -0.63478 -39.4523  2.27424  3.31207 0.169432  0.0250413    0.10492 -0.0124476 -0.000353207 -0.000517854  -0.00021986 -0.00563541   0.0210905  0.00143298 0.90989       0       0
                31.1  -1.13418 -0.680276  -39.6121  2.28542  3.31088 0.169443   0.135231  0.0939401 -0.0180778 -0.000352111   -0.0005092  -0.00018255 -0.00635434   0.0205481  0.00148266 0.909856        0        0
             31.2006 -0.741221 -0.728376  -37.4489  2.30454  3.31395 0.179021  0.149597 0.0464387 0.0401395 -0.000350113 -0.000515297 -0.000187779 -0.00668863   0.0205306  0.00103974 0.910303        0        0
             31.2006 -0.386115 -0.801961  -37.5595 2.31021 3.31759 0.17586   0.207264  0.0793951 0.00788231 -0.000431705 -0.000498884 -0.000161928 -0.0068692  0.0199961 0.00130474 0.910264        0        0
             31.3005 -0.0291811  -0.821205   -35.2597  2.29935  3.31151 0.173111  0.0272044  0.0129043 -0.0122635 -0.000383791 -0.000505705 -0.000204545 -0.00629024   0.0212219  0.00145364 0.910109        0        0
             31.3005 -0.0162653  -0.814054   -35.3941  2.30689  3.31406 0.170739   0.106904  0.0380196 -0.0377215  -0.00038116 -0.000509048 -0.000173527 -0.00666595   0.0206623  0.00166844 0.910055        0        0
             31.4003 0.0290353   -1.1945  -33.3173  2.30992  3.30155 0.171089 0.0476363 -0.025611 -0.015115 -0.000368271  -0.00050924 -0.000195754 -0.00687685   0.0213738  0.00151567 0.915517        0        0
             31.4003 0.0525349  -1.30043  -33.4559  2.31599  3.31011 0.167748   0.104855  0.0461057 -0.0453388  -0.00036431 -0.000484044 -0.000164786 -0.00690834   0.0206274  0.00177034 0.915451        0        0
             31.5001 -0.249355  -2.16661  -31.3524  2.30002  3.33506 0.177797 -0.0383747   0.161567  0.0401032 -0.000346229 -0.000472987 -0.000176821 -0.00564286   0.0206391  0.00116335 0.941859        0        0
             31.5001 -0.0578805   -2.18585   -31.4224    2.309  3.33986 0.177042 0.0503162  0.203778 0.0313372 -0.000365988 -0.000480854 -0.000163036 -0.00602205   0.0199804  0.00124447 0.941785        0        0
             31.6004 -0.578725  -2.64134  -29.1866  2.30632  3.36158 0.180781 0.0217816  0.216717 0.0301714 -0.000321808 -0.000469982 -0.000155263 -0.00573448   0.0201299  0.00119901 0.968481        0        0
             31.6004 -0.271307  -2.65507  -29.2538  2.31664  3.36015 0.179159  0.125563  0.200912 0.0100041 -0.000383911 -0.000486268 -0.000139797 -0.00644158   0.0198062  0.00138401 0.968456        0        0
             31.7002 -0.637029  -2.31675  -26.7154  2.31923  3.36766 0.179408    0.0726109     0.138114 -0.000927206 -0.000352597 -0.000502283 -0.000126717 -0.00636599   0.0204012  0.00139649 0.971666        0        0
             31.7002 -0.466256  -2.40708    -26.75  2.32689  3.36586 0.176383   0.147109   0.121709 -0.0331898 -0.000387039 -0.000488139 -0.000118834 -0.00694199   0.0202062  0.00169818 0.971559        0        0
             31.8002 -0.0863588   -2.12399   -24.1743  2.31652  3.36423 0.179639  0.00958984   0.0522628 -0.00571026 -0.000377722  -0.00050553 -0.000131855 -0.00638167   0.0211461  0.00138538 0.973352        0        0
             31.8002 0.0282755  -2.26857   -24.232  2.32617  3.36266 0.175617   0.103546  0.0346634 -0.0480961 -0.000394649 -0.000495816 -0.000120776 -0.00706388   0.0209322  0.00175066 0.973318        0        0
                31.9 0.165809 -1.98469 -22.2519  2.31149  3.35654 0.194925 -0.00901872 -0.00931216   0.0642271 -0.000383296 -0.000510267 -0.000122437 -0.00641645   0.0216784 0.000757997 0.978668        0        0
                31.9 0.248126 -1.95235 -22.3226  2.32378    3.358 0.187652    0.0983585   -0.0055711 -0.000151024  -0.00038637 -0.000543681 -0.000109787 -0.00710315    0.021312  0.00128772 0.978678        0        0
             32.0007 -0.173216  -1.46743  -21.1717  2.31373  3.35248 0.171555  0.0116885 -0.0370562 -0.0682779 -0.000350395 -0.000504946 -0.000117023 -0.00650268   0.0216948  0.00181642 0.978507        0        0
             32.0007 -0.238253  -1.49959  -21.2643   2.3261   3.3548 0.164876    0.12034 -0.0239085  -0.123324  -0.00031963 -0.000522675 -9.92234e-05 -0.0072031  0.0212965 0.00227779 0.978397        0        0
             32.1005 -0.403219  -1.17728  -21.2515  2.33234  3.35044 0.142422  0.0878546 -0.0552108  -0.163539 -0.000316887 -0.000499141 -8.84179e-05 -0.00702929   0.0213905  0.00262591 0.984897        0        0
             32.1005 -0.197199  -1.34299   -21.318  2.33771  3.35588 0.144291   0.123327 -0.0224652  -0.151073 -0.000351605  -0.00046588 -7.52248e-05 -0.00720305   0.0210487  0.00253355 0.984887        0        0
             32.2004 -0.363828 -0.593424  -22.5385  2.33428  3.37663 0.139654 0.0508751 0.0458629 -0.112621   -0.0003064 -0.000452565 -6.02882e-05 -0.00637549   0.0204944  0.00219192 0.982135        0        0
             32.2004 -0.115093  -0.76096  -22.5774  2.33625  3.37563 0.139132 0.0665868 0.0356634 -0.116014 -0.000363146 -0.000418377 -5.10551e-05 -0.00652586   0.0205104  0.00222379 0.98216       0       0
             32.3002 -0.218316  0.937791  -24.9391  2.32798  3.38581 0.156128  0.00190095     0.03585 -0.00837116 -0.000352742 -0.000447782 -3.22735e-05 -0.00591329   0.0204287  0.00132353 1.00297       0       0
             32.3002 -0.231981  0.832978   -24.986  2.33522  3.37623 0.149733  0.0676056 -0.0454022 -0.0458013 -0.000362274 -0.000444722 -2.04908e-05 -0.00661863   0.0208191  0.00163761 1.00296       0       0
             32.4001 -0.691716   2.75881  -28.5081  2.33684   3.3598 0.159498 0.0365304 -0.116144 0.0106905 -0.000361952 -0.000492675 -5.27825e-06 -0.00661973   0.0211962  0.00118707 1.03631       0       0
             32.4001 -0.433579   2.72231   -28.472  2.34144  3.35707 0.153654  0.0699078   -0.13981 -0.0255692 -0.000423516 -0.000491973 -1.27932e-05 -0.00693435    0.021241  0.00147812 1.03625       0       0
             32.5003 -1.06458  3.74685 -32.5236  2.31398  3.31937 0.162778 -0.107946 -0.246422 0.0239358 -0.000387724 -0.000501763  -2.9171e-05 -0.00619619   0.0223251  0.00124081 1.03404       0       0
             32.5003 -0.93199  3.63534 -32.3981  2.32189  3.32782 0.158705  -0.0478123   -0.180047 -0.00460584 -0.000397913 -0.000483829 -6.02782e-05 -0.00639218   0.0216423  0.00146114 1.0339      0      0
             32.6001 -1.40155  4.28841 -37.5277   2.3004  3.32255 0.185573  -0.13375 -0.132932  0.124947  -0.00034231 -0.000515134 -3.20625e-05 -0.00563713   0.0214642 0.000563859 1.03449       0       0
             32.6001 -1.05428  4.32625 -37.4192  2.31259   3.3234 0.182187 -0.0205369  -0.129485  0.0952202 -0.000414525 -0.000545243 -5.99703e-05 -0.00638467   0.0209473 0.000749885 1.03461       0       0
             32.7004 -1.90495  4.50323 -43.2314  2.30367   3.3036 0.168658  -0.0749131   -0.148667 -0.00476637 -0.000345614 -0.000537008 -3.88749e-05 -0.00638868   0.0212598   0.0016718 1.03247       0       0
             32.7004 -1.91468  4.49354 -43.1383  2.31389  3.30348 0.166086 0.00996396  -0.151615 -0.0204515 -0.000336761 -0.000550406 -6.17964e-05 -0.00695497   0.0208738  0.00175082 1.0325      0      0
             32.8004 -3.03414  4.17144 -49.5919  2.31145   3.2886 0.163493 -0.0147636  -0.129608 -0.0221454 -0.000301949 -0.000547499 -4.17094e-05 -0.00690429   0.0209658  0.00178437 1.03199       0       0
             32.8004 -2.88724  4.20993 -49.4803  2.31021  3.29329 0.166298    -0.025516   -0.0897513 -0.000336736  -0.00032911 -0.000549092 -6.85007e-05 -0.00660822   0.0207858  0.00161844 1.032     0     0
             32.9002 -4.03711  3.80833  -56.113   2.3125  3.30563 0.159486 -0.0204499  0.0351619 -0.0276324 -0.000270226 -0.000544232 -9.68681e-06 -0.00626031   0.0201238  0.00190811 1.04814       0       0
             32.9002 -3.97391  3.80251 -55.9861  2.31218  3.29706 0.161649   -0.022454  -0.0470904 -0.00763622 -0.000296212 -0.000545848 -3.95459e-05 -0.00674818   0.0205673  0.00172951 1.04817       0       0
             33.0001  -4.5721  3.05511 -62.1725  2.31277   3.2952 0.151066  -0.026578 -0.0106081 -0.0491229  -0.00025154  -0.00054104 -2.07235e-05 -0.00684651   0.0204146  0.00213655 1.03805       0       0
             33.0001 -4.51808  3.16803 -62.0598  2.31095  3.28363 0.158024 -0.0415954  -0.127349  0.0216088 -0.000282157 -0.000572513 -5.00435e-05 -0.00753754   0.0210679  0.00154568 1.03826       0       0
             33.1007  -4.5146  2.91476 -68.1343  2.26261  3.25149 0.178815 -0.269478 -0.224705  0.108263 -0.000312417 -0.000558989 -6.62193e-05 -0.00725884   0.0229135  0.00093847 1.01151       0       0
             33.1007 -4.74727   3.1556 -68.0373   2.2679  3.25244 0.181056 -0.221609 -0.216891  0.128817 -0.000252727  -0.00062287 -9.48552e-05 -0.00735384   0.0225644 0.000729264 1.0115      0      0
             33.2006 -4.60164  3.15958 -74.1723 2.23198 3.22824 0.19549 -0.309241 -0.215504   0.12426 -0.000250279 -0.000621472 -0.000107595 -0.00725447   0.0230511 0.000688283 1.01203       0       0
             33.2006 -4.63434  3.34961 -74.1177 2.25117 3.24099 0.19685 -0.175014 -0.116075  0.129723 -0.000221532 -0.000672794 -0.000124787 -0.00689368   0.0217285 0.000549385 1.01234       0       0
             33.3004 -4.55111  3.07627 -80.0009  2.21751   3.2323 0.193904  -0.277279 -0.0862273  0.0591123 -0.000232025 -0.000647616 -0.000116481 -0.00663025   0.0221071  0.00118019 0.948325        0        0
             33.3004 -4.65592   3.2098 -79.8508  2.23482   3.2397 0.193126  -0.151632 -0.0240184    0.04714 -0.000189575 -0.000684763 -0.000156001 -0.00640724   0.0209659  0.00119955 0.947983        0        0
             33.4002 -4.79279  2.99334 -85.2247   2.2218   3.2292 0.206166  -0.165245 -0.0840231  0.0873492 -0.000186756 -0.000688773 -0.000122638 -0.00673034   0.0209396 0.000879987 0.8965      0      0
             33.4002 -4.82571  3.16051 -85.0261  2.22518  3.23458 0.205937  -0.139606 -0.0342325  0.0812534  -0.00017201 -0.000723243 -0.000173985  -0.0063392   0.0206678 0.000928603 0.896505        0        0
             33.5001 -5.26957  3.20828 -89.7059  2.18859  3.22594 0.215217  -0.244474 -0.0545259  0.0981394 -0.000171657 -0.000735206 -0.000154575 -0.00638711   0.0214744 0.000926033 0.843129        0        0
             33.5001  -5.4025  3.30399 -89.5524 2.19182 3.22391 0.21564   -0.22098 -0.0745952   0.101514 -0.000137099 -0.000759364 -0.000194257 -0.00656506   0.0212948  0.00087221 0.843134        0        0
             33.6003 -5.21501  2.34641 -93.0007   2.1812  3.21245 0.214468  -0.153484 -0.0766917  0.0590202  -0.00018995 -0.000736166 -0.000155832 -0.00681303   0.0208849  0.00124486 0.835508        0        0
             33.6003 -5.43067  2.41642 -92.8565  2.17957  3.20985 0.211583  -0.163113 -0.0990799  0.0406275 -0.000137929 -0.000752694 -0.000192027 -0.00701059   0.0209611  0.00139874 0.835537        0        0
             33.7002 -5.68829  1.38803 -95.6123  2.14881  3.19111 0.211596 -0.188261 -0.148198 0.0241573 -0.000154775 -0.000731774 -0.000176238 -0.00737515   0.0215027  0.00154945 0.829221        0        0
             33.7002  -5.6528  1.47873 -95.5602  2.14999  3.19232 0.207214   -0.180237    -0.13439 -0.00867873 -0.000162465 -0.000752617 -0.000192101 -0.00725401    0.021419   0.0018346 0.829189        0        0
             33.8002 -6.13787  1.27391 -98.0085  2.13076  3.17732 0.217551 -0.163136 -0.139427 0.0337433  -0.00016401 -0.000758577 -0.000178059 -0.00731875   0.0215468  0.00142114 0.827779        0        0
             33.8002 -6.22483  1.34623 -97.9044  2.12329  3.18124 0.212065   -0.210852   -0.100028 -0.00886088 -0.000145603 -0.000770167 -0.000206197 -0.00703527   0.0219877  0.00184494 0.82782       0       0
                33.9 -6.22656 0.643312 -99.8515  2.09168   3.1685 0.194126  -0.225614 -0.0881285 -0.0904076 -0.000132077 -0.000737055   -0.0002011 -0.00728161   0.0223181  0.00248855 0.822373        0        0
                33.9 -6.15303 0.674696 -99.7666  2.09025  3.17015 0.197728 -0.236662 -0.075382 -0.062065 -0.000150386 -0.000741492 -0.000222987 -0.00718313    0.022455  0.00225572 0.822402        0        0
             34.0007 -6.33866 0.401546 -102.271  2.08102  3.15169 0.203057   -0.156058   -0.129767 -0.00596816 -0.000147241 -0.000739634 -0.000183236 -0.00755462   0.0219279   0.0017151 0.814406        0        0
             34.0007 -6.35048 0.499577  -102.22   2.0738  3.15809 0.204457   -0.20637 -0.0716852 0.00345172 -0.000144538 -0.000761508 -0.000198455 -0.00714611   0.0224861  0.00169333 0.81446       0       0
             34.1005   -6.48999 -0.0138699   -104.968  2.06268  3.14198 0.212458  -0.155223 -0.0935863  0.0430809 -0.000133863 -0.000763824 -0.000160045 -0.00752346   0.0221182  0.00137755 0.815279        0        0
             34.1005   -6.54649 0.00414656   -104.817  2.05067  3.14946 0.210244  -0.242176 -0.0218576  0.0248899 -0.000120545 -0.000761343 -0.000197594 -0.00711364   0.0230113  0.00163232 0.815371        0        0
             34.2003   -6.3878 -0.521663  -107.478  2.03202  3.14256 0.216084  -0.193683 -0.0307527  0.0407816 -0.000130165 -0.000764787 -0.000170933 -0.00732147   0.0228133  0.00147983 0.812427        0        0
             34.2003 -6.37329  -0.4363 -107.333  2.02216  3.14725 0.214855 -0.270958 0.0107253 0.0313259 -0.000134068 -0.000780666  -0.00021014 -0.00717478   0.0235659  0.00164449 0.812742        0        0
             34.3002   -6.2312 -0.842485  -110.241  1.99769   3.1397 0.227995 -0.233083 -0.022663  0.074415 -0.000120574 -0.000786585 -0.000186938 -0.00756717   0.0234721   0.0012258 0.812746        0        0
             34.3002  -6.20079 -0.764939  -110.121  1.99223  3.14381 0.223888 -0.271153 0.0152517 0.0431805  -0.00012871 -0.000798885  -0.00021671 -0.00735422   0.0238811  0.00154715 0.812794        0        0
                34.4 -6.21047 -1.31609 -112.959  1.97731  3.13747 0.224689  -0.170917 -0.0154641  0.0170439 -0.000118105 -0.000794001 -0.000190166 -0.00756665    0.023414  0.00160189 0.809393        0        0
                34.4 -6.19552 -1.24682 -112.836  1.97288  3.14126 0.224264 -0.201208 0.0168686 0.0134903 -0.000128368 -0.000801212  -0.00022029 -0.00741129    0.023759   0.0016651 0.809456        0        0
             34.5007 -6.70166 -1.51549 -115.051  1.96833  3.12725 0.228487 -0.0736233 -0.0638198  0.0137733  -9.8391e-05 -0.000816458 -0.000196182 -0.00781191   0.0231834   0.0014712 0.826605        0        0
             34.5007 -6.69944 -1.38611  -114.89  1.96002  3.13471 0.229121    -0.131598 -0.000549464    0.0154929 -0.000119176 -0.000829385  -0.00023668 -0.00754021   0.0238533  0.00151958 0.826664        0        0
             34.6005  -7.2067 -1.87111 -116.177  1.95887  3.12235 0.220044 -0.0122196 -0.0476275 -0.0368772 -9.20258e-05 -0.000819599 -0.000214241 -0.00786945   0.0233682  0.00182752 0.853627        0        0
             34.6005 -7.13652 -1.80479 -116.014  1.95296  3.12946 0.222483 -0.0567031  0.0146456 -0.0197422 -0.000128718 -0.000817778 -0.000253972 -0.00759299   0.0239421  0.00174411 0.853898        0        0
             34.7003 -7.19584  -1.6419 -116.225 1.95805 3.11539 0.22252  0.0606388 -0.0720139 -0.0350094 -0.000113201 -0.000828608 -0.000243134 -0.00801947   0.0234932  0.00157172 0.863066        0        0
             34.7003 -7.17744 -1.51099 -116.123  1.95164  3.12627 0.224251  0.0161753  0.0272417 -0.0245875 -0.000142033 -0.000836321 -0.000271579 -0.00748325   0.0242245  0.00155343 0.863015        0        0
             34.8003 -7.39904 -0.96369 -115.344   1.9591  3.11532 0.213537   0.134833 -0.0447807 -0.0893849 -0.000127187 -0.000843156 -0.000265379 -0.00795169   0.0239616  0.00174493 0.86889       0       0
             34.8003   -7.3519 -0.886388   -115.24  1.95593  3.12553 0.216313   0.114939   0.052448 -0.0703096 -0.000155869 -0.000840707 -0.000293895 -0.00732279   0.0245316  0.00163565 0.868703        0        0
             34.9002  -7.88463 -0.142568  -113.492  1.97585  3.11256 0.200027   0.234408 -0.0288858   -0.11562 -0.000128151 -0.000832688 -0.000298575 -0.00792838    0.024041  0.00189104 0.862737        0        0
             34.9002  -7.85064 -0.118513  -113.457   1.9734  3.12244 0.203108   0.220619  0.0600558 -0.0954075 -0.000150119 -0.000822585 -0.000309498 -0.00731458   0.0245378  0.00176716 0.862618        0        0
                  35 -7.90393 0.896541 -110.674  2.00682  3.11556 0.190501   0.341274 0.00921849 -0.0983405 -0.000130971 -0.000810729  -0.00031842 -0.00767414   0.0240534  0.00183452 0.861483        0        0
                  35 -7.87804  0.91067 -110.645  1.99906  3.12463 0.190235  0.289201 0.0856024 -0.101119 -0.000154792 -0.000805987 -0.000326601 -0.00730073   0.0247481  0.00194572 0.861588        0        0
             35.1007 -7.54681  1.99764 -107.069  2.02973  3.12759 0.180607   0.353789  0.0860719 -0.0852963 -0.000153027 -0.000801849 -0.000347169 -0.00761951   0.0247044  0.00195434 0.868125        0        0
             35.1007 -7.51894  1.98137 -107.112  2.02708  3.12772 0.181822   0.334277  0.0855787 -0.0745902 -0.000163708 -0.000802157 -0.000336533 -0.00769637   0.0248651   0.0018849 0.868148        0        0
             35.2005 -7.10091  2.68864 -103.158  2.0633 3.12994 0.17983   0.383851  0.0894711 -0.0388194 -0.000159391 -0.000793447 -0.000347733 -0.00801697   0.0247459   0.0016792 0.870661        0        0
             35.2005 -7.00695  2.64285 -103.202  2.06342   3.1303 0.179621  0.384522 0.0933295 -0.040747 -0.000182607 -0.000783815 -0.000335909 -0.00798645   0.0247436   0.0016966 0.870667        0        0
             35.3003 -6.70485  3.02857 -98.8441  2.10051  3.13837 0.179893  0.419265  0.115143 -0.019366 -0.000182588 -0.000776834 -0.000358138 -0.00816621   0.0248565   0.0015438 0.874571        0        0
             35.3003 -6.75191  3.00036 -98.9363  2.10019  3.13957 0.179116   0.417953   0.126393 -0.0259734 -0.000174021 -0.000770185 -0.000335497 -0.00808312   0.0248903  0.00160672 0.874578        0        0
             35.4002  -6.7416  3.09375 -94.5472     2.13  3.15113 0.172328   0.404025   0.147565 -0.0492216 -0.000198109 -0.000758014 -0.000375847 -0.00837912   0.0253275   0.0017845 0.885609        0        0
             35.4002 -6.82721  3.10989 -94.7146  2.13326  3.15247 0.173398   0.428987   0.159838 -0.0424116 -0.000175584  -0.00076134 -0.000334873 -0.0082204  0.0251578 0.00171145 0.885547        0        0
                35.5 -7.26283  3.60787 -90.4609  2.18587  3.16747 0.178025    0.494851    0.179447 -0.00644333  -0.00018532 -0.000758023 -0.000351584 -0.00825276   0.0249128  0.00132429 0.880356        0        0
                35.5 -7.40238  3.59889 -90.6042  2.18526  3.16801 0.173129   0.492548   0.187312 -0.0463808 -0.000153403 -0.000757857 -0.000316378 -0.00820803   0.0249082  0.00167321 0.880437        0        0
             35.6007 -7.12026  4.33599  -86.343  2.24211  3.18665 0.175728    0.52891   0.202484 -0.0145905 -0.000183347 -0.000761225 -0.000330164 -0.00822271   0.0246818  0.00136695 0.887019        0        0
             35.6007 -7.08324  4.27207 -86.4413  2.23609  3.18778 0.169507   0.486922   0.215621 -0.0569662 -0.000200859 -0.000749757 -0.000304932 -0.00817211   0.0250003  0.00178273 0.887218        0        0
             35.7005 -6.41607  5.30501 -82.3184  2.29357  3.20675 0.161039   0.533603   0.224501 -0.0763149 -0.000216745 -0.000742829 -0.000308425 -0.00831366    0.024676  0.00182873 0.889589        0        0
             35.7005 -6.37883  5.28639 -82.4052  2.28597  3.20883 0.160286   0.477745   0.241587 -0.0825064 -0.000237047 -0.000741211 -0.000286833 -0.00818103   0.0251458  0.00195205 0.889646        0        0
             35.8005 -5.92589  6.11598 -78.7558  2.33777  3.23136 0.140507  0.494173   0.26356 -0.139715 -0.000226133 -0.000716773 -0.000296645 -0.00835817   0.0249391  0.00237511 0.915583        0        0
             35.8005 -5.76581  6.12104 -78.8752   2.3326  3.23268 0.147227   0.454563   0.272335 -0.0902083 -0.000275274 -0.000722083 -0.000267634 -0.00822472   0.0253158  0.00199749 0.915556        0        0
             35.9003   -5.414  6.81454 -75.7304  2.37137  3.25059 0.135384   0.410464   0.234264 -0.0974492 -0.000250204 -0.000699474 -0.000271534 -0.00864635   0.0255647  0.00209608 0.904611        0        0
             35.9003  -5.4634  6.84305 -75.7844  2.36242   3.2543 0.138325   0.34415  0.268202 -0.075481 -0.000247698 -0.000706345 -0.000257414 -0.00826047   0.0261142  0.00200026 0.904761        0        0
             36.0002 -4.73021  7.75666 -72.9057  2.38246   3.2699 0.127485  0.258926  0.223366 -0.075932 -0.000276663 -0.000693816 -0.000269565 -0.00871346   0.0266403  0.00214888 0.89415       0       0
             36.0002 -4.67696  7.78214 -72.9541  2.38548  3.27568 0.132495   0.280631   0.276227 -0.0425147 -0.000290937 -0.000697479 -0.000257692 -0.00824494   0.0263809  0.00187073 0.894042        0        0
                36.1 -3.94947   8.1682 -70.2245  2.38986  3.28648 0.128884   0.158607    0.19021 -0.0384385 -0.000307622 -0.000683312 -0.000296106 -0.00880542   0.0273549  0.00186356 0.938563        0        0
                36.1 -3.93347  8.21173 -70.3217  2.39312  3.29628 0.133519    0.188992    0.284312 -0.00296942 -0.000315267 -0.000690184 -0.000272202 -0.00803069   0.0269087   0.0016022 0.938321        0        0
             36.2007 -4.25474  8.72975  -67.838  2.41027  3.32231 0.120662   0.157899   0.254304 -0.0488325 -0.000279966 -0.000657055 -0.000296259 -0.00814868   0.0269107  0.00207878 0.924127        0        0
             36.2007 -4.25591  8.82049 -67.9073  2.41468  3.32561 0.125882     0.19621    0.283723 -0.00280524  -0.00028033 -0.000678409 -0.000280677 -0.00793894   0.0265444  0.00166359 0.924053        0        0
             36.3005 -4.74776  9.09579 -65.4707  2.41512  3.34808 0.127389 0.0907638  0.226866 0.0118543 -0.000289933 -0.000643985 -0.000325381 -0.00790012   0.0272785  0.00168586 0.946961        0        0
             36.3005 -4.90433  9.24903 -65.6546  2.42637   3.3429 0.130387   0.19271  0.180123 0.0376523 -0.000249078 -0.000688349 -0.000282789 -0.00852854   0.0266216  0.00130562 0.947064        0        0
             36.4003 -4.83839  10.0009  -63.314  2.43673  3.35388 0.151136 0.133297 0.126118 0.108342 -0.000258535  -0.00069511 -0.000318308 -0.00853269    0.027056 0.000610783 0.953535        0        0
             36.4003 -4.65377  10.0767 -63.4148  2.44666  3.35223 0.150419 0.227498 0.113595 0.104529  -0.00030108 -0.000718268 -0.000294618 -0.00893874   0.0263323 0.000516397 0.953503        0        0
             36.5002 -4.34554     10.4 -61.2673  2.48875  3.37131 0.147989  0.329492  0.138141 0.0294839 -0.000307572  -0.00070156 -0.000287864 -0.00895376   0.0253597 0.000948175 0.958455        0        0
             36.5002 -4.40222  10.4493  -61.412  2.49408  3.36951 0.145722  0.376517  0.122858 0.0116703 -0.000295761 -0.000718545  -0.00025171 -0.00926816   0.0250321  0.00102641 0.958319        0        0
                36.6 -4.87957  10.9845 -59.6994  2.52743  3.38219 0.138091   0.371296   0.108942 -0.0361418    -0.000243 -0.000709765 -0.000251153 -0.00918114   0.0252035  0.00143583 0.94999       0       0
                36.6 -4.70903  10.9564  -59.765  2.52491   3.3808 0.135205   0.345832  0.0946166 -0.0641799 -0.000288268 -0.000705914 -0.000235966 -0.00924029   0.0254287  0.00170471 0.949998        0        0
             36.7008 -5.01239   11.255 -58.5944  2.55879  3.39495 0.109475  0.362803 0.0968805 -0.151857 -0.000265025 -0.000676972 -0.000229178 -0.00913741   0.0253365   0.0025934 0.946914        0        0
             36.7008 -4.82652  11.2137 -58.6047  2.55252  3.39325 0.111276    0.3011 0.0786732 -0.134712 -0.000324345 -0.000665594 -0.000225956 -0.00900428   0.0258384   0.0025205 0.946896        0        0
             36.8007 -5.28374  11.5915 -58.0762  2.60532  3.38789 0.100478   0.449927 0.00342386  -0.111542 -0.000243439 -0.000680097 -0.000195099 -0.00977477   0.0253982  0.00225108 0.976236        0        0
             36.8007 -4.90185  11.5042 -58.1779  2.59512   3.3912 0.103154   0.354505  0.0322469 -0.0893159 -0.000349375 -0.000658761 -0.000167849 -0.00913471    0.025961  0.00224087 0.976316        0        0
             36.9005 -5.15023  11.4582 -57.7556   2.62845    3.3901 0.0977326   0.379756 0.00433505 -0.0570362 -0.000290907 -0.000664815 -0.000169665 -0.00917816   0.0262252  0.00214385 1.02287       0       0
             36.9005 -4.95599  11.3772 -57.7768   2.61676   3.39333 0.0991236  0.268796   0.03218 -0.048261  -0.00034137 -0.000646468 -0.000162839 -0.00847865   0.0269187  0.00228247 1.02288       0       0
             37.0004  -5.3552   11.102 -58.0425 2.63315 3.38686 0.10164    0.240107  -0.0274406 0.000280078 -0.000298446 -0.000654251  -0.00017108 -0.00850428   0.0276216  0.00204568 1.05538       0       0
             37.0004  -5.094 11.1093 -57.941  2.62645   3.3896 0.104438    0.177847 -0.00441713   0.0256613  -0.00035849 -0.000652511 -0.000195896 -0.00801201   0.0279824  0.00195013 1.05541       0       0
             37.1002 -4.93957   9.9387 -58.6423    2.6614   3.39816 0.0962444   0.266988  0.0518262 -0.0161664 -0.000299162 -0.000640257  -0.00016003 -0.00814399   0.0271106  0.00236908 1.05619       0       0
             37.1002 -4.61993  9.87119 -58.5491  2.65878   3.3946 0.100264  0.238099 0.0141787 0.0217715 -0.000380758 -0.000624662 -0.000182639 -0.00822893    0.027491  0.00205369 1.05607       0       0
                37.2 -4.53309  8.82919  -59.165  2.69572   3.3932 0.105772   0.328339 0.00459917  0.0240297 -0.000319749 -0.000639848 -0.000169954 -0.00852706    0.027179  0.00179276 1.05448       0       0
                37.2 -4.30197  8.87068 -59.1152 2.69425 3.38986 0.10765   0.311025 -0.0319938  0.0435113 -0.000381907 -0.000653235 -0.000184398 -0.00868267   0.0274552  0.00162299 1.05445       0       0
             37.3007 -4.79972  8.31175 -59.3517   2.72369   3.38923 0.0907222    0.291075 -0.00408017  -0.0791332 -0.000361865 -0.000639665 -0.000184028 -0.00870718   0.0274235  0.00248495 1.05379       0       0
             37.3007 -4.83255  8.37875  -59.279   2.72346   3.38592 0.0937387   0.287462 -0.0375267 -0.0497404 -0.000356953 -0.000659828 -0.000202879 -0.00888872   0.0276115  0.00221588 1.0538      0      0
             37.4005 -4.73294  8.14287 -58.9805   2.76352   3.40505 0.0849261   0.324359  0.0936878 -0.0705549 -0.000294456 -0.000632365 -0.000168688 -0.00840685   0.0266439  0.00234936 1.05052       0       0
             37.4005 -4.45595  8.20342 -58.8602   2.76498   3.39398 0.0898203   0.335219 -0.0204845 -0.0197708 -0.000368593 -0.000670915 -0.000200716 -0.00919073     0.02705  0.00183688 1.05043       0       0
             37.5003 -4.08626  8.97645 -58.1398   2.79532   3.40078 0.0933609  0.312762 0.0571952 0.0161225 -0.000297267 -0.000680279 -0.000186154 -0.00887815   0.0270178  0.00166576 1.05568       0       0
             37.5003 -3.86856  9.09927 -58.0873   2.79323   3.39314 0.0956744      0.288 -0.0230404  0.0413067 -0.000362308 -0.000723147 -0.000202689 -0.00930677   0.0275277  0.00143302 1.05568       0       0
             37.6002 -4.09783  9.28703 -57.6062   2.81277   3.38243 0.0870866   0.247009  -0.043892 -0.0121781 -0.000346264 -0.000701596 -0.000214896 -0.00956247   0.0280436  0.00201163 1.05336       0       0
             37.6002 -3.85706   9.2815 -57.6003   2.81091   3.38337 0.0910388  0.22841 -0.03675 0.026324 -0.000408874 -0.000696388 -0.000216238 -0.00938378   0.0281537  0.00171554 1.05335       0       0
                37.7 -4.65664  9.19156 -57.4684   2.83113   3.38523 0.0950915  0.215647 0.0135334 0.0433128 -0.000329739 -0.000698613 -0.000224684 -0.00918662    0.028186  0.00172009 1.04967       0       0
                37.7  -4.4871  9.19413 -57.4442   2.82939   3.38938 0.0975665   0.19832 0.0526181 0.0667457  -0.00037026 -0.000691011 -0.000230757 -0.00879515   0.0281401  0.00157247 1.04967       0       0
                37.8 -4.98625  8.71665 -58.0895    2.8743   3.41493 0.0956227  0.329752  0.174163 0.0213648 -0.000298371 -0.000683181  -0.00019886 -0.00872244     0.02684  0.00184716 1.04547       0       0
                37.8  -4.7232  8.74704 -58.1342   2.87284    3.4114 0.0981581  0.313691  0.136872 0.0474376 -0.000371013   -0.0006946 -0.000189369 -0.00888385   0.0271279  0.00161107 1.04547       0       0
             37.9007  -5.1886  8.43834 -59.4982   2.90483   3.43363 0.0950845    0.337129    0.198028 -0.00340681  -0.00031148 -0.000688414 -0.000169315 -0.00865496   0.0269867  0.00196142 1.056     0     0
             37.9007 -4.86007  8.50161 -59.4657   2.90329   3.42757 0.0966323  0.318699  0.135498 0.0137723 -0.000399947 -0.000709077 -0.000179458 -0.00900835   0.0273934   0.0017909 1.05597       0       0
             38.0005 -5.08313  8.55097 -61.5443   2.94841   3.43953 0.0792392   0.404078    0.17238 -0.0787823  -0.00032384 -0.000705703  -0.00013593 -0.00952436   0.0269641  0.00249953 1.0632      0      0
             38.0005 -4.75587  8.48327 -61.4926    2.9445   3.43435 0.0793771   0.365556   0.121744 -0.0762906 -0.000414104 -0.000690555 -0.000147799 -0.00974186   0.0274418  0.00249445 1.06311       0       0
             38.1003 -4.46072  8.19083 -63.6381   2.97557    3.4425 0.0800825   0.377771   0.123594 -0.0239649 -0.000374755 -0.000709742 -0.000145823 -0.00977096   0.0278682  0.00220526 1.05402       0       0
             38.1003 -4.25148   8.1274 -63.5491   2.97225   3.44444 0.0813011   0.343504   0.140943 -0.0129157 -0.000426624 -0.000684743 -0.000166731    -0.0095   0.028052 0.00216723 1.05403       0       0
             38.2002 -3.91686  8.33144 -65.9856   3.01549    3.4653 0.0639782   0.421068   0.166013 -0.0890135  -0.00038906 -0.000671648  -0.00013303 -0.00945351   0.0275914   0.0028842 1.04947       0       0
             38.2002  -3.8894   8.4436 -65.9656   3.01348   3.46526 0.0677419   0.401984   0.163927 -0.0536604 -0.000401657 -0.000697971 -0.000140747 -0.00934611    0.027777  0.00258508 1.04946       0       0
                38.3 -3.83578  9.52887 -67.8085  3.06119  3.48269 0.050306  0.433223  0.176431 -0.117584 -0.000320924 -0.000688072  -0.00012985 -0.00949591   0.0274364  0.00306899 1.05258       0       0
                38.3 -3.74876  9.50866 -67.8072   3.05805   3.48004 0.0563039   0.402709   0.145252 -0.0595035 -0.000352416 -0.000683508 -0.000129748 -0.00957377   0.0278268  0.00254633 1.05269       0       0
             38.4006 -2.95101  9.59037 -69.3613 3.11313 3.48719 0.06241   0.464683   0.109737 -0.0140363 -0.000307256 -0.000711151 -0.000117935 -0.0100898  0.0273784 0.00182975 1.0572      0      0
             38.4006 -3.00028  9.72055 -69.3133   3.10397   3.49505 0.0727035 0.385908 0.178294 0.066922 -0.000298005  -0.00073047 -0.000131067 -0.00915292   0.0278657  0.00126798 1.05778       0       0
             38.5005 -2.66609  10.2107 -70.3903    3.1389   3.51397 0.0865695  0.372368  0.164637 0.0910451 -0.000275465 -0.000733898 -0.000126779 -0.00895248   0.0280005 0.000976968 1.05091       0       0
             38.5005 -2.53372  10.3662 -70.3216   3.13227   3.51484 0.0899098 0.308006  0.16615 0.118446 -0.000312893 -0.000768498  -0.00014584 -0.00870787    0.028536 0.000799461 1.05111       0       0
             38.6003 -3.00642  10.3758 -70.6729   3.15305   3.52452 0.0961624  0.269273  0.112856 0.0833075  -0.00028283 -0.000766649 -0.000160541 -0.00885984   0.0290744  0.00103916 1.05078       0       0
             38.6003 -2.81299  10.3655 -70.6085   3.15342   3.52434 0.0941739  0.272018  0.111361 0.0639364 -0.000328612 -0.000763667 -0.000176518 -0.00891123   0.0290345  0.00120651 1.05077       0       0
             38.7002 -3.68386  10.7408 -70.5028   3.18044   3.53986 0.0664924  0.275856  0.113852 -0.112119 -0.000290603 -0.000746257 -0.000196042 -0.00890387   0.0289021  0.00271752 1.0436      0      0
             38.7002 -3.76115  10.8094 -70.5226   3.18094   3.53627 0.0695389  0.279867 0.0785167 -0.085716 -0.000271077 -0.000766933 -0.000191623 -0.00916311   0.0289825  0.00242596 1.04354       0       0
             38.8002 -4.28589  10.7082 -70.1581   3.21482   3.53815 0.0766609   0.31654 0.0368397 -0.018919 -0.000237536 -0.000768731 -0.000200289 -0.00934396   0.0288618  0.00171615 1.05463       0       0
             38.8002 -3.98077  10.6356 -70.1597   3.21442   3.53665 0.0758371   0.310201  0.0219016 -0.0265782 -0.000316363  -0.00075043 -0.000198595 -0.00947453   0.0289331  0.00177181 1.05462       0       0
                38.9 -4.27418  10.6099 -69.6592    3.2723    3.5331 0.0743114   0.458916 -0.0198438 -0.0284017 -0.000261812 -0.000776008 -0.000176122 -0.0100127  0.0278459 0.00150551 1.04969       0       0
                38.9 -4.06091  10.5206 -69.6604   3.26768   3.53838 0.0718304   0.415634  0.0308329 -0.0509217 -0.000317934 -0.000753209 -0.000174611 -0.00951153   0.0280427  0.00183338 1.04983       0       0
             39.0006 -4.56782    10.95  -69.658   3.32128     3.541 0.0437357  0.485759 0.0228094 -0.160498 -0.000285307 -0.000749857 -0.000134928 -0.00983074   0.0275092  0.00276969 1.05193       0       0
             39.0006 -4.54745  10.9855 -69.5996    3.3121   3.54656 0.0477382  0.394277 0.0703203 -0.126031 -0.000289321 -0.000757872 -0.000150705 -0.00911616   0.0281723  0.00263829 1.0521      0      0
             39.1005 -4.62541  10.7936 -69.3536   3.31808   3.54227 0.0305189  0.233505 0.0112904 -0.134915 -0.000262694  -0.00072796 -0.000178632 -0.00921302   0.0298246  0.00300952 1.06392       0       0
             39.1005 -4.29671   10.685 -69.3493   3.31773   3.54371 0.0328959  0.228637  0.024612 -0.110925 -0.000347604 -0.000699396  -0.00017771 -0.00905277   0.0298197  0.00281773 1.06395       0       0
             39.2003 -3.92833  10.4745 -69.4149   3.33516   3.55049 0.0324432   0.228784  0.0343497 -0.0461683 -0.000342341  -0.00070889 -0.000188165 -0.00868472   0.0300829  0.00244693 1.0506      0      0
             39.2003 -4.10801  10.5439   -69.37   3.33715    3.5474 0.0366538    0.249672  0.00256558 -0.00255566 -0.000293378 -0.000727355 -0.000200845 -0.00892861   0.0300457  0.00198355 1.05055       0       0
             39.3002 -4.13901  10.9314 -69.5622   3.37403   3.54309 0.0593287   0.329104 -0.0354048   0.129014 -0.000267346 -0.000751713 -0.000215571 -0.00903791    0.029753 0.000899835 1.05276       0       0
