            0.400155 0 0 0 -0.000187751  4.21948e-05  0.000121535 0 0 0 0.04165 0.02326 -0.0284  -0.00189839 -1.97755e-05  0.000780946   0.00117088 -1.16334e-05   0.00067159 0 0 0 -0.0966295   0.213766   -9.80619 
            0.499998   0.187328  -0.033008 -0.0194607 0.000789192  0.00137466 -0.00153102 0 0 0 0.04165 0.02326 -0.0284  -0.00440229   -0.0102238 -0.000322241    0.0011708 -1.16167e-05  0.000671592 -2.83332e-08 -5.35258e-08   3.2454e-08 -0.0966295   0.213766   -9.80619 
            0.599827   0.0799732 -0.00993856 -0.00866398 -0.000487636   -0.0015487 -0.000263645 0 0 0 0.04165 0.02326 -0.0284 -0.00905413   -0.020265  0.00600222  0.00153394 -8.9263e-05 0.000631669  1.04771e-06   2.4388e-06 -1.65855e-06 -0.0966306   0.213763   -9.80619 
            0.700461   0.0957554  -0.0145084 0.000173638 -0.00161894 -0.00188077 0.000414221 0 0 0 0.04165 0.02326 -0.0284 -0.0121306 -0.0144533 0.00573277   0.00146163 -7.73482e-05   0.00060806 0.000918163 -0.00245083 6.79065e-05 -0.097511  0.216121  -9.80613 
             0.80031   0.0772254  0.00483067 -0.00493107 -0.00129425 -0.00155322  0.00051703 0 0 0 0.04165 0.02326 -0.0284 -0.00453941 -0.00753739  0.00404972   0.00150866 -0.000126644  0.000622661 -0.00564737  -0.0076122  0.00190383 -0.0911752   0.221048   -9.80609 
            0.900148  0.0785682 0.00554079   -0.01206 5.8613e-05 0.00012048 0.00113928 0 0 0 0.04165 0.02326 -0.0284 0.00544061 0.00356839 0.00453089   0.00150412 -0.000120003  0.000628377  -0.0128468  -0.0159171 0.000906998 -0.0842537   0.229052   -9.80596 
                   1   0.0811467 -0.00124113  -0.0076733  0.00132197 0.000989802 0.000429653 0 0 0 0.04165 0.02326 -0.0284    0.0108528   0.00711922 -0.000612344   0.00149941 -0.000103451  0.000600476 -0.0148875 -0.0174102 0.00656708 -0.0822392   0.230372   -9.80595 
             1.09984  0.0843106 0.00773237  -0.015438  0.00224665  0.00238745 0.000275161 0 0 0 0.04165 0.02326 -0.0284   0.0128681   0.0122463 -0.00226039   0.00149427 -0.000124681  0.000617668  -0.013929 -0.0190265 0.00679195 -0.0831591   0.231919   -9.80591 
             1.20048   0.0938411 -0.00564456  -0.0133055    0.0022603   0.00258189 -0.000239217 0 0 0 0.04165 0.02326 -0.0284  0.00850099  0.00979366 -0.00411156  0.00145801 -7.8081e-05 0.000594458 -0.0104055 -0.0162597 0.00786821 -0.0865386   0.229231   -9.80594 
             1.30032   0.0873535  0.00605525 -0.00906332 0.000824281  0.00170151 -0.00025599 0 0 0 0.04165 0.02326 -0.0284 -0.000849481   0.00287666  -0.00349119   0.00147566 -8.49297e-05  0.000568505 -0.00491662  -0.0122164  0.00632324 -0.0918231    0.22537   -9.80598 
             1.40014   0.0794819 0.000618685  -0.0134347  0.000228928    0.0010939 -0.000165705 0 0 0 0.04165 0.02326 -0.0284  -0.00292034 -0.000513721  -0.00199419   0.00148501 -6.38389e-05  0.000573718 -0.00382721  -0.0105195  0.00485642 -0.0928801    0.22377   -9.80601 
             1.49998   0.0827719 -0.00642863  -0.0106778 -0.000118416  3.85824e-05 -0.000212754 0 0 0 0.04165 0.02326 -0.0284  -0.00263864  -0.00401324 -0.000878391   0.00148141 -4.28948e-05  0.000565438 -0.00369693  -0.0086889  0.00447284 -0.093008  0.222019  -9.80605 
             1.59981  0.0859558 0.00708483 -0.0163616 -0.000218372  0.000871888  0.000822967 0 0 0 0.04165 0.02326 -0.0284 -0.000979758   0.00132127   0.00358568   0.00148934 -8.92303e-05  0.000581232 -0.0038837 -0.0105017 0.00147763 -0.0928564   0.223822   -9.80601 
             1.70046  0.0991277 0.00755288  -0.010083 0.000787628   0.0010775  0.00139459 0 0 0 0.04165 0.02326 -0.0284 0.00379156 0.00182939 0.00459932   0.00147182 -8.05768e-05  0.000565233 -0.00577378  -0.0105143 0.000890166 -0.0910465   0.223845   -9.80602 
             1.80029   0.0816283  -0.0110614 -0.00582798  0.000694086 -0.000256051 -0.000785758 0 0 0 0.04165 0.02326 -0.0284  0.00238578 -0.00370579  -0.0063158   0.00151677 -3.09076e-05   0.00053143 -0.00498408 -0.00849539  0.00711539 -0.091748  0.221783  -9.80606 
             1.90012    0.0780175 -0.000941232   -0.0128824 -2.10775e-05 -0.000244305 -0.000980459 0 0 0 0.04165 0.02326 -0.0284 -0.00118877 -0.00208482   -0.005251   0.00152147 -5.69499e-05  0.000533286 -0.00359465 -0.00895061  0.00621171 -0.0930902   0.222238   -9.80604 
             1.99997   0.0845883 -0.00616938 -0.00584043  0.000820453 -0.000174143 -0.000963394 0 0 0 0.04165 0.02326 -0.0284   0.00340353 -0.000475418  -0.00249379   0.00149603 -2.60479e-05  0.000501843 -0.00489583 -0.00920061  0.00506988 -0.0918518     0.2225   -9.80605 
              2.0998   0.0942786 -0.00373863 -0.00377913  0.000728674  0.000245733 -0.000239102 0 0 0 0.04165 0.02326 -0.0284 0.00192787 0.00218634 0.00123173   0.00144765 -2.75822e-05  0.000484409 -0.00434983  -0.0096982  0.00321299 -0.0923929   0.223015   -9.80603 
             2.20043   0.0913897 -0.00698927 -0.00691895  0.000907893  0.000526327 -0.000198831 0 0 0 0.04165 0.02326 -0.0284  0.00205225  0.00297932 0.000955734    0.0014639 -2.14593e-05  0.000485054 -0.00432044  -0.0097264  0.00338257 -0.0924195   0.223039   -9.80603 
             2.30027    0.085504 -0.00403002  -0.0100413 0.000296789 0.000688501 0.000358114 0 0 0 0.04165 0.02326 -0.0284 -0.00155447  0.00333414  0.00250069   0.00148098 -3.09685e-05  0.000484089 -0.00340639 -0.00951454   0.0025391 -0.0933045   0.222852   -9.80602 
             2.40011  0.0820957 0.00316875 -0.0115689 0.000179872  0.00110029 0.000347053 0 0 0 0.04165 0.02326 -0.0284 -0.00115693  0.00409454  0.00187507   0.00149337 -3.93198e-05  0.000484812  -0.0034232 -0.00958681  0.00306786 -0.093283  0.222911  -9.80602 
             2.49995   0.0826564 -0.00351391 -0.00822829 0.000316702 0.000551266 0.000453682 0 0 0 0.04165 0.02326 -0.0284 0.000210248  0.00184948  0.00184979    0.0014693 -2.45839e-05  0.000464663 -0.00367011 -0.00868489   0.0031576 -0.0930462   0.222045   -9.80605 
             2.59979    0.0851432 -0.000565955   -0.0115479  0.00129185 0.000656864 0.000505766 0 0 0 0.04165 0.02326 -0.0284  0.00500311  0.00168815 0.000714688   0.00146446 -3.73123e-05  0.000465402 -0.00458121 -0.00861324  0.00325006 -0.0921726   0.221974   -9.80605 
             2.70044    0.0796292 -0.000652025  -0.00785808 0.000508544 0.000153509 -0.00027943 0 0 0 0.04165 0.02326 -0.0284 -0.000978048 -0.000683715   -0.0022537   0.00146633 -3.78814e-05   0.00045157 -0.00332861 -0.00808948   0.0045667 -0.0933596   0.221447   -9.80606 
             2.80029   0.0847058 -0.00377984 -0.00279222  2.76989e-05 -0.000482875  4.36476e-05 0 0 0 0.04165 0.02326 -0.0284 -0.00241413  -0.0028592 8.73404e-05   0.00144278 -2.56295e-05  0.000439778 -0.00299538 -0.00767055  0.00369649 -0.0936878   0.221064   -9.80606 
             2.90012   0.0845371  0.00269898 -0.00581507 -4.61108e-05  0.000147468  7.05302e-05 0 0 0 0.04165 0.02326 -0.0284  -0.00188715  0.000516964 -6.27676e-05  0.00143625 -3.4628e-05 0.000453123 -0.00317641 -0.00835106  0.00369579 -0.0935136   0.221715   -9.80605 
             2.99995   0.0851263  0.00357868 -0.00882443 -0.000468475  0.000348972  0.000564003 0 0 0 0.04165 0.02326 -0.0284 -0.00250021  0.00105612  0.00239978   0.00143918 -2.24911e-05  0.000456816 -0.00297655 -0.00844658  0.00301848 -0.0937113   0.221819   -9.80604 
              3.0998   0.0986072 -0.00234455 -0.00335311 -0.000259707  0.000563361  0.000552299 0 0 0 0.04165 0.02326 -0.0284 0.000221683  0.00166852  0.00133717   0.00141096 -6.37765e-06  0.000433114 -0.00334107 -0.00852413  0.00335853 -0.0933595   0.221887   -9.80605 
             3.20043   0.0820785 -0.00412076 -0.00871129  0.000786483 -0.000210979  -0.00026599 0 0 0 0.04165 0.02326 -0.0284  0.00430187 -0.00178189 -0.00237095  0.00144816 2.29882e-06 0.000435912 -0.00417808  -0.0078804  0.00452598 -0.0925494   0.221249   -9.80607 
             3.30028  0.0936104 -0.0126389 0.00468899  0.000957858 -0.000913106  -0.00113507 0 0 0 0.04165 0.02326 -0.0284  0.00322311 -0.00365354 -0.00543796  0.00142348 2.15251e-05 0.000401788 -0.00398194 -0.00755814  0.00528666 -0.0927296   0.220927   -9.80607 
             3.40014    0.088085 -0.00661089 -0.00351357  0.000763252 -0.000157751  -0.00124177 0 0 0 0.04165 0.02326 -0.0284  0.00114329    0.001267 -0.00446149  0.00142792 2.01344e-05  0.00041622 -0.00358986 -0.00825825  0.00484612 -0.0931074   0.221603   -9.80605 
             3.49997   0.0863781 -0.00326206 -0.00449176 -0.000299326  0.000203255 -0.000275775 0 0 0 0.04165 0.02326 -0.0284 -0.00361913  0.00334504  0.00108715  0.00143305 1.94057e-05 0.000409575 -0.00274517 -0.00837503  0.00324274 -0.0939296   0.221745   -9.80604 
             3.59982   0.0813091 -0.00539188 -0.00950897 -0.000170635   0.00091965  0.000274489 0 0 0 0.04165 0.02326 -0.0284 -0.000603556    0.0055539   0.00228051  0.00143628 2.62165e-05 0.000417747 -0.00308844 -0.00858615  0.00269079 -0.0936079   0.221956   -9.80604 
             3.70045   0.0861542 -0.00351036  -0.0084788 0.000412217  0.00095209 0.000208893 0 0 0 0.04165 0.02326 -0.0284 0.00195057 0.00373713 0.00125815  0.00142984 1.14903e-05 0.000418209 -0.00352809 -0.00826556  0.00297068 -0.0931863   0.221646   -9.80605 
             3.80029   0.0837059 -0.00203752  -0.0120319   0.0012703 0.000531233 0.000623663 0 0 0 0.04165 0.02326 -0.0284  0.00516358 0.000162236  0.00210615  0.00143502 7.79492e-06 0.000419099 -0.00397298 -0.00778584  0.00261324 -0.0927671   0.221196   -9.80607 
             3.90014  0.0860563 -0.0113029 -0.0105829  0.000733189 -0.000541907 -5.74145e-05 0 0 0 0.04165 0.02326 -0.0284  0.00011978 -0.00308242 -0.00129568  0.00143324 6.16799e-06 0.000403284 -0.00328828 -0.00736578  0.00352784 -0.0934098   0.220779   -9.80607 
             3.99998   0.0935056 -0.00429252  -0.0200199  0.000129877 -0.000626509  0.000277385 0 0 0 0.04165 0.02326 -0.0284  -0.00233834  -0.00514206 -1.36697e-05   0.00145978 -1.38417e-05  0.000413798  -0.0028487 -0.00741231  0.00302468 -0.093833  0.220834  -9.80606 
             4.09981  0.0804186 -0.0122142 -0.0131218 -0.000142349 -0.000806799 -8.01485e-05 0 0 0 0.04165 0.02326 -0.0284  -0.0020106 -0.00121488 -0.00113719  0.00147632 8.53819e-06 0.000394313  -0.0027996 -0.00747425   0.0034201 -0.0938752   0.220886   -9.80606 
             4.20047  0.0916606 -0.0065885 -0.0146901 -0.000594197 -0.000258633  0.000129644 0 0 0 0.04165 0.02326 -0.0284  -0.00248865   0.00114374 -0.000707037   0.00146251 -7.43136e-07  0.000395792 -0.00262392 -0.00793818  0.00306787 -0.0940439   0.221333   -9.80605 
             4.30031   0.0835651 -0.00930944  -0.0164589  0.000102029 -0.000625913  0.000378698 0 0 0 0.04165 0.02326 -0.0284  0.00197145 -0.00152211 0.000417084  0.00147731 5.78316e-06 0.000387852 -0.00317152 -0.00771064  0.00272365 -0.093529  0.221122  -9.80606 
             4.40015   0.093559 -0.0136658 -0.0116203  0.000702654 -0.000951039  0.000112053 0 0 0 0.04165 0.02326 -0.0284     0.003984  -0.00232411 -0.000450085  0.00145206 1.20821e-05  0.00037969 -0.00336852 -0.00763974  0.00302729 -0.093339  0.221048  -9.80606 
                 4.5  0.0848271 -0.0109809 -0.0172036  0.000514201 -0.000653896  1.44508e-05 0 0 0 0.04165 0.02326 -0.0284   0.00168482  -0.00139441 -0.000766703  0.00146867 5.71442e-06 0.000387267 -0.00303435  -0.0079161  0.00309762 -0.093654   0.22131  -9.80606 
             4.59983  0.0843434 -0.0140808 -0.0183437 -0.000118796 -0.000261427 -8.74986e-07 0 0 0 0.04165 0.02326 -0.0284  -0.00119342   0.00159007 -0.000511318  0.00147707 1.75432e-05 0.000380983 -0.00262383 -0.00810868  0.00307575 -0.0940423   0.221494   -9.80605 
             4.70047  0.0850173 -0.0108446 -0.0237248 -0.000191181 -3.72226e-05  3.64065e-05 0 0 0 0.04165 0.02326 -0.0284 -0.000907207   0.00441829  0.000502868  0.00147742 7.79032e-06 0.000384859 -0.00266614 -0.00816631  0.00298187 -0.0940032    0.22155   -9.80605 
              4.8003  0.0834197 -0.0101518 -0.0349783 -0.000211355  0.000669107  0.000102497 0 0 0 0.04165 0.02326 -0.0284 -0.000787194   0.00380103 -0.000367769   0.0014951 6.89953e-06 0.000389856  -0.0027127 -0.00834023  0.00292653 -0.093959  0.221715  -9.80604 
             4.90013  0.0818084 -0.0148135 -0.0267288 0.000347662 0.000195673  0.00053985 0 0 0 0.04165 0.02326 -0.0284   0.00191713 -0.000700325   0.00158371  0.00149223 1.94994e-05 0.000364882 -0.00302318 -0.00785762  0.00256613 -0.0936728   0.221264   -9.80606 
             4.99999  0.0799946 -0.0126959 -0.0213421  0.000818594  3.35669e-05 -0.000455461 0 0 0 0.04165 0.02326 -0.0284  0.00505386  0.00391421 -0.00274275  0.00147791 1.43516e-05  0.00036583 -0.00309219 -0.00782431  0.00345635 -0.0935974   0.221215   -9.80606 
             5.09981  0.0821712 -0.0188458 -0.0213714   0.00075866  -0.00104321 -0.000488607 0 0 0 0.04165 0.02326 -0.0284  0.00169066 -0.00586755  -0.0022987  0.00147459 2.01838e-05 0.000363685 -0.00289689 -0.00739724  0.00326466 -0.0937867   0.220817   -9.80607 
             5.20045  0.0918104 -0.0164719 -0.0244999  0.000641423   -0.0011599 -0.000330713 0 0 0 0.04165 0.02326 -0.0284  0.000546682  -0.00454946 -0.000561552  0.00145011 1.64004e-05 0.000360906 -0.00272864 -0.00749526  0.00298496 -0.0939481   0.220915   -9.80606 
             5.30028  0.0906172 -0.0183899 -0.0316369 -0.000146535  -0.00130823 -0.000484981 0 0 0 0.04165 0.02326 -0.0284 -0.00238826 -0.00260242 -0.00133932  0.00144628 1.29205e-05  0.00036172 -0.00230985 -0.00762771  0.00305548 -0.0943408   0.221041   -9.80606 
             5.40013  0.0715197 -0.0168067  -0.073619 -0.000431736  -0.00128673 -0.000169988 0 0 0 0.04165 0.02326 -0.0284 -0.00153256 -0.00464617 0.000304647  0.00146977 1.69523e-05 0.000365252 -0.00225725  -0.0077371   0.0027401 -0.0943935    0.22115   -9.80605 
             5.49997   0.0840018 -0.00871142   -0.163845  0.000661102 -0.000623852  0.000239361 0 0 0 0.04165 0.02326 -0.0284 0.00306191 0.00272595 0.00206726  0.00144625 2.07036e-06 0.000370303 -0.00285452 -0.00804312  0.00246288 -0.0938321   0.221434   -9.80605 
             5.59981  0.0787446 -0.0107376  -0.215188   0.00116548 -0.000216467 -1.26619e-05 0 0 0 0.04165 0.02326 -0.0284   0.0026643  0.00546048 0.000533242  0.00145833  4.0159e-06 0.000368006 -0.00295229 -0.00811202  0.00278402 -0.0937345   0.221489   -9.80605 
             5.70047   0.0877178 -0.00295791   -0.200825   0.00113033 -0.000345664  0.000565629 0 0 0 0.04165 0.02326 -0.0284    0.001287 1.45876e-05  0.00271343  0.00143759 2.89686e-06 0.000342604 -0.00279308 -0.00791448  0.00239785 -0.0938973    0.22132   -9.80605 
             5.80031    0.0749173 -0.000158391    -0.202333 0.000845884  0.00069493 6.47586e-05 0 0 0 0.04165 0.02326 -0.0284   0.00180739   0.00729649 -0.000403268  0.00146209 2.10617e-06 0.000354954 -0.00255751 -0.00826156   0.0029586 -0.094091  0.221649  -9.80604 
             5.90013   0.0831671 -0.00320073   -0.185937  0.000582332   0.00031526 -0.000221242 0 0 0 0.04165 0.02326 -0.0284 0.000604301 -0.00255234 1.06272e-05  0.00143403 1.58232e-05 0.000346857 -0.00247113 -0.00789857  0.00315861 -0.0941925   0.221311   -9.80605 
             5.99998   0.0696577 -0.00237884   -0.185034  0.000171484  1.82538e-05 -0.000374016 0 0 0 0.04165 0.02326 -0.0284 -0.00314746 -0.00230424 -0.00179903  0.00142846 1.63269e-05 0.000357498 -0.00227858 -0.00777788  0.00315357 -0.0943797   0.221209   -9.80605 
             6.09984  0.0825341 -0.0112139  -0.184991  0.000473748 -0.000441476 -0.000315855 0 0 0 0.04165 0.02326 -0.0284  0.000648204  -0.00173317 -0.000679112  0.00142748 2.34727e-05 0.000369359  -0.0025086 -0.00764634  0.00294812 -0.0941746   0.221079   -9.80606 
             6.20047  0.0573951 -0.0308553  -0.175504    0.0010166  -0.00126869 -0.000142223 0 0 0 0.04165 0.02326 -0.0284    0.001969 -0.00613941 -0.00146645  0.00144788 3.63837e-05 0.000357459 -0.00273236  -0.0074633  0.00271168 -0.0939787   0.220901   -9.80606 
              6.3003   0.0655109 -0.00998701   -0.179519   0.0011639 -0.00189822 9.42463e-05 0 0 0 0.04165 0.02326 -0.0284  0.00195165 -0.00632677 0.000253659  0.00144101 1.19053e-05  0.00036491 -0.00270296 -0.00740513  0.00252493 -0.0940115   0.220853   -9.80606 
             6.40013  0.0748591 -0.0146689  -0.177787  0.00119787 -0.00137997 0.000307971 0 0 0 0.04165 0.02326 -0.0284   0.00231697 -0.000159909   0.00143631  0.00142241 2.22401e-05 0.000365269 -0.00260704 -0.00775641  0.00238577 -0.0940843   0.221188   -9.80605 
             6.49995  0.0825411 -0.0221406  -0.174341   0.00097879  -0.00111392 -0.000549941 0 0 0 0.04165 0.02326 -0.0284  8.96092e-05 -0.000271538  -0.00270527  0.00141464 3.89252e-05 0.000352106 -0.00243448 -0.00789594  0.00299554 -0.0942301   0.221313   -9.80605 
             6.59979  0.0694487 -0.0192684  -0.181546  0.0001168 8.5152e-05 -0.0011096 0 0 0 0.04165 0.02326 -0.0284 -0.00428176  0.00399012 -0.00409492  0.00143914 3.76895e-05 0.000364659 -0.00209745 -0.00823865  0.00319732 -0.0945228   0.221644   -9.80604 
             6.70044   0.072515 -0.0197325  -0.169492  0.000371592 -3.49518e-05 -0.000298248 0 0 0 0.04165 0.02326 -0.0284 -0.000329645   0.00410242   0.00108908  0.00142249 4.13488e-05 0.000355534 -0.00235033 -0.00804158  0.00243357 -0.094308  0.221464  -9.80605 
             6.80028 0.0784439  -0.01673 -0.173677  0.000953121 -0.000805306  0.000181215 0 0 0 0.04165 0.02326 -0.0284 0.00254435 -0.0006547 0.00291261  0.00140913  3.6796e-05 0.000364939 -0.00258744 -0.00773609  0.00221526 -0.0941065   0.221174   -9.80605 
             6.90011  0.0719816 -0.0141677  -0.176816   0.00108424 -0.000207406  0.000767223 0 0 0 0.04165 0.02326 -0.0284   0.00160557 -3.23006e-05   0.00484843  0.00142299 3.30536e-05 0.000368778 -0.00251981  -0.0079155  0.00208321 -0.094162  0.221346  -9.80605 
             6.99995   0.073729 -0.0166825  -0.173291 0.000786891  0.00021716  0.00132404 0 0 0 0.04165 0.02326 -0.0284 -0.000354945    0.0034167   0.00389892   0.0014243 3.30696e-05 0.000370737 -0.00235772 -0.00801397  0.00203182 -0.0943077   0.221447   -9.80605 
             7.09979  0.0781154 -0.0130543  -0.170922 0.000287966 8.88932e-05 0.000313695 0 0 0 0.04165 0.02326 -0.0284 -0.00302972   0.0022262 -0.00159733   0.0014127 2.90807e-05 0.000366284 -0.00221584 -0.00791333  0.00282231 -0.0944338   0.221344   -9.80605 
             7.20043  0.0819391 -0.0208352  -0.167861  4.54128e-05 -4.41328e-05 -0.000596659 0 0 0 0.04165 0.02326 -0.0284 -0.00267033 0.000110966 -0.00589758  0.00141096 4.05091e-05 0.000359519 -0.00223748 -0.00778465  0.00319565 -0.0944156   0.221216   -9.80605 
             7.30027 0.0770151 -0.014034 -0.165445  0.000264553 -0.000229933 -5.59593e-05 0 0 0 0.04165 0.02326 -0.0284 -0.000603074   0.00112208 -0.000901262  0.00140772 3.36415e-05 0.000356283 -0.00242199 -0.00769941  0.00261855 -0.0942569   0.221141   -9.80605 
             7.40011  0.0715366 -0.0201756  -0.168852  0.000760223 -0.000116466 -0.000463325 0 0 0 0.04165 0.02326 -0.0284  0.00229168  0.00183963 -0.00167541  0.00140928 3.84392e-05 0.000365364 -0.00258513 -0.00770798  0.00277635 -0.0941044   0.221138   -9.80606 
             7.49994  0.0773707 -0.0269565  -0.170256   0.00102763 -0.000105078 -0.000503247 0 0 0 0.04165 0.02326 -0.0284  0.00261871 0.000916032 -0.00188454  0.00140031 4.84899e-05 0.000363969 -0.00259928 -0.00766678  0.00267965 -0.0940946   0.221101   -9.80606 
             7.60017  0.0825812 -0.0189648  -0.168642  0.000737438  0.000264158 -0.000593632 0 0 0 0.04165 0.02326 -0.0284 0.000332118  0.00186798 -0.00219678  0.00138601 3.56886e-05 0.000360445 -0.00241995 -0.00773673  0.00262388 -0.0942565   0.221175   -9.80605 
                 7.7  0.0604029 -0.0150152  -0.176073  0.000577353 -0.000192953 -0.000138975 0 0 0 0.04165 0.02326 -0.0284 -0.000462399 -5.04107e-05  0.000817127  0.00141471 3.28884e-05 0.000370065 -0.00236538  -0.0075549   0.0022685 -0.0943199   0.221018   -9.80606 
             7.79985  0.0926863 -0.0187933  -0.161093  0.000349146 -0.000847274  8.26141e-05 0 0 0 0.04165 0.02326 -0.0284 -0.00207094 -0.00215919   0.0021771  0.00137178 4.67766e-05 0.000345044 -0.00232583 -0.00739396  0.00220775 -0.0943646   0.220874   -9.80606 
             7.90049  0.0750808 -0.0121712  -0.168983  0.000578557 -0.000843874  8.91696e-05 0 0 0 0.04165 0.02326 -0.0284 -0.000349332   -0.0011584   0.00127314  0.00140041 4.12954e-05 0.000357031 -0.00246135 -0.00745086  0.00230486 -0.0942368   0.220918   -9.80606 
             8.00033  0.0761375 -0.0181146  -0.170462  0.000308815 -0.000748623  0.000487057 0 0 0 0.04165 0.02326 -0.0284   -0.0021243 -0.000534162   0.00210669  0.00139854 5.16558e-05 0.000351781 -0.00241098 -0.00748947  0.00218494 -0.0942824   0.220957   -9.80606 
             8.10017  0.0943788 -0.0159687  -0.158159  0.000319061 -0.000780008  0.000543087 0 0 0 0.04165 0.02326 -0.0284  -0.00124004 -0.000287504   0.00131595  0.00137826 4.35729e-05  0.00033641 -0.00247719 -0.00748672   0.0022627 -0.0942213    0.22095   -9.80606 
             8.20001  0.0811023 -0.0159236  -0.147969  0.000771442 -0.000676459  0.000128963 0 0 0 0.04165 0.02326 -0.0284  0.00217595 0.000539006 -0.00110485  0.00139941 4.10243e-05 0.000337135 -0.00263247 -0.00751778  0.00251497 -0.0940753   0.220967   -9.80606 
             8.29983  0.0740519 -0.0140763  -0.146036  0.000417144 -0.000641825   0.00072807 0 0 0 0.04165 0.02326 -0.0284 -0.000486098 -0.000433675   0.00144811  0.00141825  4.1219e-05 0.000340373 -0.00246838 -0.00751575  0.00218516 -0.0942288   0.220977   -9.80606 
             8.40047  0.0826471 -0.0102455  -0.146386  0.000257448 -3.21688e-05  0.000367409 0 0 0 0.04165 0.02326 -0.0284 -0.000401485   0.00271664 -0.000390145  0.00141131 3.65671e-05 0.000340879 -0.00241426 -0.00766168   0.0024378 -0.0942694   0.221108   -9.80605 
             8.50031  0.0747644 -0.0166354  -0.146416   0.00068345 -0.000433934  0.000108283 0 0 0 0.04165 0.02326 -0.0284  0.00171048 0.000608546 -0.00140152  0.00142473 4.79258e-05 0.000339667  -0.0025696 -0.00748715  0.00253748 -0.0941337   0.220942   -9.80606 
             8.60014  0.0854689 -0.0213577  -0.144836  0.000307064 -0.000204344 -0.000765686 0 0 0 0.04165 0.02326 -0.0284 -0.000651543   0.00170564  -0.00437017   0.0014127 5.79363e-05 0.000331829  -0.0024097 -0.00752744  0.00288332 -0.0942732   0.220978   -9.80606 
             8.69999  0.0721764 -0.0170045  -0.153311  0.000411172 -7.32455e-05  -0.00111452 0 0 0 0.04165 0.02326 -0.0284 0.000596554  0.00223353 -0.00487227  0.00143683 5.43964e-05 0.000335724 -0.00245499  -0.0075077   0.0028114 -0.0942338   0.220959   -9.80606 
             8.79983  0.0877585 -0.0196325  -0.145012  1.30293e-06 -2.44235e-05  0.000287276 0 0 0 0.04165 0.02326 -0.0284 -0.0014364 0.00100138 0.00266393  0.00142101 5.58372e-05 0.000326933 -0.00235161 -0.00747529   0.0019565 -0.094339   0.22095  -9.80606 
             8.90048   0.069504 -0.0159075  -0.145584  0.000119564 -0.000814825 -0.000495372 0 0 0 0.04165 0.02326 -0.0284 -4.87165e-05  -0.00329941  -0.00121371  0.00144601 5.67118e-05 0.000324913 -0.00241286   -0.007259   0.0024006 -0.0942862   0.220744   -9.80606 
             9.00032  0.0784288 -0.0192014  -0.143757 0.000256388 -0.00108239  9.8558e-06 0 0 0 0.04165 0.02326 -0.0284  0.00121786 -0.00146935 0.000874521  0.00142953 6.21128e-05 0.000323488 -0.00245301  -0.0072513  0.00210588 -0.0942541   0.220741   -9.80606 
             9.10014  0.0842532 -0.0226663   -0.13461  0.00110017 -0.00108759 5.93486e-05 0 0 0 0.04165 0.02326 -0.0284   0.00418829 -0.000987483   0.00137131  0.00142441 6.18294e-05  0.00031808   -0.002651 -0.00730655   0.0021157 -0.0940739   0.220784   -9.80606 
             9.19999  0.0793835 -0.0158364  -0.143571  0.00141014 -0.00103186 2.49357e-05 0 0 0 0.04165 0.02326 -0.0284  0.00442872 -0.00114238  0.00137145  0.00143574 5.56285e-05 0.000330702 -0.00259712  -0.0073536  0.00220451 -0.0941195   0.220826   -9.80606 
             9.29985  0.0720571 -0.0186935  -0.140044   0.0011255 -0.00104396 0.000601448 0 0 0 0.04165 0.02326 -0.0284  0.00121453 0.000219393  0.00344323  0.00144187 6.09127e-05 0.000330195 -0.00240534 -0.00735581   0.0020313 -0.0942936   0.220837   -9.80606 
             9.40046  0.0835333 -0.0213159  -0.139782  0.000454957 -0.000404468  0.000300641 0 0 0 0.04165 0.02326 -0.0284 -0.00277895  0.00217459 0.000450415   0.0014246 6.01992e-05 0.000327718  -0.0021935 -0.00750696  0.00231618 -0.0944749   0.220974   -9.80606 
              9.5003  0.0763176 -0.0166434  -0.145792   0.00035676 -8.78207e-05  0.000361392 0 0 0 0.04165 0.02326 -0.0284 -0.00170171  0.00237483 0.000576591  0.00143336 5.16493e-05 0.000329353 -0.00223778 -0.00752218  0.00233639 -0.0944346   0.220986   -9.80606 
             9.60013  0.0687355 -0.0164124  -0.146246 -0.000145628 -7.21796e-05  0.000562791 0 0 0 0.04165 0.02326 -0.0284 -0.00304609  0.00240922  0.00141272  0.00143795 5.80745e-05 0.000329714 -0.00216179 -0.00746444  0.00227245 -0.0945052   0.220938   -9.80606 
             9.69996   0.0761368 -0.00517681   -0.144894 -0.000129832  -0.00046218  0.000928806 0 0 0 0.04165 0.02326 -0.0284 -0.00137478 0.000253795  0.00210256  0.00142622 5.01934e-05  0.00032485 -0.00225432 -0.00732581  0.00218063 -0.0944287   0.220813   -9.80606 
             9.79979  0.0676005 -0.0103291  -0.151933  0.000320487 -0.000409301  0.000781294 0 0 0 0.04165 0.02326 -0.0284 0.00110892 0.00026386 0.00183988  0.00142722 5.88368e-05 0.000329542 -0.00240366 -0.00733913  0.00234434 -0.0942935   0.220817   -9.80606 
             9.90044  0.0700318 -0.0201481  -0.144712  0.000779783  -0.00113573 -0.000676919 0 0 0 0.04165 0.02326 -0.0284  0.00254071 -0.00350065 -0.00470907  0.00142571 7.27488e-05 0.000319292 -0.00248775 -0.00718684   0.0029804 -0.094218  0.220665  -9.80607 
             10.0003  0.0784277 -0.0173607  -0.150026 0.000603311 -0.00109084 -0.00111824 0 0 0 0.04165 0.02326 -0.0284 0.000311606  -0.0016977 -0.00513647  0.00141845 6.73403e-05 0.000324152 -0.00237343 -0.00726331  0.00297005 -0.0943166   0.220737   -9.80606 
             10.1001 0.0695094 -0.021879 -0.160022  0.000420682 -0.000835452  -0.00100188 0 0 0 0.04165 0.02326 -0.0284 -0.000203501  -0.00178808  -0.00261425  0.00142767 7.65698e-05 0.000326494 -0.00233235 -0.00738494  0.00271868 -0.0943514   0.220852   -9.80606 
                10.2   0.100641 -0.0179091    -0.1596  0.000695189 -0.000722337 -0.000254219 0 0 0 0.04165 0.02326 -0.0284 -0.000168871  -0.00445078   0.00139978   0.0013926 7.20872e-05 0.000313117 -0.00239855 -0.00736052  0.00233179 -0.0942987   0.220835   -9.80606 
             10.2998  0.0510739 -0.0070606  -0.201283 0.000915659 -0.00130834 0.000311866 0 0 0 0.04165 0.02326 -0.0284   0.00281432 -0.000437962   0.00397443  0.00143818 6.78262e-05 0.000330389 -0.00242905 -0.00730614   0.0021654 -0.0942762   0.220789   -9.80606 
             10.4004  0.0781286 -0.0176523  -0.328826 0.00149302 -0.0021646  0.0005652 0 0 0 0.04165 0.02326 -0.0284  0.00911692 -0.00783714  0.00248172  0.00141042 6.99276e-05 0.000324981 -0.00245889 -0.00722438  0.00219176 -0.0942542   0.220714   -9.80606 
             10.5003    0.084713 -0.00874786   -0.615042  0.00293958 -0.00171894 0.000365888 0 0 0 0.04165 0.02326 -0.0284   0.0148761 -0.00847859  0.00125547  0.00140177 5.75254e-05 0.000335492 -0.00242291  -0.0075005  0.00237578 -0.0942574   0.220958   -9.80606 
             10.6001 0.0649628 0.0175513   -1.2206   0.00463707  -0.00276053 -0.000247925 0 0 0 0.04165 0.02326 -0.0284   0.0236848 -0.00601527  -0.0031636  0.00141741 5.47004e-05 0.000342987 -0.00233708 -0.00744407  0.00262475 -0.094338  0.220926  -9.80606 
                10.7 0.0621544   0.06949  -2.03578   0.00748273  -0.00315327 -3.15805e-05 0 0 0 0.04165 0.02326 -0.0284   0.0246101 -0.00236417 -0.00110286  0.00143147 2.84222e-05 0.000329554 -0.00245016  -0.0074581  0.00245784 -0.0942486   0.220882   -9.80606 
             10.7998 0.0786527  0.121266  -2.63846  0.00980633 -0.00364888  0.00165294 0 0 0 0.04165 0.02326 -0.0284   0.0106085 -0.00209273  0.00649575  0.00140613 3.27886e-06 0.000288859 -0.00267246 -0.00742913  0.00178912 -0.094147  0.220696  -9.80606 
             10.9004 0.0532759  0.125639  -2.90459  0.00989119 -0.00535738  0.00174821 0 0 0 0.04165 0.02326 -0.0284  0.00728283 -0.00745054  0.00322483  0.00141433 1.48451e-05  0.00023969 -0.00267643 -0.00707597  0.00198458 -0.0944281   0.220576   -9.80606 
             11.0003 0.0339319  0.115074  -2.93032  0.00895374 -0.00281818 0.000353888 0 0 0 0.04165 0.02326 -0.0284 -0.000352371   0.00608444  -0.00317905  0.00145391 1.46974e-05 0.000253594 -0.00179479 -0.00727154  0.00267594 -0.0943806   0.221451   -9.80605 
             11.1001 0.0475897  0.103007  -2.91414  0.00832917 -0.00315637 -0.00143238 0 0 0 0.04165 0.02326 -0.0284 -0.00116759  0.00692351 -0.00904842  0.00142622 3.16728e-05 0.000243599 -0.00181216   -0.007001  0.00319957 -0.0946406   0.221416   -9.80604 
                11.2 0.0500932 0.0929059  -2.92309  0.00831839 -0.00316743 -0.00266166 0 0 0 0.04165 0.02326 -0.0284  -0.00191265 -0.000246592   -0.0109481  0.00142672 3.72082e-05 0.000248436  -0.0019423 -0.00693746  0.00330238 -0.0946953   0.221292   -9.80605 
             11.3002 0.0402925   0.10012  -2.92667  0.00922945 -0.00371939 -0.00226741 0 0 0 0.04165 0.02326 -0.0284  0.00456085 0.000715299 -0.00454387   0.0014322  2.5958e-05 0.000259796 -0.00230206 -0.00696176  0.00275972 -0.0946324   0.220967   -9.80605 
                11.4 0.0544343 0.0910641  -2.92191  0.00869164 -0.00357546 -0.00186786 0 0 0 0.04165 0.02326 -0.0284 0.000938932 0.000700961    -0.00183  0.00141112 3.30041e-05 0.000254668  -0.0020327 -0.00682169  0.00245595 -0.0947729   0.221205   -9.80605 
             11.4999 0.0534617  0.101129  -2.92748   0.00839782  -0.00360938 -8.69107e-05 0 0 0 0.04165 0.02326 -0.0284 -0.000929698  -0.00134844   0.00643024  0.00141805 1.77854e-05 0.000256877 -0.00196286 -0.00670325  0.00179523 -0.09487 0.221264 -9.80605 
             11.6005 0.041267 0.107232 -2.92725  0.00825699 -0.00368525 0.000544574 0 0 0 0.04165 0.02326 -0.0284  0.00100772 0.000587498  0.00651918  0.00143173 1.48005e-05 0.000255816 -0.00193853 -0.00667466  0.00179619 -0.0948981   0.221285   -9.80604 
             11.7003 0.0529532  0.100874  -2.92569  0.00897814 -0.00368216 0.000834224 0 0 0 0.04165 0.02326 -0.0284  0.00430854 8.43986e-06  0.00475148  0.00141809 1.73788e-05 0.000254894 -0.00207468 -0.00679922  0.00190395 -0.0947764   0.221169   -9.80605 
             11.8002 0.0484052   0.10499  -2.92855  0.00862864   -0.003201 8.96614e-05 0 0 0 0.04165 0.02326 -0.0284   0.00125253   0.00184944 -0.000130268  0.00142481 1.63923e-05 0.000256371 -0.00182713 -0.00672931  0.00233907 -0.0948709   0.221389   -9.80604 
                11.9 0.0502416 0.0979899  -2.92925   0.00900558   -0.0030678 -0.000811446 0 0 0 0.04165 0.02326 -0.0284 0.00308425 0.00288815 -0.0037952  0.00141606 2.10921e-05 0.000253635 -0.00189524 -0.00676953  0.00263757 -0.0948368   0.221328   -9.80604 
             11.9998 0.0567111  0.100331  -2.92524   0.00902692  -0.00323592 -0.000858226 0 0 0 0.04165 0.02326 -0.0284  0.00237565 0.000748897 -0.00281874  0.00140665 2.05666e-05 0.000248918 -0.00188131 -0.00665746  0.00252224 -0.0949371   0.221333   -9.80604 
             12.1005 0.0500121  0.100484  -2.92864  0.00914131 -0.00292192 -0.00113174 0 0 0 0.04165 0.02326 -0.0284  0.00227823   0.0026611 -0.00278496  0.00141894 2.01373e-05 0.000253904 -0.00183029 -0.00665774  0.00252144 -0.0949408   0.221379   -9.80604 
             12.2003 0.0473601 0.0951651  -2.92462  0.00912194 -0.00337302 -0.00119199 0 0 0 0.04165 0.02326 -0.0284 0.000555138  0.00031194 -0.00200957  0.00142729 2.67079e-05 0.000252625 -0.00189703  -0.0065023  0.00245354 -0.0950753   0.221306   -9.80604 
             12.3002 0.0490572  0.105882  -2.92716   0.00871391  -0.00325294 -0.000556447 0 0 0 0.04165 0.02326 -0.0284 -0.000350851 -0.000282528   0.00123023  0.00142194 2.03603e-05 0.000253865 -0.00175589  -0.0064251  0.00217507 -0.0951501   0.221429   -9.80604 
                12.4 0.0473092  0.101246  -2.92855   0.00922659  -0.00333486 -0.000122166 0 0 0 0.04165 0.02326 -0.0284   0.00290839 -0.000656034   0.00151707  0.00142236 2.04608e-05 0.000256777 -0.00186857 -0.00648927  0.00206363 -0.0950798   0.221332   -9.80604 
             12.4998  0.052204 0.0932874  -2.92238  0.00875879 -0.00353054 -0.00104733 0 0 0 0.04165 0.02326 -0.0284 -0.000194804 -0.000500524  -0.00171555  0.00141141 3.13822e-05  0.00024766 -0.00172389  -0.0063383  0.00243515 -0.0952382   0.221449   -9.80604 
             12.6004  0.048136 0.0969409  -2.92363  0.00849569 -0.00356843 -0.00136702 0 0 0 0.04165 0.02326 -0.0284 -0.000709854  0.000557588  -0.00243363  0.00141473 2.38355e-05 0.000246246 -0.00166689 -0.00628133   0.0024777 -0.0952957   0.221496   -9.80604 
             12.7003 0.0500938 0.0956696  -2.92905   0.00846619  -0.00305975 -0.000998563 0 0 0 0.04165 0.02326 -0.0284 -0.00132319  0.00234459 0.000346135  0.00141261 2.84212e-05 0.000251302 -0.00160519 -0.00636847  0.00228811 -0.0952173   0.221561   -9.80604 
             12.8001 0.0489357  0.100763  -2.92496   0.00846635  -0.00345076 -0.000236489 0 0 0 0.04165 0.02326 -0.0284 -0.000319174     0.000557   0.00257389  0.00141764 2.59556e-05 0.000246626 -0.00172424 -0.00626738  0.00203488 -0.0952922   0.221445   -9.80604 
                12.9 0.0454286  0.102249  -2.92979   0.00905305   -0.0029211 -0.000341811 0 0 0 0.04165 0.02326 -0.0284 0.00326034 0.00191393 0.00166677  0.00142578 2.93319e-05 0.000250946 -0.00176201 -0.00645346  0.00216721 -0.0951244   0.221427   -9.80604 
             12.9998 0.0477158 0.0965748   -2.9282   0.00911964  -0.00304616 -0.000268976 0 0 0 0.04165 0.02326 -0.0284  0.00287446 0.000807633  0.00178223  0.00142429 3.66066e-05 0.000251187 -0.00174977 -0.00634897  0.00219466 -0.0952203   0.221429   -9.80604 
             13.1005 0.0462538  0.106327  -2.92479    0.0087289  -0.00283513 -5.56062e-05 0 0 0 0.04165 0.02326 -0.0284 0.000177029   0.0021986  0.00142254  0.00142184 2.97218e-05 0.000248645 -0.00159786 -0.00625406   0.0021961 -0.095319  0.221557  -9.80603 
             13.2003 0.042763 0.102875 -2.92886    0.0084968  -0.00321037 -0.000246349 0 0 0 0.04165 0.02326 -0.0284  -0.00114003  -0.00119503 -0.000145524  0.00142288 3.81861e-05 0.000251129 -0.00163493 -0.00613383  0.00230159 -0.0954265   0.221513   -9.80603 
             13.3001 0.0469375  0.102007  -2.93018  0.00847475 -0.00363164 -0.00045616 0 0 0 0.04165 0.02326 -0.0284  5.4368e-05 -0.00247395 -0.00184334  0.00141974 4.06717e-05 0.000248232 -0.00169787 -0.00608979  0.00234297 -0.0954615   0.221452   -9.80604 
                13.4 0.0398036  0.105032  -2.93094   0.00842144  -0.00363289 -0.000617513 0 0 0 0.04165 0.02326 -0.0284 -0.000266547 -0.000907083  -0.00192377  0.00142865 3.90658e-05 0.000248561 -0.00165406 -0.00611009  0.00235882 -0.0954476   0.221493   -9.80603 
             13.4998 0.0440423 0.0944542   -2.9302   0.00870142  -0.00303894 -0.000682835 0 0 0 0.04165 0.02326 -0.0284  0.00154994  0.00164319 -0.00145669  0.00142661 5.10949e-05 0.000248853 -0.00161031 -0.00625947   0.0023238 -0.0953169   0.221546   -9.80603 
             13.6004 0.0488143  0.104484  -2.92305   0.00881174  -0.00324267 -0.000723108 0 0 0 0.04165 0.02326 -0.0284   0.00164934 -0.000702593  -0.00143994  0.00142303 4.52057e-05 0.000244716 -0.00164689 -0.00619335  0.00227999 -0.0953716   0.221507   -9.80603 
             13.7003 0.0404887  0.101751  -2.93345    0.0084959  -0.00324222 -0.000750184 0 0 0 0.04165 0.02326 -0.0284 -0.000440577 -0.000686637  -0.00100211  0.00142878 5.14385e-05 0.000253795 -0.00154757 -0.00612317  0.00225275 -0.0954427    0.22159   -9.80603 
             13.8001 0.0495746 0.0952412  -2.91918   0.00831928  -0.00399528 -0.000781205 0 0 0 0.04165 0.02326 -0.0284 -0.000171732  -0.00292455  -0.00079976  0.00142509 5.47828e-05   0.0002392 -0.00160633  -0.0060003  0.00222566 -0.095546  0.221526  -9.80603 
                13.9 0.0490588  0.104328  -2.93018  0.00882338 -0.00389685 -0.00062558 0 0 0 0.04165 0.02326 -0.0284   0.0027099 -0.00268806 0.000616106  0.00143001 4.84985e-05 0.000245144 -0.00163955 -0.00613153  0.00215757 -0.0954244   0.221509   -9.80603 
             13.9998 0.0432345  0.103734  -2.92619  0.00906538  -0.0040027 -0.00039948 0 0 0 0.04165 0.02326 -0.0284   0.0025425 -0.00184694  0.00172789  0.00143332 5.76434e-05 0.000242424 -0.00161548 -0.00613366  0.00211388 -0.0954238   0.221531   -9.80603 
             14.1004 0.0379895 0.0999229  -2.93022 0.00854242 -0.0030331 -0.0001208 0 0 0 0.04165 0.02326 -0.0284 -0.000383101   0.00341311    0.0021738  0.00143424 5.93002e-05 0.000250866  -0.0013187 -0.00618333  0.00209531 -0.0954076     0.2218   -9.80603 
             14.2003 0.0488713 0.0989913   -2.9291   0.00916109  -0.00235555 -0.000402318 0 0 0 0.04165 0.02326 -0.0284  0.00257819  0.00470461 0.000898084  0.00142519 5.95032e-05 0.000253002 -0.00139246 -0.00633256  0.00223796 -0.095272  0.221749  -9.80603 
             14.3001 0.0484558 0.0928851   -2.9307   0.00923752  -0.00223661 -0.000434004 0 0 0 0.04165 0.02326 -0.0284   0.00261602   0.00262777 -0.000431723  0.00143072  5.9202e-05 0.000255557 -0.00140441 -0.00624644  0.00226579 -0.0953477   0.221729   -9.80603 
                14.4 0.0560748 0.0912566  -2.93346  0.00905634 -0.00173952 -0.00141388 0 0 0 0.04165 0.02326 -0.0284 0.000710133  0.00441161  -0.0041474   0.0014207 5.93139e-05 0.000258161 -0.00129345 -0.00621313  0.00253568 -0.0953946   0.221822   -9.80603 
             14.4998 0.0470131 0.0945892  -2.92935  0.00898649 -0.00240619 -0.00158409 0 0 0 0.04165 0.02326 -0.0284 0.000655365 7.44113e-05 -0.00354893  0.00143123 5.95882e-05 0.000253563 -0.00140915 -0.00602657  0.00245405 -0.0955459   0.221702   -9.80603 
             14.6004 0.0511028 0.0951775  -2.93132   0.00863301  -0.00290178 -0.000717101 0 0 0 0.04165 0.02326 -0.0284 -0.000719769  -0.00188128   0.00160727  0.00142654 6.22992e-05 0.000255993  -0.0014113 -0.00588836  0.00213185 -0.0956603   0.221688   -9.80603 
             14.7003 0.0417348 0.0992475  -2.93138   0.00825525  -0.00286412 -0.000975074 0 0 0 0.04165 0.02326 -0.0284  -0.00136459  -0.00165676 -7.62718e-05  0.00143446 6.07762e-05 0.000255526 -0.00131791 -0.00586653  0.00224968 -0.0956914   0.221767   -9.80603 
             14.8001 0.0404439 0.0948372  -2.93145   0.00880814  -0.00329605 -0.000377848 0 0 0 0.04165 0.02326 -0.0284  0.00267118 -0.00171964  0.00216249  0.00143533 6.11233e-05 0.000255995  -0.0014871 -0.00590538  0.00207975 -0.0956364   0.221624   -9.80603 
                14.9 0.0482406 0.0912042  -2.91819  0.00837438  -0.0041866 -0.00103791 0 0 0 0.04165 0.02326 -0.0284 -0.000549311  -0.00346466 -0.000970509  0.00142255 6.56351e-05 0.000245461 -0.00144859  -0.0057153  0.00233248 -0.0958131   0.221636   -9.80603 
             14.9998 0.0367109 0.0948076  -2.92102  0.00858246 -0.00441609 -0.00106294 0 0 0 0.04165 0.02326 -0.0284   0.00132951  -0.00345626 -0.000711759  0.00143389  5.9569e-05 0.000248708 -0.00148217 -0.00575905   0.0023067 -0.0957707   0.221611   -9.80603 
             15.1004 0.0474326 0.0888217   -2.9175   0.00853587  -0.00430572 -0.000722358 0 0 0 0.04165 0.02326 -0.0284 0.000148417 -0.00093193 0.000988884  0.00141885 6.50528e-05 0.000247512  -0.0014097 -0.00579274  0.00219754 -0.0957464   0.221679   -9.80603 
             15.2003 0.0348782  0.101863   -2.9247   0.00917532  -0.00409822 -0.000690196 0 0 0 0.04165 0.02326 -0.0284 0.00341405 0.00161351 0.00119617  0.00142796 5.45424e-05 0.000254842 -0.00147375  -0.0059107  0.00220332 -0.0956367   0.221636   -9.80603 
             15.3001  0.041753 0.0984636  -2.93026   0.00897339  -0.00295091 -5.63751e-05 0 0 0 0.04165 0.02326 -0.0284 0.00192653 0.00420393 0.00293512  0.00142296 5.69349e-05 0.000258672 -0.00123347 -0.00598328  0.00206217 -0.0955963   0.221855   -9.80602 
                15.4 0.0427587 0.0942023  -2.92831   0.00892193  -0.00246933 -0.000210903 0 0 0 0.04165 0.02326 -0.0284 0.000526214  0.00463488  0.00117956  0.00142356  5.9572e-05 0.000255852 -0.00118621  -0.0059559  0.00218375 -0.0956282   0.221893   -9.80602 
             15.4998 0.0379676  0.101647   -2.9318   0.00930155  -0.00223149 -0.000583844 0 0 0 0.04165 0.02326 -0.0284  0.00292125  0.00483527 -0.00125392  0.00142146 5.31356e-05 0.000256853 -0.00126845 -0.00595284  0.00230536 -0.095625  0.221819  -9.80603 
             15.6004 0.0486989 0.0885592  -2.92785  0.00927493 -0.00275658 -0.00124765 0 0 0 0.04165 0.02326 -0.0284  0.00184405 0.000803943 -0.00286154  0.00141468 6.50561e-05 0.000253114 -0.00133637  -0.0057746  0.00246546 -0.0957763   0.221739   -9.80603 
             15.7003 0.0468144  0.103022  -2.92762   0.0087456 -0.00261644 -0.00100843 0 0 0 0.04165 0.02326 -0.0284 -0.000896896  0.000112126  -0.00170729  0.00141245 5.63964e-05 0.000252786 -0.00120039 -0.00567727  0.00231998 -0.0958716   0.221848   -9.80602 
             15.8001 0.0364198 0.0997493  -2.93217   0.00886413  -0.00355051 -0.000600287 0 0 0 0.04165 0.02326 -0.0284  0.00102875 -0.00303784   0.0011381  0.00142577  6.1081e-05 0.000255925 -0.00135235 -0.00556747  0.00217231 -0.0959465   0.221706   -9.80602 
                15.9 0.0579389 0.0944209  -2.92375   0.00868961  -0.00367526 -0.000497087 0 0 0 0.04165 0.02326 -0.0284 -0.000583338  -0.00291423  0.000920409  0.00140537 6.54478e-05 0.000249427 -0.00128047 -0.00556734  0.00217337 -0.0959545   0.221768   -9.80602 
             15.9998 0.0490164 0.0953215  -2.92539   0.00853558    -0.003774 -0.000991379 0 0 0 0.04165 0.02326 -0.0284 -0.000442643  -0.00194265  -0.00145775  0.00141461 6.32224e-05 0.000252578 -0.00124563 -0.00557767  0.00233734 -0.0959533   0.221798   -9.80602 
             16.1004 0.0410382 0.0912285  -2.93083  0.00863538 -0.00336548 -0.00146833 0 0 0 0.04165 0.02326 -0.0284 -0.000501884   0.00152781  -0.00267516  0.00142281 6.82286e-05 0.000255372 -0.00121087 -0.00567498  0.00243408 -0.0958757   0.221838   -9.80602 
             16.2003 0.0481749 0.0933582  -2.92864   0.00910981  -0.00320617 -0.000860994 0 0 0 0.04165 0.02326 -0.0284  0.00293288 0.000292557 0.000883604  0.00141133 6.44086e-05 0.000248316 -0.00126923 -0.00574215  0.00222648 -0.095807  0.221797  -9.80602 
             16.3001 0.0437605 0.0954514  -2.92888   0.00842778  -0.00340126 -0.000927339 0 0 0 0.04165 0.02326 -0.0284  -0.00159078 -0.000135832  0.000758575  0.00141689 6.51274e-05 0.000247652 -0.00114381 -0.00557928  0.00228544 -0.095962  0.221886  -9.80602 
                16.4 0.0419514 0.0911289  -2.92388    0.0087429  -0.00388023 -0.000908524 0 0 0 0.04165 0.02326 -0.0284  0.000745094 -0.000598818  0.000866803  0.00141409 6.98201e-05 0.000245088 -0.00127402 -0.00557475  0.00229349 -0.0959512   0.221774   -9.80602 
             16.4998 0.0517201  0.103449  -2.92671    0.0087899  -0.00369809 -0.000153517 0 0 0 0.04165 0.02326 -0.0284 0.000655803 -0.00058921  0.00408514  0.00140706 6.17935e-05 0.000247106 -0.00123401  -0.0056029  0.00212642 -0.095928  0.221813  -9.80602 
             16.6005 0.0404301 0.0983896  -2.92685   0.00885142  -0.00323128 -3.11844e-05 0 0 0 0.04165 0.02326 -0.0284 0.000528687 0.000924257  0.00263075  0.00141026 6.71125e-05 0.000246756 -0.00115548 -0.00566888  0.00219009 -0.0958824   0.221887   -9.80602 
             16.7003 0.0378635 0.0993966   -2.9265  0.00862294 -0.00316342 1.35087e-05 0 0 0 0.04165 0.02326 -0.0284 0.000793319  0.00115171  0.00153554  0.00141499 6.94711e-05 0.000246914  -0.0011068 -0.00561901  0.00225305 -0.095932  0.221922  -9.80602 
             16.8002 0.0465822  0.103116  -2.93146   0.00894812  -0.00248967 -0.000601396 0 0 0 0.04165 0.02326 -0.0284  0.00225226  0.00331274 -0.00161362  0.00140284 7.00621e-05 0.000253527 -0.00108304 -0.00572967  0.00245289 -0.0958457   0.221954   -9.80602 
                16.9 0.0340283 0.0972726  -2.92964   0.00905946  -0.00282924 -0.000427236 0 0 0 0.04165 0.02326 -0.0284    0.0022686   0.00178359 -4.17038e-05  0.00140773  7.7668e-05 0.000251888 -0.00114366 -0.00562062  0.00237319 -0.0959289    0.22189   -9.80602 
             16.9998 0.0497735  0.095419  -2.92718   0.00835668  -0.00302508 -0.000663281 0 0 0 0.04165 0.02326 -0.0284  -0.00124879   0.00029945 -0.000651022  0.00138905 7.90397e-05 0.000251451 -0.00103369 -0.00547383  0.00244084 -0.096068  0.221965  -9.80602 
             17.1005  0.040074 0.0943272  -2.92939  0.00802683 -0.00263409  -0.0010022 0 0 0 0.04165 0.02326 -0.0284 -0.00291975  0.00109416 -0.00257839  0.00139819 7.50581e-05 0.000255106 -0.000972809  -0.00549632   0.00250305 -0.0960578   0.222019   -9.80602 
             17.2003 0.0487319 0.0916709  -2.92182   0.0079837 -0.00322489 -0.00116107 0 0 0 0.04165 0.02326 -0.0284 -0.000937775 -0.000441031  -0.00283193  0.00138523 8.14722e-05 0.000252339 -0.00108635 -0.00542858  0.00247293 -0.0961005   0.221915   -9.80602 
             17.3002  0.046979 0.0942949  -2.92634  0.00803785 -0.00369391  -0.0012646 0 0 0 0.04165 0.02326 -0.0284 -0.000277383  -0.00228671  -0.00174284  0.00138481 7.64649e-05  0.00025376 -0.00115673 -0.00540625  0.00243281 -0.0961098   0.221853   -9.80602 
                17.4 0.0382375  0.100467  -2.92861   0.00896985  -0.00337161 -0.000157479 0 0 0 0.04165 0.02326 -0.0284   0.00447699 -0.000216837   0.00399715   0.0013943 7.33734e-05 0.000256997  -0.0012521 -0.00557696  0.00212257 -0.095948  0.221797  -9.80602 
             17.4998 0.0529068 0.0943572  -2.92608  0.00915985 -0.00380234 -0.00014862 0 0 0 0.04165 0.02326 -0.0284  0.00446493 -0.00122092  0.00241121  0.00138634 8.01936e-05 0.000251767 -0.00125371 -0.00549205  0.00221158 -0.0960209   0.221785   -9.80602 
             17.6005 0.0384992 0.0982606  -2.92805   0.00946333  -0.00297312 -0.000741118 0 0 0 0.04165 0.02326 -0.0284   0.00311048   0.00253336 -0.000533565  0.00139035 7.63924e-05 0.000255045 -0.00112012 -0.00561259  0.00240478 -0.0959408    0.22191   -9.80602 
             17.7003 0.0484541 0.0935789  -2.92804   0.00930814  -0.00305363 -0.000516909 0 0 0 0.04165 0.02326 -0.0284   0.00145662   0.00032824 -0.000271233   0.0013839 8.48189e-05 0.000253454 -0.00107495 -0.00550769  0.00232374 -0.0960323   0.221936   -9.80602 
             17.8002 0.0413906 0.0992677  -2.92585   0.0090902 -0.00305702  -0.0003456 0 0 0 0.04165 0.02326 -0.0284 0.000283426 0.000968424  0.00131414  0.00138859 7.92656e-05  0.00025371 -0.00102802 -0.00544209   0.0022876 -0.0960921   0.221967   -9.80602 
                17.9 0.0430771 0.0962152  -2.92446    0.0092611  -0.00345511 -0.000509491 0 0 0 0.04165 0.02326 -0.0284   0.00111628 -0.000493304 -0.000648712  0.00138608  8.1948e-05 0.000256705 -0.00108742 -0.00539364  0.00234254 -0.0961261   0.221911   -9.80602 
             17.9998 0.0406508 0.0883685  -2.92468  0.00831827 -0.00314025 -0.00126988 0 0 0 0.04165 0.02326 -0.0284 -0.00367179 0.000221943 -0.00302134  0.00138849 9.09729e-05 0.000259645 -0.000882763  -0.00531434   0.00252715 -0.0962225   0.222069   -9.80601 
             18.1005 0.0462401 0.0993574   -2.9318  0.00839117 -0.00276826 -0.00104414 0 0 0 0.04165 0.02326 -0.0284 -0.00141352  0.00214992 0.000134741  0.00138753 8.45052e-05 0.000263414 -0.000913055  -0.00539754   0.00240653 -0.0961469   0.222056   -9.80601 
             18.2003   0.03995 0.0973521  -2.93807   0.00878075  -0.00259149 -0.000144901 0 0 0 0.04165 0.02326 -0.0284 0.00123872 0.00167724 0.00362615  0.00139948 8.83996e-05 0.000264702 -0.00100015 -0.00545511  0.00219328 -0.0960835   0.221993   -9.80602 
             18.3002 0.0521426 0.0996264  -2.92801   0.00848552  -0.00276755 -0.000164399 0 0 0 0.04165 0.02326 -0.0284 -9.43672e-05  0.000765426   0.00245555  0.00139273 9.07497e-05 0.000254927 -0.00097251  -0.0053632  0.00229009 -0.096165  0.222003  -9.80602 
                18.4 0.0409161  0.102207  -2.93201   0.00889789   -0.0027802 -0.000431017 0 0 0 0.04165 0.02326 -0.0284   0.0033729 0.000336706 0.000620851  0.00140195 8.88272e-05 0.000257759  -0.0010342 -0.00538453  0.00240523 -0.0961421   0.221954   -9.80602 
             18.4998 0.0540091 0.0867683  -2.92211  0.00907253 -0.00288306 -0.00168142 0 0 0 0.04165 0.02326 -0.0284  0.00293656 0.000162296 -0.00374358  0.00138968 0.000101596 0.000249891 -0.00102502 -0.00535049  0.00271759 -0.0961782   0.221955   -9.80602 
             18.6005 0.0515325 0.0926604  -2.92755   0.0092756 -0.00293466 -0.00192853 0 0 0 0.04165 0.02326 -0.0284   0.0023899 0.000292713 -0.00385152  0.00139321 9.42867e-05 0.000254595 -0.00102227 -0.00532371  0.00267918 -0.0961998   0.221954   -9.80602 
             18.7003 0.0429906 0.0958279  -2.93144  0.00891833 -0.00341252 -0.00132734 0 0 0 0.04165 0.02326 -0.0284 5.53303e-05 -0.00149425 0.000348436  0.00139935 9.27032e-05 0.000255479 -0.000982911  -0.00519399   0.00245481 -0.0963071    0.22197   -9.80602 
             18.8001  0.039082 0.0931599  -2.92881   0.00866986  -0.00338592 -0.000566535 0 0 0 0.04165 0.02326 -0.0284  -0.00101091 -0.000941633   0.00321535  0.00140158 9.29364e-05 0.000255496 -0.000925379  -0.00518349   0.00228892 -0.0963203   0.222018   -9.80601 
             18.8999 0.0401713 0.0989875  -2.93163   0.00869668  -0.00308314 -0.000320012 0 0 0 0.04165 0.02326 -0.0284 -0.000494696  0.000534858   0.00169245  0.00139816 8.65478e-05 0.000257213 -0.000900328    -0.005237   0.00228421 -0.0962799   0.222046   -9.80601 
             18.9998 0.0495194 0.0913194   -2.9278   0.00875484  -0.00300798 -0.000641971 0 0 0 0.04165 0.02326 -0.0284 -0.000457608  0.000650878  9.34979e-05  0.00139228 9.47332e-05 0.000253985 -0.000912619  -0.00525715   0.00239238 -0.0962641   0.222037   -9.80601 
             19.1004 0.0531254  0.102742  -2.92308   0.00921077  -0.00291097 -0.000545587 0 0 0 0.04165 0.02326 -0.0284  0.00193571 0.000189247 0.000908379  0.00138753 8.95867e-05  0.00025254 -0.000979959  -0.00530981   0.00236749 -0.0962117    0.22199   -9.80602 
             19.2003 0.0425271  0.093221  -2.93002    0.0089713  -0.00292539 -0.000468165 0 0 0 0.04165 0.02326 -0.0284 0.000529913  0.00135464 0.000843806   0.0013953 9.42483e-05 0.000257908 -0.000923745  -0.00524559   0.00238366 -0.0962719   0.222026   -9.80601 
             19.3001 0.0418158 0.0961862  -2.92643   0.00853574   -0.0033835 -0.000258543 0 0 0 0.04165 0.02326 -0.0284 -0.000593676 -0.000967204   0.00151876  0.00139981 9.46841e-05 0.000254169 -0.000897515  -0.00512434   0.00235522 -0.0963731   0.222031   -9.80601 
                19.4 0.0457592 0.0996291  -2.93054   0.00855761  -0.00345807 -0.000770892 0 0 0 0.04165 0.02326 -0.0284 -0.000344687  0.000100474  -0.00167089  0.00139899  9.6848e-05 0.000254598 -0.000917022  -0.00512989   0.00248955 -0.0963686   0.222015   -9.80601 
             19.4998 0.0319899 0.0974964  -2.92879    0.0087057  -0.00297393 -0.000600422 0 0 0 0.04165 0.02326 -0.0284  0.00101256  0.00261332 0.000270482  0.00140462 0.000101172 0.000256555 -0.000894027  -0.00521309   0.00242147 -0.0963033   0.222045   -9.80601 
             19.6005 0.0473641 0.0935429  -2.92725  0.00862486 -0.00298288 -0.00083683 0 0 0 0.04165 0.02326 -0.0284 0.000442456 0.000994863 -0.00123442  0.00139425 0.000104399 0.000254003 -0.000894294  -0.00515929   0.00248044 -0.0963479   0.222037   -9.80601 
             19.7003 0.0432741  0.100698    -2.929  0.00841443 -0.00293289 -0.00117849 0 0 0 0.04165 0.02326 -0.0284 0.000163736  0.00236362 -0.00295791  0.00140063 0.000100798 0.000255135 -0.000859504  -0.00511136   0.00252615 -0.0963923   0.222058   -9.80601 
             19.8002 0.0456611 0.0982227  -2.92512   0.00866985  -0.00331979 -0.000856899 0 0 0 0.04165 0.02326 -0.0284     0.002274  -0.00103691 -0.000236673  0.00140269 0.000103983 0.000251939 -0.000937224  -0.00506884   0.00238823 -0.0964124   0.221991   -9.80601 
                19.9  0.04769 0.100569 -2.92749  0.00915285 -0.00334177 -0.00110399 0 0 0 0.04165 0.02326 -0.0284  0.00356557 -0.00113038 -0.00157466    0.001402 0.000103849 0.000251337 -0.000966631   -0.0051049   0.00242618 -0.0963802   0.221972   -9.80601 
             19.9998 0.0514319 0.0982853  -2.92598   0.00929761  -0.00307701 -0.000976412 0 0 0 0.04165 0.02326 -0.0284   0.0036395  0.00131886 1.05793e-05  0.00139975 0.000105885 0.000248873 -0.000894123  -0.00511375   0.00237497 -0.0963825   0.222032   -9.80601 
             20.1005 0.0404167 0.0919152   -2.9307   0.00931002  -0.00277482 -0.000347577 0 0 0 0.04165 0.02326 -0.0284 0.00220748  0.0025077 0.00230054  0.00140619 0.000110037 0.000255428 -0.000822524  -0.00510176   0.00223248 -0.0963995   0.222088   -9.80601 
             20.2003 0.0491034  0.102441   -2.9287   0.00959969   -0.0027102 -0.000867263 0 0 0 0.04165 0.02326 -0.0284    0.0025425    0.0014656 -9.52961e-05 0.00140039 0.00010644 0.00025325 -0.000850484  -0.00508921   0.00239877 -0.0964087   0.222063   -9.80601 
             20.3002 0.0428409 0.0914427  -2.92845  0.00963309 -0.00333792 -0.00086977 0 0 0 0.04165 0.02326 -0.0284   0.00248652 -0.000289825 -0.000173621  0.00140251 0.000112313 0.000253614 -0.000892738  -0.00496698   0.00238764 -0.0964992   0.222011   -9.80601 
                20.4 0.0563552 0.0904825  -2.92188   0.0084295 -0.00284964 -0.00114064 0 0 0 0.04165 0.02326 -0.0284 -0.00411661  0.00229653 -0.00116466  0.00139287 0.000112096 0.000251316 -0.000642456  -0.00489113   0.00244965 -0.096597  0.222198  -9.80601 
             20.4999 0.0442295  0.100552  -2.92761    0.0082695  -0.00273581 -0.000364685 0 0 0 0.04165 0.02326 -0.0284 -0.00298171  0.00121724   0.0024042  0.00140707 0.000103039 0.000256368 -0.000681203  -0.00489964   0.00225588 -0.096581   0.22217  -9.80601 
             20.6001  0.040118 0.0942951  -2.92853   0.00802222  -0.00315091 -0.000451308 0 0 0 0.04165 0.02326 -0.0284   -0.002705 0.000483667  0.00075031  0.00140807 0.000112135 0.000254808 -0.000748709  -0.00483617   0.00231485 -0.0966219   0.222107   -9.80601 
             20.6999 0.0397128   0.10166  -2.92693   0.00821658  -0.00358305 -0.000690891 0 0 0 0.04165 0.02326 -0.0284 -0.000297678 -9.88889e-05 -0.000590379  0.00140879 0.000105453 0.000252565 -0.000857093  -0.00482304   0.00238242 -0.0966174   0.222019   -9.80601 
             20.8002 0.0406778 0.0986246  -2.92572   0.00875009  -0.00381269 -0.000642588 0 0 0 0.04165 0.02326 -0.0284   0.00286701  -0.00148798 -0.000494472  0.00140395 0.000110246 0.000252798 -0.000951548  -0.00485311   0.00234915 -0.0965791    0.22195   -9.80601 
                20.9 0.0446335  0.096737  -2.92159   0.00852998  -0.00377105 -0.000733302 0 0 0 0.04165 0.02326 -0.0284   0.00136406 -0.000513118 -0.000668995  0.00139798 0.000113692 0.000246793 -0.000862136   -0.0048224   0.00236792 -0.0966169   0.222015   -9.80601 
             20.9998 0.0448606 0.0958779  -2.92458     0.008828  -0.00320221 -0.000926781 0 0 0 0.04165 0.02326 -0.0284  0.00262587  0.00157287 -0.00112333  0.00140154 0.000110493  0.00025213 -0.000825392  -0.00490623   0.00240191 -0.0965578   0.222056   -9.80601 
             21.1005 0.0490191 0.0927417  -2.92269   0.00915519  -0.00320004 -0.000687057 0 0 0 0.04165 0.02326 -0.0284   0.00234906   0.00117063 -0.000205423  0.00139943   0.0001119 0.000251076 -0.00085357 -0.00489301  0.00232727 -0.0965622   0.222033   -9.80601 
             21.2003 0.0490975 0.0961845  -2.92531   0.00916685  -0.00261766 -0.000867921 0 0 0 0.04165 0.02326 -0.0284  0.00186927  0.00397657 -0.00055459  0.00139953  0.00010984 0.000253246 -0.000780007  -0.00491828   0.00237109 -0.0965548   0.222093   -9.80601 
             21.3002 0.0500103 0.0965647  -2.93043  0.00882255 -0.00273138 -0.00107533 0 0 0 0.04165 0.02326 -0.0284 -0.000262859   0.00165406 -0.000795004  0.00139989 0.000109111 0.000254958 -0.000743801   -0.0048185   0.00240027 -0.0966382   0.222106   -9.80601 
                21.4 0.0464908  0.091987  -2.92504   0.00886783  -0.00336104 -0.000662921 0 0 0 0.04165 0.02326 -0.0284 -0.000183626  -0.00129143   0.00116316  0.00140419 0.000114268 0.000252172 -0.000831209  -0.00472737   0.00230042 -0.0966934   0.222025   -9.80601 
             21.4998 0.0417012 0.0957577  -2.93081   0.0092739 -0.00330171 -0.00114304 0 0 0 0.04165 0.02326 -0.0284  0.00228488 0.000815516 -0.00062341  0.00140651 0.000108262 0.000256717 -0.000865992  -0.00478186   0.00241771 -0.0966481   0.222005   -9.80601 
             21.6005 0.0321838 0.0936746  -2.92885    0.0087825  -0.00333792 -0.000643854 0 0 0 0.04165 0.02326 -0.0284  -0.00104208 -5.50736e-05   0.00155136  0.00140698 0.000108221 0.000253254 -0.000766953  -0.00470105   0.00230954 -0.0967237    0.22207   -9.80601 
             21.7003 0.0497799 0.0910343  -2.91945   0.00898441  -0.00338795 -0.000587477 0 0 0 0.04165 0.02326 -0.0284  0.000408617 -0.000416024   0.00129057  0.00139006 0.000108798 0.000248304 -0.000810272  -0.00471867   0.00232948 -0.0967038   0.222039   -9.80601 
             21.8002 0.0444036 0.0988958  -2.92796   0.00871202  -0.00317291 -0.000605075 0 0 0 0.04165 0.02326 -0.0284 -0.00115622  0.00066511 0.000840928  0.00139743 0.000104338 0.000258487 -0.000746944  -0.00471592   0.00236637 -0.0967166   0.222087   -9.80601 
                21.9 0.0407096 0.0965661   -2.9288   0.00886159  -0.00313244 -0.000489042 0 0 0 0.04165 0.02326 -0.0284 0.000314036  0.00121619 0.000862089  0.00140216 0.000105275 0.000258567 -0.000782041  -0.00473381   0.00235988 -0.0966972   0.222063   -9.80601 
             21.9998 0.0448469 0.0944063  -2.92858  0.00867596 -0.00327456 -0.00130489 0 0 0 0.04165 0.02326 -0.0284 0.000402724 0.000546361 -0.00318616  0.00140004 0.000105953 0.000257673 -0.000766931  -0.00468431   0.00253948 -0.0967406   0.222065   -9.80601 
             22.1005 0.0364682 0.0948526  -2.92691  0.00869889 -0.00362714 -0.00115985 0 0 0 0.04165 0.02326 -0.0284  0.000802124 -0.000665131  -0.00139506  0.00140406 0.000107197 0.000254198 -0.000802076  -0.00463657   0.00245984 -0.0967699   0.222031   -9.80601 
             22.2003 0.0474862 0.0985361  -2.92494  0.00850344 -0.00362549 -0.00027716 0 0 0 0.04165 0.02326 -0.0284 0.000248775 -0.00048095  0.00285199  0.00140205 0.000105852 0.000255943 -0.000757992  -0.00461278   0.00225503 -0.0967911   0.222063   -9.80601 
             22.3002 0.0471105 0.0947858  -2.92851   0.00867578  -0.00292148 -0.000770683 0 0 0 0.04165 0.02326 -0.0284 0.000785843  0.00283093 -0.00087175  0.00140231 0.000105771 0.000258424 -0.000718464  -0.00470771   0.00240532 -0.0967284   0.222107   -9.80601 
                22.4 0.0444686 0.0944948  -2.92654   0.00856408  -0.00265509 -0.000606857 0 0 0 0.04165 0.02326 -0.0284 -0.000916971    0.0035081 -0.000202801  0.00140111 0.000104826 0.000255852 -0.000700017  -0.00468597   0.00235946 -0.096747  0.222118  -9.80601 
             22.4998 0.0479306 0.0967558  -2.92658   0.0085123 -0.00266615 -0.00084033 0 0 0 0.04165 0.02326 -0.0284 -0.000348993   0.00178488  -0.00101332  0.00139361 0.000105564 0.000254892 -0.000729448  -0.00464722   0.00239863 -0.0967721   0.222089   -9.80601 
             22.6005 0.0503913 0.0997875  -2.92879   0.00873977  -0.00306391 -0.000873476 0 0 0 0.04165 0.02326 -0.0284   0.00076401 -0.000654964 -0.000821306  0.00139105 0.000101195 0.000255998 -0.000810223   -0.0046042   0.00237433 -0.096791  0.222021  -9.80601 
             22.7003 0.0520783 0.0935658  -2.92629    0.0085437  -0.00356531 -0.000846488 0 0 0 0.04165 0.02326 -0.0284 -0.000815177  -0.00234956 -0.000146339  0.00139272 0.000109942 0.000252286 -0.000804806  -0.00453108   0.00234839 -0.0968462   0.222013   -9.80601 
             22.8001 0.0464584 0.0931284  -2.92716  0.00803602 -0.00318215 -0.00142538 0 0 0 0.04165 0.02326 -0.0284 -0.00334483 0.000164328 -0.00202981  0.00139573 0.000108214 0.000252542 -0.000696889  -0.00455833   0.00246343 -0.0968453   0.222098   -9.80601 
                22.9 0.0498261 0.0972802  -2.92547   0.00786976  -0.00348364 -0.000581032 0 0 0 0.04165 0.02326 -0.0284 -0.00279644 -0.00141334  0.00175922  0.00139205 0.000104214 0.000249669 -0.000747276  -0.00453161   0.00225282 -0.0968537   0.222058   -9.80601 
             22.9998 0.0526065 0.0921261  -2.92078   0.00812232  -0.00380549 -0.000639961 0 0 0 0.04165 0.02326 -0.0284 0.000546468 -0.00093695  0.00124438  0.00138822  0.00010939 0.000244027 -0.000832956  -0.00454904   0.00229821 -0.0968274   0.221996   -9.80601 
             23.1005 0.0379613  0.099172  -2.92516    0.0084359  -0.00361107 -0.000690286 0 0 0 0.04165 0.02326 -0.0284  0.00189975 8.83726e-05 0.000327995  0.00139453 0.000103372 0.000245538 -0.000846935  -0.00460064   0.00233679 -0.0967874   0.221994   -9.80601 
             23.2003 0.0531904 0.0874127  -2.91897  0.00843824 -0.00357972 -0.00107266 0 0 0 0.04165 0.02326 -0.0284   0.00120848  0.000534442 -0.000716582  0.00138049 0.000109346 0.000243078 -0.000827598  -0.00458336   0.00242797 -0.0968049   0.222004   -9.80601 
             23.3002 0.0468553 0.0971691  -2.92011   0.00858727  -0.00381689 -0.000955678 0 0 0 0.04165 0.02326 -0.0284   0.00196841  0.000288062 -0.000461663  0.00138434  0.00010122 0.000244003 -0.00085817 -0.00455384  0.00238875 -0.0968209   0.221977   -9.80601 
                23.4 0.0500177 0.0983994  -2.92317   0.00864319  -0.00312775 -0.000822304 0 0 0 0.04165 0.02326 -0.0284  0.00146696  0.00197402 0.000349317  0.00138267 0.000100909 0.000246863 -0.000787583   -0.0046229   0.00236359 -0.0967817   0.222041   -9.80601 
             23.4999 0.0404106 0.0973979  -2.92793   0.00858294  -0.00326462 -0.000133801 0 0 0 0.04165 0.02326 -0.0284 0.000815492  0.00092714  0.00267066  0.00138713  0.00010149 0.000248651 -0.000799031  -0.00455859   0.00223974 -0.096825  0.222023  -9.80601 
             23.6005 0.049098 0.103728 -2.92522  0.00934325  -0.0024538 2.13347e-06 0 0 0 0.04165 0.02326 -0.0284  0.0043343 0.00488739 0.00238124  0.00138218 0.000100018 0.000248683 -0.000836715   -0.0046916   0.00226779 -0.0967217   0.222018   -9.80601 
             23.7003 0.0452858 0.0972179  -2.92949 0.00911166 -0.0023655 -0.0004152 0 0 0 0.04165 0.02326 -0.0284   0.00180493   0.00340019 -0.000219035  0.00137991 0.000106301 0.000250051 -0.000769153  -0.00459997   0.00239673 -0.0968025   0.222051   -9.80601 
             23.8002 0.0471998  0.100702  -2.92629   0.00883278  -0.00286939 -0.000576076 0 0 0 0.04165 0.02326 -0.0284 0.000455895 0.000335456 -0.00114812  0.00137764 0.000103372 0.000244822 -0.000775581  -0.00446184   0.00242207 -0.0969027   0.222022   -9.80601 
                23.9 0.0483808  0.101352  -2.92652  0.00878841 -0.00284757 -0.00124485 0 0 0 0.04165 0.02326 -0.0284 -6.1147e-05 0.000450024 -0.00307517   0.0013776 0.000107642 0.000248552 -0.000755482  -0.00444813   0.00252343 -0.096918  0.222034  -9.80601 
             23.9999 0.0521376 0.0880569  -2.92205  0.00879491 -0.00326385 -0.00138971 0 0 0 0.04165 0.02326 -0.0284 -0.000144713  -0.00147343  -0.00255075  0.00137736 0.000119555 0.000243877 -0.000791624  -0.00439895    0.0024895 -0.096947  0.221999  -9.80601 
             24.1001  0.04785 0.096063 -2.92816   0.0087988 -0.00353495 -0.00153513 0 0 0 0.04165 0.02326 -0.0284 -0.000457002  -0.00190575  -0.00231738  0.00138039 0.000114755 0.000248654 -0.000805194  -0.00438659    0.0024654 -0.0969532   0.221987   -9.80601 
             24.1999  0.048541 0.0920296  -2.92273  0.00798264 -0.00341048 -0.00138772 0 0 0 0.04165 0.02326 -0.0284  -0.00375264 -0.000505734 -0.000503365  0.00137942 0.000118166 0.000245748 -0.000677312  -0.00435676   0.00240201 -0.0969958   0.222075   -9.80601 
             24.3002 0.0571424 0.0887285  -2.91873   0.0085798 -0.00372391 -0.00111527 0 0 0 0.04165 0.02326 -0.0284 0.000813856 -0.00176471 0.000471756  0.00137588 0.000118275 0.000241848 -0.000829234  -0.00440874   0.00234011 -0.0969312   0.221975   -9.80601 
                24.4 0.0486081  0.092865  -2.92477   0.0086772 -0.00387509 -0.00124957 0 0 0 0.04165 0.02326 -0.0284 0.000758285 -0.00148927 5.98169e-05  0.00138171 0.000115576 0.000245393 -0.000834314  -0.00441413   0.00237674 -0.0969269   0.221972   -9.80601 
             24.4999  0.054559 0.0922979  -2.91944   0.00875546  -0.00374726 -0.000614955 0 0 0 0.04165 0.02326 -0.0284 0.000866377 0.000459661  0.00200188  0.00137889 0.000117053 0.000240372 -0.000820856   -0.0044487   0.00226203 -0.0969031   0.221989   -9.80601 
             24.6005 0.0621919 0.0945571  -2.92145  0.00890152 -0.00316225 -0.00047926 0 0 0 0.04165 0.02326 -0.0284 0.00123188 0.00218301 0.00174796  0.00137662 0.000111226 0.000241824 -0.000782778  -0.00451051   0.00227843 -0.0968659   0.222027   -9.80601 
             24.7003 0.0490517  0.094863  -2.92164  0.00892073 -0.00331479  -0.0006196 0 0 0 0.04165 0.02326 -0.0284  0.00074171 0.000957812 5.58545e-05  0.00138731 0.000109556 0.000244132 -0.000801216  -0.00445677    0.0023305 -0.0969015   0.222004   -9.80601 
             24.8002 0.0442299 0.0931973  -2.92343   0.00859761   -0.0034085 -0.000737017 0 0 0 0.04165 0.02326 -0.0284 -0.000756045   0.00122305 -0.000261229  0.00139137 0.000111608 0.000245859 -0.000758531   -0.0044022   0.00236006 -0.0969482   0.222024   -9.80601 
                24.9 0.0546585 0.0953891  -2.92632  0.00859503  -0.0024013 -0.00118957 0 0 0 0.04165 0.02326 -0.0284 -0.00014299  0.00347811 -0.00164138   0.0013827 0.000110145 0.000248774 -0.000686849  -0.00450697   0.00243916 -0.0968879   0.222093   -9.80601 
             24.9998 0.0482081 0.0943662  -2.92416   0.00901488  -0.00353214 -0.000812065 0 0 0 0.04165 0.02326 -0.0284  0.00176699 -0.00169357  0.00113536  0.00139053 0.000110499 0.000245219 -0.000861306  -0.00437708   0.00233476 -0.0969471   0.221947   -9.80601 
             25.1005 0.0527847 0.0937195  -2.91989  0.00901414 -0.00379886 -0.00115383 0 0 0 0.04165 0.02326 -0.0284 0.000831926 -0.00200526 -0.00127935  0.00139161 0.000113865 0.000242303 -0.00083555 -0.00435685  0.00240906 -0.096967  0.221961  -9.80601 
             25.2003  0.041343 0.0921871  -2.92762 0.00863875 -0.0032795 -0.0016496 0 0 0 0.04165 0.02326 -0.0284  -0.00105819 -0.000588919  -0.00287873  0.00140199 0.000113903 0.000245328 -0.000710376  -0.00439884   0.00247438 -0.0969607   0.222056   -9.80601 
             25.3002 0.0446231  0.084172  -2.92317  0.00839066 -0.00360934 -0.00119129 0 0 0 0.04165 0.02326 -0.0284 -0.00144206 -0.00113516  2.2389e-05  0.00140225 0.000115608 0.000242096 -0.000714819  -0.00435251   0.00233642 -0.0969905   0.222046   -9.80601 
                25.4 0.0439483  0.092546  -2.92471  0.00785213 -0.00326876 -0.00131543 0 0 0 0.04165 0.02326 -0.0284    -0.002508   0.00126049 -0.000354498  0.00139785  0.00010988 0.000242323 -0.000625114  -0.00436394   0.00236345 -0.0969989   0.222111   -9.80601 
             25.4998 0.0344381 0.0932274  -2.92546   0.00871136  -0.00365091 -0.000284038 0 0 0 0.04165 0.02326 -0.0284  0.00363376 -0.00178876  0.00374934  0.00140357 0.000105674  0.00024248 -0.000797116  -0.00439322    0.0021665 -0.096945  0.221999  -9.80601 
             25.6005 0.0546254 0.0900527   -2.9194   0.00898311   -0.0039222 -0.000248296 0 0 0 0.04165 0.02326 -0.0284  0.00337561 -0.00143765  0.00199407  0.00138511 0.000107729 0.000238422 -0.00079837 -0.00437654  0.00222613 -0.0969572   0.221994   -9.80601 
             25.7003 0.0436342 0.0942097  -2.92746    0.0099008  -0.00349389 -0.000857062 0 0 0 0.04165 0.02326 -0.0284  0.00644307 0.000943443   -0.001825  0.00139459 0.000103339 0.000243644 -0.000832978  -0.00448178   0.00236589 -0.09688 0.221987 -9.80601 
             25.8002  0.050431 0.0871492  -2.91792  0.00925468 -0.00351854 -0.00117975 0 0 0 0.04165 0.02326 -0.0284 0.000496305  0.00052038 -0.00304855  0.00139339 0.000107617 0.000240314 -0.000676826  -0.00436953   0.00240285 -0.0969866   0.222074   -9.80601 
                25.9 0.0611353 0.0963388  -2.91851    0.008724 -0.00280156 -0.00107775 0 0 0 0.04165 0.02326 -0.0284 -0.00216432  0.00316853 -0.00150608  0.00138134 0.000103153  0.00024174 -0.000558134  -0.00439038   0.00233618 -0.0969931   0.222161     -9.806 
             25.9998 0.0497948 0.0989757  -2.92826  0.00847739  -0.0026231 -0.00066815 0 0 0 0.04165 0.02326 -0.0284 -0.00181509  0.00213691  0.00113584  0.00138571 9.85512e-05 0.000248064 -0.000566033  -0.00437862   0.00224526 -0.0969986   0.222154     -9.806 
             26.1005 0.0375983 0.0952862  -2.92487   0.00853314  -0.00332729 -0.000487998 0 0 0 0.04165 0.02326 -0.0284 -0.00098837 -0.00184021  0.00147584  0.00139519 0.000106261 0.000244831 -0.000667972  -0.00429709    0.0022321 -0.0970354   0.222069   -9.80601 
             26.2003 0.039783  0.10632 -2.92427   0.00904423  -0.00360539 -0.000348277 0 0 0 0.04165 0.02326 -0.0284  0.00178645 -0.00201517  0.00174071  0.00139361 0.000101432 0.000247245 -0.00075089  -0.0043257  0.00222439 -0.0970006   0.222017   -9.80601 
             26.3001 0.0451595  0.102177  -2.92842   0.00910886   -0.0035053 -0.000208573 0 0 0 0.04165 0.02326 -0.0284   0.00208517 -0.000764241   0.00180348  0.00139054 0.000108962 0.000248952 -0.00070893 -0.00434519  0.00223228 -0.0969951    0.22205   -9.80601 
                26.4 0.0453611  0.097407  -2.91934   0.00925586    -0.003571 -0.000877777 0 0 0 0.04165 0.02326 -0.0284   0.00144304 -0.000900456  -0.00149851  0.00139002 0.000116044 0.000240866 -0.000703838  -0.00434639   0.00237727 -0.0969981   0.222052   -9.80601 
             26.4998 0.0464378 0.0968536  -2.93101   0.0086798 -0.00335297 -0.00110024 0 0 0 0.04165 0.02326 -0.0284 -0.00248478 0.000342817 -0.00178642  0.00139117  0.00011733 0.000244971 -0.00058516 -0.00432497    0.002393 -0.0970347   0.222128     -9.806 
             26.6004 0.0440364  0.086697  -2.92298  0.00820312  -0.0029873 -0.00169847 0 0 0 0.04165 0.02326 -0.0284 -0.00367353  0.00249058 -0.00334611   0.0013926 0.000123297 0.000240233 -0.000531547  -0.00433897   0.00246359 -0.0970363   0.222167     -9.806 
             26.7003   0.04968 0.0935046  -2.92503  0.00834554 -0.00275854  -0.0011044 0 0 0 0.04165 0.02326 -0.0284 -0.000655027   0.00221162  5.85404e-05  0.00138236 0.000116916 0.000238432 -0.000593062  -0.00436592   0.00229615 -0.0970043   0.222132     -9.806 
             26.8001 0.0442115 0.0938953  -2.92508    0.0083007  -0.00312913 -0.000812855 0 0 0 0.04165 0.02326 -0.0284 -0.000418427  0.000625683    0.0014539  0.00138529 0.000117486 0.000236608 -0.000643339  -0.00430893   0.00224538 -0.0970327   0.222088   -9.80601 
             26.8999 0.0421057 0.0944055  -2.92563   0.00877484  -0.00315453 -0.000189669 0 0 0 0.04165 0.02326 -0.0284   0.00206493 -0.000602693   0.00260705  0.00138463 0.000117618 0.000237047 -0.000718816  -0.00434054   0.00214824 -0.0969962   0.222044   -9.80601 
             26.9998 0.0416992 0.0955152  -2.92778  0.00873655  -0.0029438 -0.00033104 0 0 0 0.04165 0.02326 -0.0284 0.00116206 0.00078402 0.00135708  0.00137931 0.000115509 0.000239634 -0.000674358   -0.0043423    0.0022331 -0.0970045   0.222073   -9.80601 
             27.1004 0.0432378 0.0936352  -2.92062   0.00915727  -0.00356601 -0.000874876 0 0 0 0.04165 0.02326 -0.0284   0.00236647  -0.00141672 -0.000563814  0.00137491 0.000117827  0.00023514 -0.000761673  -0.00428966   0.00235475 -0.0970253   0.222003   -9.80601 
             27.2003 0.0515133  0.093482  -2.92532   0.00925141  -0.00291912 -0.000954736 0 0 0 0.04165 0.02326 -0.0284  0.00142701  0.00155258 -0.00175506  0.00136555 0.000117325 0.000238746 -0.000691641   -0.0043579   0.00234998 -0.0969929   0.222063   -9.80601 
             27.3001 0.0422047 0.0983722  -2.92686   0.00918934  -0.00318343 -0.000886906 0 0 0 0.04165 0.02326 -0.0284  0.000179421 -0.000303079 -0.000836955   0.0013713 0.000115195  0.00024295 -0.000695477  -0.00429447   0.00230464 -0.0970336   0.222049   -9.80601 
                27.4 0.0433506 0.0905363  -2.92222    0.0090633  -0.00384382 -0.000675648 0 0 0 0.04165 0.02326 -0.0284 -0.000605145   -0.0032965   0.00059389  0.00137135  0.00011983 0.000238995 -0.000707657  -0.00421325   0.00225149 -0.0970842   0.222026   -9.80601 
             27.4998 0.0488534 0.0993031  -2.92185  0.00838401 -0.00349087 -0.00112708 0 0 0 0.04165 0.02326 -0.0284  -0.00319029   7.3433e-05 -0.000898946  0.00137222 0.000117029  0.00024157 -0.000579463  -0.00422652   0.00234597 -0.097101  0.222112    -9.806 
             27.6004 0.0448417  0.100776  -2.92704   0.00822704  -0.00282533 -0.000713651 0 0 0 0.04165 0.02326 -0.0284 -0.00242187  0.00263851  0.00124149  0.00137595  0.00011777 0.000244375 -0.000552009  -0.00430768   0.00225414 -0.0970516   0.222147     -9.806 
             27.7003 0.0509287 0.0941635  -2.92118  0.00815947 -0.00352483 -0.00093915 0 0 0 0.04165 0.02326 -0.0284  -0.00181622 -0.000735663  0.000113878  0.00137053 0.000124268 0.000239097 -0.000639015  -0.00422378    0.0023047 -0.0970908   0.222073   -9.80601 
             27.8001 0.0406461   0.10154  -2.92433   0.00823489  -0.00339252 -0.000616875 0 0 0 0.04165 0.02326 -0.0284 -0.000709761  0.000139753   0.00201278  0.00137497 0.000119184 0.000244064 -0.000655232   -0.0042589   0.00225702 -0.0970641    0.22207   -9.80601 
                27.9 0.0441244 0.0946554  -2.92699   0.00874728  -0.00312913 -0.000616649 0 0 0 0.04165 0.02326 -0.0284 0.00194219 0.00126498 0.00131679  0.00137002 0.000124981  0.00024496  -0.0007043 -0.00432805  0.00228085 -0.09701 0.222051 -9.80601 
             27.9998 0.0582113  0.100014   -2.9282  0.00918045 -0.00307119  -7.012e-05 0 0 0 0.04165 0.02326 -0.0284 0.00322189 0.00163383 0.00301716  0.00136474  0.00012306 0.000241191 -0.000736848  -0.00433063   0.00220891 -0.0970009   0.222031   -9.80601 
             28.1004 0.0528054 0.0982957  -2.92551   0.00948638  -0.00220046 -0.000215098 0 0 0 0.04165 0.02326 -0.0284  0.00330411  0.00501329 0.000680745  0.00137014 0.000123685 0.000241543 -0.000687912   -0.0043942   0.00227908 -0.09697 0.222074 -9.80601 
             28.2003 0.0502506 0.0957214   -2.9323   0.00927952  -0.00222647 -0.000551699 0 0 0 0.04165 0.02326 -0.0284 0.000712032   0.0043844 -0.00118582  0.00137597 0.000128427 0.000245237 -0.000657222   -0.0043091   0.00235062 -0.0970319   0.222078   -9.80601 
             28.3001 0.0529765 0.0992639  -2.92661  0.00883181 -0.00238897 -0.00104312 0 0 0 0.04165 0.02326 -0.0284 -0.00116858  0.00157253 -0.00261367  0.00137413 0.000125975  0.00024093 -0.000630806  -0.00420842   0.00241897 -0.0971029   0.222075   -9.80601 
                28.4 0.0494964 0.0929363  -2.92333  0.00861479 -0.00314254 -0.00136757 0 0 0 0.04165 0.02326 -0.0284 -0.00119525 -0.00075593  -0.0030586  0.00136985 0.000130979 0.000239292 -0.000679769  -0.00410926    0.0024327 -0.0971576   0.222024   -9.80601 
             28.4998 0.0477062 0.0978341  -2.92515   0.00851671  -0.00324151 -0.000623265 0 0 0 0.04165 0.02326 -0.0284 -0.00104147 -0.00105006  0.00122948  0.00137111 0.000128873 0.000238952 -0.000679277  -0.00412268   0.00225845 -0.0971467   0.222029   -9.80601 
             28.6004 0.0450293  0.100599  -2.92806   0.00910415  -0.00348258 -0.000559778 0 0 0 0.04165 0.02326 -0.0284   0.0019678 -0.00238137  0.00118637  0.00137653 0.000130186     0.00024 -0.000774911  -0.00414737   0.00226196 -0.0971126   0.221972   -9.80601 
             28.7003 0.0478469  0.087737  -2.92538   0.00863247   -0.0032712 -0.000251882 0 0 0 0.04165 0.02326 -0.0284 -0.000980679  0.000833891   0.00196701  0.00137625  0.00013597 0.000239055 -0.000663765  -0.00414143   0.00223848 -0.0971374   0.222042   -9.80601 
             28.8001 0.0473361 0.0992128  -2.92256   0.00841453  -0.00347986 -0.000744924 0 0 0 0.04165 0.02326 -0.0284  -0.00152038 -0.000750288 -0.000672795  0.00137782 0.000129817 0.000238172 -0.000655454   -0.0041126     0.002345 -0.0971587   0.222041   -9.80601 
                28.9 0.0445716 0.0955643  -2.92883   0.00818122  -0.00311848 -0.000712535 0 0 0 0.04165 0.02326 -0.0284   -0.0021159   0.00163161 -0.000914702  0.00138273 0.000130525  0.00024198 -0.000623694  -0.00414017   0.00231937 -0.0971471   0.222067     -9.806 
             29.0002 0.0533723 0.0913265  -2.91603  0.00839673  -0.0032435 -0.00121902 0 0 0 0.04165 0.02326 -0.0284  -0.0004258  0.00137843 -0.00213568  0.00137726 0.000133878 0.000234562 -0.000694148  -0.00414043   0.00238847 -0.0971341   0.222021   -9.80601 
                29.1 0.0438062  0.097824  -2.92912  0.00846783 -0.00318539 -0.00103091 0 0 0 0.04165 0.02326 -0.0284  0.000204818  0.000424225 -0.000674102  0.00138518 0.000128571 0.000242974 -0.000710824  -0.00413822   0.00231989 -0.0971314   0.222011   -9.80601 
             29.1999 0.0561943 0.0947979  -2.92125   0.00816029   -0.0033635 -0.000470768 0 0 0 0.04165 0.02326 -0.0284  -0.00128957 -0.000319822   0.00165324  0.00137622 0.000129902  0.00023685 -0.00068651 -0.00409082  0.00221632 -0.0971646   0.222018   -9.80601 
             29.3005 0.0525722 0.0990053  -2.92403   0.00830419  -0.00285477 -0.000394625 0 0 0 0.04165 0.02326 -0.0284 0.000761624   0.0011952   0.0011671  0.00137932 0.000128713 0.000239549 -0.000678855  -0.00416428   0.00223215 -0.0971204   0.222037   -9.80601 
             29.4003 0.0464145 0.0942944  -2.92932   0.00857458  -0.00254221 -0.000518658 0 0 0 0.04165 0.02326 -0.0284  0.00174817  0.00223138 0.000298737  0.00138336 0.000129241 0.000241723  -0.0007046 -0.00418812  0.00227351 -0.097101  0.222026  -9.80601 
             29.5002 0.0488241 0.0916832  -2.92171   0.00900756  -0.00310619 -0.000759429 0 0 0 0.04165 0.02326 -0.0284   0.00284691  0.000164943 -0.000799586  0.00138785 0.000133029 0.000238284 -0.000783951  -0.00412539   0.00231629 -0.097125  0.221963  -9.80601 
                29.6 0.0473241 0.0949426  -2.92598  0.00889982 -0.00310931 -0.00120725 0 0 0 0.04165 0.02326 -0.0284   0.00164267 -8.25827e-05  -0.00234583   0.0013903 0.000132023 0.000241466 -0.00072917 -0.00409713   0.0023795 -0.097154  0.221991  -9.80601 
             29.6999 0.0395146 0.0923655   -2.9212  0.00921002 -0.00382878 -0.00124992 0 0 0 0.04165 0.02326 -0.0284  0.00248165 -0.00262372 -0.00113473  0.00139497 0.000135116 0.000238091 -0.000789095  -0.00403392    0.0023512 -0.097181  0.221942  -9.80601 
             29.8001 0.0464613  0.093466   -2.9226   0.00896686  -0.00356201 -0.000697177 0 0 0 0.04165 0.02326 -0.0284  0.000363492 -0.000342773    0.0010173  0.00139094  0.00013327 0.000238242 -0.000697083  -0.00405317   0.00224129 -0.0971859   0.222004   -9.80601 
             29.8999 0.0501738  0.097631  -2.92483   0.00845837  -0.00298698 -0.000865329 0 0 0 0.04165 0.02326 -0.0284 -0.00216341 0.000717586 0.000409883  0.00139098 0.000134961 0.000238338 -0.000590346  -0.00408435   0.00229193 -0.0971885   0.222075     -9.806 
             29.9998 0.0431723 0.0955514  -2.92133  0.00834108 -0.00325484 2.15001e-05 0 0 0 0.04165 0.02326 -0.0284 -0.00158861 0.000826336   0.0040303  0.00139315 0.000137183 0.000236038 -0.000614127  -0.00404646   0.00215371 -0.0972053   0.222054     -9.806 
             30.1004 0.0542863 0.0947262  -2.92449   0.00854199  -0.00285914 -0.000707648 0 0 0 0.04165 0.02326 -0.0284 -8.98927e-05   0.00207137  0.000424222  0.00138946 0.000140726 0.000238348 -0.000627086  -0.00410272   0.00233839 -0.0971708   0.222056     -9.806 
             30.2003 0.044982  0.10041  -2.9273   0.00865561  -0.00304713 -0.000446087 0 0 0 0.04165 0.02326 -0.0284 -0.000996398 -0.000124971    0.0021021  0.00139617  0.00013909 0.000236905 -0.000667768    -0.004072   0.00229748 -0.0971809   0.222025   -9.80601 
             30.3001 0.0498909  0.094557  -2.92065   0.00849881  -0.00413433 -0.000440171 0 0 0 0.04165 0.02326 -0.0284 -0.000897969  -0.00285334  0.000822704  0.00139418 0.000140898 0.000230675 -0.000712826  -0.00396347   0.00231745 -0.0972381   0.221976   -9.80601 
                30.4 0.0472353 0.0968163   -2.9192  0.00882846 -0.00430606 -0.00103036 0 0 0 0.04165 0.02326 -0.0284 0.000556431 -0.00441953 -0.00202295  0.00139738 0.000141719 0.000229176 -0.000760501  -0.00400464   0.00242407 -0.097205  0.221954  -9.80601 
             30.4998 0.0401728 0.0916563  -2.92032   0.00884405  -0.00354362 -0.000858367 0 0 0 0.04165 0.02326 -0.0284 -4.57497e-05   0.00112351  1.07684e-05  0.00139662  0.00014563 0.000230866 -0.000690293  -0.00410766   0.00236767 -0.0971563   0.222018   -9.80601 
             30.6004 0.0511265 0.0914885    -2.918   0.00847094   -0.0032431 -0.000704626 0 0 0 0.04165 0.02326 -0.0284  -0.00127002   0.00133832 -0.000218669  0.00138484 0.000145139 0.000228069 -0.000627171  -0.00411835   0.00233919 -0.0971622   0.222058     -9.806 
             30.7003 0.0488831 0.0951087  -2.92492   0.00822223  -0.00270528 -0.000462997 0 0 0 0.04165 0.02326 -0.0284 -0.00232004   0.0031601 0.000868378   0.0013889 0.000140948    0.000233 -0.000588931  -0.00414436    0.0023076 -0.097154  0.222087    -9.806 
             30.8001 0.0571044 0.0912277  -2.91713   0.00858423  -0.00298551 -0.000664259 0 0 0 0.04165 0.02326 -0.0284 0.000795951  0.00104322 0.000386831  0.00138604 0.000147354 0.000231414 -0.000703576  -0.00411039   0.00234995 -0.0971515   0.222011   -9.80601 
                30.9 0.0554912  0.097417  -2.91508   0.00893657  -0.00307146 -0.000979102 0 0 0 0.04165 0.02326 -0.0284  0.00239444 -8.5089e-05  -0.0016791  0.00138205 0.000141628 0.000232483 -0.000748707  -0.00410375   0.00239808 -0.0971468   0.221982   -9.80601 
             30.9998 0.0497334 0.0981775  -2.91961   0.00898262  -0.00381421 -0.000902195 0 0 0 0.04165 0.02326 -0.0284  0.00115986 -0.00139923 0.000307382  0.00138904 0.000143645 0.000234904 -0.000782676  -0.00400957   0.00236788 -0.0971952   0.221943   -9.80601 
             31.1004 0.0609837 0.0924425  -2.91087  0.00795842  -0.0038144 -0.00150224 0 0 0 0.04165 0.02326 -0.0284 -0.00370049 -0.00187288 -0.00282538 0.00138509 0.00014656 0.00023027 -0.000628146  -0.00396882   0.00246675 -0.0972517   0.222025     -9.806 
             31.2003 0.0617928  0.103139  -2.91842  0.00844591 -0.00391847  -0.0012181 0 0 0 0.04165 0.02326 -0.0284  0.00177022 0.000242899 0.000383372  0.00138498 0.000140384 0.000231709 -0.000732461  -0.00401291   0.00237764 -0.0972037   0.221973   -9.80601 
             31.3001 0.0484396 0.0992199  -2.94316   0.00857085  -0.00429917 -0.000631588 0 0 0 0.04165 0.02326 -0.0284  0.00257575 -0.00637377  0.00223307  0.00139077  0.00014339 0.000232622 -0.000719424  -0.00401592   0.00228008 -0.0972037   0.221982   -9.80601 
                31.4 0.0573564  0.107992  -3.07022    0.0105755  -0.00509949 -0.000275231 0 0 0 0.04165 0.02326 -0.0284   0.0204227 -0.00958202  0.00290913  0.00138528 0.000138051 0.000234191 -0.000863374  -0.00405089   0.00225229 -0.097155  0.221904  -9.80601 
             31.4998 0.0473491  0.103069   -3.4766   0.0130879 -0.00672677 -0.00114459 0 0 0 0.04165 0.02326 -0.0284   0.0375213  -0.0181302 0.000257561  0.00138576 0.000140231 0.000238318 -0.000820723  -0.00396948   0.00243067 -0.0972123   0.221918   -9.80601 
             31.6004 0.0437077  0.141218  -4.35708    0.0175273  -0.00741616 -0.000584282 0 0 0 0.04165 0.02326 -0.0284  0.0487915 -0.0156919 0.00256648  0.00138307 0.000125785 0.000249375 -0.000715264  -0.00408839   0.00233877 -0.0971322   0.221996   -9.80601 
             31.7003  0.10327 0.198796 -5.68096    0.0242472  -0.00904395 -0.000297756 0 0 0 0.04165 0.02326 -0.0284  0.0702224 -0.0126629 0.00404146  0.00135016 0.000107316 0.000239783 -0.000858516  -0.00420886   0.00231852 -0.0970994   0.221846   -9.80601 
             31.8001 -0.0158947   0.276591   -7.11456  0.0321447 -0.0154832 0.00360134 0 0 0 0.04165 0.02326 -0.0284  0.0780432 -0.0404678  0.0145078  0.00140248 7.26346e-05 0.000195456  -0.0017381 -0.00392732  0.00173694 -0.0978275   0.221379   -9.80601 
                31.9 -0.00721461    0.298217    -8.49031  0.0389806 -0.0183482 0.00243173 0 0 0 0.04165 0.02326 -0.0284  0.0768452 -0.0318947 0.00726831  0.00137412 7.03146e-05 0.000185489 -0.00139821 -0.00369758  0.00219955 -0.097651  0.221755  -9.80601 
             31.9998 0.0590663   0.31433  -9.91298    0.0465832   -0.0129255 -0.000170206 0 0 0 0.04165 0.02326 -0.0284    0.073598 -0.00969681 -0.00416766  0.00130848  6.8846e-05 0.000155833   0.0015821 -0.00410015  0.00272144 -0.0948583   0.222653   -9.80601 
             32.1004 -0.0638633   0.340405   -11.5239   0.0534504  -0.0119994 -0.00146566 0 0 0 0.04165 0.02326 -0.0284    0.078049 -0.00409265 -0.00702329  0.00137506 5.66386e-05 0.000183136  0.00239155 -0.00349276   0.0028507 -0.094283  0.223477    -9.806 
             32.2003 -0.16905 0.423487  -13.297    0.0609332   -0.0136319 -0.000646073 0 0 0 0.04165 0.02326 -0.0284    0.078978  -0.0172123 -0.00452315  0.00142106 2.61213e-05 0.000195929  0.00218205 -0.00294846   0.0025825 -0.0946104   0.223926   -9.80599 
             32.3001 -0.101884  0.478865  -15.1212  0.0704813 -0.0261871 -0.0010626 0 0 0 0.04165 0.02326 -0.0284    0.102526  -0.0518699 -0.00234087  0.00136946 1.35554e-05 0.000142131 -0.00405621 -0.00364502  0.00257007 -0.10049 0.221901 -9.80597 
                32.4 -0.0476317   0.503652   -17.1354   0.0815353  -0.0293306 -0.00525394 0 0 0 0.04165 0.02326 -0.0284    0.10341 -0.0524019 -0.0219621  0.00131233 1.41993e-05 0.000107215 -0.00213176 -0.00388484  0.00316475 -0.0985827   0.222032   -9.80599 
             32.4998 -0.184518  0.579675  -19.3986   0.0910618  -0.0254685 -0.00780611 0 0 0 0.04165 0.02326 -0.0284   0.104039 -0.0251207  -0.025232   0.00137384 -1.77473e-06  0.000150578  0.00504178 -0.00144763  0.00332058 -0.0918848   0.225489   -9.80598 
             32.6005 -0.133466  0.646517  -21.5982   0.0998424  -0.0335946 -0.00422975 0 0 0 0.04165 0.02326 -0.0284     0.100434   -0.0508469 -0.000219959   0.00134516 -3.09561e-05  0.000120502  0.000742569 -0.000594649   0.00237976 -0.0962082    0.22576   -9.80593 
             32.7003 -0.270137  0.669561  -23.9308    0.115213  -0.0281439 -0.00314044 0 0 0 0.04165 0.02326 -0.0284    0.126303  -0.0122707 6.69471e-05   0.00139229 -4.11458e-05  0.000124367  0.0109975 -0.0053669 0.00202838 -0.0856497   0.222145   -9.80611 
             32.8001 -0.330072  0.720619  -26.3172   0.133775 -0.0166442 -0.0052827 0 0 0 0.04165 0.02326 -0.0284    0.151077   0.0265733 -0.00917123   0.00141419 -6.38746e-05  0.000152058   0.0246325 -0.00990737  0.00223404 -0.0718229   0.218881   -9.80629 
                32.9 -0.357034  0.793201   -28.566    0.143716  -0.0262553 -0.00622649 0 0 0 0.04165 0.02326 -0.0284    0.132773  -0.0234034 -0.00879641    0.0013633 -9.27309e-05  0.000109589   0.0107794 -0.00635486  0.00242205 -0.0857615   0.221367   -9.80613 
             32.9998 -0.337383  0.869968  -31.0022     0.15303  -0.0251954 -0.00412175 0 0 0 0.04165 0.02326 -0.0284   0.122601 -0.0115212 0.00707975   0.00131117 -0.000120062  0.000131055   0.015172 0.00264504 0.00212205 -0.0819071   0.230506   -9.80595 
             33.1004 -0.535186  0.902169  -33.4166    0.153069  -0.0515668 -0.00855084 0 0 0 0.04165 0.02326 -0.0284  0.0823394  -0.106702 -0.0147064   0.00138079 -0.000118315  9.31799e-05  -0.019955  0.0110436 0.00332724 -0.117098  0.237048  -9.80544 
             33.2003 -0.59892 0.941228  -36.009   0.165712 -0.0546638 -0.0106892 0 0 0 0.04165 0.02326 -0.0284  0.0981999 -0.0889418  -0.016583   0.00138076 -0.000130577  8.71085e-05 -0.00747551  0.00796057  0.00329045 -0.104614   0.23452  -9.80564 
             33.3001 -0.751044   1.00091  -38.6672   0.172968 -0.0610322 -0.0107727 0 0 0 0.04165 0.02326 -0.0284  0.0884491 -0.0779933 -0.0134242   0.00142134 -0.000150369  8.00776e-05 -0.00448223   0.0146511  0.00315651 -0.101845  0.241233   -9.8055 
                33.4 -0.827508   1.05977   -41.152    0.16879 -0.0907063 -0.0106942 0 0 0 0.04165 0.02326 -0.0284   0.0357124   -0.170462 -0.00529412   0.00141084 -0.000167935 -1.57728e-05 -0.0421168    0.02392 0.00342399 -0.13938 0.249412 -9.80484 
             33.4998 -0.885993   1.12542  -43.7663    0.169836    -0.11094 -0.00975927 0 0 0 0.04165 0.02326 -0.0284   0.0408264   -0.189845 -0.00506891   0.00141831 -0.000189534 -4.94743e-05 -0.0477794  0.0286556 0.00330239 -0.145071  0.253984  -9.80464 
             33.6005 -0.983086   1.19256  -46.4867  0.170415 -0.133466 -0.013782 0 0 0 0.04165 0.02326 -0.0284  0.0131136  -0.213636 -0.0128016   0.00142543 -0.000205095 -8.35072e-05 -0.0544303   0.031404 0.00403314 -0.151703   0.25663  -9.80447 
             33.7003 -1.09858  1.25945 -49.2205   0.192225  -0.127337 -0.0141651 0 0 0 0.04165 0.02326 -0.0284  0.0953133  -0.130662 -0.0129398   0.00142783 -0.000231811 -7.89426e-05 0.00285364  0.0180657   0.003147 -0.0948005   0.243869   -9.80551 
             33.8001 -1.21128  1.29043  -52.078   0.202437  -0.133779 -0.0159728 0 0 0 0.04165 0.02326 -0.0284  0.0776103 -0.0841277 -0.0129867   0.00144438 -0.000253603 -9.11106e-05  0.0155778  0.0180821 0.00315861 -0.0821776    0.24394   -9.80562 
                33.9  -1.1879    1.414 -54.7655   0.219338  -0.131724 -0.0164117 0 0 0 0.04165 0.02326 -0.0284    0.12818 -0.0338407 -0.0111627   0.00144874 -0.000274989 -9.68292e-05  0.0345909  0.0144532 0.00281723 -0.0633222   0.240329   -9.80585 
             33.9998 -1.34862  1.38186 -56.8592   0.225613  -0.135382 -0.0194302 0 0 0 0.04165 0.02326 -0.0284   0.102727  -0.034434 -0.0205245   0.00147252 -0.000275117 -0.000123958  0.0307447  0.0236448 0.00338791 -0.0670816    0.24946    -9.8056 
             34.1005 -1.39764  1.39995 -58.8487   0.232147  -0.143609 -0.0192603 0 0 0 0.04165 0.02326 -0.0284  0.0904708 -0.0572422 -0.0142808   0.00147452 -0.000299129 -0.000135944  0.0192591  0.0261734 0.00318039 -0.078443  0.252062  -9.80545 
             34.2003 -1.47192  1.44519 -60.8422   0.250139  -0.142726 -0.0187398 0 0 0 0.04165 0.02326 -0.0284    0.128401  -0.0287295 -0.00523372   0.00145523 -0.000321388  -0.00012171  0.0376113  0.0178065 0.00256658 -0.0603561   0.243528   -9.80579 
             34.3001 -1.54416  1.46669 -62.8493   0.256075  -0.152585 -0.0185805 0 0 0 0.04165 0.02326 -0.0284    0.103123  -0.0566727 -0.00232662   0.00146461 -0.000336498 -0.000125831  0.0212758  0.0226169 0.00267728 -0.0764763   0.248532   -9.80555 
                34.4  -1.5989  1.48112 -64.7298   0.253266   -0.16764 -0.0195812 0 0 0 0.04165 0.02326 -0.0284   0.0594747   -0.093277 -0.00354033   0.00146695 -0.000347164  -0.00015223 -0.00529802   0.0341536  0.00326948 -0.102607  0.260442    -9.805 
             34.4998 -1.67129  1.46256 -66.5681   0.254056  -0.178697 -0.0196017 0 0 0 0.04165 0.02326 -0.0284   0.0442897   -0.104769 -0.00927212    0.0014618 -0.000358013 -0.000166596 -0.0113484  0.0400089 0.00339161 -0.108472  0.266369  -9.80478 
             34.6005 -1.74846  1.47533 -68.4159 0.250524 -0.19068 -0.02231 0 0 0 0.04165 0.02326 -0.0284  0.0171572  -0.133537 -0.0203731   0.00147963 -0.000370757 -0.000185652 -0.0190874  0.0514009 0.00406915 -0.115856   0.27785  -9.80438 
             34.7003 -1.76442  1.47476 -70.3201   0.252989  -0.205776 -0.0233066 0 0 0 0.04165 0.02326 -0.0284  0.0338861  -0.168931 -0.0111466   0.00144955 -0.000385709 -0.000215975 -0.0188432  0.0498411 0.00391082 -0.115658  0.276296  -9.80443 
             34.8001 -1.95646  1.46912 -72.9198   0.256705  -0.215502 -0.0238886 0 0 0 0.04165 0.02326 -0.0284  0.0243637  -0.153135 -0.0129895    0.0015111 -0.000390474 -0.000174753 -0.00649802   0.0575078  0.00393778 -0.103183  0.283503  -9.80436 
                34.9 -2.08118     1.44 -75.9775   0.257141  -0.229834 -0.0258758 0 0 0 0.04165 0.02326 -0.0284 0.00204309  -0.164781 -0.0139497   0.00152893 -0.000407519 -0.000172752 -0.00572091   0.0627118  0.00419235 -0.102233  0.288629  -9.80422 
             34.9998 -2.21757  1.40546 -79.2544    0.26028  -0.248793 -0.0272957 0 0 0 0.04165 0.02326 -0.0284  0.0258561  -0.207785 -0.0134889   0.00153895  -0.00043014 -0.000179824 -0.00433627   0.0584663  0.00406654 -0.101026  0.284377  -9.80436 
             35.1005 -2.27804  1.38619 -82.5894    0.26408  -0.273817 -0.0297259 0 0 0 0.04165 0.02326 -0.0284  0.0394285  -0.270442 -0.0178849   0.00155194 -0.000456307 -0.000196251 -0.0060861  0.0565447 0.00417226 -0.102844  0.282555  -9.80439 
             35.2003 -2.40876  1.37217 -84.6971   0.267464  -0.299917 -0.0319274 0 0 0 0.04165 0.02326 -0.0284  0.0389897  -0.249111 -0.0209294    0.0015495 -0.000472551 -0.000261418 -0.00659391   0.0572421  0.00427591 -0.103316   0.28327  -9.80436 
             35.3001 -2.50974  1.35799 -86.1735   0.270257  -0.321002 -0.0321917 0 0 0 0.04165 0.02326 -0.0284 0.0214662  -0.21552 -0.015203   0.00157222 -0.000480146 -0.000291814 -0.00349046   0.0611938  0.00409741 -0.100042  0.287014  -9.80429 
                35.4 -2.56509  1.34428  -87.562   0.270116  -0.339657 -0.0313804 0 0 0 0.04165 0.02326 -0.0284   0.0256314   -0.204087 -0.00622941   0.00158434 -0.000498366 -0.000297707 -0.00303544    0.068127  0.00396933 -0.0992209   0.293833    -9.8041 
             35.4998 -2.58298  1.27181 -88.8035  0.268404 -0.361326 -0.031864 0 0 0 0.04165 0.02326 -0.0284 0.00838833  -0.213918 -0.0092406   0.00157485 -0.000498829 -0.000316698 -0.00887801   0.0706386  0.00408549 -0.104859  0.296637  -9.80395 
             35.6004 -2.68208  1.25772 -89.8192   0.268558  -0.384158 -0.0345294 0 0 0 0.04165 0.02326 -0.0284  0.0131382  -0.230836 -0.0159434   0.00160184 -0.000503622 -0.000329783 -0.0106125  0.0704312 0.00440657 -0.10659  0.29654 -9.80394 
             35.7003 -2.76777  1.23082 -90.6564   0.268434   -0.40912 -0.0371318 0 0 0 0.04165 0.02326 -0.0284 0.00134476  -0.256174 -0.0216988   0.00162029 -0.000503228  -0.00033896 -0.0124609  0.0699809 0.00455087 -0.108445  0.296207  -9.80393 
             35.8001 -2.78654  1.21399 -91.4821   0.266842  -0.435654 -0.0379046 0 0 0 0.04165 0.02326 -0.0284 -0.00375011   -0.279708  -0.0218729   0.00160768  -0.00050955 -0.000346182 -0.0137239  0.0721014 0.00440854 -0.109564  0.298371  -9.80385 
             35.8999 -2.80214  1.20093 -92.4087   0.265939  -0.463892 -0.0386497 0 0 0 0.04165 0.02326 -0.0284 -0.00358671   -0.300083  -0.0134324   0.00162107 -0.000521011 -0.000335461 -0.0134026  0.0730194 0.00427456 -0.109188  0.299253  -9.80383 
             35.9998 -2.86192  1.13582 -93.4063   0.262145  -0.493415 -0.0393038 0 0 0 0.04165 0.02326 -0.0284 -0.0204777  -0.304646 -0.0132043   0.00163584 -0.000522924 -0.000340684 -0.0157135  0.0769171 0.00428859 -0.111227  0.303241  -9.80368 
             36.1004 -2.89019  1.15272 -94.3912   0.258954  -0.522167 -0.0401156 0 0 0 0.04165 0.02326 -0.0284  -0.0233857   -0.298946 -0.00631883   0.00163245   -0.0005341 -0.000345493 -0.0146862  0.0797277 0.00430717 -0.110033  0.305948  -9.80361 
             36.2003 -2.94549  1.12671 -95.4497  0.253558 -0.553425 -0.040862 0 0 0 0.04165 0.02326 -0.0284 -0.0495038  -0.321853 -0.0140272   0.00163991 -0.000540554 -0.000351932 -0.0175267  0.0806509 0.00432326 -0.112776  0.307043  -9.80354 
             36.3001 -2.90095   1.1137 -96.5131   0.250494  -0.585945 -0.0425787 0 0 0 0.04165 0.02326 -0.0284  -0.0302007   -0.322377 -0.00855307   0.00163089 -0.000545538  -0.00034929 -0.0166129   0.080091 0.00434576 -0.111912  0.306431  -9.80357 
             36.3999  -3.0381  1.08711 -97.5992   0.246831  -0.616728 -0.0460106 0 0 0 0.04165 0.02326 -0.0284 -0.0337991  -0.296855 -0.0210781   0.00164323 -0.000543195 -0.000352463 -0.0165792  0.0804241 0.00473824 -0.111862  0.306768  -9.80356 
             36.4998 -3.01946  1.12419 -98.6667   0.241628  -0.645898 -0.0474391 0 0 0 0.04165 0.02326 -0.0284 -0.0532991  -0.290991  -0.014425   0.00164608 -0.000550014 -0.000359977 -0.0180852  0.0820162 0.00470799 -0.113234   0.30844   -9.8035 
             36.6004 -3.07799  1.01936  -99.625   0.233901  -0.674343 -0.0476598 0 0 0 0.04165 0.02326 -0.0284 -0.0557601  -0.282863 -0.0150019   0.00162682 -0.000551587 -0.000377386 -0.0196228  0.0838576 0.00457667 -0.114614  0.310359  -9.80342 
             36.7003 -3.08237  1.03218 -100.592   0.226352  -0.702142 -0.0494224 0 0 0 0.04165 0.02326 -0.0284 -0.0703392  -0.284276  -0.010842    0.0016451 -0.000562658 -0.000381733 -0.0207998  0.0856185 0.00472308 -0.115645  0.312182  -9.80335 
             36.8001 -3.13756  0.98905 -101.484   0.220281  -0.729857 -0.0512646 0 0 0 0.04165 0.02326 -0.0284 -0.0595656  -0.290381 -0.0130377   0.00163994 -0.000557393 -0.000386321 -0.0197572  0.0860812 0.00483633 -0.114585  0.312562  -9.80335 
                36.9  -3.1512 0.953433 -102.374   0.213888  -0.760182 -0.0528896 0 0 0 0.04165 0.02326 -0.0284 -0.0757016  -0.316157 -0.0137388   0.00164278 -0.000561928 -0.000391496  -0.019694  0.0852009 0.00485539 -0.114591  0.311692  -9.80338 
             36.9998 -3.22583 0.916947 -103.216   0.205836  -0.791825 -0.0553362 0 0 0 0.04165 0.02326 -0.0284 -0.0854207  -0.336993 -0.0221307   0.00166459 -0.000559422 -0.000394614 -0.0196401  0.0860118 0.00501851 -0.114477   0.31249  -9.80335 
             37.1004 -3.19596 0.922223 -103.815   0.197511  -0.824977 -0.0557607 0 0 0 0.04165 0.02326 -0.0284 -0.0679773  -0.351436 -0.0109624   0.00164985 -0.000571654 -0.000406813 -0.0189761  0.0873896 0.00484559 -0.11371 0.313786 -9.80332 
             37.2003 -3.25069 0.928925 -104.142   0.188239  -0.859831 -0.0576625 0 0 0 0.04165 0.02326 -0.0284 -0.0792141  -0.352761 -0.0214796   0.00167067 -0.000569334 -0.000423231 -0.0202048  0.0887207 0.00498974 -0.114811  0.315197  -9.80326 
             37.3001 -3.20436 0.973889 -104.035   0.178471  -0.894656 -0.0590625 0 0 0 0.04165 0.02326 -0.0284  -0.0813849   -0.351111 -0.00989637   0.00165995  -0.00056683 -0.000446859 -0.0214113  0.0899034 0.00497344 -0.115899  0.316457  -9.80321 
             37.3999 -3.23789 0.953809 -103.627   0.170955   -0.92887 -0.0601532 0 0 0 0.04165 0.02326 -0.0284 -0.0678284  -0.341569 -0.0146178   0.00166389 -0.000553709 -0.000451436 -0.0207747  0.0902838 0.00493458 -0.115242  0.316777  -9.80321 
             37.5002 -3.22136 0.989333 -103.069    0.16593  -0.962572 -0.0619199 0 0 0 0.04165 0.02326 -0.0284 -0.0526367  -0.349189 -0.0125298   0.00168159 -0.000547929 -0.000436415  -0.019917  0.0902258 0.00500582 -0.114405  0.316652  -9.80322 
                37.6 -3.17338 0.969402 -102.307    0.15775  -0.998526 -0.0636526 0 0 0 0.04165 0.02326 -0.0284 -0.0693831  -0.384254 -0.0259722    0.0016554 -0.000532043 -0.000444698 -0.0210321  0.0916282 0.00506568 -0.115388  0.318119  -9.80316 
             37.6999 -3.14349 0.996733 -101.234   0.149024    -1.0387 -0.0657593 0 0 0 0.04165 0.02326 -0.0284 -0.0656206  -0.426271 -0.0283935   0.00165811 -0.000529505 -0.000444314 -0.0224805  0.0927098 0.00507765 -0.116725  0.319294  -9.80311 
             37.8001 -3.02549  1.05126 -99.6919   0.141137   -1.08343 -0.0672057 0 0 0 0.04165 0.02326 -0.0284   -0.05869  -0.462198 -0.0187722     0.001642 -0.000506418 -0.000456225 -0.0241425  0.0931775 0.00497274 -0.118318  0.319874  -9.80307 
                37.9 -2.96661  1.08932 -97.7286   0.136272   -1.13069 -0.0671146 0 0 0 0.04165 0.02326 -0.0284 -0.0412053  -0.491036 -0.0197093   0.00162907 -0.000491571 -0.000463373 -0.0239306   0.092948 0.00464037 -0.118121  0.319624  -9.80308 
             37.9998 -2.89339  1.14871 -95.3527  0.135169  -1.17928 -0.067708 0 0 0 0.04165 0.02326 -0.0284  -0.0106474   -0.499528 -0.00919538    0.0016225  -0.00047709 -0.000452503 -0.0224462  0.0931694 0.00451138 -0.116649   0.31974  -9.80309 
             38.1004 -2.75527  1.22847 -92.7202   0.136062   -1.22843 -0.0717306 0 0 0 0.04165 0.02326 -0.0284 0.00878575  -0.471802 -0.0285579   0.00157529 -0.000443205 -0.000441876 -0.0218925  0.0928523 0.00487547 -0.116132  0.319406  -9.80311 
             38.2003 -2.68999  1.27327 -89.9721    0.13416   -1.27118 -0.0741388 0 0 0 0.04165 0.02326 -0.0284  0.025423  -0.41452 -0.017768   0.00157761 -0.000424724 -0.000422859 -0.0224557   0.095832 0.00496117 -0.116535  0.322364  -9.80301 
             38.3001 -2.51874  1.35117 -87.4039    0.13445   -1.31286 -0.0733086 0 0 0 0.04165 0.02326 -0.0284   0.0195915   -0.391737 -0.00657315   0.00155955 -0.000413086 -0.000414624 -0.0243288  0.0965553 0.00458348 -0.118333   0.32314  -9.80296 
                38.4   -2.448  1.35365 -85.0087   0.138376   -1.35168 -0.0754123 0 0 0 0.04165 0.02326 -0.0284 0.0463209 -0.395528 -0.016023   0.00154018 -0.000373273 -0.000380128 -0.0235802  0.0960792   0.004683 -0.117616  0.322652  -9.80299 
             38.4998 -2.28504  1.40174 -82.6282   0.143246   -1.38997 -0.0759187 0 0 0 0.04165 0.02326 -0.0284  0.0502124  -0.393546 0.00151463   0.00152735 -0.000360883 -0.000358459 -0.0235103  0.0965105 0.00463031 -0.117539  0.323073  -9.80297 
             38.6004 -2.31454  1.36951 -80.3079   0.147866   -1.43163 -0.0779645 0 0 0 0.04165 0.02326 -0.0284 0.0513267 -0.420263 -0.021855   0.00152133 -0.000333384 -0.000348067 -0.0241315  0.0963583  0.0048119 -0.11815 0.322934 -9.80297 
             38.7003 -2.14274  1.41816 -77.9331    0.15167   -1.47488 -0.0816411 0 0 0 0.04165 0.02326 -0.0284  0.0490903  -0.443316 -0.0141197   0.00149772 -0.000307703 -0.000332918  -0.024627  0.0966796 0.00512338 -0.118641  0.323256  -9.80295 
             38.8001 -2.11213  1.40562 -75.7154   0.153714   -1.51987 -0.0833186 0 0 0 0.04165 0.02326 -0.0284  0.0327869  -0.464076 -0.0233845    0.0015052 -0.000293608 -0.000315288 -0.0255244  0.0975384 0.00510213 -0.11953 0.324084 -9.80292 
             38.8999  -2.0515  1.40531 -73.6855   0.156096   -1.56805 -0.0856125 0 0 0 0.04165 0.02326 -0.0284  0.0217305  -0.483337 -0.0221821   0.00149545 -0.000268869 -0.000296527 -0.0253859  0.0975504 0.00511108 -0.119396    0.3241  -9.80292 
             39.0002 -1.95005  1.37965 -71.8372   0.158236   -1.61478 -0.0876318 0 0 0 0.04165 0.02326 -0.0284 -0.0111848  -0.457997 -0.0236181   0.00148036 -0.000248343 -0.000274743 -0.0250727  0.0970565 0.00508358 -0.119069  0.323629  -9.80294 
                39.1 -1.92873  1.38355 -70.6783   0.158692   -1.65839 -0.0893234 0 0 0 0.04165 0.02326 -0.0284 -0.0103087  -0.462936 -0.0158573   0.00147887 -0.000234155 -0.000235368 -0.0238618  0.0968731 0.00502882 -0.117883  0.323516  -9.80295 
             39.1999 -1.85965  1.29842 -69.7515  0.159026  -1.70275 -0.090699 0 0 0 0.04165 0.02326 -0.0284  -0.0112154   -0.446608 -0.00887923   0.00147048 -0.000218196 -0.000217354 -0.0231386  0.0967552 0.00496753 -0.117173  0.323449  -9.80297 
             39.3005 -1.88827  1.28908  -69.091   0.155981   -1.74761 -0.0931132 0 0 0 0.04165 0.02326 -0.0284 -0.0532743  -0.435927 -0.0219207   0.00147017 -0.000221547  -0.00019488 -0.0230505  0.0966786 0.00511283 -0.117085  0.323384  -9.80297 
             39.4003 -1.76052  1.24487 -68.6197   0.156659   -1.79252 -0.0936698 0 0 0 0.04165 0.02326 -0.0284 -0.000885911    -0.445791   -0.0088178    0.0014312 -0.000220159 -0.000179919 -0.0228529   0.095796 0.00488879 -0.116814   0.32254    -9.803 
             39.5002 -1.74872  1.30004 -68.0789    0.15502   -1.83816 -0.0947364 0 0 0 0.04165 0.02326 -0.0284 -0.00548415   -0.450267 -0.00921157   0.00143401  -0.00022333 -0.000179818  -0.023158  0.0955276 0.00489448 -0.117085  0.322252  -9.80301 
                39.6 -1.76695  1.27803 -67.5913 0.153402 -1.88429 -0.09751 0 0 0 0.04165 0.02326 -0.0284 -0.0169606  -0.466043 -0.0156927   0.00145194 -0.000212005  -0.00016463 -0.0234404  0.0957947 0.00518644 -0.11739  0.32249 -9.80299 
             39.6998 -1.71922  1.27014 -66.7101   0.153115   -1.93154 -0.0989505 0 0 0 0.04165 0.02326 -0.0284  0.0253571   -0.47682 -0.0196568   0.00144667 -0.000202369  -0.00018214 -0.0238969  0.0959694 0.00516464 -0.117847  0.322613  -9.80298 
             39.8005 -1.72623  1.25295 -65.6403  0.153103   -1.9785 -0.102281 0 0 0 0.04165 0.02326 -0.0284  0.0011236  -0.476481 -0.0236906   0.00145319 -0.000191619 -0.000178688 -0.0236864  0.0962655 0.00541449 -0.117682  0.322926  -9.80298 
             39.9003 -1.66117  1.27218 -64.3595  0.156091  -2.02463 -0.103047 0 0 0 0.04165 0.02326 -0.0284  0.0368635  -0.442547 -0.0151312    0.0014386 -0.000190572 -0.000181636 -0.0236629  0.0960402 0.00518217 -0.117627  0.322707  -9.80298 
             40.0002 -1.62162  1.31979 -62.9694  0.158396  -2.06746 -0.105233 0 0 0 0.04165 0.02326 -0.0284  0.0095997  -0.418414 -0.0202325   0.00143517 -0.000173541 -0.000179335 -0.0236488  0.0959988 0.00528264 -0.117611  0.322671  -9.80299 
                40.1  -1.5797  1.28846 -61.7097  0.159987  -2.10669 -0.107222 0 0 0 0.04165 0.02326 -0.0284  0.0362408   -0.38372 -0.0176965   0.00143316 -0.000159111 -0.000161263   -0.02347   0.096393 0.00533758 -0.117499  0.323075  -9.80297 
             40.1998 -1.54754  1.27404 -60.5408 0.155417 -2.14482 -0.10741 0 0 0 0.04165 0.02326 -0.0284 0.00464415  -0.370571 -0.0180326   0.00141764   -0.0001462 -0.000168274 -0.0244385   0.098573 0.00512403 -0.118754  0.325006  -9.80289 
             40.3005 -1.47631  1.33883 -59.3971  0.163394  -2.18109 -0.107848 0 0 0 0.04165 0.02326 -0.0284  0.0286388   -0.37945 -0.0105269   0.00140964 -0.000146931 -0.000155002 -0.0232318  0.0966446 0.00489852 -0.117276   0.32337  -9.80297 
             40.4003 -1.28263  1.33413 -58.2433  0.173933  -2.21763 -0.111074 0 0 0 0.04165 0.02326 -0.0284 0.0811712 -0.372117 -0.011315   0.00141228 -0.000127539 -0.000134666 -0.0225473  0.0949013  0.0051755 -0.116314   0.32185  -9.80303 
             40.5002 -1.27569  1.23507 -57.1127  0.182784  -2.25403 -0.113546 0 0 0 0.04165 0.02326 -0.0284  0.0791663  -0.365741 -0.0251159   0.00140336 -0.000105111 -0.000128375 -0.0224086  0.0946662  0.0052976 -0.11614 0.321658 -9.80304 
                40.6 -1.17262   1.3027 -55.9362  0.189642  -2.29083 -0.115213 0 0 0 0.04165 0.02326 -0.0284  0.0792315   -0.38251 -0.0135256   0.00140632 -0.000113935 -0.000118919 -0.0223455  0.0949431 0.00525262 -0.116141   0.32193  -9.80303 
             40.6998 -1.09713  1.25527 -54.6723  0.197501  -2.32858 -0.115213 0 0 0 0.04165 0.02326 -0.0284   0.104334  -0.390198 -0.0138879   0.00139749 -0.000102374 -0.000111557 -0.0221234  0.0954542 0.00501177 -0.116051  0.322454  -9.80301 
             40.8005 -1.06887  1.26329 -53.1715  0.206587  -2.36754 -0.116302 0 0 0 0.04165 0.02326 -0.0284  0.0993758  -0.397302 -0.0117734   0.00139601 -9.13316e-05 -0.000109056 -0.0220359  0.0959981 0.00502307 -0.11611 0.322979 -9.80299 
             40.9003 -0.987653   1.28598  -51.2842  0.215783  -2.40983 -0.117529 0 0 0 0.04165 0.02326 -0.0284    0.122982   -0.411611 -0.00892982   0.00138753 -8.16776e-05 -0.000119908 -0.022687 0.0960702 0.0050392 -0.11672 0.322868 -9.80299 
             41.0002   -0.889  1.23032 -49.1949  0.226744  -2.45075 -0.118752 0 0 0 0.04165 0.02326 -0.0284     0.1139  -0.406644 -0.0135312    0.0013578 -5.66686e-05 -0.000123555 -0.0228554  0.0965769 0.00508639 -0.117029  0.323276  -9.80297 
                41.1 -0.867779   1.25369  -47.0007  0.238215   -2.4918 -0.120949 0 0 0 0.04165 0.02326 -0.0284   0.131349  -0.390332 -0.0158246   0.00135292 -4.57509e-05 -0.000123279 -0.0230499  0.0962663 0.00519103 -0.117094  0.322936  -9.80298 
             41.1998 -0.737709    1.1794  -45.0112  0.250606  -2.53186 -0.124081 0 0 0 0.04165 0.02326 -0.0284   0.126496  -0.397743 -0.0219763    0.0013511 -2.54416e-05 -0.000104683 -0.0233168  0.0964087 0.00541495 -0.117383  0.322961  -9.80298 
             41.3005 -0.702661   1.17913  -43.0316  0.264866  -2.57108 -0.126132 0 0 0 0.04165 0.02326 -0.0284   0.139593  -0.404261 -0.0225723   0.00133931 -4.77079e-06 -0.000101645 -0.0231343  0.0961389 0.00536075 -0.117113  0.322812  -9.80299 
             41.4003 -0.60372   1.1653  -41.139  0.283951  -2.60941 -0.127369 0 0 0 0.04165 0.02326 -0.0284   0.186015  -0.397543 -0.0192048   0.0013244 3.75406e-06 -8.7677e-05 -0.0226897  0.0955608 0.00521365 -0.116475  0.322556    -9.803 
             41.5002 -0.487804   1.12739  -39.0687  0.304892  -2.64735 -0.127824 0 0 0 0.04165 0.02326 -0.0284   0.191475  -0.396266 -0.0110792   0.00132578  2.25844e-05 -7.82659e-05 -0.0223797  0.0952107 0.00500749 -0.116048  0.322451  -9.80301 
                41.6 -0.423696    1.0753   -36.909  0.325932  -2.68688 -0.129136 0 0 0 0.04165 0.02326 -0.0284   0.230212  -0.378193 -0.0151511   0.00131185  4.23488e-05 -7.73155e-05 -0.0224177   0.095333 0.00503408 -0.116149  0.322515  -9.80301 
             41.6998 -0.393385   1.03129   -34.614  0.349094  -2.72515 -0.130346 0 0 0 0.04165 0.02326 -0.0284  0.213408 -0.360378 0.0012238   0.00132167  5.28913e-05 -6.22182e-05 -0.0226029  0.0951663  0.0050078 -0.116148  0.322293  -9.80302 
             41.8005 -0.366952  0.998886  -32.4746  0.369385  -2.76012 -0.130058 0 0 0 0.04165 0.02326 -0.0284   0.198117  -0.338296 -0.0085843    0.0013268  6.01293e-05 -4.58829e-05 -0.0224271    0.09527 0.00483616 -0.11613 0.322471 -9.80301 
             41.9003 -0.222909  0.913197  -30.5229   0.39032  -2.79051 -0.131884 0 0 0 0.04165 0.02326 -0.0284   0.205834  -0.311701 -0.0103421   0.00128881   8.5612e-05 -2.94529e-05 -0.0221527  0.0953007 0.00502774 -0.116058  0.322682    -9.803 
             42.0002 -0.198853  0.949947  -28.6389  0.411811  -2.82091 -0.133162 0 0 0 0.04165 0.02326 -0.0284    0.206724   -0.309594 -0.00439605   0.00129198  8.93674e-05 -9.03158e-06 -0.0221851    0.09507 0.00505376 -0.115873  0.322593  -9.80301 
                42.1 -0.164127  0.841426  -26.9242  0.436867  -2.84896 -0.132267 0 0 0 0.04165 0.02326 -0.0284     0.23751   -0.292519 -0.00689817  0.00128981 0.000102965 2.78022e-05 -0.0221712  0.0946299 0.00478674 -0.115488  0.322561  -9.80301 
             42.1998 -0.124235  0.832886  -25.1697   0.46318  -2.87946 -0.132961 0 0 0 0.04165 0.02326 -0.0284     0.26293   -0.303649 -0.00488562  0.00130158 0.000103392 3.41071e-05 -0.0224087  0.0945946  0.0048149 -0.115436  0.322384  -9.80302 
             42.3005 -0.0543536     0.8022   -23.3683  0.489206  -2.90872 -0.135392 0 0 0 0.04165 0.02326 -0.0284   0.276518  -0.302577 -0.0107583  0.00127644 0.000123877 5.31045e-05 -0.0222596  0.0944783 0.00506709 -0.115391  0.322502  -9.80302 
             42.4003 -0.0273995   0.682354   -21.5192  0.516353  -2.94144 -0.139117 0 0 0 0.04165 0.02326 -0.0284   0.278108  -0.316863 -0.0257321  0.00126794 0.000145321  4.9792e-05 -0.0222767  0.0947507 0.00539338 -0.115571  0.322369  -9.80302 
             42.5001 -0.0489961   0.705256   -19.5754  0.541705  -2.97748 -0.141031 0 0 0 0.04165 0.02326 -0.0284   0.265316  -0.316281 -0.0149661  0.00128687 0.000147117 5.21556e-05 -0.0223065  0.0952145 0.00529039 -0.115791  0.322107  -9.80303 
                42.6 0.0751061  0.633739  -17.6307  0.573883  -2.99821 -0.140142 0 0 0 0.04165 0.02326 -0.0284    0.284884   -0.243811 -0.00466825  0.00127272 0.000165954 7.21143e-05  -0.022445  0.0944273 0.00490735 -0.115454  0.322619  -9.80301 
             42.6998 0.111701 0.605583 -15.6363  0.599844  -3.02024 -0.140935 0 0 0 0.04165 0.02326 -0.0284    0.252102   -0.235564 -0.00875556  0.00127532 0.000182892 9.39658e-05 -0.0223211  0.0942391  0.0049232 -0.115535  0.322743  -9.80301 
             42.8004 0.0780993  0.523016  -13.8782  0.625035  -3.03769 -0.141798 0 0 0 0.04165 0.02326 -0.0284   0.241342  -0.186018 -0.0100341  0.00128624 0.000201699 0.000123883 -0.0222647  0.0938868 0.00492819 -0.115634  0.322966    -9.803 
             42.9003 0.184631    0.476 -11.9624  0.650143   -3.0546 -0.139577 0 0 0 0.04165 0.02326 -0.0284   0.246934  -0.172847 0.00957552  0.00125432 0.000207032 0.000131947 -0.0223779  0.0937964  0.0045119 -0.115608   0.32309    -9.803 
             43.0001 0.251821 0.346564 -9.81591    0.6786  -3.07061 -0.141853 0 0 0 0.04165 0.02326 -0.0284    0.266559   -0.167904 -0.00903924  0.00124319 0.000234991 0.000147501 -0.0227103  0.0938354  0.0048741 -0.115391   0.32327  -9.80299 
             43.0999 0.232549 0.267516 -7.30097  0.706627  -3.08831 -0.144076 0 0 0 0.04165 0.02326 -0.0284    0.294867   -0.160502 -0.00781777  0.00128697 0.000247532 0.000144834 -0.0226876  0.0939713 0.00509019 -0.115302  0.323197    -9.803 
             43.2002 0.374812 0.130371 -4.40936  0.736449  -3.10274 -0.147927 0 0 0 0.04165 0.02326 -0.0284   0.292126  -0.133329 -0.0223486  0.00122935 0.000285676 0.000133423 -0.0227048  0.0940178 0.00547848 -0.115244  0.323197    -9.803 
                43.3  0.386722 0.0197103  -1.31298 0.761451 -3.11905 -0.14915 0 0 0 0.04165 0.02326 -0.0284   0.256657   -0.14637 -0.0147218  0.00122034 0.000307302 0.000137387 -0.0221817  0.0939993 0.00538757 -0.115321  0.322728  -9.80301 
             43.3998  0.419231 -0.120635    1.6052   0.78434  -3.13047 -0.147814 0 0 0 0.04165 0.02326 -0.0284   0.251399  -0.110129 -0.0120043  0.00120312 0.000334873  0.00016049 -0.0219438  0.0934825 0.00497336 -0.115762  0.322473  -9.80301 
             43.5005  0.413425 -0.218754   4.36058  0.809564  -3.14238 -0.146466 0 0 0 0.04165 0.02326 -0.0284     0.242108    -0.110509 -0.000807985  0.00119847 0.000343407 0.000172976 -0.0219834  0.0936959 0.00468304 -0.115603  0.322545  -9.80301 
             43.6003  0.481006 -0.313234   7.05965  0.835015  -3.15054 -0.148219 0 0 0 0.04165 0.02326 -0.0284    0.246118  -0.0964828 -0.00383624  0.00117315 0.000374891 0.000191389 -0.0225414  0.0936165 0.00493491 -0.115813   0.32302    -9.803 
             43.7002  0.513672 -0.398763   9.64607  0.863121  -3.15821 -0.146663 0 0 0 0.04165 0.02326 -0.0284    0.279614  -0.0902952 0.000740251  0.00116679 0.000382246 0.000205144 -0.0230855  0.0939156  0.0046409 -0.11577 0.323589 -9.80298 
                43.8  0.538982 -0.477131   12.2804  0.891156  -3.16672 -0.144672 0 0 0 0.04165 0.02326 -0.0284   0.293678 -0.0940692  0.0101221  0.00115293 0.000398021 0.000217629 -0.0231335  0.0937263 0.00437158 -0.115952  0.323543  -9.80298 
             43.8999  0.518084 -0.592009   14.9474   0.92333  -3.17318 -0.144788 0 0 0 0.04165 0.02326 -0.0284   0.320622 -0.0981253 0.00680916  0.00114287 0.000421463  0.00023077 -0.0241521  0.0938762 0.00453535 -0.116306  0.324443  -9.80294 
             44.0001  0.485843 -0.741018   17.3582  0.956227   -3.1788 -0.144979 0 0 0 0.04165 0.02326 -0.0284   0.32601 -0.123013 0.0027652   0.0011362 0.000437218 0.000263911  -0.025461  0.0934834 0.00464748 -0.117274  0.325274   -9.8029 
                44.1   0.47608 -0.820976   19.1848  0.989136  -3.19045 -0.145982 0 0 0 0.04165 0.02326 -0.0284    0.340787   -0.152061 0.000389431  0.00111396 0.000453366 0.000307555 -0.0260552  0.0931413  0.0048316 -0.11785 0.325546 -9.80289 
             44.1998  0.562655 -0.907799   20.4923   1.02399  -3.20815 -0.147469 0 0 0 0.04165 0.02326 -0.0284   0.371852  -0.183409 -0.0121252  0.00109369 0.000462889 0.000340436 -0.0254896  0.0930366  0.0049965 -0.117598  0.325069  -9.80291 
             44.3005  0.489789 -0.960047   21.4557   1.06257  -3.22835 -0.149126 0 0 0 0.04165 0.02326 -0.0284    0.38554  -0.228111 -0.0142186  0.00110689 0.000465831 0.000373063 -0.0255446  0.0932839 0.00509854 -0.117449  0.325258   -9.8029 
             44.4003   0.48124 -0.975126    21.907     1.102  -3.25175 -0.149607 0 0 0 0.04165 0.02326 -0.0284    0.394897   -0.236292 -0.00779396  0.00109046 0.000467651 0.000397633 -0.0258326  0.0933987 0.00497317 -0.117543  0.325531  -9.80289 
             44.5002 0.469779 -0.99586  22.0778   1.14298  -3.27456 -0.150286 0 0 0 0.04165 0.02326 -0.0284    0.384833   -0.230038 -0.00619085  0.00109046 0.000461776 0.000410334 -0.0259507  0.0941452 0.00495716 -0.117083  0.326069  -9.80288 
                44.6  0.395175 -0.951293   22.1175   1.18155  -3.29546 -0.153894 0 0 0 0.04165 0.02326 -0.0284   0.367115  -0.224657 -0.0231897  0.00108971 0.000462789 0.000419435 -0.026869 0.0943489 0.0053212 -0.117492  0.326857  -9.80285 
             44.6998  0.450636 -0.968595   22.2702  1.21877 -3.31412 -0.15837 0 0 0 0.04165 0.02326 -0.0284   0.360819  -0.184172 -0.0253459  0.00108373 0.000475963 0.000416204  -0.027446   0.094501 0.00565562 -0.117729  0.327369  -9.80283 
             44.8005  0.438861 -0.991235   22.9415   1.25465  -3.32917 -0.159885 0 0 0 0.04165 0.02326 -0.0284   0.351616   -0.16103 -0.0188063  0.00107645 0.000475062 0.000401456 -0.0282338  0.0943764 0.00553453 -0.118301  0.327849  -9.80281 
             44.9003  0.461507 -0.996849   23.9693  1.28822 -3.34369 -0.15984 0 0 0 0.04165 0.02326 -0.0284   0.342662  -0.143988 -0.0109965  0.00106335 0.000483363 0.000394079 -0.0284691  0.0939346 0.00525452 -0.118764  0.327737   -9.8028 
             45.0002 0.465374 -1.05278  25.4324   1.32299  -3.36106 -0.159727 0 0 0 0.04165 0.02326 -0.0284   0.340582  -0.137991 -0.0105072  0.00106678 0.000490344 0.000369735 -0.0275267  0.0943123 0.00507748 -0.117919  0.327302  -9.80283 
                45.1 0.478536  -1.0654  27.2156   1.35618  -3.37287 -0.160033 0 0 0 0.04165 0.02326 -0.0284   0.335377  -0.140405 -0.0058798  0.00105518 0.000500333 0.000374123 -0.0281176    0.09406 0.00501633 -0.118467  0.327553  -9.80281 
             45.1998  0.49955 -1.14363  29.0217   1.38979  -3.38419 -0.161582 0 0 0 0.04165 0.02326 -0.0284   0.347332  -0.111109 -0.0116141  0.00103529 0.000526895 0.000381192  -0.028786  0.0937256 0.00512624 -0.119122  0.327801   -9.8028 
             45.3005 0.496149 -1.19414  30.7548   1.42319   -3.3918 -0.162244 0 0 0 0.04165 0.02326 -0.0284   0.342868  -0.118909 -0.0108653  0.00103078 0.000531782 0.000406163 -0.0297021  0.0930129 0.00508466 -0.120201   0.32795  -9.80278 
             45.4003 0.492752 -1.22788   32.633    1.4564  -3.40033 -0.162439 0 0 0 0.04165 0.02326 -0.0284    0.349696   -0.107686 -0.00741071  0.00101832 0.000544264 0.000420557 -0.0306672  0.0924975 0.00499739 -0.121187  0.328242  -9.80276 
             45.5001 0.518375  -1.3155   34.245   1.49295  -3.41396 -0.160915 0 0 0 0.04165 0.02326 -0.0284  0.309224 -0.138736 0.0434893  0.00101158 0.000549068 0.000427442 -0.0300919   0.093318 0.00477228 -0.120271  0.328419  -9.80276 
                45.6 0.361477 -1.37146  35.4878   1.52908  -3.42706 -0.162532 0 0 0 0.04165 0.02326 -0.0284  0.333938 -0.163908  0.010664  0.00102175 0.000550026 0.000456863  -0.030258   0.093557 0.00472882 -0.120236  0.328689  -9.80275 
             45.6998 0.803433 -1.23116  36.3585   1.56489  -3.44379 -0.165365 0 0 0 0.04165 0.02326 -0.0284    0.359672    -0.16688 -0.00694316 0.000992646 0.000555245 0.000474462 -0.0306349  0.0939806 0.00509307 -0.12023 0.329234 -9.80274 
             45.8005 0.853822 -1.32767  36.5166   1.60083  -3.46111 -0.168543 0 0 0 0.04165 0.02326 -0.0284   0.365656  -0.169365 -0.0155701 0.000978606 0.000567407 0.000503128  -0.030539  0.0939741 0.00538518 -0.120163  0.329178  -9.80274 
             45.9003 0.767801 -1.33514  36.7331    1.6396  -3.47578 -0.172815 0 0 0 0.04165 0.02326 -0.0284   0.370379  -0.177108 -0.0236702  0.00100363 0.000574914 0.000508392 -0.0316076  0.0948484 0.00574697 -0.120378  0.330468  -9.80269 
             46.0002 0.748101 -1.37908  36.9869   1.67852  -3.49024 -0.174468 0 0 0 0.04165 0.02326 -0.0284   0.369465  -0.149305 -0.0218294 0.000995901 0.000591027 0.000505942 -0.0325947  0.0953773 0.00570124 -0.120753  0.331449  -9.80265 
                46.1 0.879091 -1.45237  37.4368   1.71866  -3.50158 -0.176413 0 0 0 0.04165 0.02326 -0.0284    0.40733  -0.169548 0.00353048 0.000987238 0.000594865 0.000496925 -0.0332891  0.0954819 0.00561633 -0.121182  0.331947  -9.80263 
             46.1998 0.481929 -1.40002  37.8665   1.75864  -3.51847 -0.177402 0 0 0 0.04165 0.02326 -0.0284     0.3975  -0.165948 -0.0206382  0.00101133 0.000605434 0.000500182 -0.0336195  0.0951406 0.00556548 -0.121627  0.331906  -9.80263 
             46.3005 0.446217 -1.44739  38.1253   1.79529  -3.53612 -0.177722 0 0 0 0.04165 0.02326 -0.0284     0.36435   -0.178089 0.000798477 0.000989662 0.000608401 0.000501571 -0.0334496  0.0942253 0.00545288 -0.122066  0.331149  -9.80265 
             46.4003  0.42173 -1.50217   38.222   1.82916  -3.55138 -0.178403 0 0 0 0.04165 0.02326 -0.0284    0.329814     -0.1363 -0.00637461 0.000994972 0.000612452 0.000513661 -0.0339291  0.0936192 0.00547453 -0.122777   0.33101  -9.80264 
             46.5002 0.288381 -1.50038  38.2138   1.85964  -3.56969 -0.178909 0 0 0 0.04165 0.02326 -0.0284  0.300798 -0.248833 0.0292152 0.000997888 0.000611674 0.000519613 -0.0345602  0.0931204 0.00544892 -0.123531  0.331038  -9.80263 
                46.6 0.633382 -1.87996  38.3014   1.89002  -3.58492 -0.179625 0 0 0 0.04165 0.02326 -0.0284   0.292504  -0.138946 0.00377612 0.000969146 0.000617959 0.000511247 -0.0350241  0.0932009 0.00553965 -0.123811   0.33138  -9.80262 
             46.6998 0.448747 -1.69488  38.5248   1.92115  -3.60155 -0.179863 0 0 0 0.04165 0.02326 -0.0284    0.302974   -0.170084 -0.00164665 0.000974132 0.000594867 0.000498229 -0.0352891  0.0940036 0.00558036 -0.123511  0.332113   -9.8026 
             46.8005 0.351933 -1.77421  38.9106   1.95266  -3.61622 -0.180785 0 0 0 0.04165 0.02326 -0.0284     0.301419    -0.166013 -0.000840285  0.00100448 0.000599961 0.000497085 -0.0362169  0.0944817  0.0057123 -0.123879  0.333019  -9.80256 
             46.9003  0.38882 -1.80581  39.4997    1.9819  -3.62737 -0.181796 0 0 0 0.04165 0.02326 -0.0284    0.285591   -0.138987 -0.00974373  0.00099337 0.000599074 0.000501252 -0.0374803  0.0946941 0.00584959 -0.124649   0.33394  -9.80252 
             47.0001 0.377105 -1.84838  40.0825   2.00862  -3.64045 -0.184784 0 0 0 0.04165 0.02326 -0.0284   0.224188 -0.0890243 -0.0116169 0.000984187  0.00060871 0.000493577 -0.0374121  0.0951749  0.0061841 -0.124305  0.334253  -9.80252 
                47.1 0.409972 -1.86869  40.5549   2.03193  -3.64919 -0.185946 0 0 0 0.04165 0.02326 -0.0284  0.254269  -0.11088 -0.014694 0.000976495 0.000605363 0.000495926 -0.0375722  0.0952783 0.00623703 -0.124357  0.334425  -9.80251 
             47.1998 0.330325 -2.02051  42.0249    2.0587  -3.65618 -0.185549 0 0 0 0.04165 0.02326 -0.0284       0.248  -0.0831374 -0.00434774 0.000965912  0.00061642 0.000467498 -0.0385759   0.096169 0.00606132 -0.124551  0.335656  -9.80246 
             47.3005 0.292946 -2.14837  43.5576   2.08085  -3.66294 -0.185226 0 0 0 0.04165 0.02326 -0.0284    0.217881  -0.0624935 -0.00305262 0.000960738 0.000632585  0.00047879 -0.0388454  0.0956244 0.00596445 -0.125068  0.335419  -9.80247 
             47.4003  0.31128 -2.19025  44.8999   2.09883  -3.66904 -0.184674 0 0 0 0.04165 0.02326 -0.0284     0.195589    -0.072543 -0.000702435 0.000951606 0.000633662 0.000502748 -0.0389675  0.0946449 0.00586117 -0.125727  0.334774  -9.80248 
             47.5001 0.268578 -2.26052  46.2478   2.11723  -3.67509 -0.184752 0 0 0 0.04165 0.02326 -0.0284    0.191152  -0.0681004 -0.00169023 0.000956234 0.000643547  0.00051361 -0.0391262  0.0943041 0.00585298 -0.12604 0.334615 -9.80248 
                47.6 0.268352 -2.32488  47.6422   2.13749   -3.6789 -0.185456 0 0 0 0.04165 0.02326 -0.0284    0.196708  -0.0523861 -0.00158383 0.000937877  0.00065097 0.000517127 -0.0399886  0.0946522 0.00594086 -0.126483  0.335366  -9.80245 
             47.6998 0.265031 -2.34875  48.9686   2.15606  -3.68128 -0.185674 0 0 0 0.04165 0.02326 -0.0284    0.195776   -0.045126 0.000778757 0.000925506 0.000653741 0.000538065 -0.0408918  0.0942851 0.00593953 -0.127365  0.335598  -9.80243 
             47.8005 0.229359 -2.39056   50.363   2.17651  -3.68452 -0.186025 0 0 0 0.04165 0.02326 -0.0284    0.206576  -0.0422863 -0.00458325 0.000924334 0.000671684 0.000546733 -0.0413884   0.094535 0.00596516 -0.127602  0.336061  -9.80241 
             47.9003 0.205542 -2.45139  51.9332   2.19857  -3.68994 -0.186018 0 0 0 0.04165 0.02326 -0.0284     0.203369    -0.047697 -0.000158721 0.000899452 0.000675475 0.000544099  -0.041143  0.0950457 0.00594409 -0.127139  0.336313  -9.80241 
             48.0001 0.153653 -2.53363  53.6452   2.21979  -3.69276 -0.186075 0 0 0 0.04165 0.02326 -0.0284    0.189904  -0.0344131 0.000422327 0.000899444 0.000683924 0.000554442 -0.0416566  0.0956698 0.00595567 -0.127198  0.337066  -9.80238 
                48.1 0.0759827  -2.57813    55.339   2.23857   -3.6943 -0.184892 0 0 0 0.04165 0.02326 -0.0284    0.17373 -0.0279139 0.00213895 0.000897613 0.000687934 0.000572655 -0.0423044  0.0960892 0.00582614 -0.127479  0.337725  -9.80236 
             48.1999 0.0278132  -2.62673   56.9892   2.25589  -3.69429 -0.185895 0 0 0 0.04165 0.02326 -0.0284    0.17046 -0.0175092  0.0023483 0.000895554 0.000699946 0.000589948 -0.0431267  0.0965312  0.0059977 -0.127888  0.338503  -9.80232 
             48.3005 -0.0288222   -2.74782    58.9504   2.27409  -3.69109 -0.188488 0 0 0 0.04165 0.02326 -0.0284   0.170377 0.00529813 -0.0103647 0.000879432  0.00072817 0.000608548 -0.0446314  0.0974287 0.00630727 -0.128606  0.339985  -9.80226 
             48.4003 -0.0558875   -2.78809    61.5005   2.29444  -3.68959 -0.186031 0 0 0 0.04165 0.02326 -0.0284    0.18528  0.0106222 0.00377138 0.000856741 0.000727067 0.000607968 -0.0449259  0.0987383 0.00596285 -0.128187  0.341147  -9.80223 
             48.5002 0.0211544  -2.98462   64.4729   2.31655  -3.68482 -0.195255 0 0 0 0.04165 0.02326 -0.0284   0.191108  0.0178805 -0.0275152 0.000742341 0.000819567 0.000614914 -0.0458294   0.100384 0.00707302 -0.128087  0.342941  -9.80217 
                48.6 -0.0932577   -3.03043    67.4094   2.33617  -3.68366 -0.191418 0 0 0 0.04165 0.02326 -0.0284    0.195047   0.0112295 -0.00431046 0.000753264 0.000818829 0.000646568 -0.0458204   0.100551 0.00627569 -0.128008  0.343039  -9.80216 
             48.6998 -0.214635   -3.1388   70.4415   2.35402  -3.68472 -0.188462 0 0 0 0.04165 0.02326 -0.0284    0.176151 -0.00061304  0.00600987 0.000741896 0.000837317 0.000656201 -0.0452561  0.0999292 0.00583193 -0.127842  0.342256  -9.80219 
             48.8005 -0.302449  -3.17084   73.1233  2.37061 -3.68495 -0.18622 0 0 0 0.04165 0.02326 -0.0284    0.170571 -0.00228364   0.0110168 0.000716307 0.000834745 0.000712828 -0.0454585  0.0995102 0.00562724 -0.128199  0.341998   -9.8022 
             48.9003 -0.433959  -3.22079   75.6679   2.38734  -3.68592 -0.184232 0 0 0 0.04165 0.02326 -0.0284  0.168771    -0.014 0.0177052 0.000730741 0.000845959 0.000686018 -0.0455218  0.0993506 0.00551138 -0.128322  0.341891   -9.8022 
             49.0002 -0.495183  -3.28661    77.911   2.40318  -3.68758 -0.184384 0 0 0 0.04165 0.02326 -0.0284   0.170498 -0.0265254 0.00808136 0.000708575 0.000862698 0.000698163 -0.0455334  0.0988557 0.00570157 -0.128543  0.341493  -9.80221 
                49.1 -0.688625  -3.37905   80.1496   2.41566  -3.68356 -0.188974 0 0 0 0.04165 0.02326 -0.0284     0.154709 -0.000612744  -0.00911886 0.000761609 0.000897146   0.0006932 -0.0480095  0.0983994 0.00639543 -0.130802  0.342181  -9.80216 
             49.1998 -0.779363  -3.43702   82.3101    2.4266  -3.67832 -0.190324 0 0 0 0.04165 0.02326 -0.0284   0.138624  0.0196551 -0.0122926 0.000757593 0.000922569 0.000708094 -0.0505338  0.0977882 0.00644649 -0.133175   0.34271  -9.80211 
             49.3005 -0.854226  -3.48132   84.4103   2.43687  -3.67396 -0.191175 0 0 0 0.04165 0.02326 -0.0284    0.133828   0.0264928 -0.00904099  0.00074752 0.000941019 0.000707665 -0.0520251  0.0970738 0.00642082 -0.134721  0.342709  -9.80209 
             49.4003 -0.911425  -3.51025   86.5961   2.45235  -3.67214 -0.190453 0 0 0 0.04165 0.02326 -0.0284    0.134522   0.0245027 -0.00193334 0.000728057 0.000959106 0.000700736 -0.0514317  0.0979029  0.0062367 -0.133891  0.343168  -9.80208 
             49.5001 -1.02411 -3.57368  88.9194   2.4629 -3.66992 -0.19163 0 0 0 0.04165 0.02326 -0.0284   0.129744  0.0204612 -0.0087598 0.000713862 0.000984174 0.000695087 -0.0520836  0.0969701  0.0063353 -0.134807  0.342633  -9.80209 
                49.6 -1.15805 -3.59812    91.25   2.47066  -3.66455 -0.188846 0 0 0 0.04165 0.02326 -0.0284  0.102771 0.0279537 0.0081902 0.000711267 0.000989671 0.000702389 -0.0543965  0.0964506 0.00589691 -0.136981  0.343048  -9.80204 
             49.6998  -1.2846 -3.65896  93.3698   2.48011  -3.66069 -0.188004 0 0 0 0.04165 0.02326 -0.0284   0.101066  0.0262724 0.00520329 0.000713527  0.00101236 0.000713237 -0.0550512  0.0965397 0.00588095 -0.13751 0.343365 -9.80202 
             49.8005 -1.42922 -3.66598  95.3789   2.48519  -3.65286 -0.188359 0 0 0 0.04165 0.02326 -0.0284 0.0832408 0.0449148 0.0054209  0.00074729  0.00102207 0.000733591  -0.057882  0.0961571 0.00605188 -0.140085  0.344065  -9.80196 
             49.9003 -1.52991 -3.70209  97.6006  2.49222 -3.65218 -0.18815 0 0 0 0.04165 0.02326 -0.0284  0.0769608  0.0278721 0.00226987 0.000741462  0.00104843 0.000728016 -0.0568687  0.0949254 0.00602033 -0.139647  0.342646  -9.80202 
             50.0002 -1.66366 -3.73627  100.213   2.50306  -3.64655 -0.187713 0 0 0 0.04165 0.02326 -0.0284  0.0904064  0.0377248 0.00402463 0.00074274 0.00105884 0.00071414 -0.0572393  0.0963948 0.00605595 -0.139459  0.344044  -9.80197 
                50.1 -1.80299  -3.7757   102.97   2.50563  -3.63889 -0.187247 0 0 0 0.04165 0.02326 -0.0284  0.0530218  0.0367098 0.00476734 0.000733416  0.00108028 0.000726216 -0.0600499  0.0958856 0.00607334 -0.142076   0.34455  -9.80192 
             50.1998  -1.9093 -3.78662   105.42   2.50557  -3.63305 -0.187616 0 0 0 0.04165 0.02326 -0.0284   0.0189125   0.0414635 0.000299339 0.000716086  0.00110234 0.000754229 -0.0619791  0.0954599 0.00617342  -0.1439 0.344816 -9.80188 
             50.3005 -1.97973  -3.8052  107.355      2.51  -3.62782 -0.188095 0 0 0 0.04165 0.02326 -0.0284   0.0227781   0.0435048 -0.00249158 0.000695646  0.00111579 0.000790175 -0.0619813   0.096338 0.00623926 -0.143621  0.345585  -9.80186 
             50.4003 -2.01829 -3.80759  108.895   2.51132  -3.62778 -0.186936 0 0 0 0.04165 0.02326 -0.0284 0.0284276 0.0280476 0.0029792 0.000691326  0.00112366 0.000819795 -0.0611628  0.0949253 0.00602088 -0.143344  0.344087  -9.80191 
             50.5002 -2.08164 -3.81027  110.759   2.51596  -3.62512 -0.185417 0 0 0 0.04165 0.02326 -0.0284  0.0558421  0.0383708 0.00790393 0.000670259  0.00113137 0.000816929  -0.060663   0.094934 0.00587404 -0.142901  0.343937  -9.80193 
                50.6 -2.21445 -3.78184  112.364  2.52208 -3.61841 -0.18419 0 0 0 0.04165 0.02326 -0.0284 0.0686956 0.0667077 0.0108532 0.000681578  0.00113743 0.000842707 -0.0612752  0.0954488 0.00585928 -0.143286  0.344571   -9.8019 
             50.6998 -2.27779 -3.80367  113.305    2.5313  -3.60701 -0.183795 0 0 0 0.04165 0.02326 -0.0284 0.0901993  0.107244 0.0105921 0.000668596  0.00115437 0.000875994 -0.0619472  0.0967078 0.00601681 -0.143508  0.345881  -9.80185 
             50.8005 -2.29091 -3.77717  113.965   2.54103  -3.59223 -0.182234 0 0 0 0.04165 0.02326 -0.0284   0.102855   0.155771 0.00955327 0.000657763  0.00114708  0.00089217 -0.0626099  0.0973503 0.00599531 -0.143906  0.346636  -9.80182 
             50.9003 -2.38186 -3.77801  114.863   2.55322  -3.57158 -0.181716 0 0 0 0.04165 0.02326 -0.0284  0.124583   0.20586 0.0121158 0.000661191  0.00115461 0.000884825 -0.0632358  0.0984895 0.00616746 -0.144133  0.347825  -9.80177 
             51.0002 -2.41549 -3.77813   115.78   2.56641  -3.54749 -0.181674 0 0 0 0.04165 0.02326 -0.0284    0.1289   0.24475 0.0104118 0.000644501  0.00116205 0.000883172 -0.0636263  0.0991189 0.00632412 -0.144299  0.348495  -9.80175 
                51.1 -2.49686 -3.78003  116.846   2.57932   -3.5196 -0.181345 0 0 0 0.04165 0.02326 -0.0284  0.133956   0.29307 0.0106887 0.000650803  0.00116645 0.000882701 -0.0641753  0.0993426 0.00643638 -0.144721   0.34885  -9.80173 
             51.1999 -2.56684 -3.78742  118.127   2.59173  -3.48874 -0.180168 0 0 0 0.04165 0.02326 -0.0284  0.125298  0.298784 0.0136517 0.000645886  0.00117804 0.000877547 -0.0649431  0.0993223 0.00644461 -0.145405  0.349044  -9.80171 
             51.3005 -2.65829 -3.77008  119.481   2.60382  -3.45823 -0.179312 0 0 0 0.04165 0.02326 -0.0284   0.123583   0.268477 0.00380077 0.000643873  0.00118317 0.000876789 -0.0653017   0.099663 0.00650874 -0.145628  0.349444  -9.80169 
             51.4003 -2.70385 -3.72502  120.573   2.61662  -3.43248 -0.178981 0 0 0 0.04165 0.02326 -0.0284     0.11389    0.218933 0.000657383 0.000630844  0.00119096 0.000890856  -0.065691   0.100279 0.00652871 -0.145807  0.350092  -9.80167 
             51.5002 -2.76654 -3.73755  120.943   2.62721  -3.41209 -0.177703 0 0 0 0.04165 0.02326 -0.0284   0.108159   0.220726 0.00218122 0.000644912  0.00119433  0.00091938 -0.0652614   0.100013 0.00637517 -0.145497  0.349739  -9.80168 
                51.6 -2.76194 -3.70422  121.407   2.63811  -3.38624 -0.176279 0 0 0 0.04165 0.02326 -0.0284  0.109777  0.272688 0.0127674  0.00064396  0.00119096 0.000915714 -0.0658627   0.100457 0.00631828 -0.145913  0.350285  -9.80166 
             51.6999  -2.7663 -3.69749  121.974   2.64742  -3.35588 -0.174419 0 0 0 0.04165 0.02326 -0.0284 0.0999693  0.324803 0.0156409 0.000640018  0.00119189 0.000914152  -0.066515   0.100416 0.00625588  -0.1465 0.350415 -9.80164 
             51.8005 -2.77625 -3.65419  122.919   2.65735  -3.31874 -0.173506 0 0 0 0.04165 0.02326 -0.0284   0.10112  0.374984 0.0198298 0.000628512  0.00119659   0.0008983 -0.0670861   0.100917 0.00637669 -0.146877  0.351007  -9.80162 
             51.9003 -2.82679 -3.56494  124.224   2.66522  -3.27891 -0.172171 0 0 0 0.04165 0.02326 -0.0284 0.061388 0.397129 0.017163  0.00064068  0.00119676 0.000893053 -0.0676562   0.101186 0.00646855 -0.147312  0.351392   -9.8016 
             52.0002 -2.88214 -3.51346  125.821   2.67141  -3.23702 -0.169493 0 0 0 0.04165 0.02326 -0.0284 0.0522078  0.402758 0.0210715  0.00063286  0.00120986 0.000886483 -0.0680531   0.101787 0.00639304 -0.147512  0.352018  -9.80157 
                52.1 -2.96198 -3.40897  127.587   2.67646  -3.19638 -0.167979 0 0 0 0.04165 0.02326 -0.0284 0.0492812  0.392419 0.0205934 0.000630773  0.00121508 0.000888142 -0.0683961   0.101957 0.00646441 -0.147775  0.352254  -9.80156 
             52.1999 -2.96994 -3.36186  129.106   2.68105  -3.15935 -0.167372 0 0 0 0.04165 0.02326 -0.0284  0.0426987    0.35979 0.00887285 0.000615547  0.00123018 0.000908163 -0.0680798   0.101914 0.00658266 -0.147505  0.352146  -9.80157 
             52.3005 -3.02432  -3.3129  130.189   2.68266  -3.12455 -0.167129 0 0 0 0.04165 0.02326 -0.0284  0.0270071   0.345201 0.00956625 0.000613759  0.00124092 0.000932794 -0.0683783   0.101309 0.00666142 -0.147911  0.351682  -9.80158 
             52.4004 -2.99783 -3.25629   131.07   2.68355  -3.08974 -0.166317 0 0 0 0.04165 0.02326 -0.0284 0.00734538   0.352202 0.00775386 0.000621094  0.00124059 0.000952617 -0.0686396   0.101273 0.00665545 -0.148151  0.351708  -9.80157 
             52.5002 -2.98286 -3.22501  131.725   2.68347   -3.0527 -0.165216 0 0 0 0.04165 0.02326 -0.0284 -0.000104448     0.375212    0.0150994 0.000618369  0.00125037 0.000968101 -0.0691236    0.10144 0.00665539 -0.148544  0.351963  -9.80156 
                52.6 -2.97598 -3.21099  132.066    2.6833  -3.01145 -0.163145 0 0 0 0.04165 0.02326 -0.0284 0.00430302   0.412729  0.0155509 0.000620171  0.00124681   0.0009821 -0.0695763   0.101973 0.00656539 -0.148829   0.35253  -9.80153 
             52.6999 -2.97343 -3.15691   132.14   2.68346  -2.96546 -0.161002 0 0 0 0.04165 0.02326 -0.0284 -0.00771882    0.452636   0.0193446 0.000620875  0.00124141 0.000992571 -0.0701426   0.102795 0.00654135 -0.149153  0.353379   -9.8015 
             52.8001  -2.9035 -3.12456  131.985   2.68243  -2.91629 -0.158333 0 0 0 0.04165 0.02326 -0.0284 -0.0143164   0.485891  0.0236492 0.000614554  0.00123742 0.000998666 -0.0705409   0.103417 0.00650543 -0.149372  0.354013  -9.80147 
                52.9 -2.95511  -3.1107  131.807   2.68258  -2.86455 -0.158611 0 0 0 0.04165 0.02326 -0.0284 0.00208106   0.513415  0.0150733 0.000634053  0.00123939  0.00099386 -0.0706183   0.103891 0.00681264 -0.14934 0.354459 -9.80146 
             52.9998 -2.88834 -3.12851   131.57   2.68207  -2.81158 -0.158428 0 0 0 0.04165 0.02326 -0.0284 -0.00928471    0.526624   0.0149243 0.000639365  0.00124461 0.000991814  -0.070775   0.104232 0.00700069 -0.149405    0.3548  -9.80144 
             53.1004 -2.83174 -3.14642  131.308  2.68131 -2.75655 -0.15679 0 0 0 0.04165 0.02326 -0.0284 -0.00158292    0.533797   0.0137548 0.000628223  0.00124155 0.000985614  -0.071359   0.104558 0.00697233 -0.149849  0.355212  -9.80142 
             53.2003 -2.76586 -3.17736  130.936   2.68231  -2.70216 -0.154426 0 0 0 0.04165 0.02326 -0.0284 -0.00369542    0.515406    0.013844 0.000638893  0.00123325 0.000985717 -0.0714375   0.105204 0.00694771 -0.149778  0.355797   -9.8014 
             53.3001 -2.63832 -3.23014  130.376   2.68326   -2.6527 -0.153628 0 0 0 0.04165 0.02326 -0.0284 0.0308593  0.468682 0.0205109 0.000630485   0.0012329 0.000983378 -0.0715664   0.105413 0.00703346 -0.149845  0.356012  -9.80139 
                53.4 -2.73948 -3.23702  129.395   2.68734  -2.60743 -0.152784 0 0 0 0.04165 0.02326 -0.0284 0.0341734  0.428859 0.0138032  0.00065786  0.00121117 0.000989167 -0.0714496    0.10561 0.00709096 -0.149699   0.35616  -9.80139 
             53.4998 -2.67826 -3.25961  128.195   2.69079  -2.56215 -0.152205 0 0 0 0.04165 0.02326 -0.0284  0.0501129   0.447197 0.00264298  0.00067041  0.00120078 0.000990664  -0.071736   0.105833 0.00710765 -0.149899  0.356421  -9.80138 
             53.6005 -2.57444 -3.27131  127.073   2.69801  -2.51423 -0.152587 0 0 0 0.04165 0.02326 -0.0284   0.0692745     0.46229 -0.00296322 0.000674909  0.00119964 0.000966287 -0.0719535   0.106652 0.00721493 -0.149901  0.357189  -9.80135 
             53.7003 -2.49909 -3.28248  125.666   2.70383    -2.467 -0.151208 0 0 0 0.04165 0.02326 -0.0284  0.0702385   0.461114 0.00594315 0.000688004  0.00118177 0.000966186 -0.0724334   0.106751 0.00707259 -0.150294  0.357385  -9.80134 
             53.8001 -2.43483 -3.29815  124.055   2.71077  -2.42113 -0.150407 0 0 0 0.04165 0.02326 -0.0284  0.0926427   0.445958 0.00974592 0.00069391 0.00116929 0.00095368 -0.0727054   0.106601 0.00703965 -0.150565  0.357319  -9.80133 
                53.9 -2.31658 -3.31635  122.058  2.71802 -2.37738 -0.14913 0 0 0 0.04165 0.02326 -0.0284  0.0891807   0.413406 0.00702967 0.000692103  0.00115339 0.000953372 -0.0732256   0.106338 0.00693583 -0.151078  0.357219  -9.80133 
             53.9998  -2.2259 -3.30501  119.965   2.72536  -2.33653 -0.148349 0 0 0 0.04165 0.02326 -0.0284  0.0750137   0.377832 0.00722446 0.000716031  0.00113469 0.000941191 -0.0737528     0.1065 0.00695195 -0.151488  0.357496  -9.80131 
             54.1004 -2.12469   -3.312   118.09   2.73181  -2.29766 -0.146847 0 0 0 0.04165 0.02326 -0.0284  0.0652988   0.377997 0.00759745 0.000723538  0.00111672 0.000912541 -0.0740725   0.106731 0.00686398 -0.151698  0.357779   -9.8013 
             54.2003 -2.07875 -3.31668  116.503   2.73616  -2.25884 -0.145821 0 0 0 0.04165 0.02326 -0.0284 0.0363931  0.384144 0.0133341 0.000750142  0.00109612 0.000887432 -0.0744803   0.106862 0.00684444 -0.152006  0.358004  -9.80129 
             54.3001 -2.05115  -3.3238  115.283    2.7383  -2.21896 -0.143141 0 0 0 0.04165 0.02326 -0.0284 0.0130376  0.405935 0.0158924 0.000767508  0.00108348 0.000856164 -0.0748312   0.106955 0.00669202 -0.152273  0.358181  -9.80128 
                54.4 -1.94932 -3.36632  114.411   2.73616  -2.17797 -0.141234 0 0 0 0.04165 0.02326 -0.0284 -0.0103409   0.424438  0.0173056 0.000754144  0.00107096 0.000829567 -0.0752775   0.106604 0.00666957 -0.152751   0.35802  -9.80127 
             54.4998 -1.96026 -3.39487  113.723   2.73199  -2.13672 -0.140088 0 0 0 0.04165 0.02326 -0.0284 -0.0155218    0.41596  0.0172297 0.000769068  0.00105621 0.000824139 -0.0756984   0.105929 0.00671648 -0.153307  0.357588  -9.80128 
             54.6004 -1.91809 -3.40685   113.11     2.729  -2.09534 -0.138239 0 0 0 0.04165 0.02326 -0.0284 -0.029494  0.403119 0.0211731 0.000782147  0.00104754 0.000819663 -0.0757636   0.105649  0.0066856 -0.153448  0.357374  -9.80129 
             54.7003 -1.85026 -3.42928  112.598   2.72627    -2.052 -0.136886 0 0 0 0.04165 0.02326 -0.0284 -0.041522  0.425105 0.0187396  0.00076631  0.00103741 0.000810886 -0.0758812   0.106017  0.0067214 -0.153429  0.357717  -9.80127 
             54.8001 -1.81995 -3.42415  112.303   2.72074  -2.00643 -0.137114 0 0 0 0.04165 0.02326 -0.0284 -0.0747953   0.456813  0.0151231 0.000779272  0.00103364 0.000804203  -0.076066   0.106154 0.00694752 -0.153538  0.357895  -9.80127 
                54.9 -1.78958 -3.46571  112.555   2.71177  -1.95826 -0.136096 0 0 0 0.04165 0.02326 -0.0284 -0.119439  0.477663  0.011644 0.000778631  0.00103796 0.000778098 -0.0761715   0.106491 0.00697989 -0.153516  0.358207  -9.80126 
             54.9998 -1.88316   -3.454  113.779   2.69973  -1.90854 -0.134403 0 0 0 0.04165 0.02326 -0.0284 -0.136433  0.472692 0.0142624 0.000780042   0.0010396 0.000743702 -0.0763007   0.106957 0.00691867 -0.153472  0.358628  -9.80124 
             55.1005 -1.99983 -3.41239  116.039   2.68744  -1.86047 -0.131267 0 0 0 0.04165 0.02326 -0.0284  -0.15224  0.453933 0.0172008 0.000774372   0.0010554  0.00070655 -0.0762917   0.107465 0.00673436 -0.153303  0.359036  -9.80123 
             55.2003 -2.11532 -3.44222  118.978   2.67122  -1.81464 -0.129165 0 0 0 0.04165 0.02326 -0.0284 -0.163845  0.446275  0.012233 0.000766233  0.00107989 0.000691653 -0.0765962   0.107753 0.00667989 -0.153465  0.359364  -9.80121 
             55.3002 -2.26201 -3.38923  122.272   2.65746  -1.77066 -0.126631 0 0 0 0.04165 0.02326 -0.0284 -0.194222  0.430303  0.022698 0.000760018  0.00109155 0.000672115  -0.075969   0.108337 0.00660897 -0.152771  0.359662  -9.80121 
                55.4 -2.40101  -3.3581  125.549   2.63373  -1.72801 -0.126153 0 0 0 0.04165 0.02326 -0.0284 -0.211199  0.425631 0.0147437 0.000733488  0.00112662 0.000689842 -0.0765077   0.107946  0.0067515 -0.153331  0.359487  -9.80121 
             55.4999 -2.60315 -3.25818  129.009   2.60667  -1.68711 -0.124425 0 0 0 0.04165 0.02326 -0.0284  -0.26769  0.398845 0.0110282 0.000730707  0.00114541 0.000701028 -0.0771861   0.107285 0.00669756 -0.154076  0.359102  -9.80121 
             55.6005 -2.70611 -3.24083   132.39   2.57414  -1.64999 -0.124646 0 0 0 0.04165 0.02326 -0.0284 -0.281769   0.36717 0.0155691 0.000704502  0.00119412 0.000737872  -0.077985   0.106456 0.00684678 -0.154953  0.358591  -9.80122 
             55.7003 -2.91219 -3.18328  135.786   2.53989  -1.62044 -0.122935 0 0 0 0.04165 0.02326 -0.0284 -0.308556  0.303534 0.0089371 0.000698602  0.00121743 0.000777545  -0.078307   0.104943 0.00670954 -0.155555  0.357375  -9.80125 
             55.8002 -3.02581 -3.09068  138.904   2.50855  -1.59202 -0.121941 0 0 0 0.04165 0.02326 -0.0284 -0.289467  0.277957 0.0108598 0.000684316  0.00123878 0.000823027 -0.0785102   0.104639 0.00671877 -0.155789  0.357154  -9.80126 
                55.9 -3.13765 -3.04387  141.728   2.48026  -1.56376 -0.119568 0 0 0 0.04165 0.02326 -0.0284 -0.297783  0.256643 0.0171659 0.000670013  0.00126118 0.000863422  -0.078528   0.105187 0.00656083 -0.155708   0.35762  -9.80124 
             55.9999 -3.23139 -3.03577  144.374    2.4525  -1.53536 -0.116785 0 0 0 0.04165 0.02326 -0.0284 -0.290436  0.266317 0.0162406 0.000648674  0.00128043 0.000893984 -0.0785164   0.105995 0.00643941 -0.155569  0.358308  -9.80122 
             56.1005 -3.33065 -2.99484   146.57   2.42522  -1.50426 -0.116153 0 0 0 0.04165 0.02326 -0.0284  -0.29163  0.299765 0.0134965 0.000636081   0.0012998 0.000932985 -0.0784739   0.106811 0.00659463 -0.155418  0.359008   -9.8012 
             56.2003 -3.38583 -2.97593  148.295    2.3976  -1.47018 -0.113915 0 0 0 0.04165 0.02326 -0.0284 -0.305122  0.339486 0.0210468 0.000611756  0.00131328 0.000964259 -0.0783744    0.10761  0.0065491 -0.15523 0.359683 -9.80117 
             56.3002 -3.3588 -2.9357 149.468   2.36842  -1.43054 -0.111514 0 0 0 0.04165 0.02326 -0.0284 -0.297302  0.386364 0.0292754 0.000592423  0.00131102 0.000988861   -0.07826   0.108452 0.00655688 -0.155034  0.360397  -9.80115 
                56.4 -3.47492 -2.91291   150.19   2.33818  -1.38868 -0.109144 0 0 0 0.04165 0.02326 -0.0284 -0.295608  0.403133 0.0227115 0.000600333  0.00131393  0.00100759 -0.0785048    0.10893 0.00658784 -0.155196  0.360835  -9.80113 
             56.4999 -3.43074 -2.87564  150.499   2.30678   -1.3477 -0.108314 0 0 0 0.04165 0.02326 -0.0284  -0.30209  0.416381 0.0188546 0.000584761  0.00131607  0.00102137 -0.0788572   0.108906 0.00678777 -0.155505  0.360853  -9.80113 
             56.6005 -3.45154 -2.89015  150.526   2.27625  -1.30533 -0.108388 0 0 0 0.04165 0.02326 -0.0284  -0.300549   0.405816 0.00535944 0.000595166  0.00131541  0.00102958 -0.0791367   0.109003 0.00700315 -0.155739  0.360969  -9.80112 
             56.7003 -3.42526 -2.90099  150.453  2.24562  -1.2667 -0.10831 0 0 0 0.04165 0.02326 -0.0284  -0.294573   0.371687 0.00601677 0.000597475  0.00132082  0.00102777 -0.0793905   0.108833 0.00711859 -0.155975  0.360849  -9.80112 
             56.8002 -3.42026 -2.88388  150.343   2.21613   -1.2315 -0.107384 0 0 0 0.04165 0.02326 -0.0284  -0.266808   0.365181 0.00217498 0.00059866 0.00131356 0.00102897 -0.0796058   0.108398 0.00707154  -0.1562 0.360493 -9.80113 
                56.9  -3.4451 -2.89051  150.148   2.18822  -1.19734 -0.106408 0 0 0 0.04165 0.02326 -0.0284  -0.271887   0.327612 0.00616526 0.000600373  0.00131402  0.00103561 -0.0798723   0.108213 0.00699828 -0.156445  0.360357  -9.80113 
             56.9999 -3.41314 -2.89672  149.938   2.16133  -1.16489 -0.105119 0 0 0 0.04165 0.02326 -0.0284  -0.257494   0.329898 0.00713306 0.000585085  0.00131663  0.00103774 -0.0800429   0.108091  0.0069457 -0.156602  0.360267  -9.80113 
             57.1001 -3.45549 -2.90099  149.686   2.13539  -1.13187 -0.104283 0 0 0 0.04165 0.02326 -0.0284  -0.254399   0.332954 0.00934319 0.000601577  0.00131317  0.00104711  -0.080127   0.108017 0.00695465 -0.156682  0.360212  -9.80113 
             57.1999 -3.43886  -2.9261  149.433   2.11139  -1.09636 -0.103764 0 0 0 0.04165 0.02326 -0.0284  -0.262072   0.339331 0.00734332 0.000597657  0.00131564  0.00104765 -0.0800807   0.108563 0.00703702 -0.15659 0.360676 -9.80112 
             57.2998 -3.43072 -2.98145  149.168  2.08506 -1.06111 -0.10168 0 0 0 0.04165 0.02326 -0.0284  -0.260063   0.370533 0.00712002 0.000608257  0.00131378  0.00105032 -0.0802452   0.108737 0.00691714 -0.156711  0.360837  -9.80111 
             57.4004 -3.48935 -3.02123   148.93   2.05876  -1.02211 -0.100535 0 0 0 0.04165 0.02326 -0.0284 -0.275988  0.380925 0.0153305 0.000613146  0.00130868  0.00105003 -0.0803494   0.109068 0.00693246 -0.156767   0.36113   -9.8011 
             57.5003 -3.45231 -3.06556  148.696    2.03353  -0.981059 -0.0993785 0 0 0 0.04165 0.02326 -0.0284 -0.255824  0.393909 0.0112204 0.000611719  0.00130895   0.0010391 -0.0803425   0.109891 0.00700329 -0.156677   0.36183  -9.80107 
             57.6001 -3.51788 -3.06555  148.464    2.00864  -0.943271 -0.0984516 0 0 0 0.04165 0.02326 -0.0284  -0.237289    0.36576 0.00625119 0.000615056  0.00129972  0.00104047 -0.0803997   0.109751 0.00705317 -0.15674 0.361718 -9.80108 
             57.6999  -3.5026 -3.10218  148.219    1.98567  -0.908426 -0.0970704 0 0 0 0.04165 0.02326 -0.0284  -0.222754   0.333041 0.00675158 0.000620377  0.00129384  0.00103507  -0.080522   0.109795 0.00699518 -0.156838  0.361767  -9.80107 
             57.8002 -3.51788 -3.16093  148.017    1.96378   -0.87689 -0.0969575 0 0 0 0.04165 0.02326 -0.0284  -0.19618  0.305011 0.0108696 0.000623869  0.00130037  0.00103085 -0.0806864   0.109662 0.00708451 -0.156992  0.361675  -9.80107 
                57.9 -3.55586 -3.16799  147.778    1.94437  -0.847103 -0.0938661 0 0 0 0.04165 0.02326 -0.0284 -0.189053  0.276809 0.0102742 0.000631004  0.00128318  0.00103035 -0.0809764   0.109778 0.00680307 -0.157221  0.361796  -9.80106 
             57.9998 -3.54766 -3.22864  147.557     1.9248  -0.820083 -0.0917254 0 0 0 0.04165 0.02326 -0.0284 -0.195264  0.238177 0.0224379 0.000640412  0.00128892  0.00102246 -0.0813474   0.109897 0.00674887 -0.157519  0.361935  -9.80105 
             58.1005 -3.38024 -3.36464  147.572   1.90531 -0.797106 -0.090791 0 0 0 0.04165 0.02326 -0.0284  -0.187695   0.249933 -0.0029672 0.000633325  0.00128645  0.00100829 -0.0811126   0.110043 0.00677945 -0.157306  0.362032  -9.80105 
             58.2003 -3.51425 -3.37438  147.743    1.88363  -0.770599 -0.0892728 0 0 0 0.04165 0.02326 -0.0284  -0.225051   0.285652 0.00634733 0.000664775  0.00127446  0.00100692 -0.0815885   0.109963 0.00666521 -0.157712  0.362016  -9.80105 
             58.3001 -3.60268  -3.3298  147.425    1.85873  -0.741961 -0.0872843 0 0 0 0.04165 0.02326 -0.0284  -0.24155  0.300582 0.0188474 0.000643403  0.00126618  0.00102238 -0.0819534   0.109947 0.00665231 -0.158018  0.362043  -9.80104 
                58.4 -3.48978 -3.30869  147.342    1.83541  -0.708987 -0.0854473 0 0 0 0.04165 0.02326 -0.0284 -0.246601  0.302487 0.0198859 0.000630504   0.0012515  0.00100072  -0.082177    0.11067 0.00671167 -0.158122  0.362673  -9.80102 
             58.4998 -3.52997 -3.32591  147.096    1.81117  -0.676192 -0.0846431 0 0 0 0.04165 0.02326 -0.0284 -0.234366  0.324053 0.0119117 0.000646434  0.00124878  0.00100379 -0.0824256   0.110929 0.00688216  -0.1583 0.362921 -9.80101 
             58.6005 -3.48771  -3.2993  146.803     1.7873  -0.646599 -0.0832731 0 0 0 0.04165 0.02326 -0.0284 -0.236968   0.30223 0.0164699 0.00065914 0.00124155 0.00101079 -0.0823316   0.110499 0.00685888 -0.158272  0.362553  -9.80102 
             58.7003 -3.40766 -3.30369  146.513    1.76766  -0.612191 -0.0831138 0 0 0 0.04165 0.02326 -0.0284 -0.176301  0.275447  0.032473 0.000654315  0.00124096 0.000990332 -0.0822733   0.111546 0.00706622 -0.158102  0.363419  -9.80099 
             58.8001 -3.45594 -3.25168  146.032    1.74803  -0.587236 -0.0795873 0 0 0 0.04165 0.02326 -0.0284 -0.170478  0.287308 0.0508942 0.000663099  0.00123516 0.000999475 -0.0823948   0.111109  0.0068959 -0.158253  0.363068    -9.801 
                58.9 -3.71053 -3.54075  145.538    1.72831   -0.55753 -0.0799229 0 0 0 0.04165 0.02326 -0.0284  -0.183645   0.278267 0.00531944 0.000686531  0.00125357 0.000991003 -0.0825183   0.111102 0.00703411 -0.158357  0.363081    -9.801 
             58.9998 -3.32762 -3.31789  145.246    1.70453  -0.528567 -0.0794436 0 0 0 0.04165 0.02326 -0.0284 -0.213497   0.28197 0.0154986 0.000673733  0.00123407 0.000985533 -0.0833813   0.111049  0.0070851 -0.159072  0.363148  -9.80098 
             59.1005 -3.39314 -3.38957  144.838    1.68254  -0.498843 -0.0778049 0 0 0 0.04165 0.02326 -0.0284 -0.206908  0.290287 0.0077381 0.000678293  0.00124118 0.000981626 -0.0837057   0.111083 0.00703477 -0.159333  0.363216  -9.80098 
             59.2003 -3.27522 -3.29568  144.391    1.66238  -0.467685 -0.0765351 0 0 0 0.04165 0.02326 -0.0284 -0.200397  0.298762 0.0150055 0.000677729  0.00122888 0.000975156 -0.0837981   0.111502 0.00702761 -0.159352  0.363571  -9.80096 
             59.3001 -3.30267 -3.31705  143.973    1.64066  -0.439793 -0.0763329 0 0 0 0.04165 0.02326 -0.0284   -0.194772    0.293863 -0.00627333 0.000695492  0.00123573 0.000986238 -0.0839559   0.111076 0.00709444 -0.15954 0.363248 -9.80097 
                59.4 -3.20344  -3.1853  143.516   1.62476 -0.408729 -0.074925 0 0 0 0.04165 0.02326 -0.0284 -0.176518  0.267592 0.0192915 0.000686331  0.00122438 0.000968683 -0.0840117   0.111765 0.00704091 -0.159488  0.363813  -9.80095 
             59.4998 -3.15206 -3.22791   142.68    1.60464  -0.382162 -0.0718147 0 0 0 0.04165 0.02326 -0.0284 -0.222501  0.266073 0.0134322 0.000719383  0.00121899 0.000989452 -0.0842621   0.111786 0.00685037 -0.159686  0.363861  -9.80095 
             59.6005 -3.24277 -3.44883  142.085     1.5866  -0.350057 -0.0716683 0 0 0 0.04165 0.02326 -0.0284 -0.167866  0.312062  0.014557 0.000708517   0.0012268 0.000960511 -0.0843804   0.112184   0.007077 -0.159724  0.364206  -9.80093 
             59.7003 -3.11819  -3.4015  141.353     1.5677  -0.319646 -0.0697432 0 0 0 0.04165 0.02326 -0.0284 -0.176295  0.300747 0.0172934 0.000710199  0.00119954 0.000962141 -0.0845524    0.11226 0.00701462 -0.15985 0.364291 -9.80093 
             59.8001  -3.1794 -3.42239  140.609    1.55193  -0.286588 -0.0685303 0 0 0 0.04165 0.02326 -0.0284 -0.159028  0.305806 0.0149831 0.000732409  0.00119497  0.00094457 -0.0847653   0.112667 0.00710515 -0.159956  0.364654  -9.80091 
                59.9 -3.08643 -3.44193  139.758    1.53515  -0.256941 -0.0667016 0 0 0 0.04165 0.02326 -0.0284  -0.14907  0.299593 0.0105944 0.000726411  0.00118141 0.000943462 -0.0849583   0.112551  0.0070648 -0.160128  0.364593  -9.80091 
             59.9998 -3.05019 -3.49397  138.987    1.51891  -0.228663 -0.0686608 0 0 0 0.04165 0.02326 -0.0284  -0.150722    0.27358 0.00501355 0.000738772  0.00118395 0.000937935 -0.0851225   0.112358   0.007452 -0.160294  0.364478  -9.80092 
             60.1005 -3.04671   -3.546  138.194    1.50597  -0.201139 -0.0682335 0 0 0 0.04165 0.02326 -0.0284   -0.109279    0.230527 -0.00519143  0.00075526  0.00117904 0.000923263 -0.0852404   0.112601 0.00741332 -0.160344   0.36469  -9.80091 
             60.2003 -2.96187 -3.50359  136.924     1.4947  -0.177703 -0.0672058 0 0 0 0.04165 0.02326 -0.0284 -0.0879209   0.238274 0.00738102 0.000750502  0.00116093 0.000926614 -0.0855954   0.112768 0.00729599 -0.160591  0.364884   -9.8009 
             60.3001 -3.04275 -3.46495  134.537    1.48703   -0.15114 -0.0637509 0 0 0 0.04165 0.02326 -0.0284 -0.0577972   0.273936  0.0153148 0.000786797   0.0011317 0.000968289 -0.0859897   0.112484 0.00688604 -0.16095 0.364727  -9.8009 
                60.4 -2.71454 -3.63664  131.763    1.47621   -0.12278 -0.0640978 0 0 0 0.04165 0.02326 -0.0284 -0.0874586   0.278063 0.00706618 0.000777474  0.00113273 0.000960787 -0.0864539   0.112616 0.00713912 -0.161283  0.364934  -9.80088 
             60.4998 -2.66406 -3.61266  129.028    1.47027 -0.0910956 -0.0622766 0 0 0 0.04165 0.02326 -0.0284 -0.0607621   0.303194  0.0152921 0.000814554  0.00108962 0.000924543 -0.0867869   0.113099 0.00706843 -0.161428  0.365381  -9.80086 
             60.6005 -2.49421 -3.60912  126.071    1.46633 -0.0608593 -0.0580935 0 0 0 0.04165 0.02326 -0.0284 -0.0401433   0.300761  0.0226813 0.000824459  0.00104638 0.000909091 -0.0866405   0.113294 0.00676377 -0.161268  0.365484  -9.80086 
             60.7003 -2.38198  -3.5838  123.147    1.47125 -0.0241985  -0.051692 0 0 0 0.04165 0.02326 -0.0284 0.00713785   0.325779   0.038202 0.000843156 0.000987617 0.000832597 -0.0863714   0.114773 0.00637356 -0.160665  0.366509  -9.80083 
             60.8002 -2.29666 -3.64357  120.356    1.49179  0.0213601 -0.0508932 0 0 0 0.04165 0.02326 -0.0284    0.0775  0.359036 0.0274159 0.000893055 0.000970062  0.00068431 -0.0854667   0.117949   0.006872 -0.159064  0.368586  -9.80078 
                60.9 -2.18991 -3.59669   117.29    1.48751  0.0527185 -0.0497205 0 0 0 0.04165 0.02326 -0.0284 0.0546474  0.335243 0.0206051 0.000925215 0.000923655 0.000710859  -0.086474   0.116311 0.00700086 -0.160307   0.36774  -9.80079 
             60.9998 -2.01045 -3.59568  114.391    1.47584  0.0783162 -0.0507334 0 0 0 0.04165 0.02326 -0.0284 0.00577928   0.302018 0.00901078 0.000914327 0.000900832 0.000688435 -0.0875382   0.113923 0.00727658 -0.161873  0.366442  -9.80082 
             61.1004  -1.7467 -3.70812  111.631    1.46975   0.101176 -0.0586573 0 0 0 0.04165 0.02326 -0.0284 -0.00952018    0.260853  -0.0192951 0.000855256 0.000926108 0.000668979 -0.0874013   0.112633 0.00826165 -0.162261  0.365528  -9.80084 
             61.2003 -1.65273 -3.71908  108.972    1.45495   0.117355 -0.0571698 0 0 0 0.04165 0.02326 -0.0284  -0.0573376    0.219771 -0.00726886   0.0008615 0.000901859 0.000689698  -0.087602   0.110437 0.00765636 -0.163273  0.364132  -9.80088 
             61.3001 -1.62274 -3.69303  106.548    1.44827    0.13386 -0.0543303 0 0 0 0.04165 0.02326 -0.0284  -0.060786   0.203059 0.00644446 0.000904067 0.000876683 0.000693307 -0.0870316   0.109819  0.0071791 -0.163176  0.363476  -9.80091 
                61.4 -1.50932 -3.63326  104.255    1.45078   0.155849 -0.0491461 0 0 0 0.04165 0.02326 -0.0284 -0.0248544   0.214232  0.0289619 0.000940798 0.000845677 0.000676192 -0.0865385   0.110875 0.00666856 -0.162404  0.363898   -9.8009 
             61.4998 -1.43947 -3.64939  102.085     1.4564   0.183226 -0.0455129 0 0 0 0.04165 0.02326 -0.0284 0.0108547  0.244746 0.0238411 0.000938672 0.000821374 0.000648124 -0.0866312   0.112151 0.00658352 -0.161864  0.364704  -9.80088 
             61.6004 -1.37398 -3.61901  100.049    1.46116   0.214271 -0.0431002 0 0 0 0.04165 0.02326 -0.0284 0.0204711  0.268001 0.0215452 0.000976936 0.000795075 0.000627143 -0.0872819   0.112962 0.00671912 -0.16184 0.365496 -9.80085 
             61.7003 -1.27385 -3.61341  98.1098    1.46101   0.245867 -0.0424821 0 0 0 0.04165 0.02326 -0.0284 0.0314487  0.289458 0.0148851 0.000992242 0.000775883 0.000605701 -0.0882134   0.113008 0.00697805 -0.162327  0.366002  -9.80083 
             61.8001 -1.22897 -3.75723  96.3698    1.45987   0.280483 -0.0428078 0 0 0 0.04165 0.02326 -0.0284    0.020138    0.303955 0.000549166   0.0010173 0.000764786 0.000587421 -0.0891415    0.11293 0.00723803 -0.162857  0.366452   -9.8008 
             61.8999 -1.07383 -3.62223  94.6878    1.45912    0.31421 -0.0413307 0 0 0 0.04165 0.02326 -0.0284 0.00396963   0.311485  0.0124704  0.00100773 0.000744045 0.000575195  -0.089799   0.112778 0.00716835 -0.163275  0.366726  -9.80078 
             62.0002 -0.994357  -3.61867   93.0017    1.45897   0.346445 -0.0408256 0 0 0 0.04165 0.02326 -0.0284 0.0114808  0.303622 0.0100096  0.00100903 0.000733598 0.000564464 -0.0900753   0.112758 0.00723589 -0.16342 0.366869 -9.80077 
                62.1 -1.02133 -3.58295   91.469    1.46009   0.375634 -0.0390859 0 0 0 0.04165 0.02326 -0.0284 0.00883292    0.28841  0.0127948  0.00104314 0.000714452 0.000553615 -0.0900117   0.112713 0.00711351 -0.163418  0.366809  -9.80078 
             62.1999 -0.907076   -3.5287   89.9956    1.46318    0.40329 -0.0395176 0 0 0 0.04165 0.02326 -0.0284 0.0327482  0.270887 0.0155256  0.00102662 0.000711213 0.000537669  -0.089869   0.112788 0.00734062 -0.163307  0.366767  -9.80078 
             62.3005 -0.860876  -3.54426   88.6103    1.46651   0.429379 -0.0369138 0 0 0 0.04165 0.02326 -0.0284 0.0230774  0.260794 0.0136499  0.00106217 0.000700964  0.00052415  -0.089656    0.11288 0.00715285 -0.163165  0.366678  -9.80079 
             62.4003 -0.815105  -3.53052   87.4443    1.46898    0.45531 -0.0359209 0 0 0 0.04165 0.02326 -0.0284 0.0258497  0.253294 0.0159563  0.00106547 0.000690245 0.000507771 -0.0896524   0.112884 0.00719409 -0.16316 0.366679 -9.80079 
             62.5002 -0.792727  -3.50735   86.6606     1.4716   0.480053 -0.0356578 0 0 0 0.04165 0.02326 -0.0284 0.0266084  0.249697  0.006012  0.00107089 0.000685022 0.000479219 -0.0895612   0.112847 0.00730182 -0.163145  0.366612  -9.80079 
                62.6 -0.78047 -3.45401  86.1612    1.47218   0.505202 -0.0348906 0 0 0 0.04165 0.02326 -0.0284  0.0114702   0.243335 0.00198399  0.00107445 0.000670925  0.00046627 -0.0897071   0.112649 0.00731197 -0.16332 0.366625 -9.80079 
             62.6998 -0.757163  -3.44016   86.1164    1.47304   0.529868 -0.0337383 0 0 0 0.04165 0.02326 -0.0284 0.0126764  0.231749 0.0127187  0.00107313  0.00067271 0.000443193 -0.0899003   0.112661 0.00727019 -0.163384  0.366746  -9.80078 
             62.8005 -0.81335 -3.46362  86.3905    1.4734    0.5541 -0.032604 0 0 0 0.04165 0.02326 -0.0284 0.00193602   0.232057  0.0134166    0.001083 0.000676031 0.000427136 -0.0900977   0.112635 0.00727059 -0.163472  0.366856  -9.80077 
             62.9003 -0.859398   -3.4469   86.8473    1.47414   0.579668 -0.0312647 0 0 0 0.04165 0.02326 -0.0284 0.00442079   0.256961  0.0116183 0.00108649 0.00067346 0.00041936 -0.0902858   0.112752 0.00726647 -0.16347 0.367012 -9.80077 
             63.0001 -0.868496    -3.454   87.5477    1.47217   0.608614 -0.0303063 0 0 0 0.04165 0.02326 -0.0284 -0.0062253   0.293779  0.0109761  0.00107301 0.000679475 0.000414702 -0.0905038     0.1126 0.00730972 -0.163641  0.367088  -9.80076 
                63.1 -0.902385  -3.39136   88.6173    1.46817   0.640371 -0.0291515 0 0 0 0.04165 0.02326 -0.0284 -0.067772  0.331993 0.0131827  0.00106431 0.000679803 0.000404927 -0.0906649   0.112455 0.00734205 -0.163787   0.36713  -9.80076 
             63.1998 -0.904483  -3.43581   90.2823   1.46259  0.675005 -0.028578 0 0 0 0.04165 0.02326 -0.0284 -0.0474629   0.349101  0.0104924  0.00106328 0.000697916 0.000390245 -0.0907939   0.112585 0.00745106 -0.163758  0.367259  -9.80075 
             63.3005  -1.0684 -3.45511  92.2748   1.45532  0.712111 -0.026824 0 0 0 0.04165 0.02326 -0.0284 -0.0814213     0.3783 0.00767218  0.00106117  0.00071097 0.000385974 -0.0909337   0.112522  0.0073664 -0.163852  0.367312  -9.80075 
             63.4003 -1.13532 -3.43119  94.4158   1.44641  0.749801 -0.025025 0 0 0 0.04165 0.02326 -0.0284 -0.0836616   0.392373  0.0176469  0.00104802 0.000719718  0.00039395 -0.0909148   0.112432 0.00731486 -0.163896  0.367262  -9.80075 
             63.5002 -1.24382 -3.49111  96.7096    1.43687   0.787234 -0.0234882 0 0 0 0.04165 0.02326 -0.0284 -0.101746  0.357354 0.0152818    0.001042 0.000741452 0.000394173 -0.0909167   0.112423 0.00731527 -0.163902  0.367259  -9.80075 
                63.6  -1.3417 -3.53136  98.9255    1.42618   0.820762 -0.0221337 0 0 0 0.04165 0.02326 -0.0284 -0.0939604   0.299661 0.00739401  0.00102996 0.000756388 0.000405144 -0.0910304    0.11232 0.00729707 -0.16401 0.367271 -9.80075 
             63.6998 -1.33538 -3.50308   100.86    1.41566   0.847879 -0.0222036 0 0 0 0.04165 0.02326 -0.0284 -0.0765758   0.255181 0.00851496  0.00100404 0.000771588 0.000428166 -0.0910065   0.112117 0.00741421  -0.1641 0.367162 -9.80075 
             63.8005 -1.44066 -3.54312  102.492    1.40628   0.872501 -0.0215608 0 0 0 0.04165 0.02326 -0.0284   -0.0808267     0.220091 -0.000253719 0.000995639 0.000790296 0.000448437 -0.0911921   0.112022 0.00738509 -0.164243  0.367203  -9.80075 
             63.9003 -1.54211 -3.56409  103.825    1.39816   0.894693 -0.0218532 0 0 0 0.04165 0.02326 -0.0284  -0.0778594    0.213879 0.000462817  0.00101002 0.000800654 0.000470523 -0.0912814   0.112045 0.00745814 -0.164279  0.367259  -9.80075 
             64.0002 -1.61543 -3.54404  104.949     1.3892   0.917268 -0.0208587 0 0 0 0.04165 0.02326 -0.0284 -0.0898216   0.217521 0.00492005  0.00100287 0.000808029 0.000488443 -0.0915131   0.112024  0.0073461 -0.164416   0.36735  -9.80074 
                64.1 -1.69763 -3.54551  106.046    1.38074   0.941267 -0.0188792 0 0 0 0.04165 0.02326 -0.0284 -0.0774739   0.239845  0.0107927  0.00100683 0.000815131 0.000492988 -0.0916743   0.112151  0.0072006 -0.16445 0.367488 -9.80073 
             64.1998 -1.74769 -3.56878  106.856    1.37373   0.967897 -0.0169803 0 0 0 0.04165 0.02326 -0.0284 -0.0606174   0.270577  0.0146335  0.00099897 0.000821352 0.000511183 -0.0918884   0.112236 0.00713934 -0.164533  0.367628  -9.80073 
             64.3005 -1.76029 -3.59817   106.79     1.3699   0.997478 -0.0153959 0 0 0 0.04165 0.02326 -0.0284 -0.0315966   0.314267  0.0113501 0.000991418 0.000821977 0.000535566 -0.0918353   0.112439 0.00713303 -0.164417  0.367719  -9.80073 
             64.4003 -1.76869 -3.62983  105.866   1.36675   1.02898 -0.015181 0 0 0 0.04165 0.02326 -0.0284  -0.02934  0.308805 0.0120727 0.000990144 0.000817909 0.000561052 -0.0919461   0.112465 0.00730789 -0.164467  0.367785  -9.80072 
             64.5001 -1.72508 -3.64789  104.581    1.36095    1.06071 -0.0131526 0 0 0 0.04165 0.02326 -0.0284 -0.0336782   0.297267  0.0160715  0.00099819  0.00079608 0.000572923 -0.0923576   0.112251 0.00719182 -0.164791  0.367836  -9.80072 
                64.6 -1.68166 -3.65657  103.383    1.35522    1.09235 -0.0118764 0 0 0 0.04165 0.02326 -0.0284 -0.0511673   0.287419  0.0116738 0.000998167 0.000786319 0.000558324 -0.0929227   0.112184 0.00725581 -0.16513 0.368046  -9.8007 
             64.6998 -1.52644 -3.65591  102.303    1.35012    1.12312 -0.0100642 0 0 0 0.04165 0.02326 -0.0284 -0.0323717   0.287049  0.0166375  0.00099585 0.000768217 0.000548469 -0.0933484   0.112245 0.00720215 -0.165332  0.368267  -9.80069 
             64.8005 -1.48344 -3.70714  101.265     1.34859     1.15434 -0.00813247 0 0 0 0.04165 0.02326 -0.0284 -0.0251937   0.300373   0.015089 0.000994419 0.000763548 0.000537407 -0.0934894    0.11257 0.00719243 -0.165258  0.368502  -9.80068 
             64.9003 -1.36923 -3.70805  100.225     1.34819     1.18547 -0.00763665 0 0 0 0.04165 0.02326 -0.0284 -0.0142295   0.306365  0.0162516  0.00100304 0.000751099  0.00052952 -0.0935069    0.11279 0.00736417 -0.165164  0.368628  -9.80068 
             65.0001 -1.34439 -3.73654  99.1925     1.34762     1.21704 -0.00683598 0 0 0 0.04165 0.02326 -0.0284 -0.00361187    0.316382  0.00946099  0.00102244 0.000743969 0.000525018 -0.0935289   0.112893 0.00745166 -0.165125  0.368691  -9.80068 
                65.1 -1.28808  -3.7667  98.1871     1.34703     1.24981 -0.00565053 0 0 0 0.04165 0.02326 -0.0284 0.0072162  0.326727 0.0167347  0.00101743 0.000740799  0.00051618 -0.0936789   0.112911 0.00746007 -0.165189  0.368773  -9.80067 
             65.1998   -1.255 -3.79001  97.1499     1.34607     1.28275 -0.00376241 0 0 0 0.04165 0.02326 -0.0284 -0.0073786   0.341743  0.0118794   0.0010283 0.000724488  0.00051332 -0.0937535   0.112705 0.00739781 -0.165326  0.368709  -9.80067 
             65.3004  -1.1371 -3.79697  96.1829      1.3457     1.31835 -0.00186268 0 0 0 0.04165 0.02326 -0.0284 0.0178249  0.356388 0.0190012  0.00102706 0.000712229 0.000503195 -0.0938571   0.112647 0.00735778 -0.165402  0.368733  -9.80067 
             65.4003 -1.08897 -3.81158  95.4514      1.3456     1.35546 0.000242534 0 0 0 0.04165 0.02326 -0.0284 0.00230147   0.370362  0.0151767  0.00103141 0.000705476 0.000485897 -0.0940073   0.112647  0.0073283 -0.165469  0.368808  -9.80067 
             65.5001 -1.09511 -3.82052  94.9244   1.34617   1.39287 0.0011853 0 0 0 0.04165 0.02326 -0.0284 -0.00676401    0.357094   0.0158651  0.00104642 0.000696957 0.000476942 -0.0941468    0.11266 0.00741647 -0.165522  0.368887  -9.80066 
             65.5999 -1.08185 -3.80878  94.6246    1.34553    1.42887 0.00239578 0 0 0 0.04165 0.02326 -0.0284 0.0112407  0.343534 0.0112241  0.00105148 0.000693594  0.00046412 -0.0943376   0.112682 0.00749144 -0.165591  0.368995  -9.80066 
             65.7002 -1.05791 -3.82871  94.4466    1.34376    1.46315 0.00331072 0 0 0 0.04165 0.02326 -0.0284 0.00243075   0.334057  0.0130462  0.00104291 0.000692391 0.000456901 -0.0943956   0.112574 0.00754768 -0.16567 0.368981 -9.80066 
                65.8 -1.14317 -3.78075  94.2455    1.34512    1.49619 0.00499408 0 0 0 0.04165 0.02326 -0.0284 0.000264467    0.337001   0.0143849  0.00105196 0.000685469 0.000458606 -0.0944042   0.112455 0.00745974 -0.165736  0.368934  -9.80066 
             65.8999 -1.01717 -3.76674  93.9121    1.34525    1.53072 0.00765999 0 0 0 0.04165 0.02326 -0.0284 0.0223467  0.345524 0.0222614  0.00104258 0.000687273 0.000459239 -0.0943988   0.112488 0.00729554 -0.165718  0.368941  -9.80066 
             66.0001 -1.09386 -3.76552  93.7444   1.34726    1.5647 0.0101215 0 0 0 0.04165 0.02326 -0.0284  0.005517  0.344805 0.0172212 0.00106637 0.00067703 0.00045434 -0.0943169   0.112439 0.00724037 -0.165711  0.368878  -9.80066 
             66.0999 -0.976399  -3.78021   93.4893    1.3479   1.59891 0.0105742 0 0 0 0.04165 0.02326 -0.0284 0.0186422  0.327159 0.0181162  0.00105854 0.000677752 0.000456309 -0.0944297   0.112442 0.00740222 -0.165753  0.368941  -9.80066 
             66.2002 -0.998528  -3.78981   93.4431   1.34783   1.63317 0.0114428 0 0 0 0.04165 0.02326 -0.0284 0.00555232   0.332527   0.006346  0.00106008 0.000676455 0.000448022 -0.0946678   0.112348 0.00746644 -0.165895  0.369028  -9.80065 
                66.3 -0.949026  -3.76357   93.7104   1.34838     1.668 0.0121905 0 0 0 0.04165 0.02326 -0.0284 -0.0021576   0.332568  0.0181056  0.00106568 0.000672628  0.00043924 -0.0949124   0.112447 0.00753226 -0.165939  0.369194  -9.80064 
             66.3998 -0.980589   -3.8048   94.5617   1.34696   1.70454 0.0138861 0 0 0 0.04165 0.02326 -0.0284 -0.0238237   0.348914  0.0113789  0.00106537 0.000679133 0.000415573 -0.0953026   0.112584 0.00749957 -0.166022  0.369448  -9.80063 
             66.5005 -1.06175 -3.81622  96.3553  1.34417  1.74178 0.014905 0 0 0 0.04165 0.02326 -0.0284 -0.0424187   0.361451  0.0146932  0.00105918 0.000684965 0.000385339 -0.0955116   0.112632  0.0075287 -0.166081  0.369573  -9.80063 
             66.6003 -1.17409 -3.84082  98.9615    1.3375   1.77819 0.0167172 0 0 0 0.04165 0.02326 -0.0284 -0.0714802   0.367764  0.0141358  0.00105137 0.000703478 0.000369933  -0.095537   0.112517 0.00749269 -0.166149  0.369538  -9.80063 
             66.7002 -1.33179 -3.85781  102.142   1.32861   1.81512 0.0192032 0 0 0 0.04165 0.02326 -0.0284 -0.0971407   0.370725  0.0167549  0.00101664 0.000727675 0.000361227 -0.0955931   0.112432 0.00737673 -0.166215  0.369525  -9.80063 
                66.8 -1.48052 -3.87156  105.424   1.31929   1.85104 0.0199488 0 0 0 0.04165 0.02326 -0.0284 -0.0907579   0.360381 0.00564265  0.00100293 0.000746657 0.000378075  -0.095457   0.112422 0.00741943 -0.166155   0.36946  -9.80063 
             66.8998 -1.64879 -3.89129  109.002   1.30854   1.88695 0.0201573 0 0 0 0.04165 0.02326 -0.0284   -0.13477   0.341887 0.00852505  0.00100316 0.000774941 0.000385269  -0.095506   0.112495 0.00750434 -0.166148  0.369519  -9.80063 
             67.0005 -1.79531 -3.87226  112.721   1.29358   1.91972 0.0211971 0 0 0 0.04165 0.02326 -0.0284  -0.128499   0.315681 0.00340909 0.000985728 0.000801273 0.000403827 -0.0955761   0.112297 0.00743974 -0.166264  0.369441  -9.80063 
             67.1003 -1.99294 -3.89984  116.312   1.27754   1.94991 0.0217055 0 0 0 0.04165 0.02326 -0.0284  -0.141903    0.30129 -0.0035198 0.000973964 0.000840293 0.000438755 -0.0957147   0.111991 0.00738108 -0.166453  0.369318  -9.80063 
             67.2002  -2.1158 -3.87838  119.759   1.26152   1.97828 0.0214855 0 0 0 0.04165 0.02326 -0.0284 -0.144476  0.266679 0.0023094 0.000949079 0.000878219 0.000467765 -0.0958489   0.111883 0.00741123 -0.166568  0.369298  -9.80063 
                67.3 -2.23474 -3.81984  122.845   1.24825   2.00173 0.0227758 0 0 0 0.04165 0.02326 -0.0284  -0.139285   0.229174 0.00260269 0.000927672 0.000897282 0.000504234 -0.0955578   0.111861 0.00725464 -0.166394    0.3692  -9.80064 
             67.3998 -2.39659   -3.768  125.688   1.23633   2.02345 0.0252272 0 0 0 0.04165 0.02326 -0.0284  -0.142596   0.213599 0.00933263 0.000936647 0.000902125 0.000531311 -0.0952814   0.112031 0.00701974 -0.166174  0.369232  -9.80064 
             67.5005 -2.56159 -3.72196  128.401   1.22137   2.04561 0.0269827 0 0 0 0.04165 0.02326 -0.0284 -0.154944  0.211871 0.0136253 0.000951313  0.00091264 0.000557313 -0.0953918   0.112167 0.00694188 -0.166216  0.369339  -9.80063 
             67.6003 -2.71583 -3.68658  131.158   1.20541   2.06927 0.0269123 0 0 0 0.04165 0.02326 -0.0284  -0.164053    0.21861 0.00557818 0.000956954 0.000931078 0.000570257 -0.0956457   0.112459 0.00709207 -0.166329  0.369579  -9.80062 
             67.7002 -2.82801 -3.64173  133.988   1.18887   2.09439 0.0246807 0 0 0 0.04165 0.02326 -0.0284   -0.182178    0.206143 -0.00119369 0.000956186 0.000967532 0.000570526 -0.0959312   0.112934 0.00741429 -0.166446  0.369945  -9.80061 
                67.8 -2.94568 -3.55803  137.031   1.16916   2.11441 0.0229654 0 0 0 0.04165 0.02326 -0.0284   -0.186637    0.175633 -0.00557295 0.000975444 0.000992057 0.000572239 -0.0961912   0.113002 0.00756923 -0.166615  0.370028   -9.8006 
             67.8999 -3.2883 -3.4651 140.315   1.13649   2.12616 0.0201123 0 0 0 0.04165 0.02326 -0.0284 -0.237071  0.123816 -0.014004  0.00106871  0.00100426 0.000678609 -0.0974168   0.111894 0.00772975 -0.167582  0.369413  -9.80061 
             68.0001 -3.15594 -3.54794  144.127   1.11484   2.14018 0.0222802 0 0 0 0.04165 0.02326 -0.0284    -0.20732    0.101286 -0.00733466 0.000880703   0.0011199 0.000688575 -0.0976611    0.11238 0.00738257 -0.167711   0.36975  -9.80059 
                68.1 -3.16609 -3.36094  147.704   1.09772   2.14682 0.0313594 0 0 0 0.04165 0.02326 -0.0284 -0.191323 0.0658912 0.0173384 0.000785569  0.00109083 0.000780733 -0.0972474   0.112283 0.00632717 -0.167415  0.369646   -9.8006 
             68.1998 -3.14162 -3.33624  150.654   1.06922   2.14026 0.0307538 0 0 0 0.04165 0.02326 -0.0284  -0.226331 0.00995373  0.0149064 0.000709062  0.00112952  0.00106425 -0.0976321   0.110389 0.00650533 -0.167703  0.368348  -9.80065 
             68.3004 -3.38723 -3.20187  154.532   1.04843   2.14585 0.0376674 0 0 0 0.04165 0.02326 -0.0284 -0.241377 0.0108364 0.0314933 0.000748951  0.00114649  0.00101925 -0.0975639   0.111221 0.00592652 -0.167668  0.368912  -9.80063 
             68.4003 -3.46262 -3.01475  158.775   1.02998   2.15065 0.0433229 0 0 0 0.04165 0.02326 -0.0284 -0.224772 0.0103625 0.0379198 0.000705404  0.00114436  0.00104898 -0.0969751   0.112003 0.00569625 -0.167299  0.369485  -9.80061 
             68.5001 -3.36106 -2.79058  163.114     1.016     2.161 0.0408711 0 0 0 0.04165 0.02326 -0.0284  -0.18348 0.0436024 0.0166672 0.000554491  0.00114641  0.00109039 -0.0961569   0.113371 0.00650414 -0.166872   0.37052  -9.80058 
                68.6 -3.5631 -2.6917 167.412   1.00337   2.17625 0.0363337 0 0 0 0.04165 0.02326 -0.0284   -0.151736   0.0669345 -0.00442209 0.000579895  0.00118861  0.00111088 -0.0957507    0.11509 0.00729872 -0.166832  0.371762  -9.80053 
             68.6998 -3.82877  -2.5959   171.23  0.997498   2.19268 0.0388325 0 0 0 0.04165 0.02326 -0.0284   -0.102628   0.0917914 0.000550107  0.0006344 0.00121309 0.00111736 -0.0947534   0.116621 0.00699722 -0.166399  0.372966  -9.80049 
             68.8004 -3.85581 -2.49907  174.504  0.977523   2.20181 0.0405152 0 0 0 0.04165 0.02326 -0.0284  -0.129907  0.0940201 0.00759149 0.00058943 0.00124732 0.00113609 -0.0962258   0.116693 0.00685234 -0.167409   0.37271  -9.80049 
             68.9003 -3.97107 -2.39182  177.432  0.965125    2.2166 0.0428363 0 0 0 0.04165 0.02326 -0.0284 -0.131431  0.116727  0.012772 0.000598639  0.00126449   0.0011465 -0.0961506     0.1175 0.00669779 -0.167545  0.373261  -9.80046 
             69.0001 -4.11042 -2.30656  180.011  0.948391   2.21844 0.0460049 0 0 0 0.04165 0.02326 -0.0284 -0.158622  0.072794  0.022321 0.000635933  0.00128238  0.00116912 -0.0967718   0.116101 0.00640964 -0.167583  0.372179   -9.8005 
                69.1 -4.11681 -2.23386 -177.526  0.926447   2.21625 0.0450729 0 0 0 0.04165 0.02326 -0.0284 -0.203828   0.04054 0.0117469 0.00059767 0.00130412 0.00118677 -0.097773  0.114719 0.0067187 -0.16785 0.371004 -9.80054 
             69.1998 -4.22789 -2.13482 -174.877  0.904277     2.215 0.0456656 0 0 0 0.04165 0.02326 -0.0284  -0.234317  0.0280087 0.00871463 0.000608361  0.00131559  0.00119412 -0.0980178   0.113846 0.00674063 -0.167745  0.370373  -9.80057 
             69.3004 -4.23775  -2.0259 -171.972  0.880117   2.21673 0.0462772 0 0 0 0.04165 0.02326 -0.0284 -0.237182 0.0255017 0.0094407 0.00056967 0.00133665 0.00119731 -0.0980632   0.113648 0.00677757 -0.167712  0.370234  -9.80058 
             69.4003 -4.30262 -1.89904 -168.965  0.857915   2.22133 0.0467193 0 0 0 0.04165 0.02326 -0.0284   -0.21393  0.0229055 0.00729224 0.000578801  0.00134943  0.00121146 -0.0978402   0.114042  0.0068546 -0.167707  0.370555  -9.80056 
             69.5001 -4.29887 -1.80847 -166.462  0.844268   2.22559 0.0471312 0 0 0 0.04165 0.02326 -0.0284  -0.172059  0.0208154 0.00472903 0.000550835  0.00137392  0.00124551  -0.096608   0.114061 0.00687002 -0.166964  0.371008  -9.80056 
                69.6 -4.28662 -1.74119 -164.211  0.831584   2.23024 0.0460362 0 0 0 0.04165 0.02326 -0.0284   -0.153603   0.0357615 0.000715068 0.000534246  0.00139843  0.00126483 -0.0957693    0.11419 0.00705802 -0.166515  0.371402  -9.80055 
             69.6998 -4.26887 -1.67791 -162.062  0.819676    2.2334 0.0449622 0 0 0 0.04165 0.02326 -0.0284   -0.156903   0.0237844 -0.00321583 0.00051029 0.00141685 0.00128222 -0.0950659   0.113998 0.00716401 -0.16603 0.371566 -9.80055 
             69.8005 -4.29034 -1.62934 -159.741  0.805876   2.23634 0.0454844 0 0 0 0.04165 0.02326 -0.0284  -0.151795 0.00330749 0.00112427 0.000500456   0.0014362   0.0012805 -0.0946242   0.113999  0.0070669 -0.165773  0.371744  -9.80055 
             69.9003 -4.33099 -1.51719 -157.304  0.793926   2.23606 0.0458579 0 0 0 0.04165 0.02326 -0.0284   -0.113891  0.00194888 -0.00242703 0.000491607  0.00144589  0.00128422 -0.0943505   0.113877 0.00700414 -0.165565  0.371789  -9.80055 
             70.0001 -4.36499  -1.3732 -155.182  0.785425   2.23758 0.0461297 0 0 0 0.04165 0.02326 -0.0284  -0.0737881   0.0135176 1.01176e-05 0.000477527  0.00146072  0.00130076 -0.0941371   0.113913 0.00695177 -0.165461  0.371901  -9.80055 
                70.1 -4.35358 -1.31006 -153.691  0.777942   2.23983 0.0481387 0 0 0 0.04165 0.02326 -0.0284 -0.0675114  0.0168206 0.00180758 0.000466217  0.00147145  0.00132246  -0.094152   0.114204 0.00672029 -0.165591  0.372052  -9.80054 
             70.1998 -4.39348 -1.25686 -152.797 0.766239  2.24086 0.049459 0 0 0 0.04165 0.02326 -0.0284 -0.108217 0.0245485 0.0101274 0.000487602   0.0014646    0.001355 -0.0947772   0.114486 0.00661691 -0.166049  0.371919  -9.80054 
             70.3005 -4.41462 -1.23009 -152.368  0.747045   2.24147 0.0500264 0 0 0 0.04165 0.02326 -0.0284   -0.176746 -0.00409254   0.0101617 0.000500143  0.00146375   0.0013743 -0.0957044   0.114961 0.00667888 -0.166758  0.371743  -9.80053 
             70.4003 -4.43512 -1.19914 -151.743  0.722421   2.24065 0.0519202 0 0 0 0.04165 0.02326 -0.0284    -0.23713 -0.00916152   0.0152891 0.000490141   0.0014532  0.00136354 -0.0964268   0.115347 0.00661055 -0.167313   0.37161  -9.80053 
             70.5001  -4.4953 -1.14092 -151.012  0.691914   2.24173 0.0526948 0 0 0 0.04165 0.02326 -0.0284 -0.293392 0.0181797 0.0126635 0.000497073  0.00145304  0.00136082 -0.0969874   0.115863 0.00672556 -0.167847  0.371617  -9.80052 
                70.6 -4.46901 -1.12866 -150.425  0.660995   2.24442 0.0522445 0 0 0 0.04165 0.02326 -0.0284  -0.320584 0.00994935 0.00348393 0.000488188  0.00145767  0.00136538 -0.0968707   0.116097 0.00692506 -0.167901  0.371794  -9.80051 
             70.6998 -4.44493 -1.08696 -149.995 0.628809  2.24724 0.052155 0 0 0 0.04165 0.02326 -0.0284   -0.34123 0.00897145 0.00839459 0.000497153  0.00145247  0.00136358 -0.0965405   0.116286 0.00703256 -0.167823  0.372046   -9.8005 
             70.8005 -4.44119 -1.04705  -149.58  0.595609   2.24866 0.0532171 0 0 0 0.04165 0.02326 -0.0284  -0.352672 0.00193343 0.00802092 0.000502235  0.00144553  0.00136515 -0.0961389     0.1162 0.00698002 -0.167577  0.372192   -9.8005 
             70.9003 -4.47699 -1.00869 -149.087  0.561648   2.24823 0.0538533 0 0 0 0.04165 0.02326 -0.0284   -0.35355 0.00881435 0.00866836 0.000508695  0.00144843  0.00135954 -0.095995  0.115902 0.0069893 -0.167364   0.37211  -9.80051 
             71.0001  -4.44361 -0.999168  -148.546  0.528815   2.24761 0.0536348 0 0 0 0.04165 0.02326 -0.0284  -0.339308 -0.0109497 0.00422432 0.000502316  0.00145312  0.00136252 -0.0957496   0.115575 0.00707155 -0.167089  0.372062  -9.80052 
                71.1 -4.41305 -0.96467 -148.035  0.497657   2.24578 0.0541356 0 0 0 0.04165 0.02326 -0.0284   -0.31435 -0.0230435 0.00195846 0.000503797  0.00145395  0.00136207 -0.0955068   0.115413 0.00705067 -0.166891  0.372098  -9.80052 
             71.1998  -4.44351 -0.903996  -147.459  0.467916   2.24287 0.0547518 0 0 0 0.04165 0.02326 -0.0284  -0.299816 -0.0272756 0.00474655 0.000503314  0.00144699  0.00136252 -0.0953739   0.115269 0.00702617 -0.166756   0.37209  -9.80052 
             71.3004  -4.40541 -0.900142  -146.652   0.43794    2.2403 0.0547912 0 0 0 0.04165 0.02326 -0.0284    -0.298319   -0.0480751 -0.000256458 0.000500245  0.00145681  0.00135674 -0.0952271   0.115449 0.00706255 -0.166771  0.372249  -9.80052 
             71.4003  -4.32664 -0.885947  -145.344  0.408037   2.23578 0.0541419 0 0 0 0.04165 0.02326 -0.0284   -0.293282  -0.0506652 -0.00497141 0.000483271  0.00146772   0.0013416 -0.0951725   0.115603  0.0071468 -0.16682  0.37235 -9.80051 
             71.5001  -4.38862 -0.796436  -143.911  0.376303    2.2312 0.0538235 0 0 0 0.04165 0.02326 -0.0284   -0.309805  -0.0602966 -0.00496018 0.000487685  0.00147361  0.00134273 -0.0953259   0.115873 0.00715544 -0.167025  0.372404  -9.80051 
                71.6  -4.30655 -0.733201  -142.369  0.342496   2.22275 0.0533691 0 0 0 0.04165 0.02326 -0.0284   -0.333309   -0.091023 -0.00296596 0.000464151  0.00149271   0.0013517 -0.0957134   0.115914 0.00714262 -0.167227  0.372232  -9.80051 
             71.6998   -4.2814 -0.651607  -140.426  0.307335   2.21288 0.0534674 0 0 0 0.04165 0.02326 -0.0284   -0.33865  -0.113672 -0.0015518 0.000466586  0.00150566  0.00133984 -0.0958411   0.116198 0.00711376 -0.167426  0.372299   -9.8005 
             71.8004 -4.22865 -0.51205  -138.15 0.274703   2.2076 0.053867 0 0 0 0.04165 0.02326 -0.0284    -0.316198   -0.0826953 -0.000258091 0.000445642  0.00151518  0.00131687 -0.0951755   0.116639 0.00709678 -0.16735 0.372838 -9.80048 
             71.9003  -4.09947 -0.477039  -135.984  0.245324   2.20618 0.0544375 0 0 0 0.04165 0.02326 -0.0284  -0.283536 -0.0690685  0.0037042 0.000394129  0.00155238  0.00128758 -0.0942068   0.117276  0.0071054 -0.167256  0.373623  -9.80045 
             72.0001   -3.9851 -0.413513  -133.962  0.214877   2.20434 0.0570524 0 0 0 0.04165 0.02326 -0.0284 -0.279713 -0.039427 0.0101888 0.000329467   0.0015677  0.00125059 -0.0939951   0.118001 0.00690329 -0.167541  0.374045  -9.80043 
             72.0999  -4.01592 -0.333987   -132.38  0.187325   2.19608 0.0586512 0 0 0 0.04165 0.02326 -0.0284  -0.276353 -0.0364969  0.0154013 0.000332129  0.00157405  0.00127837  -0.094623    0.11755 0.00680325 -0.167553   0.37352  -9.80045 
             72.2002  -3.91694 -0.317341  -131.117  0.159499    2.1865 0.0598482 0 0 0 0.04165 0.02326 -0.0284  -0.269728 -0.0609161  0.0141263 0.000299171  0.00157372   0.0012868 -0.0953346    0.11718 0.00678983 -0.167634  0.372983  -9.80047 
                72.3  -3.89937 -0.248218  -130.127 0.131293  2.17855 0.060628 0 0 0 0.04165 0.02326 -0.0284  -0.282636 -0.0797826  0.0153458 0.000297288  0.00155991  0.00129209 -0.0955852    0.11704 0.00684034 -0.167654  0.372789  -9.80048 
             72.3999  -3.83299 -0.225138  -129.322  0.102868    2.1674 0.0611883 0 0 0 0.04165 0.02326 -0.0284  -0.317923 -0.0892059  0.0129692 0.000289614  0.00156223  0.00129585 -0.0957745   0.116709 0.00688286 -0.167544  0.372558  -9.80049 
             72.5005 -3.88303 -0.17017 -128.568 0.0690351   2.15835 0.0621676 0 0 0 0.04165 0.02326 -0.0284  -0.354794  -0.102494 0.00890741 0.000292691  0.00156341   0.0012804 -0.0956504   0.116673 0.00691687 -0.167479  0.372614  -9.80049 
             72.6003  -3.82794 -0.144822  -127.996 0.0344802   2.14775 0.0613186 0 0 0 0.04165 0.02326 -0.0284  -0.382506 -0.0999419 0.00866271 0.000284024  0.00156549  0.00129371 -0.0954186   0.116348 0.00712105 -0.167217  0.372624  -9.80049 
             72.7002  -3.88247 -0.111438  -127.771 -0.00261785     2.13892   0.0603262 0 0 0 0.04165 0.02326 -0.0284   -0.390385  -0.0867099 -0.00333026 0.000294154  0.00157097  0.00129941 -0.0951847   0.116162 0.00729588 -0.167033  0.372688  -9.80049 
                72.8  -3.88783 -0.111632  -127.978 -0.0407482     2.1311  0.0584551 0 0 0 0.04165 0.02326 -0.0284  -0.392952 -0.0697818  -0.003337 0.000290957  0.00157568  0.00130925 -0.0950223   0.115945 0.00750175 -0.166858    0.3727   -9.8005 
             72.8999  -3.83823 -0.114493  -128.463 -0.0762817    2.12267  0.0569843 0 0 0 0.04165 0.02326 -0.0284   -0.368348  -0.0836131 -0.00826913 0.000304458  0.00157252  0.00132314  -0.094915   0.115538 0.00758459 -0.166594  0.372616   -9.8005 
             73.0001  -3.86057 -0.196451  -128.932 -0.112457   2.11339 0.0543471 0 0 0 0.04165 0.02326 -0.0284  -0.366276 -0.0683225 -0.0143293 0.000315376  0.00159204   0.0013166 -0.0951077    0.11533 0.00775972 -0.16655 0.372433 -9.80051 
                73.1  -3.84747 -0.204142  -129.389 -0.148964   2.10356 0.0535481 0 0 0 0.04165 0.02326 -0.0284  -0.382813 -0.0871073 -0.0110424 0.000331007  0.00158642  0.00132051 -0.0952773   0.115019 0.00766077 -0.166436  0.372229  -9.80052 
             73.1998  -3.82478 -0.206124  -129.821 -0.186643   2.09534 0.0550804 0 0 0 0.04165 0.02326 -0.0284  -0.391669 -0.0911454 -0.0057964 0.000346409  0.00158081  0.00131772 -0.0950878   0.114954 0.00738557 -0.166326  0.372311  -9.80052 
             73.3004  -3.83196 -0.245995  -130.236 -0.22327  2.08485 0.055399 0 0 0 0.04165 0.02326 -0.0284 -0.374279 -0.122419 0.0027888 0.000353724  0.00157929  0.00132162 -0.0949036   0.114781 0.00731141 -0.166163  0.372349  -9.80052 
             73.4003  -3.78774 -0.294879  -130.365 -0.260997   2.07178 0.0551322 0 0 0 0.04165 0.02326 -0.0284   -0.381169   -0.148073 -0.00928307 0.000358731  0.00157774  0.00131421 -0.0949014   0.114811 0.00729488 -0.166178  0.372361  -9.80052 
             73.5001  -3.74764 -0.275798  -129.972  -0.30202   2.05783 0.0545759 0 0 0 0.04165 0.02326 -0.0284   -0.395887    -0.16763 -0.00686554 0.000351402  0.00158112  0.00127312 -0.0949391   0.115236 0.00735183 -0.166423  0.372496  -9.80051 
             73.5999  -3.6955 -0.26381 -129.202  -0.34164   2.04012 0.0536317 0 0 0 0.04165 0.02326 -0.0284   -0.388698    -0.16634 -0.00531566 0.000353152  0.00157293  0.00126071 -0.0950796   0.115233 0.00736623 -0.166473  0.372419  -9.80051 
             73.6998   -3.7366 -0.224788  -128.297 -0.380202   2.02464 0.0528171 0 0 0 0.04165 0.02326 -0.0284 -0.366297 -0.165845 -0.014442 0.000352419  0.00158311  0.00125602 -0.0951123   0.115284  0.0073658 -0.166512   0.37242  -9.80051 
             73.8004  -3.67515 -0.206924  -127.559 -0.415097   2.00789 0.0514416 0 0 0 0.04165 0.02326 -0.0284   -0.338611   -0.166822 -0.00598244 0.000351242  0.00158996  0.00126273  -0.095061    0.11523 0.00740758 -0.166466  0.372429  -9.80051 
             73.9003  -3.75508 -0.149624  -126.921 -0.448241   1.99322 0.0509387 0 0 0 0.04165 0.02326 -0.0284  -0.334857  -0.142915 -0.0128988 0.000351428  0.00159759  0.00126323 -0.0949905   0.115181 0.00736168 -0.166413   0.37245  -9.80051 
             74.0001  -3.84709 -0.205297  -126.741 -0.479936   1.98111 0.0501347 0 0 0 0.04165 0.02326 -0.0284   -0.327265   -0.117301 -0.00617738 0.000366788  0.00162107  0.00127996 -0.0947431   0.115126  0.0073401 -0.166299  0.372567  -9.80051 
                74.1  -3.88543 -0.201823  -127.023  -0.51111   1.97003 0.0498921 0 0 0 0.04165 0.02326 -0.0284   -0.317162   -0.120109 -0.00252496 0.000369066  0.00161402  0.00128979 -0.0945357   0.115044 0.00729438 -0.166182  0.372653  -9.80051 
             74.1998    -3.954 -0.243828  -127.646 -0.542797   1.95752 0.0518171 0 0 0 0.04165 0.02326 -0.0284  -0.34274 -0.119432 0.0100277 0.000376255  0.00160313  0.00130134 -0.0944678   0.114859 0.00706853 -0.166054  0.372629  -9.80051 
             74.3004  -3.93197 -0.265528  -128.341 -0.577465   1.94365 0.0525592 0 0 0 0.04165 0.02326 -0.0284  -0.368883  -0.133078 0.00755044 0.000360246  0.00158411  0.00130136 -0.0945236   0.114641 0.00701883 -0.165953  0.372526  -9.80052 
             74.4003  -4.03944 -0.267664  -129.088 -0.615823   1.93027 0.0540571 0 0 0 0.04165 0.02326 -0.0284  -0.389742  -0.139814 0.00172091 0.000364635    0.001554  0.00129555   -0.09462   0.114656 0.00695648 -0.165992  0.372479  -9.80052 
             74.5001  -4.00059 -0.301016  -129.817 -0.655565   1.91669  0.055524 0 0 0 0.04165 0.02326 -0.0284  -0.393028  -0.136291 0.00729263 0.000374704  0.00153619  0.00128891 -0.0947251   0.114724 0.00689477 -0.166064  0.372447  -9.80052 
                74.6  -3.98872 -0.374238  -130.466 -0.695193   1.90298 0.0558744 0 0 0 0.04165 0.02326 -0.0284  -0.39356 -0.137203 0.0138516  0.0003787 0.00153007 0.00127881 -0.0946994   0.114759 0.00695241 -0.166075  0.372473  -9.80052 
             74.6998  -4.06708 -0.372342  -131.096 -0.733893   1.88686 0.0567591 0 0 0 0.04165 0.02326 -0.0284 -0.379153 -0.154085 0.0140324 0.000412975  0.00151076  0.00127964 -0.0947719   0.114638 0.00695276 -0.166037  0.372392  -9.80052 
             74.8004 -4.17833 -0.29955 -131.607 -0.773801    1.8732 0.0560966 0 0 0 0.04165 0.02326 -0.0284  -0.383242  -0.134348 0.00168948 0.000432046  0.00148516  0.00126345 -0.0947748   0.114717 0.00712147 -0.166083  0.372418  -9.80052 
             74.9003  -4.22377 -0.251604  -132.179 -0.811235   1.85903  0.054782 0 0 0 0.04165 0.02326 -0.0284 -0.385824 -0.122805 0.0018126 0.000457759  0.00146042  0.00127298 -0.0948239   0.114574 0.00726771 -0.16603 0.372341 -9.80052 
             75.0001  -4.25055 -0.308279  -132.642 -0.850537   1.84282 0.0532727 0 0 0 0.04165 0.02326 -0.0284  -0.386707   -0.15717 -0.0127272 0.00048487 0.00148021 0.00128178 -0.0951276    0.11445 0.00739375 -0.166081   0.37214  -9.80053 
             75.0999  -4.21093 -0.320471  -133.118 -0.890483   1.82744  0.051059 0 0 0 0.04165 0.02326 -0.0284  -0.390224  -0.143802 -0.0101666 0.000497045  0.00147377  0.00128898 -0.0953298   0.114612 0.00752659 -0.16624 0.372097 -9.80053 
             75.2002  -4.33644 -0.297685  -133.635 -0.929025   1.81372 0.0490935 0 0 0 0.04165 0.02326 -0.0284  -0.360384  -0.133242 -0.0138527 0.000524119  0.00146762  0.00130669 -0.0954716   0.114602 0.00761558 -0.16629 0.372022 -9.80053 
                75.3  -4.26568 -0.331732  -134.136 -0.964709   1.80105 0.0458253 0 0 0 0.04165 0.02326 -0.0284  -0.338588  -0.126182 -0.0184937 0.000538653  0.00148433  0.00131478 -0.0954742    0.11474 0.00781005 -0.166364  0.372072  -9.80053 
             75.3999  -4.30395 -0.332729  -134.459 -0.998815   1.79049 0.0430691 0 0 0 0.04165 0.02326 -0.0284   -0.34141  -0.126405 -0.0217167 0.00055084 0.00149345 0.00130532 -0.0952905   0.114946 0.00789916  -0.1664  0.37224 -9.80052 
             75.5005  -4.37361 -0.325585  -134.914  -1.03451   1.78194 0.0430446 0 0 0 0.04165 0.02326 -0.0284  -0.354096  -0.107648 -0.0169487 0.00056183 0.00148909 0.00130483 -0.0950355   0.115184  0.0077241 -0.166417  0.372454  -9.80051 
             75.6003  -4.37032 -0.343974   -135.52  -1.06959    1.7709 0.0426611 0 0 0 0.04165 0.02326 -0.0284   -0.374657   -0.109807 -0.00821467 0.000579417  0.00149231  0.00131378 -0.0949114     0.1151 0.00762906 -0.166326  0.372483  -9.80051 
             75.7002  -4.45857 -0.377083  -136.372  -1.10814   1.76247 0.0430271 0 0 0 0.04165 0.02326 -0.0284   -0.385424  -0.0916589 -0.00940428 0.000603981  0.00147836  0.00131112 -0.0948564   0.115324 0.00749853 -0.166411  0.372595  -9.80051 
                75.8  -4.49981 -0.451361  -137.745    -1.147   1.75335 0.0432932 0 0 0 0.04165 0.02326 -0.0284   -0.401818  -0.0828727 0.000236957 0.000607106  0.00146002  0.00132304 -0.0948275   0.115262 0.00740492 -0.166368  0.372585  -9.80051 
             75.8998  -4.51041 -0.481174  -139.505  -1.18787   1.74606 0.0457012 0 0 0 0.04165 0.02326 -0.0284  -0.426134 -0.0647705 0.00409234 0.000605726  0.00142647    0.001331 -0.0948315   0.115278 0.00718418 -0.166372  0.372588  -9.80051 
             76.0005  -4.60803 -0.622229  -141.652  -1.23044    1.7379 0.0471696 0 0 0 0.04165 0.02326 -0.0284  -0.427352 -0.0517176  0.0017409 0.000623003  0.00140078  0.00134435  -0.095063   0.115097 0.00707439 -0.166378   0.37241  -9.80052 
             76.1003   -4.5789 -0.685994  -144.209 -1.27395  1.73181 0.047851 0 0 0 0.04165 0.02326 -0.0284  -0.432358 -0.0265422  0.0130429 0.000597242  0.00137665  0.00134514 -0.0954038    0.11506 0.00711072 -0.166502  0.372245  -9.80052 
             76.2002   -4.6265 -0.824499   -146.94  -1.31775   1.73264 0.0501969 0 0 0 0.04165 0.02326 -0.0284  -0.424217 0.00378972 0.00839402 0.000615731  0.00133526  0.00132693 -0.0954139    0.11542 0.00699232 -0.166661  0.372393  -9.80051 
                76.3  -4.5545 -0.94414 -149.655  -1.36065   1.73273 0.0546605 0 0 0 0.04165 0.02326 -0.0284  -0.417036 -0.0026618   0.025945 0.000633452  0.00129695  0.00131568 -0.0955427   0.115491 0.00667272 -0.16674  0.37237 -9.80051 
             76.3998 -4.52393 -1.06019  -152.34  -1.40482   1.73352 0.0585159 0 0 0 0.04165 0.02326 -0.0284 -0.405093 0.0265864 0.0276763 0.000657103  0.00126568  0.00129489  -0.095946   0.115686 0.00653633 -0.166998  0.372304  -9.80051 
             76.5005  -4.4232 -1.20926 -154.629  -1.45297    1.7582 0.0598041 0 0 0 0.04165 0.02326 -0.0284 -0.426422  0.114303 0.0193609 0.000636101  0.00126132  0.00114033 -0.0952744   0.118299 0.00696958 -0.167661  0.373777  -9.80044 
             76.6003 -4.46193 -1.24907 -157.109  -1.49604   1.76787 0.0608252 0 0 0 0.04165 0.02326 -0.0284 -0.422195  0.111285 0.0210355 0.000704934   0.0012201  0.00111448 -0.0954683   0.118194 0.00705016 -0.16772 0.373661 -9.80045 
             76.7002 -4.58215 -1.33154 -159.474  -1.53514    1.7676 0.0625815 0 0 0 0.04165 0.02326 -0.0284 -0.396138 0.0795477 0.0201987 0.000761612  0.00117548  0.00111146  -0.095865   0.116807 0.00694718 -0.16746 0.372849 -9.80048 
                76.8 -4.44365 -1.42563 -161.724 -1.57299  1.76425 0.064285 0 0 0 0.04165 0.02326 -0.0284 -0.393728 0.0489083  0.020424 0.000714124  0.00117002  0.00109647  -0.096256    0.11543 0.00687626 -0.167233  0.372037  -9.80052 
             76.8999 -4.42365 -1.56006 -164.002  -1.60862   1.76244 0.0643728 0 0 0 0.04165 0.02326 -0.0284 -0.384769   0.02577 0.0168587 0.000729315  0.00116084  0.00110482 -0.0960757   0.114426 0.00699826 -0.166856  0.371574  -9.80054 
             77.0005 -4.44219 -1.63268 -166.252  -1.64058   1.76586 0.0658544 0 0 0 0.04165 0.02326 -0.0284 -0.352831 0.0402354 0.0116051 0.000777072  0.00112957  0.00110455 -0.0952117   0.114167 0.00698817 -0.166338  0.371661  -9.80054 
             77.1003 -4.44791 -1.67009 -168.555  -1.66929   1.77258 0.0695856 0 0 0 0.04165 0.02326 -0.0284 -0.321619 0.0773111 0.0149698 0.000800277  0.00109947  0.00111931 -0.0944014   0.114151 0.00670046 -0.165901  0.371841  -9.80055 
             77.2002  -4.3536 -1.77973 -170.773  -1.69771   1.78273 0.0672678 0 0 0 0.04165 0.02326 -0.0284   -0.319795   0.0859186 -0.00783002 0.000783785  0.00109026  0.00111881 -0.0938366   0.114384 0.00719709 -0.165659  0.372093  -9.80054 
                77.3 -4.35164 -1.81741 -172.882  -1.72742   1.79664 0.0672131 0 0 0 0.04165 0.02326 -0.0284   -0.320536   0.0847024 -0.00411729 0.000822564  0.00106514  0.00110827 -0.0936231   0.114941 0.00727303 -0.165656  0.372435  -9.80053 
             77.3998  -4.2843  -1.9008 -174.911  -1.75965   1.81205 0.0697976 0 0 0 0.04165 0.02326 -0.0284  -0.320359   0.142826 0.00749965 0.000834667  0.00105114  0.00108527 -0.0936842   0.115637 0.00702891 -0.165808  0.372801  -9.80051 
             77.5005 -4.29553 -2.01793 -176.812  -1.79564   1.82756 0.0713152 0 0 0 0.04165 0.02326 -0.0284 -0.333197  0.129478 0.0151012 0.000858435  0.00103356  0.00106687 -0.0942175   0.115956 0.00700453 -0.16615 0.372896  -9.8005 
             77.6003 -4.24798 -2.07977  -178.62  -1.83555   1.84028 0.0713884 0 0 0 0.04165 0.02326 -0.0284  -0.357815   0.132985 0.00822829 0.000875414  0.00101567  0.00105083  -0.095129   0.115952 0.00719162 -0.166653  0.372778   -9.8005 
             77.7002 -4.2351 -2.0898 179.812  -1.87923   1.85245 0.0743799 0 0 0 0.04165 0.02326 -0.0284 -0.387414  0.139964 0.0212126 0.000899257 0.000995475  0.00102727 -0.0962341   0.115844 0.00696485 -0.167248  0.372593  -9.80049 
                77.8 -4.27893 -2.14483  178.261   -1.9262   1.86516 0.0768426 0 0 0 0.04165 0.02326 -0.0284  -0.42081   0.12756 0.0250797 0.000942268 0.000979161  0.00101391 -0.0972958   0.115851 0.00691393 -0.167834  0.372498  -9.80049 
             77.8998  -4.2535 -2.22567  176.833  -1.97379   1.87734 0.0772035 0 0 0 0.04165 0.02326 -0.0284 -0.412634  0.118007  0.021219 0.000941403 0.000968359  0.00100298 -0.0981429   0.115899 0.00715853 -0.168309  0.372463  -9.80048 
             78.0005 -4.20876 -2.23622  175.608  -2.01757   1.89138 0.0775767 0 0 0 0.04165 0.02326 -0.0284  -0.408799   0.103319 0.00628933 0.000934412 0.000952474 0.000977582 -0.0984429   0.116275 0.00732466 -0.168501  0.372655  -9.80047 
             78.1003 -4.17567 -2.24943  174.699  -2.05848   1.90296 0.0791922 0 0 0 0.04165 0.02326 -0.0284   -0.43166   0.103834 0.00761601 0.000920037 0.000941865 0.000957305 -0.0982924   0.116409 0.00722238 -0.168423  0.372735  -9.80047 
             78.2002 -4.11734 -2.28596   174.28  -2.09867   1.91488 0.0809085 0 0 0 0.04165 0.02326 -0.0284 -0.455245   0.10961 0.0122394 0.000920293 0.000944703 0.000928678 -0.0976928   0.116627 0.00720053 -0.168102  0.372876  -9.80047 
                78.3 -4.21497 -2.31215  174.094  -2.13915   1.92671 0.0834757 0 0 0 0.04165 0.02326 -0.0284 -0.459554  0.128871 0.0165922 0.000965564 0.000941321 0.000918209 -0.0968951   0.116698 0.00705157 -0.167665  0.372937  -9.80047 
             78.3998 -4.24514 -2.32879  173.959  -2.18143   1.93926 0.0842118 0 0 0 0.04165 0.02326 -0.0284 -0.470601  0.126444 0.0138409 0.000968685  0.00094218 0.000914009 -0.0962521   0.116672 0.00717314 -0.167314  0.372943  -9.80048 
             78.5005 -4.21868 -2.37151  173.884 -2.22387  1.95079 0.085527 0 0 0 0.04165 0.02326 -0.0284 -0.458977  0.118679 0.0171276 0.000973227 0.000935871 0.000908849 -0.0956194   0.116647 0.00720054 -0.166968  0.372946  -9.80049 
             78.6003 -4.26947 -2.38946  173.817  -2.26674   1.96276 0.0868953 0 0 0 0.04165 0.02326 -0.0284  -0.442339   0.125278 0.00685742 0.000970783 0.000919016 0.000911187 -0.0953126   0.116627 0.00719874 -0.166801  0.372943  -9.80049 
             78.7001 -4.25691 -2.42598  173.802  -2.31019   1.97456 0.0883796 0 0 0 0.04165 0.02326 -0.0284  -0.429594   0.101364 0.00918278  0.00097173  0.00091861 0.000903966 -0.0953893    0.11668 0.00716397 -0.166843  0.372969  -9.80049 
                78.8 -4.22783 -2.38852   173.82   -2.3529   1.98542 0.0870721 0 0 0 0.04165 0.02326 -0.0284  -0.401776   0.115727 0.00147044 0.000962924   0.0009193 0.000906131 -0.0955771   0.116717 0.00742823 -0.166948  0.372989  -9.80048 
             78.8998 -4.28117 -2.42842  173.898  -2.39325   1.99604 0.0895162 0 0 0 0.04165 0.02326 -0.0284  -0.378203  0.0854209 0.00826308 0.000973444 0.000921789  0.00090399 -0.0957673   0.116794 0.00712007 -0.167049  0.373021  -9.80048 
             79.0004 -4.21574 -2.42083  174.064  -2.43285   2.00408 0.0909609 0 0 0 0.04165 0.02326 -0.0284   -0.38924  0.0819841 0.00660078 0.000944596 0.000927309 0.000901914 -0.0960508     0.1168 0.00706695 -0.167201  0.373016  -9.80048 
             79.1003 -4.30318  -2.4106   174.31  -2.47145   2.01413 0.0922353 0 0 0 0.04165 0.02326 -0.0284  -0.386922  0.0804576 0.00926515  0.00096745 0.000924458 0.000900188 -0.0962451   0.116879 0.00703302 -0.167307  0.373053  -9.80048 
             79.2002 -4.26432  -2.4582   174.53  -2.51032   2.02243 0.0941079 0 0 0 0.04165 0.02326 -0.0284 -0.376466  0.084774 0.0130318 0.000960729 0.000928679 0.000902346 -0.0963469    0.11708 0.00693038 -0.167366  0.373156  -9.80047 
                79.3 -4.32318 -2.38223  174.966  -2.54772   2.03101 0.0953474 0 0 0 0.04165 0.02326 -0.0284 -0.364219 0.0553954  0.012727 0.000968238 0.000923184  0.00089172 -0.0963831   0.117174 0.00695093 -0.167388  0.373205  -9.80047 
             79.3998 -4.32666 -2.34718  175.256  -2.58392   2.03953 0.0961385 0 0 0 0.04165 0.02326 -0.0284 -0.361768 0.0842531 0.0144117 0.000968557 0.000923757 0.000899495 -0.0963264   0.117327 0.00701778 -0.167363   0.37329  -9.80047 
             79.5005 -4.33732 -2.33982  175.696  -2.62079   2.04698 0.0961606 0 0 0 0.04165 0.02326 -0.0284  -0.362015  0.0553035 0.00731382 0.000965255 0.000928009 0.000890622  -0.096348   0.117382 0.00711941 -0.167378  0.373319  -9.80046 
             79.6003 -4.35261 -2.27597  176.411  -2.65632   2.05361 0.0966091 0 0 0 0.04165 0.02326 -0.0284   -0.34071  0.0600421 0.00460377 0.000952219 0.000926987 0.000880471 -0.0964082   0.117488 0.00716864 -0.167414  0.373374  -9.80046 
             79.7002 -4.37054 -2.20284  177.218  -2.68895   2.06037 0.0974229 0 0 0 0.04165 0.02326 -0.0284  -0.335034  0.0566547 0.00768965 0.000956712 0.000933154 0.000877599 -0.0962614   0.117655   0.007129 -0.167344  0.373468  -9.80046 
                79.8 -4.38215 -2.17973  178.109  -2.7218  2.06658 0.098848 0 0 0 0.04165 0.02326 -0.0284  -0.345572  0.0467497 0.00529834 0.000937564 0.000941245 0.000875753 -0.0961402    0.11774  0.0070455 -0.167284  0.373517  -9.80046 
             79.8999 -4.36432 -2.12499  179.192  -2.75542   2.07131 0.0989681 0 0 0 0.04165 0.02326 -0.0284  -0.349558  0.0427414 0.00971181 0.000937096 0.000944993 0.000870562 -0.0959518   0.117815 0.00714248 -0.167191   0.37357  -9.80046 
             80.0005  -4.4341 -2.05496 -179.656  -2.78993   2.07563 0.0994273 0 0 0 0.04165 0.02326 -0.0284  -0.351484  0.0520003 0.00172865 0.000940963 0.000953756   0.0008717 -0.0958481   0.117771 0.00715647 -0.167134  0.373555  -9.80046 
             80.1003 -4.37466 -2.01647 -178.512 -2.82505  2.08008  0.10016 0 0 0 0.04165 0.02326 -0.0284  -0.371083  0.0314828 0.00667808 0.000923013 0.000957867 0.000873644 -0.0957026   0.117799 0.00710939 -0.167061  0.373582  -9.80046 
             80.2002 -4.37299 -1.96624 -177.307 -2.86178  2.08185 0.100562 0 0 0 0.04165 0.02326 -0.0284  -0.36723 0.0174129  0.017362 0.000913096 0.000961178 0.000878958 -0.0957119   0.117773 0.00717015 -0.167064  0.373568  -9.80046 
                80.3 -4.44683 -1.96133 -176.089 -2.90022  2.08483 0.102533 0 0 0 0.04165 0.02326 -0.0284 -0.381195 0.0292523 0.0151468 0.000905469 0.000974798 0.000878788 -0.0957939    0.11781 0.00707176 -0.167109  0.373576  -9.80046 
             80.3998 -4.40226 -1.84613 -174.985 -2.94011  2.08612  0.10252 0 0 0 0.04165 0.02326 -0.0284 -0.409817 0.0021043 0.0136483 0.000902604 0.000979988  0.00089495 -0.0958299   0.117803 0.00725505 -0.167128  0.373571  -9.80046 
             80.5005 -4.49982 -1.85332 -173.812 -2.98328  2.08569 0.103105 0 0 0 0.04165 0.02326 -0.0284  -0.417855 0.00776615 0.00358948 0.000906617 0.000996037 0.000898074 -0.0960765    0.11774 0.00732272 -0.167245  0.373507  -9.80046 
             80.6003 -4.53092 -1.81833 -172.656  -3.0256  2.08707 0.103322 0 0 0 0.04165 0.02326 -0.0284  -0.422428  0.0107833 0.00160677  0.00088713  0.00100501 0.000901211 -0.0961465   0.117759 0.00737908 -0.167283  0.373507  -9.80046 
             80.7002 -4.49462 -1.80291 -171.714 -3.06885  2.08807  0.10392 0 0 0 0.04165 0.02326 -0.0284  -0.439586  0.0129722 0.00725016 0.000885801  0.00100747 0.000914792 -0.0962355   0.117866 0.00736692 -0.167343  0.373546  -9.80046 
                80.8 -4.51683 -1.81961 -170.972  -3.1153  2.09065 0.104376 0 0 0 0.04165 0.02326 -0.0284  -0.469947  0.0429341 0.00441113 0.000880319  0.00102101 0.000925876 -0.0964321   0.117919 0.00738686 -0.167448  0.373539  -9.80045 
             80.8998 -4.54503 -1.85577 -170.631 -3.16439  2.09541 0.104593 0 0 0 0.04165 0.02326 -0.0284  -0.494717  0.0395489 0.00569819 0.000886898  0.00101817 0.000944693 -0.0965813   0.118009 0.00744285 -0.167537  0.373558  -9.80045 
             81.0005 -4.47196 -1.88294 -170.787 -3.21429  2.10079 0.105509 0 0 0 0.04165 0.02326 -0.0284   -0.50194  0.0757756 0.00522631 0.000875769  0.00101679  0.00096621 -0.0965255   0.118029 0.00739955 -0.167513  0.373577  -9.80045 
             81.1003 -4.49621 -1.91361 -171.312 -3.26495  2.10665 0.106145 0 0 0 0.04165 0.02326 -0.0284  -0.47833 0.0480372 0.0163038 0.000874164  0.00101243 0.000974454 -0.0967114   0.118013 0.00737815 -0.167599  0.373536  -9.80045 
             81.2002 -4.47809 -1.91612 -171.997 -3.31158  2.11261  0.10747 0 0 0 0.04165 0.02326 -0.0284 -0.450175 0.0518479 0.0131356 0.00088891 0.00100754 0.00097581 -0.0967249   0.117987  0.0073287  -0.1676  0.37352 -9.80045 
                81.3 -4.43107 -1.92153 -172.675 -3.35708  2.11861 0.108262 0 0 0 0.04165 0.02326 -0.0284 -0.437784 0.0836671 0.0128589 0.000875321  0.00100906 0.000972171 -0.0967884   0.118004 0.00736325 -0.167634  0.373518  -9.80045 
             81.3999 -4.47548 -1.92569 -173.259 -3.40233  2.12592 0.109865 0 0 0 0.04165 0.02326 -0.0284 -0.444333 0.0460405 0.0150375 0.000908671  0.00100015 0.000962686 -0.0969232   0.118098 0.00729402 -0.167713  0.373542  -9.80045 
             81.5005 -4.41151 -1.93641 -173.884 -3.44827  2.13255 0.110533 0 0 0 0.04165 0.02326 -0.0284 -0.441818 0.0832859 0.0121491 0.000895353 0.000994351 0.000960499 -0.0970743   0.118206  0.0073671 -0.167803  0.373571  -9.80045 
             81.6003 -4.42289 -1.92276 -174.401  -3.4942  2.14243 0.111274 0 0 0 0.04165 0.02326 -0.0284  -0.456681  0.0771324 0.00630342 0.000891023 0.000991355  0.00094789 -0.0972448   0.118381 0.00741734 -0.167911  0.373632  -9.80044 
             81.7002 -4.35254 -1.92907 -174.967 -3.54135  2.14969 0.112462 0 0 0 0.04165 0.02326 -0.0284  -0.472229  0.0706619 0.00804252 0.000903479 0.000982107 0.000944623 -0.0973858   0.118473  0.0074352 -0.167992  0.373657  -9.80044 
                81.8  -4.4321 -1.90225 -175.375 -3.59019  2.15855 0.113242 0 0 0 0.04165 0.02326 -0.0284 -0.485734 0.0955205 0.0102909 0.000923298 0.000974882 0.000932354 -0.0975865   0.118543 0.00748048 -0.168098  0.373664  -9.80044 
             81.8999 -4.37606 -1.92701 -175.737 -3.64134   2.1668 0.114419 0 0 0 0.04165 0.02326 -0.0284 -0.503452  0.060727 0.0250809 0.000910357 0.000973536 0.000922944 -0.0977969   0.118604 0.00742692 -0.168207  0.373667  -9.80044 
             82.0005 -4.33329 -1.90557 -175.981 -3.69326   2.1751 0.115425 0 0 0 0.04165 0.02326 -0.0284  -0.500272  0.0799451 0.00366895 0.000909532 0.000964327 0.000915191 -0.0979716   0.118693 0.00748372 -0.168302  0.373689  -9.80043 
             82.1003 -4.32303 -1.91596 -176.076  -3.7439  2.18232 0.116745 0 0 0 0.04165 0.02326 -0.0284 -0.505038 0.0620908 0.0153839 0.000918255 0.000966946 0.000910666 -0.0980821   0.118599 0.00744684 -0.168343   0.37363  -9.80044 
             82.2002 -4.30083 -1.95381 -176.062 -3.79397  2.18861 0.117924 0 0 0 0.04165 0.02326 -0.0284 -0.495126 0.0588477 0.0127899 0.000919138 0.000965669 0.000902227 -0.0980304   0.118702 0.00746286 -0.168331  0.373686  -9.80043 
                82.3 -4.40503 -1.94567 -175.873 -3.84242   2.1958 0.118938 0 0 0 0.04165 0.02326 -0.0284 -0.493525 0.0729795 0.0154053 0.000943269 0.000960819 0.000897468 -0.0978549   0.118665 0.00748561 -0.168243  0.373689  -9.80044 
             82.3999 -4.32327 -1.97226 -175.773 -3.89044  2.20196 0.120687 0 0 0 0.04165 0.02326 -0.0284 -0.496171 0.0481107 0.0165066 0.000929702  0.00095717 0.000897167 -0.0975819   0.118719 0.00740254 -0.168119  0.373745  -9.80044 
             82.5005 -4.41052  -1.9804 -175.647 -3.93846  2.20967 0.121347 0 0 0 0.04165 0.02326 -0.0284  -0.481337  0.0961851 0.00923288 0.000946081 0.000951336 0.000897956 -0.0973488   0.118778  0.0074818 -0.168017  0.373801  -9.80043 
             82.6003 -4.33475 -1.98604 -175.576 -3.98538  2.21751 0.123443 0 0 0 0.04165 0.02326 -0.0284 -0.484595  0.052443   0.01879 0.000922832 0.000949083 0.000898836 -0.0971549   0.118775 0.00735591 -0.167923  0.373822  -9.80044 
             82.7002 -4.30081 -1.97313 -175.504 -4.03068  2.22326 0.124385 0 0 0 0.04165 0.02326 -0.0284  -0.464688  0.0753577 0.00588766 0.000921656 0.000942202 0.000895659 -0.0968831   0.118743 0.00742382 -0.167793   0.37384  -9.80044 
                82.8 -4.34376 -1.98195 -175.321 -4.07537   2.2309 0.124011 0 0 0 0.04165 0.02326 -0.0284  -0.442942  0.0506577 0.00366664 0.000928555 0.000945227  0.00089224 -0.0967797   0.118742 0.00755321 -0.167746  0.373853  -9.80044 
             82.8998 -4.25353 -1.97763 -175.022 -4.11817  2.23454 0.124032 0 0 0 0.04165 0.02326 -0.0284  -0.406603  0.0241707 0.00020031 0.000917271 0.000944095 0.000883486 -0.0967658   0.118785 0.00759913 -0.167745  0.373875  -9.80044 
             83.0005 -4.29757 -1.92831 -174.308  -4.1587   2.2375 0.123137 0 0 0 0.04165 0.02326 -0.0284   -0.376823    0.026818 -0.00357795 0.000919588   0.0009482 0.000870122 -0.0969164   0.118831  0.0076822 -0.167822  0.373879  -9.80044 
             83.1003 -4.30758  -1.9157 -173.217 -4.19796  2.23953 0.124351 0 0 0 0.04165 0.02326 -0.0284  -0.395806 -0.0090471 -0.0059763 0.000910134 0.000954425 0.000861837 -0.0970016   0.118965  0.0074968 -0.167876  0.373928  -9.80043 
             83.2001 -4.25103 -1.80043 -171.685 -4.24039  2.23932 0.125995 0 0 0 0.04165 0.02326 -0.0284     -0.4273 -0.00348052  0.00737093 0.000890891 0.000959357 0.000848297    -0.0972   0.119122 0.00730219 -0.167985   0.37397  -9.80043 
                83.3  -4.3713 -1.68703  -169.78 -4.28586  2.23914 0.127061 0 0 0 0.04165 0.02326 -0.0284   -0.45012  -0.027684 0.00167375 0.000910683 0.000968904 0.000841108 -0.0974202   0.119294 0.00724433 -0.168109  0.374014  -9.80043 
             83.3998 -4.29175 -1.61767 -167.545 -4.33162   2.2349 0.126737 0 0 0 0.04165 0.02326 -0.0284  -0.439714 -0.0594549 0.00461717 0.000866699 0.000996057 0.000836777 -0.0975675   0.119381 0.00734094 -0.16819 0.374028 -9.80042 
             83.5005 -4.33564 -1.46461 -165.135 -4.37595  2.23047 0.126756 0 0 0 0.04165 0.02326 -0.0284   -0.423462  -0.0420942 -0.00384128 0.000858652  0.00101112 0.000839263 -0.0976654   0.119504 0.00735671 -0.168255  0.374064  -9.80042 
             83.6003 -4.33625  -1.3637 -162.809 -4.41774  2.22368 0.126913 0 0 0 0.04165 0.02326 -0.0284  -0.407091  -0.101618 -0.0175802 0.000855737  0.00102938 0.000857406 -0.0977182   0.119485 0.00726154 -0.168273  0.374043  -9.80042 
             83.7001 -4.24107   -1.196 -160.616 -4.45631   2.2159 0.126336 0 0 0 0.04165 0.02326 -0.0284   -0.401667   -0.066861 -0.00336364 0.000832634  0.00105229  0.00086601 -0.0976337   0.119534 0.00732218 -0.168249  0.374084  -9.80042 
                83.8 -4.42575 -1.19841 -158.543 -4.49272  2.20834 0.125897 0 0 0 0.04165 0.02326 -0.0284   -0.351034  -0.0904773 -0.00924259 0.000867615  0.00106998 0.000885599 -0.097491  0.119591 0.0072879 -0.168205  0.374144  -9.80042 
             83.8998  -4.4757 -1.15302  -156.56 -4.52605   2.1998 0.128035 0 0 0 0.04165 0.02326 -0.0284   -0.332315  -0.0937803 -0.00274437 0.000852307  0.00107507 0.000899568 -0.0973046   0.119638 0.00695405 -0.168139  0.374212  -9.80042 
             84.0005  -4.5135 -1.03689 -154.735 -4.55882  2.19203 0.127866 0 0 0 0.04165 0.02326 -0.0284  -0.320064 -0.0693406 0.00346737  0.00084671  0.00109362 0.000907119 -0.0972741   0.119811 0.00699048 -0.168176  0.374287  -9.80041 
             84.1003 -4.52906 -1.01196 -152.928 -4.5909 2.18312  0.1279 0 0 0 0.04165 0.02326 -0.0284    -0.318323    -0.113878 -0.000565623 0.000853104  0.00110234 0.000923044 -0.0973076   0.119797 0.00696802 -0.168184  0.374272  -9.80041 
             84.2001  -4.54719 -0.968406   -151.21 -4.62337  2.17041 0.129602 0 0 0 0.04165 0.02326 -0.0284  -0.327873  -0.126205 0.00527425 0.000853476  0.00110149 0.000936066 -0.0973443   0.119782 0.00678635 -0.16819 0.374253 -9.80041 
                84.3  -4.53447 -0.863368  -149.322 -4.65787  2.15785 0.128608 0 0 0 0.04165 0.02326 -0.0284  -0.337119  -0.132978 0.00145057 0.000844651  0.00111335  0.00093385 -0.0974907    0.11994 0.00695026 -0.168295   0.37426  -9.80041 
             84.3998  -4.55389 -0.838287  -147.421 -4.69292  2.14345 0.127507 0 0 0 0.04165 0.02326 -0.0284   -0.329013   -0.159555 -0.00931115 0.000842913  0.00113568 0.000944169 -0.0977183   0.119961 0.00706792 -0.16838 0.374188 -9.80041 
             84.5005  -4.47045 -0.755159  -145.524 -4.72444   2.1261  0.12532 0 0 0 0.04165 0.02326 -0.0284  -0.301762  -0.169277 -0.0084216 0.00083912 0.00114898 0.00096343 -0.0977452   0.119896 0.00721344 -0.168369  0.374158  -9.80042 
             84.6003  -4.49664 -0.717421  -143.404 -4.75545  2.11242  0.12179 0 0 0 0.04165 0.02326 -0.0284  -0.297733  -0.149327 -0.0202982 0.000843798  0.00117575  0.00096348 -0.0977203   0.120206 0.00747929 -0.16848 0.374263 -9.80041 
             84.7001  -4.48982 -0.673425  -141.161 -4.78456  2.10004 0.120965 0 0 0 0.04165 0.02326 -0.0284  -0.263428  -0.162111 -0.0149551  0.00086804  0.00118549 0.000960593 -0.0975205   0.120689 0.00740366 -0.168602  0.374481   -9.8004 
                84.8  -4.47298 -0.642667  -138.641 -4.81229  2.08538  0.11827 0 0 0 0.04165 0.02326 -0.0284  -0.241613  -0.160814 -0.0257283 0.000866451   0.0012236 0.000961011 -0.0977032   0.120977  0.0075003 -0.168766  0.374487   -9.8004 
             84.8998  -4.43898 -0.544201  -136.109 -4.83795  2.07348 0.116018 0 0 0 0.04165 0.02326 -0.0284 -0.234385 -0.142391 -0.024515 0.000868278  0.00126039 0.000956135 -0.0976799   0.121435 0.00752299 -0.168944  0.374615  -9.80039 
             85.0005 -4.47662 -0.48962 -133.466 -4.86518  2.05657 0.114538 0 0 0 0.04165 0.02326 -0.0284  -0.246856  -0.196525 -0.0223646 0.000894869  0.00129221 0.000962872 -0.0980568   0.121766 0.00744008 -0.169169  0.374532  -9.80039 
             85.1003  -4.45602 -0.449704  -130.104 -4.89369  2.03592 0.111262 0 0 0 0.04165 0.02326 -0.0284  -0.256302  -0.235236 -0.0234151 0.000903524  0.00135759 0.000943279 -0.0983424    0.12219 0.00756501 -0.169414  0.374498  -9.80038 
             85.2001  -4.64435 -0.225818  -125.814 -4.92517  2.01299 0.107264 0 0 0 0.04165 0.02326 -0.0284  -0.237375   -0.24348 -0.0257022   0.0010099   0.0013941 0.000944447 -0.0988837   0.122886 0.00773002 -0.169826  0.374388  -9.80038 
                85.3  -4.69735 0.0215901  -121.008 -4.95258  1.99503 0.105785 0 0 0 0.04165 0.02326 -0.0284  -0.202744  -0.214713 -0.0225062  0.00107179  0.00142274 0.000928922 -0.0988227   0.123739 0.00767218 -0.170195  0.374564  -9.80037 
             85.3998 -4.82729 0.223474 -116.445 -4.97265  1.97443 0.101552 0 0 0 0.04165 0.02326 -0.0284  -0.164505  -0.176991 -0.0285702  0.00116682   0.0014808 0.000994861 -0.0990748   0.123907 0.00782298 -0.170309  0.374464  -9.80037 
             85.5004 -4.92009 0.382891 -112.765 -4.98889  1.96009 0.097753 0 0 0 0.04165 0.02326 -0.0284 -0.138477  -0.16171 -0.034958 0.00124471 0.00153616 0.00105039 -0.0988918   0.124059 0.00790244 -0.170366  0.374572  -9.80036 
             85.6003 -4.80562 0.437546 -109.761  -5.00164   1.94189 0.0937001 0 0 0 0.04165 0.02326 -0.0284  -0.115981  -0.194994 -0.0337049 0.00123897 0.00161266 0.00108611 -0.0989756   0.124058 0.00793842 -0.170371  0.374529  -9.80037 
             85.7001 -4.82529 0.563519 -106.807  -5.01287   1.92074 0.0896354 0 0 0 0.04165 0.02326 -0.0284 -0.0950446  -0.239083 -0.0388268  0.0012843 0.00165144 0.00110173 -0.0990067   0.124111 0.00796838 -0.170399  0.374516  -9.80037 
                85.8  -4.6963 0.621865 -103.531  -5.02056   1.89756 0.0846941 0 0 0 0.04165 0.02326 -0.0284  -0.073753  -0.260523 -0.0430453 0.00125762 0.00175239 0.00114274 -0.0987527   0.124109 0.00803585 -0.170402  0.374644  -9.80036 
             85.8998 -4.53377 0.686517 -99.6328  -5.02571   1.87345 0.0801632 0 0 0 0.04165 0.02326 -0.0284 -0.0322875  -0.281121 -0.0448215  0.0012183 0.00185248 0.00118925 -0.0984398   0.124071 0.00803476 -0.170394  0.374803  -9.80036 
             86.0004 -4.27054 0.971682 -95.2753  -5.03652   1.85202 0.0813632 0 0 0 0.04165 0.02326 -0.0284 -0.0319517  -0.277411 -0.0339025 0.00113602 0.00185134 0.00107257 -0.0977456   0.124812 0.00764731 -0.170797  0.375136  -9.80034 
             86.1003 -4.09976  1.26317 -90.9852  -5.03346   1.82452 0.0838775 0 0 0 0.04165 0.02326 -0.0284  0.0140449  -0.299119 -0.0213574 0.00112017 0.00184312 0.00119021 -0.0974553   0.124498 0.00719544 -0.170652  0.375305  -9.80033 
             86.2001 -3.84408  1.36428 -86.4708  -5.02445   1.79674 0.0853464 0 0 0 0.04165 0.02326 -0.0284  0.0640869  -0.287045 -0.0134076  0.0010829 0.00189718 0.00133868 -0.0972023   0.124071 0.00688901 -0.170459  0.375473  -9.80033 
                86.3 -3.78801  1.45183 -81.9517  -5.01491   1.77072 0.0870783 0 0 0 0.04165 0.02326 -0.0284   0.0887275   -0.260049 -0.00788714 0.00114809 0.00196843 0.00140302 -0.0969942   0.123942 0.00664748 -0.170421  0.375593  -9.80032 
             86.3998 -3.53001  1.48665 -77.6679  -5.00711   1.74442 0.0898731 0 0 0 0.04165 0.02326 -0.0284    0.127173   -0.259338 -0.00202526  0.0011195 0.00206615 0.00137247 -0.0969959   0.124193   0.006419 -0.17054 0.375559 -9.80032 
             86.5004 -3.10139  1.31185 -73.8196  -4.99299    1.7179 0.0894695 0 0 0 0.04165 0.02326 -0.0284    0.158311   -0.259838 -0.00162045 0.00096393 0.00222348 0.00139376 -0.0970819   0.124189 0.00643263 -0.17052 0.375519 -9.80033 
             86.6003 -2.60388  1.41535 -69.8499  -4.98238   1.69001 0.0913303 0 0 0 0.04165 0.02326 -0.0284   0.156775  -0.273743 0.00385118 0.000766449   0.0022643  0.00133816 -0.0970372   0.124557 0.00632849 -0.170706  0.375461  -9.80032 
             86.7001 -2.01847  1.24594 -65.7974  -4.96944   1.65781 0.0927252 0 0 0 0.04165 0.02326 -0.0284   0.170032  -0.270578 0.00510298 0.000525297  0.00241117  0.00127921 -0.0973771   0.124906 0.00628371 -0.170774  0.375229  -9.80033 
                86.8 -1.63671  1.23673 -61.7831  -4.95883   1.62816 0.0943353 0 0 0 0.04165 0.02326 -0.0284   0.130123  -0.242517 0.00912885 0.00036629 0.00245371 0.00123189 -0.0975288   0.125341 0.00623877 -0.170922  0.375043  -9.80034 
             86.8998 -1.07929  1.07472 -58.5414 -4.95293  1.60486 0.088106 0 0 0 0.04165 0.02326 -0.0284   0.0894588    -0.21709 -0.00785253 0.000104154  0.00255757  0.00118842 -0.0972274   0.125729 0.00678809 -0.171189  0.375025  -9.80033 
             87.0004 -0.62918  1.34673 -55.9192  -4.96283   1.57462 0.0962507 0 0 0 0.04165 0.02326 -0.0284 0.0237992   -0.2552    0.0124 -7.84611e-05   0.00240185  0.000974264  -0.096553    0.12739 0.00619566 -0.172101  0.374713  -9.80033 
             87.1003 -0.445671   1.39216  -54.0778 -4.96396  1.56184 0.103605 0 0 0 0.04165 0.02326 -0.0284 0.00127027  -0.244767  0.0304325 -0.000136844    0.0023729   0.00107185 -0.0950033   0.127013 0.00568336 -0.172544  0.375419  -9.80029 
             87.2001 -0.290791   1.47787  -52.0542 -4.97218  1.54567 0.112256 0 0 0 0.04165 0.02326 -0.0284 -0.0515233  -0.243211  0.0460695 -0.000200631   0.00230961   0.00109225 -0.0934866   0.127198 0.00514922 -0.173206  0.375875  -9.80027 
                87.3 -0.298159   1.41944  -50.1093 -4.98247  1.52899 0.117333 0 0 0 0.04165 0.02326 -0.0284 -0.0736496  -0.245698  0.0411238 -0.000181458   0.00232264   0.00114091 -0.0922412   0.127011 0.00509404 -0.173646  0.376367  -9.80024 
             87.3998 -0.311869   1.36736  -48.2126  -4.9947  1.50544 0.121714 0 0 0 0.04165 0.02326 -0.0284 -0.0987081  -0.259888  0.0540501 -0.000120266   0.00234021    0.0011465 -0.0915709   0.127258 0.00509182 -0.174003  0.376481  -9.80023 
             87.5004 -0.374362   1.30937  -46.3228 -5.00793  1.47662 0.124783 0 0 0 0.04165 0.02326 -0.0284 -0.110152 -0.281461 0.0423014 -3.50886e-05   0.00236801   0.00114963 -0.0913947   0.127658 0.00529215 -0.174202  0.376364  -9.80023 
             87.6003 -0.38719  1.23041  -44.471 -5.02061  1.44825 0.126203 0 0 0 0.04165 0.02326 -0.0284 -0.120232  -0.28398 0.0342325 2.00327e-05  0.00239885  0.00115133 -0.0912402   0.127877 0.00557621 -0.174334  0.376311  -9.80023 
             87.7001 -0.557871   1.11406  -42.5776  -5.0356  1.41669 0.125777 0 0 0 0.04165 0.02326 -0.0284 -0.126166 -0.302191 0.0175563 0.000147662  0.00244582  0.00112776 -0.0910974   0.128448 0.00595067 -0.174563  0.376096  -9.80023 
                87.8 -0.444386   1.10744  -40.7761 -5.04928  1.38576 0.124606 0 0 0 0.04165 0.02326 -0.0284  -0.12919 -0.315015 0.0151047 0.000137281  0.00244531  0.00112549 -0.0909784   0.128427 0.00627899 -0.174609  0.376132  -9.80023 
             87.8998 -0.389148   1.08245  -38.9011 -5.05375  1.35738 0.124072 0 0 0 0.04165 0.02326 -0.0284 -0.0836713  -0.318263 0.00635331 0.000158929  0.00245577  0.00113442 -0.0915573   0.127531  0.0064431 -0.174105   0.37638  -9.80023 
             88.0004 -0.464135  0.949577  -36.7174 -5.05999  1.32028  0.12002 0 0 0 0.04165 0.02326 -0.0284  -0.0602562   -0.347692 -0.00466249 0.000251309  0.00251922  0.00102676 -0.0920325   0.127796  0.0069454 -0.173957  0.376129  -9.80024 
             88.1003 -0.386219  0.928173  -34.4881  -5.0568   1.2863 0.120273 0 0 0 0.04165 0.02326 -0.0284   -0.023126   -0.363085 -0.00354922 0.000251043  0.00251543  0.00101248 -0.0929593   0.127032 0.00682348 -0.173342  0.376264  -9.80025 
             88.2001 -0.289151  0.877602  -32.2145 -5.04481  1.25615 0.119418 0 0 0 0.04165 0.02326 -0.0284   0.0628769   -0.353015 -0.00569339 0.000241325  0.00252576  0.00104502 -0.0941474   0.125494 0.00682485 -0.172426  0.376721  -9.80025 
                88.3 0.456771 0.945296 -29.9925 -5.02075  1.23718 0.114408 0 0 0 0.04165 0.02326 -0.0284   0.144701  -0.326288 -0.0296265 -9.13682e-05   0.00245585    0.0011507 -0.0950812   0.122901 0.00724921 -0.17141 0.377755 -9.80022 
             88.3998 0.066625 0.806676 -27.3855 -5.00081  1.20575 0.111631 0 0 0 0.04165 0.02326 -0.0284   0.163603  -0.305905 -0.0278253 0.000112005  0.00251972  0.00113879 -0.0959758   0.122443 0.00730025 -0.170887  0.377802  -9.80023 
             88.5004 -0.055863  0.659006  -25.3467 -4.96864  1.18315 0.110839 0 0 0 0.04165 0.02326 -0.0284   0.229078  -0.267604 -0.0225071 0.000230335  0.00255509  0.00118014 -0.0976263   0.120897 0.00708628 -0.169796   0.37827  -9.80023 
             88.6003 0.0382706  0.616178  -23.5153 -4.93473  1.15951 0.109407 0 0 0 0.04165 0.02326 -0.0284   0.288975  -0.269135 -0.0189316 0.000226284  0.00256443  0.00121591 -0.0988322   0.120079 0.00700847 -0.169064  0.378482  -9.80024 
             88.7001 0.137778  0.55774 -21.8837 -4.90148  1.13124 0.106048 0 0 0 0.04165 0.02326 -0.0284   0.327855  -0.310529 -0.0255932 0.000186151  0.00257239  0.00123327 -0.0992782   0.119864 0.00714991 -0.168809  0.378521  -9.80024 
                88.8 0.228791 0.529885 -20.3537 -4.86919  1.09788 0.102736 0 0 0 0.04165 0.02326 -0.0284   0.356769  -0.349403 -0.0236017 0.000153329  0.00257262  0.00124003 -0.0989781   0.120033 0.00722993 -0.168982  0.378476  -9.80024 
             88.8998 0.318067 0.483696 -18.7206  -4.83646   1.06158 0.0984652 0 0 0 0.04165 0.02326 -0.0284   0.355569  -0.378304 -0.0316659 0.000120011  0.00258752  0.00123817 -0.0984304   0.120297 0.00739013 -0.169289  0.378408  -9.80024 
             89.0004  0.40684 0.393101 -16.9492  -4.80621   1.02065 0.0942217 0 0 0 0.04165 0.02326 -0.0284   0.344817  -0.380328 -0.0389785 7.76255e-05  0.00259179  0.00123309 -0.0975531   0.120766 0.00744304 -0.169784  0.378269  -9.80023 
             89.1003 0.462774 0.381173 -15.2375  -4.78009  0.983477 0.0912968 0 0 0 0.04165 0.02326 -0.0284   0.291502  -0.361557 -0.0375376 6.8023e-05  0.0025866 0.00123283 -0.096394  0.121079 0.0073051 -0.170402  0.378229  -9.80022 
             89.2001 0.502021 0.335519 -13.5393  -4.75765  0.950658 0.0907718 0 0 0 0.04165 0.02326 -0.0284   0.262113  -0.321399 -0.0248432 5.56252e-05  0.00259352  0.00123004 -0.0953403   0.121063 0.00695954 -0.170936  0.378336  -9.80021 
                89.3 0.528787 0.283326 -11.9699  -4.73887  0.921316 0.0914565 0 0 0 0.04165 0.02326 -0.0284   0.218127  -0.300866 -0.0148499 6.77812e-05  0.00259449  0.00123589 -0.0942828   0.120949 0.00659399 -0.171465  0.378479   -9.8002 
             89.3998 0.555811 0.275039  -10.467 -4.72171 0.894329 0.093323 0 0 0 0.04165 0.02326 -0.0284    0.21089  -0.287043 -0.0130768 7.56756e-05  0.00259231  0.00123755 -0.0934925   0.120743 0.00622673 -0.171854   0.37864  -9.80018 
             89.5004 0.571959  0.23772 -8.93356  -4.70141  0.869028 0.0944307 0 0 0 0.04165 0.02326 -0.0284   0.215776  -0.264836 0.00724831 9.72524e-05  0.00259094  0.00123684  -0.093238   0.120451 0.00603423 -0.171968  0.378805  -9.80017 
             89.6003 0.543137 0.183702 -7.26655  -4.67737  0.847544 0.0964281 0 0 0 0.04165 0.02326 -0.0284   0.238898  -0.227757 0.00599594 0.000130071  0.00258115  0.00124261 -0.0934342   0.119998 0.00584887 -0.171849  0.379031  -9.80017 
             89.7001 0.560086 0.115346 -5.33374  -4.64814  0.830424 0.0986305 0 0 0 0.04165 0.02326 -0.0284   0.274435  -0.201884 0.00695331 0.000146875  0.00257482  0.00125121 -0.0939238    0.11931 0.00569533 -0.171577  0.379368  -9.80016 
             89.7999  0.613744 0.0774773  -3.27216  -4.61666  0.815348 0.0967852 0 0 0 0.04165 0.02326 -0.0284   0.280268   -0.16911 0.00502994 0.000144412  0.00257889  0.00126402 -0.0946442   0.118853 0.00603141 -0.171198  0.379584  -9.80016 
             89.9002    0.567758 -0.00291841    -1.35036  -4.58476  0.802199 0.0945767 0 0 0 0.04165 0.02326 -0.0284   0.274952  -0.121927 0.00756063 0.000142506  0.00258805  0.00128691 -0.0953706   0.118637 0.00634625 -0.170825  0.379687  -9.80016 
                  90   0.597567 -0.0919506   0.497466  -4.55295  0.790568 0.0927235 0 0 0 0.04165 0.02326 -0.0284  0.294828  -0.11529 -0.013808 0.000135278  0.00259862   0.0013075 -0.0959683   0.118687 0.00655192 -0.170521  0.379666  -9.80017 
             90.0999 0.702608  -0.2235  2.34251  -4.52004  0.776096 0.0876811 0 0 0 0.04165 0.02326 -0.0284   0.320019  -0.134392 -0.0171549 0.000102867  0.00262273  0.00132405 -0.0963776   0.119041 0.00698807 -0.170304  0.379491  -9.80018 
             90.2005  0.672051 -0.359961   4.12029  -4.48541   0.75706 0.0841609 0 0 0 0.04165 0.02326 -0.0284   0.370291  -0.151746 -0.0306934 9.82685e-05  0.00264226  0.00131985  -0.096387   0.119714 0.00714183 -0.170276  0.379151  -9.80019 
             90.3003  0.687111 -0.441728   5.88005  -4.44706  0.739799 0.0814858 0 0 0 0.04165 0.02326 -0.0284  0.407749 -0.163559 -0.022213 8.66508e-05  0.00265437  0.00132701 -0.0963197   0.119871 0.00714544 -0.170302  0.379069  -9.80019 
             90.4002  0.689314 -0.523617   7.59152 -4.40567 0.722781 0.079397 0 0 0 0.04165 0.02326 -0.0284  0.425759 -0.173517 -0.026944 8.59305e-05   0.0026649  0.00132932 -0.0962996   0.119909 0.00709306 -0.170311   0.37905  -9.80019 
                90.5 0.664189 -0.64126  9.10672 -4.36165 0.707485 0.079194 0 0 0 0.04165 0.02326 -0.0284   0.458245  -0.165928 -0.0199508 7.6585e-05 0.00267686 0.00133758   -0.09627   0.119649 0.00685461 -0.170347  0.379179  -9.80019 
             90.5999   0.69809 -0.686139   10.5976  -4.31706  0.694312 0.0790195 0 0 0 0.04165 0.02326 -0.0284    0.448582   -0.152484 -0.00641023 8.23061e-05  0.00267283  0.00134174 -0.0961778    0.11928  0.0066486 -0.170426  0.379356  -9.80018 
             90.7005  0.686691 -0.831304   12.1105  -4.27249  0.684275 0.0776043 0 0 0 0.04165 0.02326 -0.0284   0.444931  -0.109954 -0.0132066 7.26524e-05  0.00269034  0.00134983 -0.0961912   0.118782 0.00668779 -0.170466  0.379599  -9.80017 
             90.8003   0.70549 -0.932204   13.5385  -4.22786  0.675975 0.0761921 0 0 0 0.04165 0.02326 -0.0284    0.44662  -0.113957 -0.0110557 7.00623e-05  0.00269002  0.00136185 -0.0962509   0.118312 0.00668157 -0.170487  0.379833  -9.80016 
             90.9002 0.727939 -1.00819  14.8465  -4.18199  0.667433 0.0759856 0 0 0 0.04165 0.02326 -0.0284    0.476999  -0.0850794 -0.00942063 6.59873e-05  0.00268555  0.00137756 -0.0962717   0.118046 0.00657809 -0.170509  0.379964  -9.80015 
                  91 0.761324 -1.10739  16.0531  -4.13353  0.659734 0.0742024 0 0 0 0.04165 0.02326 -0.0284  0.488945 -0.094982 -0.017687 4.68875e-05  0.00269948  0.00138976 -0.0963716    0.11795 0.00668101 -0.170472  0.380022  -9.80015 
             91.0999 0.79442 -1.1638 17.1613  -4.08438  0.650307 0.0725192 0 0 0 0.04165 0.02326 -0.0284    0.50292 -0.0739926 -0.0144168 3.78325e-05  0.00270536  0.00139851 -0.0964395   0.118037 0.00670633 -0.170428   0.37999  -9.80016 
             91.2001 0.789715 -1.13034  17.9632 -4.03312 0.640654 0.070981 0 0 0 0.04165 0.02326 -0.0284   0.500123 -0.0892969 -0.0209327 4.28784e-05   0.0027027   0.0014141 -0.0965102   0.118258 0.00673429 -0.170363  0.379896  -9.80016 
                91.3 0.784141 -1.17042  18.6959  -3.98474  0.630804 0.0691585 0 0 0 0.04165 0.02326 -0.0284   0.489941 -0.0698348 -0.0126098 4.42672e-05  0.00271089  0.00141649 -0.0963665   0.118428 0.00676333 -0.170404  0.379795  -9.80016 
             91.3998 0.808084 -1.20537  19.3338  -3.93607  0.623025 0.0673112 0 0 0 0.04165 0.02326 -0.0284    0.48748 -0.0729999 -0.0169081 3.11143e-05  0.00271014  0.00142483 -0.0963678   0.118497 0.00680824 -0.170391  0.379763  -9.80016 
             91.5004 0.730016 -1.17521  20.0781  -3.88567  0.614214 0.0670355 0 0 0 0.04165 0.02326 -0.0284   0.523935 -0.0728074 -0.0166852 6.04739e-05  0.00269565  0.00141495 -0.0963142   0.118677 0.00663852 -0.17039 0.379673 -9.80017 
             91.6003 0.738261 -1.19901  20.8412  -3.83251  0.606808 0.0669432 0 0 0 0.04165 0.02326 -0.0284    0.544399  -0.0903471 -0.00441192 6.70723e-05  0.00269403  0.00141182 -0.0963447     0.1187  0.0065103 -0.170375   0.37967  -9.80017 
             91.7001 0.632811 -1.16844  21.3013 -3.77636 0.598267 0.067952 0 0 0 0.04165 0.02326 -0.0284   0.578148  -0.109787 0.00917236 8.37452e-05  0.00267397  0.00141715 -0.0964662   0.118561 0.00627142 -0.170347  0.379756  -9.80017 
                91.8 0.769384 -1.17869    21.32  -3.71714  0.590937 0.0678362 0 0 0 0.04165 0.02326 -0.0284    0.57607  -0.104891 -0.0119866 9.16334e-05  0.00266736  0.00143512  -0.096714   0.118232 0.00624109 -0.170293  0.379948  -9.80016 
             91.8998 0.710035 -1.11725  20.7544  -3.65858  0.582235 0.0649418 0 0 0 0.04165 0.02326 -0.0284   0.568281  -0.132966 -0.0143681 9.55885e-05  0.00266221  0.00145884  -0.096945   0.117845 0.00649084 -0.170253  0.380158  -9.80015 
             92.0004 0.816943 -1.05979  19.6598  -3.60209   0.57246 0.0636798 0 0 0 0.04165 0.02326 -0.0284    0.545171   -0.107741 -0.00887874 0.000102434  0.00264695  0.00147136 -0.0969611   0.117671 0.00648592 -0.170276  0.380239  -9.80015 
             92.1003  0.704133 -0.950906   18.3988  -3.55057  0.560936 0.0629409 0 0 0 0.04165 0.02326 -0.0284   0.509575  -0.124417 -0.0143351 0.000117911  0.00262513  0.00147495 -0.0968189   0.117483 0.00642692 -0.170372  0.380301  -9.80014 
             92.2001  0.717865 -0.926791   17.1044  -3.50249  0.549687 0.0612339 0 0 0 0.04165 0.02326 -0.0284  0.481153 -0.122643 -0.013592 0.000146874  0.00260642  0.00147167 -0.0966384   0.117394  0.0064886 -0.170466  0.380312  -9.80014 
                92.3  0.621325 -0.857302   15.7122 -3.45521 0.537654 0.060202 0 0 0 0.04165 0.02326 -0.0284    0.48029   -0.12548 -0.0213934 0.000182527  0.00258645  0.00147115 -0.0966949    0.11735  0.0064509 -0.170448   0.38034  -9.80014 
             92.3998  0.654147 -0.805096   14.4426   -3.4063  0.524036 0.0598778 0 0 0 0.04165 0.02326 -0.0284    0.481187   -0.143666 -0.00967461 0.000174703  0.00256291  0.00145734 -0.0968676   0.117464  0.0063015 -0.170357  0.380314  -9.80014 
             92.5005  0.617843 -0.749267    13.198  -3.35631  0.511354 0.0593111 0 0 0 0.04165 0.02326 -0.0284   0.500627  -0.109603 -0.0118687 0.000187928  0.00254147   0.0014561 -0.0971012   0.117387 0.00625019 -0.170262  0.380379  -9.80014 
             92.6003 0.603811 -0.71828  12.0609  -3.30575  0.498912 0.0590576 0 0 0 0.04165 0.02326 -0.0284   0.506892  -0.134472 -0.0135503 0.000211028  0.00252146   0.0014411 -0.0971641    0.11751 0.00616242 -0.17022 0.380331 -9.80015 
             92.7001   0.51818 -0.648085   11.1859   -3.2533  0.486619 0.0580511 0 0 0 0.04165 0.02326 -0.0284    0.520994   -0.119048 -0.00516437 0.000226733  0.00249582  0.00142789 -0.0973353   0.117565 0.00617283 -0.170135  0.380324  -9.80015 
                92.8  0.487435 -0.584382   10.4459  -3.20028  0.475683 0.0576283 0 0 0 0.04165 0.02326 -0.0284   0.530362  -0.109935 -0.0129374 0.000237405  0.00248199  0.00141263 -0.0974176   0.117529 0.00608352 -0.170103   0.38035  -9.80015 
             92.8998   0.50835 -0.517185   9.96761  -3.14799  0.464414 0.0565256 0 0 0 0.04165 0.02326 -0.0284    0.514219  -0.0927184 -0.00561102 0.000234834  0.00246707  0.00138686 -0.0973708   0.117594  0.0060942 -0.170118  0.380316  -9.80015 
             93.0004  0.441543 -0.431864   9.59755  -3.09671   0.45527 0.0549348 0 0 0 0.04165 0.02326 -0.0284   0.501714  -0.105922 -0.0129765 0.000268033  0.00245221   0.0013742 -0.0973504   0.117489 0.00618234 -0.170135  0.380361  -9.80015 
             93.1003  0.461208 -0.397284   9.23854  -3.04792  0.446673 0.0534848 0 0 0 0.04165 0.02326 -0.0284    0.489641  -0.0939237 -0.00930426 0.000252874  0.00245165  0.00137242 -0.0972731   0.117213 0.00622466 -0.170194   0.38048  -9.80014 
             93.2001   0.46647 -0.370537    8.8331  -2.99936  0.438581 0.0528021 0 0 0 0.04165 0.02326 -0.0284   0.465778 -0.0962972  0.0264329 0.000265449  0.00243688  0.00136392 -0.0972314   0.117088 0.00619546 -0.170223  0.380533  -9.80014 
                93.3  0.286445 -0.431516   8.39535  -2.95001  0.431243 0.0529065 0 0 0 0.04165 0.02326 -0.0284    0.485774  -0.0888231 -0.00124574 0.000297603   0.0024312  0.00137003 -0.0973567    0.11687 0.00615497 -0.170185  0.380643  -9.80013 
             93.3998  0.480613 -0.368752   8.07034  -2.90088  0.425513 0.0510902 0 0 0 0.04165 0.02326 -0.0284    0.496696  -0.0703789 -0.00342277 0.000270917   0.0024196  0.00137294 -0.0973938   0.116607 0.00634749 -0.170186  0.380762  -9.80013 
             93.5004  0.380383 -0.384834   7.79324  -2.85144  0.415319 0.0505137 0 0 0 0.04165 0.02326 -0.0284    0.500043  -0.0961301 -0.00843985 0.000292338  0.00240483  0.00135022 -0.0972189   0.116836  0.0063398 -0.170248  0.380645  -9.80013 
             93.6003  0.430008 -0.406937   7.54507  -2.80158   0.40552 0.0489778 0 0 0 0.04165 0.02326 -0.0284    0.492532  -0.0907101 -0.00255079 0.000290407   0.0023965  0.00134456 -0.0972163   0.116926 0.00646801 -0.170241  0.380603  -9.80013 
             93.7001  0.418606 -0.416383   7.29678  -2.75148  0.397059 0.0474651 0 0 0 0.04165 0.02326 -0.0284    0.490458   -0.100819 -0.00872379 0.000282399  0.00238617  0.00134413 -0.0973213   0.116884 0.00653556 -0.170196  0.380628  -9.80013 
                93.8  0.377721 -0.471772   7.16677  -2.70168  0.386033 0.0461424 0 0 0 0.04165 0.02326 -0.0284   0.497424 -0.0863093  -0.012084 0.000295114  0.00237994  0.00132617 -0.0974189   0.117055 0.00656822 -0.170141  0.380557  -9.80014 
             93.9002  0.421078 -0.509868    7.0078  -2.65055  0.378146 0.0439403 0 0 0 0.04165 0.02326 -0.0284   0.504261 -0.0931804 -0.0153974 0.000287378   0.0023769  0.00132443 -0.0976044   0.116986 0.00669429 -0.170061  0.380597  -9.80014 
                  94 0.338506 -0.52416  6.96836  -2.59951   0.36872 0.0419076 0 0 0 0.04165 0.02326 -0.0284   0.506865  -0.102492 -0.0185769 0.000306672  0.00236838  0.00130793 -0.0977814   0.116991 0.00674986 -0.169981  0.380605  -9.80014 
             94.0999  0.426111 -0.608267   6.96758   -2.5491  0.363606 0.0410188 0 0 0 0.04165 0.02326 -0.0284   0.506245 -0.0631863 -0.0173406 0.000285124  0.00236237  0.00130344 -0.0978601   0.116815 0.00667389 -0.169958   0.38069  -9.80014 
             94.2001  0.382853 -0.556275   7.13049  -2.49705  0.360016 0.0388889 0 0 0 0.04165 0.02326 -0.0284   0.538987 -0.0353611 -0.0255925 0.00027862 0.00235967 0.00129596 -0.0978493   0.116586 0.00671857 -0.169976   0.38079  -9.80013 
                94.3   0.41496 -0.597236   7.71104  -2.44193  0.355223 0.0388126 0 0 0 0.04165 0.02326 -0.0284   0.573862 -0.0203279 -0.0151014 0.000288911   0.0023551  0.00126903 -0.0978184   0.116823 0.00651297 -0.169978  0.380687  -9.80014 
             94.3998  0.437456 -0.598145   8.45813 -2.38456 0.352526 0.038597 0 0 0 0.04165 0.02326 -0.0284   0.583581 -0.0205514 -0.0130825 0.00027197 0.00235302 0.00125391 -0.0977924   0.116854 0.00636407 -0.169989  0.380674  -9.80014 
             94.5004  0.440298 -0.638824   9.39259  -2.32736   0.35306 0.0364164 0 0 0 0.04165 0.02326 -0.0284    0.573569   0.0155105 -0.00941699 0.000292547   0.0023571  0.00123965 -0.0976352   0.116724 0.00652871 -0.170065  0.380717  -9.80013 
             94.6003   0.45382 -0.640236   10.4627  -2.26988  0.352185 0.0342259 0 0 0 0.04165 0.02326 -0.0284    0.576074 -0.00478504  -0.0197266 0.000274302  0.00236189  0.00122602  -0.097582   0.116901 0.00659521 -0.170074  0.380635  -9.80014 
             94.7001  0.448057 -0.684589   11.6443  -2.21162  0.353193 0.0334585 0 0 0 0.04165 0.02326 -0.0284    0.59176  0.0276684 -0.0246193 0.000276992   0.0023654  0.00121284 -0.0976005   0.116995 0.00649041 -0.17006 0.380597 -9.80014 
                94.8  0.493387 -0.668674    12.908  -2.15187  0.355286 0.0314132 0 0 0 0.04165 0.02326 -0.0284   0.618051  0.0159654 -0.0190752 0.000273352  0.00236973  0.00120264 -0.0977276   0.116961 0.00657938 -0.170007  0.380622  -9.80014 
             94.8998  0.469941 -0.802454   14.0724  -2.09137   0.36298 0.0306498 0 0 0 0.04165 0.02326 -0.0284    0.614974   0.0614764 -0.00783783 0.000257637  0.00238349  0.00122502 -0.0978406   0.116561 0.00652208 -0.169999  0.380806  -9.80013 
             95.0004  0.431205 -0.879007   15.2998 -2.02907 0.374124 0.029263 0 0 0 0.04165 0.02326 -0.0284   0.631464  0.0914309 -0.0138159 0.000248763  0.00238535  0.00124834 -0.0978278   0.115784 0.00655781 -0.170088  0.381134  -9.80012 
             95.1003  0.584651 -0.908015   16.5147 -1.96784 0.388997 0.029464 0 0 0 0.04165 0.02326 -0.0284    0.630507   0.0957159 -0.00705736 0.000234219  0.00237506  0.00127138 -0.0976773   0.115231 0.00642521 -0.170217   0.38135  -9.80011 
             95.2001 0.491601 -1.03394  17.7914  -1.90825  0.403283 0.0285764 0 0 0 0.04165 0.02326 -0.0284     0.58278    0.158621 -0.00675678 0.000239369  0.00238758   0.0012916 -0.0975897   0.114777 0.00644452 -0.17031 0.381528  -9.8001 
             95.2999 0.555883 -1.05837  18.8501  -1.85326  0.423079 0.0280236 0 0 0 0.04165 0.02326 -0.0284     0.54111    0.132065 -0.00565343 0.000236605  0.00237449  0.00134724  -0.097671   0.114147 0.00645069 -0.170362    0.3818  -9.80009 
             95.3998  0.53341 -1.16108  19.8729  -1.80271  0.438906 0.0288789 0 0 0 0.04165 0.02326 -0.0284    0.48328   0.179604 0.00956673 0.000234524   0.0023739  0.00138643 -0.0975435   0.113897 0.00626646 -0.170452  0.381886  -9.80008 
             95.5004 0.584677 -1.22151   20.625  -1.75367  0.456756 0.0295082 0 0 0 0.04165 0.02326 -0.0284    0.484074    0.127663 -0.00547172 0.000242792  0.00237223  0.00143136 -0.0975905   0.113836 0.00620555 -0.170444  0.381919  -9.80008 
             95.6003 0.580041 -1.28074  21.3906  -1.70538  0.468608 0.0280133 0 0 0 0.04165 0.02326 -0.0284     0.46986    0.155513 0.000860621 0.000218967  0.00237555  0.00146673 -0.0975705   0.114139 0.00632808 -0.170402  0.381792  -9.80009 
             95.7001 0.613381 -1.31879  22.0395  -1.65858  0.480289 0.0277099 0 0 0 0.04165 0.02326 -0.0284    0.464559    0.135687 -0.00385365 0.000235612  0.00237268  0.00149715 -0.0974368   0.114583  0.0063301 -0.170382  0.381594  -9.80009 
                95.8 0.620368 -1.35674  22.7048  -1.61104  0.489836 0.0281964 0 0 0 0.04165 0.02326 -0.0284   0.468736   0.126173 -0.0028957 0.00021933 0.00236924 0.00152422 -0.0974474   0.114976 0.00619532 -0.170314  0.381442   -9.8001 
             95.8998 0.674632  -1.3669   23.421  -1.56302  0.499061 0.0287276 0 0 0 0.04165 0.02326 -0.0284   0.460803   0.119016 0.00293265 0.000240355  0.00236091  0.00153037  -0.097515   0.115603 0.00613097 -0.170181   0.38121  -9.80011 
             96.0005 0.643283 -1.43178  24.1123  -1.51622   0.50654 0.0266178 0 0 0 0.04165 0.02326 -0.0284   0.447956  0.0852631 -0.0121655 0.000227572  0.00237316   0.0015485 -0.0975311   0.116055 0.00637456 -0.170091  0.381035  -9.80012 
             96.1003 0.674419 -1.46498  24.8048  -1.47172  0.511478 0.0250111 0 0 0 0.04165 0.02326 -0.0284   0.425144   0.089347 -0.0051468 0.000211133  0.00236336  0.00154066 -0.0973913   0.116625 0.00643601 -0.17004  0.38079 -9.80013 
             96.2001 0.634822 -1.46605  25.4437  -1.42926  0.515314 0.0241029 0 0 0 0.04165 0.02326 -0.0284   0.411008  0.0523822 -0.0110528 0.00022096 0.00236294 0.00152988 -0.0972797   0.117078 0.00642529 -0.169998  0.380597  -9.80014 
                96.3 0.571521 -1.45825  26.0012  -1.38639  0.518244 0.0270303 0 0 0 0.04165 0.02326 -0.0284   0.412108  0.0450097 0.00409248 0.000225349   0.0023437   0.0015162 -0.0973081   0.117339 0.00596962 -0.169945  0.380508  -9.80014 
             96.3998 0.601124  -1.4649  26.5918  -1.34406  0.520991 0.0276881 0 0 0 0.04165 0.02326 -0.0284   0.429239  0.0455642 0.00529563 0.000224276  0.00233283  0.00149255 -0.0972243   0.117652 0.00596884 -0.169916  0.380375  -9.80015 
             96.5005 0.650524 -1.47087  27.2665   -1.2977  0.522165 0.0283402 0 0 0 0.04165 0.02326 -0.0284   0.471079  0.0330082 0.00585834 0.000217094  0.00233308  0.00144324 -0.0973147   0.118097 0.00595493 -0.169795  0.380228  -9.80016 
             96.6003 0.608021 -1.55558  27.8465  -1.24926  0.529635 0.0273104 0 0 0 0.04165 0.02326 -0.0284   0.488847  0.0772534 0.00451478 0.000216506  0.00233532  0.00143689 -0.0976338   0.117869  0.0061652 -0.169721  0.380374  -9.80015 
             96.7002 0.632765 -1.55583  28.5692  -1.19852  0.541658 0.0264866 0 0 0 0.04165 0.02326 -0.0284     0.51071   0.0874596 0.000748214 0.000218614  0.00232747  0.00141458 -0.0980824   0.117477 0.00630314 -0.169637  0.380608  -9.80014 
                96.8 0.597647 -1.59383  29.3136 -1.14765 0.556326 0.024249 0 0 0 0.04165 0.02326 -0.0284  0.504038  0.128152 -0.008933 0.000217084  0.00233103   0.0014109 -0.0983822   0.116998 0.00656262 -0.169626  0.380841  -9.80014 
             96.8999 0.632287 -1.59013   30.153 -1.09887 0.573926 0.021811 0 0 0 0.04165 0.02326 -0.0284    0.485331    0.138947 -0.00688103 0.000229405  0.00233529  0.00140087 -0.0985412   0.116515 0.00677225 -0.169669  0.381046  -9.80013 
             97.0005  0.53599 -1.65964  31.0101   -1.0524  0.592433 0.0193833 0 0 0 0.04165 0.02326 -0.0284   0.461579   0.163349 -0.0180487 0.000232002   0.0023524  0.00140655 -0.0985761   0.115989 0.00690668 -0.16977 0.381237 -9.80012 
             97.1003  0.56784 -1.74997  31.8624   -1.0092  0.613794 0.0166962 0 0 0 0.04165 0.02326 -0.0284    0.436753    0.187355 -0.00988843 0.000210689  0.00237923  0.00141059 -0.0985228   0.115511 0.00705305 -0.169892   0.38139  -9.80011 
             97.2002 0.498017 -1.78633  32.8535 -0.965881  0.633388 0.0148235 0 0 0 0.04165 0.02326 -0.0284   0.443167   0.192039 -0.0204044 0.000216422  0.00239105  0.00141789 -0.0984974   0.115202 0.00709036 -0.16997  0.38149  -9.8001 
                97.3  0.57619 -1.88379  33.7762  -0.92189  0.654436 0.0137598 0 0 0 0.04165 0.02326 -0.0284    0.438573    0.215057 -0.00995031 0.000195771  0.00240541  0.00142412 -0.0984609    0.11521 0.00700808 -0.169982  0.381479  -9.80011 
             97.3999 0.581322 -1.90284  34.9098 -0.878184  0.675618  0.013039 0 0 0 0.04165 0.02326 -0.0284   0.445392   0.231098 -0.0168815 0.000181899  0.00241203  0.00142311 -0.0984024   0.115242  0.0069616 -0.169994  0.381455  -9.80011 
             97.5005 0.537768 -1.99923  36.1357 -0.832025  0.697085 0.0119801 0 0 0 0.04165 0.02326 -0.0284    0.461601    0.249624 -0.00791476 0.000176504  0.00242727  0.00142759 -0.0983507   0.115468 0.00692468 -0.169956  0.381368  -9.80011 
             97.6003 0.592197   -2.069  37.7898 -0.781578  0.718215 0.0103246 0 0 0 0.04165 0.02326 -0.0284    0.48069   0.236299 -0.0185048 0.000154448  0.00244935  0.00138644 -0.0984408    0.11614 0.00696955 -0.169758  0.381176  -9.80012 
             97.7002 0.523686 -2.11929  39.9441 -0.729185  0.734616 0.0103983 0 0 0 0.04165 0.02326 -0.0284    0.453645    0.238292 -0.00617487 0.000143038  0.00244285  0.00133532 -0.0984541   0.117228  0.0067689 -0.169476   0.38084  -9.80014 
                97.8 0.545045   -2.178  42.1639  -0.67553  0.747051 0.0104795 0 0 0 0.04165 0.02326 -0.0284  0.472133  0.148454 -0.007382 0.000115075  0.00245135  0.00127839 -0.0986428   0.118565 0.00658891 -0.169063  0.380487  -9.80016 
             97.8998 0.519629 -2.22687  44.3325  -0.61774  0.755334 0.0110046 0 0 0 0.04165 0.02326 -0.0284    0.486494    0.167717 -0.00208534 9.32307e-05  0.00244781  0.00120315 -0.0990438   0.120099 0.00641595 -0.168523  0.380155  -9.80018 
             98.0005 0.484523 -2.30818  46.2824 -0.562632  0.767443 0.0099919 0 0 0 0.04165 0.02326 -0.0284    0.521543    0.139064 -0.00751448 9.43979e-05  0.00246207  0.00117049 -0.0991582    0.12084 0.00646258 -0.168274  0.379983  -9.80019 
             98.1003 0.447829 -2.36103  48.2743 -0.509256  0.785434 0.0084077 0 0 0 0.04165 0.02326 -0.0284    0.509158    0.178828 -0.00379441 8.63465e-05  0.00247737  0.00115985 -0.0995379   0.120695 0.00656881 -0.168219  0.380138  -9.80019 
             98.2002 0.452947  -2.3765  50.2569  -0.456218   0.808424 0.00994838 0 0 0 0.04165 0.02326 -0.0284    0.52642   0.194314 0.00199875 7.25802e-05  0.00246916  0.00113478   -0.10013   0.120479 0.00636724 -0.168147  0.380381  -9.80018 
                98.3 0.517144 -2.38688  52.2531 -0.405323  0.833481 0.0113858 0 0 0 0.04165 0.02326 -0.0284   0.520789   0.233981 0.00947147 2.41183e-05  0.00246292  0.00110981  -0.100545   0.119978 0.00623929 -0.168216  0.380636  -9.80017 
             98.3998 0.443006 -2.51663  54.1447 -0.364295  0.863735 0.0119418 0 0 0 0.04165 0.02326 -0.0284   0.465617    0.25932 0.00722994 2.31256e-05  0.00247483   0.0011001  -0.100385   0.118835 0.00626583 -0.168629  0.380841  -9.80015 
             98.5005 0.365841 -2.52452  56.0413 -0.331769  0.895226 0.0118015 0 0 0 0.04165 0.02326 -0.0284   0.408492   0.278892 0.00985704 3.93314e-05  0.00248093  0.00110849 -0.0998899   0.117286  0.0063722 -0.169254  0.380998  -9.80014 
             98.6003  0.36869 -2.62151  57.8503 -0.302746   0.92737 0.0115752 0 0 0 0.04165 0.02326 -0.0284    0.366661    0.290863 -0.00320533 2.13789e-05  0.00249232  0.00111681 -0.0994757    0.11615 0.00646466 -0.169725  0.381078  -9.80013 
             98.7002 0.269267 -2.62544    59.56  -0.27366  0.956549 0.0123392 0 0 0 0.04165 0.02326 -0.0284   0.316799   0.274458 0.00826497 3.36208e-05  0.00249478  0.00113538 -0.0993486   0.115443  0.0063662    -0.17 0.381162 -9.80012 
                98.8 0.283859 -2.73356  61.0511 -0.246587  0.985982  0.014746 0 0 0 0.04165 0.02326 -0.0284   0.255689   0.273111 0.00880544 -8.37278e-06   0.00249075    0.0011546 -0.0995336   0.115154  0.0061909 -0.170076  0.381278  -9.80011 
             98.8998 0.253187 -2.74542  62.4742 -0.219126     1.013 0.0166823 0 0 0 0.04165 0.02326 -0.0284    0.2543  0.255767 0.0256504 -3.28266e-05   0.00248067   0.00116072 -0.0997788   0.115271 0.00609037 -0.169998   0.38135  -9.80011 
             99.0005 0.182977 -2.78226  63.8097 -0.189409   1.03969 0.0170411 0 0 0 0.04165 0.02326 -0.0284  0.265155  0.269875 0.0127412 -3.35715e-05   0.00248022   0.00116791  -0.100048   0.115673 0.00626274 -0.169809  0.381391  -9.80011 
             99.1003 0.134876 -2.86945  65.2339 -0.158625   1.06879 0.0180394 0 0 0 0.04165 0.02326 -0.0284  0.291586  0.318194 0.0136837 -4.41047e-05   0.00249219   0.00116434  -0.100233   0.116107 0.00631833 -0.169623  0.381401  -9.80011 
             99.2001 0.0737647  -2.92928   66.9243 -0.127511    1.1009 0.0178501 0 0 0 0.04165 0.02326 -0.0284  0.300503  0.320949 0.0160295 -5.13775e-05   0.00250338   0.00115316  -0.100234   0.116196 0.00650501 -0.169587   0.38139  -9.80012 
                99.3 -0.0453319   -3.05626    68.7717 -0.0990513    1.13335  0.0185447 0 0 0 0.04165 0.02326 -0.0284   0.262495   0.296507 0.00769381 -4.0538e-05  0.00250975   0.0011502  -0.100248   0.116258 0.00654858 -0.169561  0.381389  -9.80012 
             99.3998 -0.180348  -3.03453   70.4847 -0.0740272     1.1629  0.0185067 0 0 0 0.04165 0.02326 -0.0284  0.247408  0.270167 0.0126462 -3.96228e-05    0.0025156   0.00115275 -0.100384  0.116039 0.0066457 -0.16963 0.381463 -9.80011 
             99.5005 -0.195455  -3.12859    71.851 -0.0504858    1.19282  0.0210187 0 0 0 0.04165 0.02326 -0.0284  0.226759  0.281306 0.0123441 -5.89492e-05   0.00251077   0.00116591  -0.100721   0.115925 0.00643793 -0.16965 0.381602 -9.80011 
             99.6003 -0.29423 -3.19644  73.0748 -0.0291576    1.22378  0.0222852 0 0 0 0.04165 0.02326 -0.0284  0.225784  0.293468 0.0127656 -6.21953e-05    0.0025118   0.00118214   -0.10101   0.115626 0.00645748 -0.169745  0.381736   -9.8001 
             99.7001 -0.307646  -3.23505   74.2592 -0.00778103     1.25654   0.0229393 0 0 0 0.04165 0.02326 -0.0284  0.230928  0.318851 0.0189787 -5.25819e-05   0.00251637   0.00118563  -0.101302   0.115369 0.00651812 -0.169827  0.381866  -9.80009 
                99.8 -0.334584  -3.34475    75.467 0.0149528   1.29292 0.0237014 0 0 0 0.04165 0.02326 -0.0284  0.223765  0.367573 0.0127918 -7.67354e-05    0.0025194   0.00118882  -0.101658    0.11532 0.00664263 -0.169826  0.382008  -9.80009 
             99.8998 -0.402696  -3.40625   76.7704 0.0391145   1.33306 0.0256341 0 0 0 0.04165 0.02326 -0.0284  0.255451  0.384768 0.0177118 -6.52036e-05   0.00252394   0.00118602  -0.102073   0.115259 0.00656397 -0.169835  0.382172  -9.80008 
                 100 -0.451574  -3.48316   78.0879 0.0650492   1.37644 0.0266034 0 0 0 0.04165 0.02326 -0.0284  0.236167  0.443934 0.0134286 -7.65355e-05   0.00252601   0.00118549  -0.102392   0.115363 0.00666223 -0.169783  0.382293  -9.80008 
               100.1 -0.518933  -3.51004   79.4619 0.0890792   1.42456 0.0289716 0 0 0 0.04165 0.02326 -0.0284  0.271642  0.477912 0.0143685 -7.35087e-05   0.00252275   0.00118871  -0.102654   0.115152 0.00658486 -0.169862    0.3824  -9.80007 
               100.2 -0.599483  -3.58926   80.9727 0.114754  1.47507 0.030179 0 0 0 0.04165 0.02326 -0.0284  0.249571  0.511573 0.0229705 -7.60292e-05   0.00253411   0.00118774  -0.102893   0.114883 0.00663383 -0.169964  0.382497  -9.80007 
               100.3 -0.568997  -3.64973   82.4104  0.137769   1.52938 0.0313382 0 0 0 0.04165 0.02326 -0.0284  0.247956  0.512345 0.0116094 -8.74642e-05   0.00253483   0.00119534  -0.103223   0.114795 0.00675292 -0.169997  0.382626  -9.80006 
               100.4 -0.694076  -3.64848   83.9611  0.162172   1.58089 0.0334424 0 0 0 0.04165 0.02326 -0.0284  0.205619  0.507723 0.0224209 -9.29525e-05   0.00253915   0.00119832  -0.103532   0.114723 0.00667233 -0.17003 0.382745 -9.80005 
               100.5 -0.632496  -3.71597   85.2262  0.183759   1.63174 0.0358234 0 0 0 0.04165 0.02326 -0.0284  0.228216  0.482286 0.0153612 -0.000109063   0.00254425   0.00120469  -0.103671   0.114898 0.00660986 -0.169967  0.382802  -9.80005 
               100.6 -0.766757  -3.71921   86.6132   0.20607   1.67863 0.0371943 0 0 0 0.04165 0.02326 -0.0284  0.200338  0.484703 0.0123537 -9.75717e-05   0.00254613   0.00120369  -0.103567   0.114963 0.00665842 -0.169937  0.382765  -9.80006 
               100.7 -0.701216  -3.76276   87.7986  0.224741    1.7262 0.0377909 0 0 0 0.04165 0.02326 -0.0284   0.18778  0.468969 0.0114978 -0.000107854   0.00255329   0.00121142  -0.103543   0.115037 0.00678786 -0.169906   0.38276  -9.80006 
               100.8 -0.856395  -3.73175   89.0433 0.242128  1.77143 0.039469 0 0 0 0.04165 0.02326 -0.0284   0.176281   0.454869 0.00958391 -9.40092e-05    0.0025534   0.00121187  -0.103499   0.114855 0.00676179 -0.169974  0.382733  -9.80006 
               100.9 -0.896963  -3.76563   90.0856  0.257994   1.81445 0.0410058 0 0 0 0.04165 0.02326 -0.0284   0.16544  0.440113 0.0185487 -9.06228e-05    0.0025578   0.00122237  -0.103258   0.114683 0.00672306 -0.170024   0.38263  -9.80006 
                 101 -0.885823   -3.7819   90.8383  0.274616   1.85651 0.0426813 0 0 0 0.04165 0.02326 -0.0284   0.187328   0.439926 0.00918441 -0.000104841   0.00256204   0.00123218  -0.103003   0.114579 0.00668944 -0.170045  0.382525  -9.80006 
               101.1 -0.935532  -3.77514   91.0464  0.291732   1.89959 0.0435223 0 0 0 0.04165 0.02326 -0.0284  0.195852  0.462535 0.0182627 -9.0502e-05  0.00255627   0.0012542  -0.102733   0.114368 0.00668037 -0.170104  0.382407  -9.80007 
               101.2 -0.908759  -3.64399    90.845  0.311385   1.94433 0.0453624 0 0 0 0.04165 0.02326 -0.0284  0.220822  0.481061 0.0168625 -9.5251e-05  0.00254344  0.00126541  -0.102464   0.114252 0.00667389 -0.170126  0.382296  -9.80007 
               101.3 -0.984108  -3.62642   90.3062  0.332161    1.9912 0.0466398 0 0 0 0.04165 0.02326 -0.0284   0.22427   0.48583 0.0127675 -7.56461e-05   0.00253545   0.00127916  -0.102279   0.114017 0.00674374 -0.170198  0.382209  -9.80007 
               101.4 -0.886002  -3.55959   89.6089  0.351897   2.03871 0.0467372 0 0 0 0.04165 0.02326 -0.0284  0.214631  0.474782 0.0153463 -9.18509e-05   0.00252292   0.00128422  -0.102145   0.113682 0.00689268 -0.170312  0.382133  -9.80007 
               101.5 -0.841308  -3.47971   88.8698  0.373104   2.08469 0.0471827 0 0 0 0.04165 0.02326 -0.0284  0.241945  0.456179 0.0119469 -9.70741e-05   0.00251537   0.00127611   -0.10194   0.113468 0.00695199 -0.170376  0.382041  -9.80008 
               101.6 -0.808965   -3.4751   88.0762  0.396324   2.13065 0.0478967 0 0 0 0.04165 0.02326 -0.0284  0.219675  0.463189 0.0124685 -7.98628e-05   0.00250338    0.0012749   -0.10196   0.113425 0.00695797 -0.170393  0.382046  -9.80008 
               101.7 -0.718731  -3.36238   87.2764  0.419353   2.17621 0.0497415 0 0 0 0.04165 0.02326 -0.0284  0.243539  0.438131 0.0178862 -6.97934e-05   0.00248522   0.00127263   -0.10196   0.113458 0.00685553 -0.170382  0.382047  -9.80008 
               101.8 -0.68613 -3.33247  86.5564   0.44311   2.22084 0.0505879 0 0 0 0.04165 0.02326 -0.0284  0.198669  0.442963 0.0118926 -7.34909e-05   0.00247562   0.00126167  -0.102129   0.113491 0.00691428 -0.170378  0.382112  -9.80007 
               101.9 -0.643933  -3.25648   85.8218  0.462854   2.26533 0.0510759 0 0 0 0.04165 0.02326 -0.0284  0.220262  0.411154 0.0138524 -4.66701e-05   0.00245522    0.0012597  -0.102303   0.113612 0.00703402 -0.17034 0.382183 -9.80007 
                 102 -0.741675  -3.29478   85.4631  0.483563   2.30922 0.0523578 0 0 0 0.04165 0.02326 -0.0284  0.172736    0.4269 0.0127887 -4.81379e-05    0.0024496   0.00123893  -0.102564   0.113542 0.00697519 -0.170377  0.382276  -9.80007 
               102.1 -0.605332  -3.25559   85.2686  0.502656   2.35501 0.0542063 0 0 0 0.04165 0.02326 -0.0284   0.1924 0.446756 0.015714 -5.93349e-05   0.00243323   0.00122601  -0.102843   0.113695 0.00693475 -0.170332  0.382385  -9.80006 
               102.2 -0.647905  -3.24161   85.3256  0.522373   2.40287 0.0562956 0 0 0 0.04165 0.02326 -0.0284   0.21043  0.476653 0.0152688 -3.59791e-05   0.00242391   0.00121951  -0.103137   0.113603 0.00689055 -0.170376   0.38249  -9.80006 
               102.3 -0.558303  -3.29962   85.4403  0.540605   2.45481 0.0571542 0 0 0 0.04165 0.02326 -0.0284  0.154308  0.512733 0.0280687 -3.72972e-05   0.00242846    0.0012112  -0.103507   0.113563 0.00698897 -0.170402  0.382624  -9.80005 
               102.4 -0.735918  -3.18069   85.6022  0.559285   2.50825 0.0587273 0 0 0 0.04165 0.02326 -0.0284  0.198834  0.515921 0.0149905 -2.34911e-05   0.00241404   0.00120937  -0.103821   0.113548 0.00714219 -0.170417   0.38274  -9.80005 
               102.5 -0.627796  -3.26273   86.0492 0.575701  2.56339 0.061139 0 0 0 0.04165 0.02326 -0.0284   0.15379  0.525727 0.0207527 -3.10133e-05   0.00241836   0.00119744 -0.104228   0.11348 0.0070551 -0.170458  0.382885  -9.80004 
               102.6 -0.720155  -3.32062   86.4667  0.593268   2.61675 0.0621814 0 0 0 0.04165 0.02326 -0.0284  0.186685  0.509928 0.0138015 -2.84165e-05   0.00241521   0.00119542 -0.104472  0.113487 0.0071684 -0.170464  0.382974  -9.80004 
               102.7 -0.628629  -3.34523   86.8706   0.60963   2.66885 0.0633725 0 0 0 0.04165 0.02326 -0.0284  0.146718  0.512983 0.0148122 -3.31401e-05   0.00240798   0.00119783  -0.104561   0.113525 0.00721686 -0.170453  0.383008  -9.80004 
               102.8 -0.641984   -3.3875   87.2536  0.625396   2.71966 0.0651713 0 0 0 0.04165 0.02326 -0.0284  0.179866  0.498283 0.0151753 -3.42611e-05   0.00240817   0.00119327 -0.104633  0.113473 0.0071653 -0.170476  0.383032  -9.80004 
               102.9 -0.645943  -3.46537   87.6344  0.641436   2.77044 0.0675135 0 0 0 0.04165 0.02326 -0.0284  0.148016  0.516635 0.0200975 -2.9659e-05  0.00240093  0.00119382  -0.104667   0.113425 0.00704995 -0.170496  0.383041  -9.80004 
                 103 -0.63517 -3.49517  87.9593  0.657395   2.82221 0.0693161 0 0 0 0.04165 0.02326 -0.0284  0.182198  0.523488 0.0144554 -1.59513e-05   0.00239562   0.00119287 -0.104565  0.113436 0.0070683 -0.170487  0.383005  -9.80004 
               103.1 -0.634631  -3.54704   88.3846  0.674796   2.87595 0.0710468 0 0 0 0.04165 0.02326 -0.0284  0.138645   0.54875 0.0312056 -2.34673e-05   0.00239277   0.00118711 -0.104589  0.113378 0.0070948 -0.170508  0.383011  -9.80004 
               103.2 -0.615511   -3.5954   88.6454  0.690595   2.93177 0.0726015 0 0 0 0.04165 0.02326 -0.0284   0.217145   0.553595 0.00535488 -5.4807e-06  0.00238692  0.00119212  -0.104532   0.113378 0.00717142 -0.170504  0.382991  -9.80004 
               103.3 -0.594983  -3.54699    89.052  0.709411   2.98703 0.0732078 0 0 0 0.04165 0.02326 -0.0284  0.174749  0.555972 0.0230448 -1.59787e-05   0.00238686    0.0011829  -0.104567   0.113206 0.00726577 -0.170566  0.382994  -9.80004 
               103.4 -0.539634  -3.58954   89.1069  0.727592    3.0417 0.0750395 0 0 0 0.04165 0.02326 -0.0284    0.203992    0.543012 -0.00188377 -6.64663e-06   0.00238508   0.00119364   -0.1045  0.113185 0.0072113 -0.170571  0.382969  -9.80004 
               103.5 -0.485887  -3.59785   89.3196   0.74511    3.0959 0.0766291 0 0 0 0.04165 0.02326 -0.0284  0.181654  0.531051 0.0235258 -4.38832e-06   0.00237678   0.00118866  -0.104539   0.112995 0.00713644 -0.17064  0.38297 -9.80004 
               103.6 -0.66269 -3.66283   89.256 0.762191  3.14863 0.077914 0 0 0 0.04165 0.02326 -0.0284    0.185956    0.499077 0.000847653 8.18285e-06  0.00237853  0.00119536  -0.104581   0.112902 0.00702308 -0.170677  0.382978  -9.80003 
               103.7 -0.664042  -3.53386   89.4451  0.778863   3.19969 0.0791911 0 0 0 0.04165 0.02326 -0.0284  0.172658  0.507763 0.0183976 2.42867e-06  0.00235282  0.00117971  -0.104604   0.112731 0.00694103 -0.170739  0.382974  -9.80003 
               103.8 -0.627832  -3.56101   89.5697  0.795017   3.25084 0.0826697 0 0 0 0.04165 0.02326 -0.0284  0.181826  0.505907 0.0187305 3.65905e-06   0.0023571  0.00117705  -0.104682   0.112617 0.00664953 -0.170786  0.382992  -9.80003 
               103.9 -0.540672  -3.58541   89.7548  0.811357   3.30279 0.0850768 0 0 0 0.04165 0.02326 -0.0284  0.151628  0.528868 0.0254414 -1.23534e-05   0.00235473   0.00117199  -0.104783   0.112439 0.00660421 -0.170855  0.383015  -9.80003 
                 104 -0.547302  -3.59025   89.8612   0.82511   3.35584 0.0870987 0 0 0 0.04165 0.02326 -0.0284  0.166792  0.511253 0.0199029 -1.82213e-08   0.00234788   0.00117542  -0.104819   0.112354 0.00668279 -0.170886  0.383023  -9.80003 
               104.1 -0.630972  -3.61554   90.1273  0.840504   3.40649 0.0882664 0 0 0 0.04165 0.02326 -0.0284  0.131794  0.503893 0.0114756 5.32877e-06  0.00234601  0.00116814  -0.104905    0.11227 0.00676762 -0.17092 0.383047 -9.80003 
               104.2 -0.615551  -3.64455   90.2545  0.854044   3.45658 0.0890017 0 0 0 0.04165 0.02326 -0.0284   0.15945  0.485428 0.0132249 6.78983e-06  0.00234054  0.00117521  -0.104964   0.112275 0.00687708 -0.170921  0.383069  -9.80003 
               104.3 -0.689948  -3.66732   90.5181  0.869103   3.50565 0.0899892 0 0 0 0.04165 0.02326 -0.0284 0.112058  0.48594 0.008021 1.45627e-05  0.00233961  0.00116693  -0.105033   0.112337 0.00689608 -0.170905  0.383097  -9.80003 
               104.4   -0.727 -3.63317  90.6296  0.883585   3.55283 0.0917528 0 0 0 0.04165 0.02326 -0.0284  0.152998  0.454034 0.0144183 2.04166e-05  0.00233272  0.00116721   -0.10512   0.112398 0.00678795 -0.170891   0.38313  -9.80002 
             104.501 -0.714128  -3.62527   90.7857  0.898174   3.60072 0.0933964 0 0 0 0.04165 0.02326 -0.0284  0.153736  0.472775 0.0145767 1.94898e-05  0.00232811  0.00116441  -0.105311   0.112356 0.00675338 -0.170919  0.383191  -9.80002 
               104.6 -0.685508    -3.636    90.913  0.912363   3.65007 0.0958923 0 0 0 0.04165 0.02326 -0.0284  0.136018  0.493283 0.0254604 1.90346e-05  0.00232583  0.00116218  -0.105479   0.112287 0.00665319 -0.170956  0.383242  -9.80002 
               104.7 -0.649237  -3.62808   91.0332  0.925799   3.70048 0.0975773 0 0 0 0.04165 0.02326 -0.0284  0.141353  0.476665 0.0302406 2.15936e-05  0.00232084  0.00115804  -0.105631   0.112253 0.00665622 -0.170978  0.383291  -9.80002 
               104.8 -0.737397  -3.60915   91.2218  0.939512   3.75084 0.0994152 0 0 0 0.04165 0.02326 -0.0284  0.125558  0.515774 0.0182778 2.46024e-05  0.00231586  0.00115637  -0.105709   0.112198 0.00675699 -0.171002  0.383314  -9.80002 
               104.9 -0.669851  -3.55995   91.3867 0.953236  3.80156 0.101524 0 0 0 0.04165 0.02326 -0.0284  0.153694  0.512013 0.0148778 4.12064e-05  0.00231356  0.00115319  -0.105716   0.112219 0.00672298 -0.170995  0.383317  -9.80002 
                 105 -0.761719  -3.65125   91.6064 0.968412  3.85305 0.101985 0 0 0 0.04165 0.02326 -0.0284   0.133265   0.510905 0.00997067 3.36849e-05  0.00230648   0.0011492  -0.105701   0.112261 0.00686865 -0.170979  0.383317  -9.80002 
               105.1 -0.747042  -3.61677   91.7989 0.981461   3.9031 0.103173 0 0 0 0.04165 0.02326 -0.0284  0.140288  0.481289 0.0170835 3.73617e-05  0.00229814  0.00115007  -0.105734   0.112249 0.00689175 -0.170985  0.383327  -9.80002 
               105.2 -0.782142  -3.65552   92.0711 0.994083  3.95141 0.105717 0 0 0 0.04165 0.02326 -0.0284  0.119852  0.485399 0.0121239 2.73291e-05  0.00229457  0.00114325  -0.105801   0.112145 0.00670378 -0.171027   0.38334  -9.80001 
               105.3 -0.791399  -3.68749   92.3482 1.00582 3.99914  0.1076 0 0 0 0.04165 0.02326 -0.0284  0.122587  0.483723 0.0108593 3.14404e-05  0.00228917  0.00114268  -0.105808   0.112129 0.00666682 -0.171033   0.38334  -9.80001 
               105.4 -0.825309  -3.69159   92.7063  1.01828  4.04669 0.109048 0 0 0 0.04165 0.02326 -0.0284  0.126091  0.494716 0.0103659 3.44343e-05  0.00229077   0.0011372  -0.105825    0.11205 0.00668816 -0.17106  0.38334 -9.80001 
               105.5 -0.820566  -3.73803    93.012  1.02873  4.09674 0.110801 0 0 0 0.04165 0.02326 -0.0284   0.122827    0.49026 0.00758585 2.15279e-05  0.00228182  0.00113801  -0.105912   0.111922 0.00667438 -0.171109  0.383357  -9.80001 
               105.6 -0.851682  -3.67093   93.3991   1.0414  4.14773 0.111893 0 0 0 0.04165 0.02326 -0.0284   0.11602  0.516426 0.0127319 3.23546e-05  0.00227215  0.00113541  -0.106073   0.111906 0.00669134 -0.171128  0.383408  -9.80001 
               105.7 -0.798618  -3.72351   93.7521  1.05272  4.19987 0.114128 0 0 0 0.04165 0.02326 -0.0284  0.110783    0.5144 0.0178433 1.64515e-05   0.0022803  0.00113484 -0.106181  0.111879 0.0065549 -0.171148  0.383439  -9.80001 
               105.8 -0.881057  -3.71817   94.2088  1.06346  4.25172 0.115947 0 0 0 0.04165 0.02326 -0.0284  0.118647  0.512634 0.0212398 4.25093e-05  0.00227606  0.00113196  -0.106265   0.111841 0.00653065 -0.171168  0.383463  -9.80001 
               105.9 -0.909537   -3.7825   94.7151   1.0729  4.30315 0.118892 0 0 0 0.04165 0.02326 -0.0284 0.0763815  0.506897 0.0216093 3.50879e-05  0.00227852  0.00113321  -0.106341   0.111715 0.00638863 -0.171217  0.383474  -9.80001 
                 106 -0.946117  -3.74151   95.2135 1.08083 4.35231 0.12063 0 0 0 0.04165 0.02326 -0.0284  0.102744  0.465607 0.0247739 2.94327e-05  0.00226947  0.00113248  -0.106391   0.111647 0.00648046 -0.171243  0.383484      -9.8 
               106.1 -0.992513  -3.76232   95.7473     1.09  4.39753 0.121708 0 0 0 0.04165 0.02326 -0.0284 0.0737698  0.454603  0.017343 2.38966e-05  0.00227082  0.00113192    -0.1063   0.111665 0.00658302 -0.171227  0.383458  -9.80001 
               106.2 -1.07513 -3.78955  96.2305  1.09754  4.44252 0.124012 0 0 0 0.04165 0.02326 -0.0284 0.0801661  0.450602 0.0214382 4.02842e-05  0.00226296  0.00113099  -0.106231   0.111688 0.00650505 -0.171213  0.383438  -9.80001 
               106.3 -1.08857 -3.75182  96.7895 1.10569 4.48838  0.1255 0 0 0 0.04165 0.02326 -0.0284 0.0902141  0.478432 0.0190842 3.79256e-05  0.00225674   0.0011313  -0.106233   0.111576 0.00662249 -0.171247  0.383428  -9.80001 
               106.4  -1.0794 -3.88783  97.2992  1.11401  4.53828 0.126496 0 0 0 0.04165 0.02326 -0.0284 0.0717735  0.502016 0.0141508 4.73822e-05  0.00226363  0.00113073 -0.106187  0.111669 0.0066943 -0.171213  0.383425  -9.80001 
               106.5 -1.10521 -3.85581  97.9912  1.12213  4.59195 0.128952 0 0 0 0.04165 0.02326 -0.0284 0.0982852  0.545138 0.0298199 3.19096e-05  0.00224811  0.00112304  -0.106232   0.111577 0.00663396 -0.171247  0.383428  -9.80001 
               106.6 -1.09431 -3.86195  98.6605  1.12982  4.64735 0.132244 0 0 0 0.04165 0.02326 -0.0284 0.0521216  0.548368 0.0280433 4.26285e-05  0.00224575  0.00112493 -0.106248  0.111613 0.0065012 -0.171239  0.383435  -9.80001 
               106.7 -1.23773 -3.93187  99.4296  1.13699  4.70245 0.134225 0 0 0 0.04165 0.02326 -0.0284 0.0792449   0.52914 0.0234744 4.81827e-05  0.00225149  0.00111809  -0.106403   0.111648 0.00660592 -0.171246  0.383488      -9.8 
               106.8  -1.2537 -3.94455  100.203  1.14184  4.75588 0.136519 0 0 0 0.04165 0.02326 -0.0284 0.0309727  0.510335 0.0239716 5.34529e-05  0.00224182  0.00111461  -0.106554    0.11171 0.00659884 -0.171247  0.383542      -9.8 
               106.9 -1.34607 -3.95963  101.093  1.14654  4.80736 0.138739 0 0 0 0.04165 0.02326 -0.0284 0.0714156  0.496937 0.0175417 5.31682e-05  0.00223943  0.00111161  -0.106753    0.11167 0.00659097 -0.171287  0.383596      -9.8 
                 107 -1.33605 -4.00085  101.973 1.14987 4.85803 0.14094 0 0 0 0.04165 0.02326 -0.0284 0.0130121  0.489833 0.0236584 4.36227e-05  0.00224334  0.00111407   -0.10688   0.111626 0.00655896 -0.171318  0.383627      -9.8 
               107.1 -1.37612   -4.009  102.892  1.15178  4.90863 0.143493 0 0 0 0.04165 0.02326 -0.0284 0.0269641  0.496491 0.0202765  4.701e-05 0.00223883 0.00111435  -0.107146   0.111645 0.00649802 -0.171352  0.383707  -9.79999 
               107.2 -1.45963 -4.00205  103.843  1.15347   4.9603 0.145404 0 0 0 0.04165 0.02326 -0.0284 0.00310851   0.516153  0.0202153 5.60968e-05  0.00224166  0.00111847  -0.107359   0.111597 0.00656904 -0.171398  0.383763  -9.79999 
               107.3 -1.41317  -3.9982  104.727  1.15332   5.0137 0.147334 0 0 0 0.04165 0.02326 -0.0284 0.00396696   0.524841  0.0253526 4.62575e-05  0.00224258  0.00111944   -0.10746   0.111786 0.00663096 -0.171359  0.383822  -9.79999 
               107.4 -1.61442 -3.97828  105.798  1.15523  5.06763 0.148129 0 0 0 0.04165 0.02326 -0.0284 -0.0156617   0.512467  0.0128055 6.4316e-05 0.00224242  0.0011158  -0.107689   0.111903 0.00679943 -0.171363  0.383908  -9.79999 
               107.5 -1.51939 -3.93457  106.601  1.15413  5.11813 0.149992 0 0 0 0.04165 0.02326 -0.0284 0.00997796   0.488715  0.0174407 3.77139e-05  0.00225023  0.00112163 -0.107629  0.112021 0.0067602 -0.17132 0.383911 -9.79999 
               107.6  -1.6396 -3.90503  107.542  1.15548  5.16771 0.151509 0 0 0 0.04165 0.02326 -0.0284 -0.00918422    0.474709   0.0148927 4.91235e-05   0.0022559  0.00111778  -0.107861   0.112143 0.00676466 -0.171327  0.383996  -9.79998 
               107.7 -1.72095 -3.91797  108.109  1.15551  5.21483 0.154671 0 0 0 0.04165 0.02326 -0.0284 -0.0051389   0.458918  0.0220951 6.87431e-05  0.00225149  0.00112956 -0.107915  0.112256 0.0065955 -0.171307   0.38403  -9.79998 
               107.8 -1.71847 -3.88748  108.577  1.15596  5.26162 0.157949 0 0 0 0.04165 0.02326 -0.0284 0.0135992    0.4692 0.0170277 5.44843e-05   0.0022482  0.00112719  -0.108063   0.112295 0.00643984 -0.171325  0.384075  -9.79998 
               107.9 -1.66369 -3.90077  108.666   1.1576  5.30913 0.158973 0 0 0 0.04165 0.02326 -0.0284 0.0193881  0.477633 0.0266451 5.47395e-05  0.00224534   0.0011416  -0.108093    0.11229 0.00660478 -0.171331  0.384084  -9.79998 
                 108 -1.65758 -3.89961   108.21  1.15892  5.35869 0.160993 0 0 0 0.04165 0.02326 -0.0284 0.0281513   0.51136 0.0236412 6.18483e-05   0.0022362  0.00115757  -0.108048    0.11216 0.00661389 -0.171357  0.384047  -9.79998 
               108.1 -1.58408 -3.82236  107.457  1.16314   5.4112 0.163079 0 0 0 0.04165 0.02326 -0.0284 0.0573012  0.539982 0.0196089 6.08757e-05  0.00221957  0.00116065  -0.108094   0.112113 0.00663508 -0.171378  0.384051  -9.79998 
               108.2 -1.47567 -3.81433  106.394  1.16567   5.4656 0.163593 0 0 0 0.04165 0.02326 -0.0284 0.0447163  0.540778  0.018562 6.55797e-05  0.00220827  0.00116888  -0.108262   0.111972 0.00680894 -0.171446  0.384071  -9.79998 
               108.3 -1.55053 -3.82484  105.395  1.17069  5.51938 0.165923 0 0 0 0.04165 0.02326 -0.0284 0.0575002  0.521442  0.018738 0.000100391  0.00219563  0.00115724  -0.108421   0.111863 0.00672859 -0.171503  0.384093  -9.79998 
               108.4 -1.41911 -3.78444  104.265  1.17386  5.57096 0.167238 0 0 0 0.04165 0.02326 -0.0284 0.0385676   0.51334 0.0216345 8.78709e-05  0.00217603  0.00115668  -0.108441   0.111707 0.00678632 -0.171549  0.384072  -9.79998 
               108.5 -1.44216 -3.79805   103.25  1.18006  5.62248 0.170438 0 0 0 0.04165 0.02326 -0.0284 0.0858414  0.494578 0.0191889 0.000109941  0.00216268  0.00114359 -0.108547  0.111719 0.0066029 -0.171563  0.384101  -9.79998 
               108.6 -1.34909 -3.75872  102.086  1.18871  5.67213 0.171686 0 0 0 0.04165 0.02326 -0.0284 0.0755499  0.492399 0.0194259 0.000106915  0.00215119  0.00113322  -0.108542   0.111862 0.00670226 -0.171523  0.384123  -9.79998 
               108.7  -1.2736 -3.75999  100.828 1.19702 5.72062 0.17333 0 0 0 0.04165 0.02326 -0.0284 0.0770282   0.48652 0.0189334 0.000121307  0.00213846  0.00113379  -0.108516   0.111747 0.00669834 -0.171551  0.384099  -9.79998 
               108.8 -1.20903 -3.74413  99.5285  1.20686   5.7697 0.175092 0 0 0 0.04165 0.02326 -0.0284  0.117915  0.492162 0.0154863 0.000130614  0.00212332  0.00112634   -0.1085  0.111777 0.0067057 -0.17154 0.384099 -9.79998 
               108.9 -1.12974 -3.73865  98.2411  1.21617   5.8211 0.176563 0 0 0 0.04165 0.02326 -0.0284  0.101814  0.514588 0.0176883 0.000149729  0.00210394  0.00112058  -0.108589   0.111787 0.00675322 -0.171548  0.384125  -9.79997 
                 109 -1.11708 -3.66113  97.0151  1.22854  5.87295 0.178182 0 0 0 0.04165 0.02326 -0.0284  0.112038  0.516162 0.0212865 0.000163229  0.00208476  0.00111161  -0.108625   0.111781 0.00676653 -0.171554  0.384135  -9.79997 
               109.1 -1.01303 -3.68458  95.7554  1.24131    5.926 0.180868 0 0 0 0.04165 0.02326 -0.0284  0.137158  0.513419 0.0204975 0.000167194  0.00207312  0.00110055 -0.108722  0.111948 0.0066658 -0.171517   0.38418  -9.79997 
               109.2 -1.03113 -3.58478    94.65  1.25653  5.97661 0.182241 0 0 0 0.04165 0.02326 -0.0284  0.143811  0.489153 0.0219925 0.00020397 0.00205375 0.00108667  -0.108805   0.112075 0.00677657 -0.171487  0.384217  -9.79997 
               109.3 -0.937641  -3.64342   93.5203  1.27012  6.02651 0.183511 0 0 0 0.04165 0.02326 -0.0284  0.136796  0.473892 0.0153572 0.000198892  0.00204948  0.00107443   -0.10899   0.112099 0.00683382 -0.171495  0.384272  -9.79997 
               109.4 -0.875882  -3.60323   92.5313  1.28342  6.07561 0.184413 0 0 0 0.04165 0.02326 -0.0284   0.138591   0.475651 0.00628674 0.000192782  0.00203172  0.00105776  -0.109267   0.112019 0.00684142 -0.171538  0.384346  -9.79997 
               109.5 -0.843493  -3.50408   91.5511  1.29843  6.12561 0.185948 0 0 0 0.04165 0.02326 -0.0284  0.155744  0.499822 0.0108443 0.000218752  0.00201096  0.00105243  -0.109498   0.111994 0.00681336 -0.171561   0.38441  -9.79996 
               109.6 -0.694694  -3.50574   90.5965  1.31428  6.17723 0.187683 0 0 0 0.04165 0.02326 -0.0284 0.171007  0.51863 0.015725 0.000221727  0.00200729  0.00104474  -0.109704   0.111988 0.00675759 -0.171575  0.384469  -9.79996 
               109.7 -0.689662    -3.521   89.6427  1.33272  6.23209 0.189553 0 0 0 0.04165 0.02326 -0.0284  0.188286  0.533842 0.0170606 0.000236976  0.00199638  0.00103837  -0.110016   0.112037 0.00675368 -0.171576  0.384562  -9.79996 
               109.8 -0.591573  -3.44809   88.6683  1.35047   6.2878 0.192058 0 0 0 0.04165 0.02326 -0.0284  0.179313  0.547543 0.0247479 0.000237331  0.00197955   0.0010345   -0.11027   0.111995 0.00668607 -0.171599  0.384632  -9.79995 
               109.9 -0.605228  -3.49616    87.796 1.37008 6.34337 0.19443 0 0 0 0.04165 0.02326 -0.0284 0.196048 0.533258 0.020924 0.000263539  0.00197048  0.00102152   -0.11043   0.112014 0.00665931 -0.171599  0.384679  -9.79995 
                 110 -0.523688  -3.46067   87.1338  1.38719  6.39702 0.196071 0 0 0 0.04165 0.02326 -0.0284  0.157387  0.535082 0.0253119 0.000267719  0.00195234  0.00100837  -0.110407   0.111973 0.00672713 -0.17161 0.384672 -9.79995 
               110.1 -0.550641  -3.48456   86.9561  1.40321  6.44956 0.198126 0 0 0 0.04165 0.02326 -0.0284 0.160222 0.517384 0.020025  0.00028538  0.00195312 0.000988047  -0.110383   0.111869 0.00674065 -0.171639  0.384662  -9.79995 
               110.2 -0.503781  -3.50763   87.2404  1.41785  6.50193 0.200494 0 0 0 0.04165 0.02326 -0.0284  0.152364  0.511179 0.0282766 0.000266363  0.00194559 0.000966696  -0.110326   0.111896 0.00672486 -0.17163 0.384647 -9.79995 
               110.3 -0.572233   -3.5332   88.0973  1.43427  6.55235 0.201753 0 0 0 0.04165 0.02326 -0.0284  0.148675  0.520438 0.0171903 0.000287113   0.0019424 0.000945808  -0.110142   0.112002 0.00684782 -0.171596  0.384597  -9.79996 
               110.4 -0.551741  -3.63522   89.0632  1.44762  6.60375 0.204682 0 0 0 0.04165 0.02326 -0.0284  0.111921  0.522726 0.0293477 0.000280322  0.00195335 0.000940154  -0.110027   0.112093 0.00674527 -0.171568  0.384566  -9.79996 
               110.5 -0.640228  -3.62477    90.189  1.46025  6.65504 0.206236 0 0 0 0.04165 0.02326 -0.0284 0.134709 0.516074 0.015799 0.000288042  0.00195151 0.000936188  -0.109952   0.112117 0.00684457 -0.171558  0.384546  -9.79996 
               110.6 -0.699394  -3.69813   91.4063  1.47116  6.70704 0.208217 0 0 0 0.04165 0.02326 -0.0284 0.0950371  0.521637 0.0202983 0.000277917  0.00195875 0.000934453  -0.109899   0.112068 0.00683799 -0.17157 0.384529 -9.79996 
               110.7 -0.719054  -3.63987    92.634  1.48026  6.75848 0.209379 0 0 0 0.04165 0.02326 -0.0284  0.114176  0.501383 0.0165539  0.00025695  0.00196096 0.000935868  -0.109887   0.111866 0.00693301 -0.171625  0.384517  -9.79996 
               110.8 -0.785166  -3.73626   93.8646  1.48784  6.80935 0.211322 0 0 0 0.04165 0.02326 -0.0284 0.0646987  0.506315  0.017438 0.000255066  0.00196805 0.000944642  -0.109942   0.111793 0.00688618 -0.171649  0.384528  -9.79996 
               110.9 -0.874471  -3.70102   95.0723  1.49458  6.86061 0.213451 0 0 0 0.04165 0.02326 -0.0284 0.0759021  0.486922 0.0351289 0.000246411  0.00196741 0.000947739  -0.110129   0.111684 0.00683088 -0.171692  0.384572  -9.79995 
                 111 -0.924572  -3.74332   96.2158  1.49923  6.91165 0.214945 0 0 0 0.04165 0.02326 -0.0284 0.0486155   0.49494 0.0128022 0.000230523  0.00197776 0.000957842  -0.110303   0.111623 0.00695869 -0.171722  0.384616  -9.79995 
               111.1 -0.965459  -3.73718   97.3462  1.50545  6.96229 0.216665 0 0 0 0.04165 0.02326 -0.0284 0.0648246  0.506521 0.0223526 0.000242461  0.00198192 0.000969507  -0.110447   0.111651 0.00698195 -0.171726  0.384657  -9.79995 
               111.2 -0.967301  -3.80618    98.334  1.51075  7.01571 0.218144 0 0 0 0.04165 0.02326 -0.0284 0.0268723  0.536247   0.01115 0.000219576  0.00199054 0.000979064  -0.110663   0.111757 0.00702132 -0.171719  0.384725  -9.79995 
               111.3  -1.0645 -3.80621   99.343  1.51643  7.07257 0.219787 0 0 0 0.04165 0.02326 -0.0284 0.0739201  0.564928 0.0179786  0.00022897  0.00199496 0.000982187  -0.110937   0.111915 0.00706026 -0.171705  0.384814  -9.79994 
               111.4 -1.11652 -3.80349  100.299  1.52211  7.13281 0.223175 0 0 0 0.04165 0.02326 -0.0284 0.0392754   0.59591 0.0237766  0.00022233  0.00199894 0.000981831   -0.11132   0.112062 0.00690741 -0.171709  0.384928  -9.79994 
               111.5 -1.15677 -3.84708  101.129    1.528  7.19369 0.226704 0 0 0 0.04165 0.02326 -0.0284 0.0736121  0.590049 0.0248695 0.000213125  0.00199875 0.000987696  -0.111592   0.112036 0.00677324 -0.171749  0.384995  -9.79994 
               111.6 -1.18419 -3.86993   101.86  1.53289  7.25401 0.229049 0 0 0 0.04165 0.02326 -0.0284 0.0535951  0.585995 0.0274075 0.000221224  0.00199975 0.000993603  -0.111846   0.112069 0.00683807 -0.171771  0.385064  -9.79993 
               111.7 -1.22728 -3.87513  102.488  1.53753  7.31413 0.231012 0 0 0 0.04165 0.02326 -0.0284 0.0374557  0.587615 0.0266109 0.000233318   0.0019996 0.000997543  -0.112057   0.112051 0.00690811 -0.171802  0.385116  -9.79993 
               111.8  -1.2789 -3.90626  103.016  1.54115  7.37432 0.232921 0 0 0 0.04165 0.02326 -0.0284 0.0503693  0.584661 0.0213147 0.000225589  0.00200104  0.00100232  -0.112192    0.11199 0.00694315 -0.171836  0.385142  -9.79993 
               111.9 -1.30004 -3.81603  103.453  1.54577  7.43379 0.234446 0 0 0 0.04165 0.02326 -0.0284 0.0665142  0.581097 0.0167447 0.000230101  0.00199803  0.00100703  -0.112279   0.111985 0.00700039 -0.171848  0.385163  -9.79993 
                 112 -1.30511 -3.82942  103.784  1.54934  7.49291 0.236893 0 0 0 0.04165 0.02326 -0.0284 0.0400375  0.590745 0.0172362 0.000212467  0.00200543  0.00101158  -0.112343   0.111884 0.00692563 -0.171883  0.385164  -9.79993 
               112.1  -1.3741 -3.81623  104.085  1.55615  7.55209 0.239381 0 0 0 0.04165 0.02326 -0.0284 0.0737971  0.583949 0.0217645 0.000222504  0.00200262  0.00100909   -0.11238   0.111944 0.00685962 -0.171874  0.385181  -9.79993 
               112.2 -1.38071 -3.86945  104.272  1.56012  7.61046 0.240803 0 0 0 0.04165 0.02326 -0.0284 0.0319263  0.596029 0.0147045 0.000228335  0.00201329   0.0010118  -0.112333   0.111856 0.00695199 -0.171888  0.385158  -9.79993 
               112.3 -1.40969 -3.81969  104.516  1.56386  7.66816 0.241542 0 0 0 0.04165 0.02326 -0.0284 0.0671477  0.549785 0.0414481 0.000234489  0.00200664   0.0010067 -0.112287  0.111653 0.0070298 -0.17193 0.385119 -9.79993 
               112.4 -1.46099 -3.83696  104.661  1.56774  7.72346 0.245173 0 0 0 0.04165 0.02326 -0.0284 0.0209794  0.554751 0.0151761 0.000238687  0.00200667  0.00100907  -0.112224   0.111636 0.00691657 -0.171925    0.3851  -9.79993 
               112.5 -1.45192 -3.81295  104.815   1.5738  7.77731 0.248168 0 0 0 0.04165 0.02326 -0.0284 0.0772986  0.539187 0.0319986 0.00022761 0.00200416 0.00100222  -0.112115   0.111753 0.00684901 -0.171882   0.38509  -9.79993 
               112.6 -1.45428 -3.93835  104.929  1.57966   7.8302 0.251031 0 0 0 0.04165 0.02326 -0.0284 0.0440655  0.530833 0.0247288 0.00022489 0.00200367 0.00100027  -0.111972   0.111861 0.00683641 -0.171835  0.385072  -9.79993 
               112.7 -1.43315 -3.89133  104.975  1.58622  7.88302 0.253097 0 0 0 0.04165 0.02326 -0.0284 0.0725155  0.545838 0.0252117 0.000231885  0.00199107  0.00100136  -0.111904    0.11178 0.00690436 -0.171844  0.385045  -9.79993 
               112.8 -1.45897 -3.93218   104.84  1.59049  7.93745 0.255385 0 0 0 0.04165 0.02326 -0.0284   0.05934  0.548298 0.0233831 0.000251986  0.00199263  0.00100601   -0.11197   0.111626 0.00692674 -0.17189 0.385038 -9.79993 
               112.9 -1.49598  -3.9634   104.69  1.59606  7.99391 0.256863 0 0 0 0.04165 0.02326 -0.0284 0.0773643  0.565819 0.0157337 0.000261301  0.00198246  0.00100609 -0.112199   0.11146 0.0070281 -0.171962  0.385068  -9.79993 
                 113 -1.40762 -3.97391  104.422 1.60171 8.05226  0.2584 0 0 0 0.04165 0.02326 -0.0284 0.045102 0.597405 0.021245 0.000257233  0.00198163  0.00100698  -0.112401   0.111377 0.00708546 -0.172011  0.385104  -9.79993 
               113.1 -1.45378 -4.04022  104.069  1.60615  8.11148 0.259886 0 0 0 0.04165 0.02326 -0.0284 0.0817062  0.569689 0.0144515 0.000276914  0.00197397  0.00101323 -0.112616   0.11126 0.0071395 -0.172068  0.385138  -9.79993 
               113.2 -1.38416 -3.94205   103.83  1.61343  8.17012 0.260924 0 0 0 0.04165 0.02326 -0.0284  0.0511244   0.585604 0.00927687 0.000282221  0.00196091  0.00101013  -0.112754   0.111375 0.00720773 -0.17206 0.385188 -9.79992 
               113.3 -1.33461 -3.95009  103.419  1.62044   8.2288 0.264025 0 0 0 0.04165 0.02326 -0.0284 0.0854402   0.56639 0.0166469 0.000258752   0.0019566  0.00101215   -0.11294    0.11148 0.00698941 -0.172062  0.385243  -9.79992 
               113.4  -1.3526 -3.92961  103.115  1.62915  8.28612 0.266981 0 0 0 0.04165 0.02326 -0.0284 0.0695932  0.566946 0.0184873 0.000284332  0.00194943  0.00100908  -0.113076   0.111714 0.00686361 -0.172026  0.385306  -9.79992 
               113.5 -1.37285 -3.92191   102.77 1.63989 8.34428 0.27037 0 0 0 0.04165 0.02326 -0.0284  0.113292  0.567579 0.0203266 0.000293934  0.00194263  0.00100395  -0.113247   0.111885 0.00671169 -0.172009  0.385367  -9.79992 
               113.6 -1.30608 -3.90377  102.416  1.65025  8.40257 0.273633 0 0 0 0.04165 0.02326 -0.0284 0.0875116  0.588618 0.0279055  0.00028442  0.00193364 0.000995895 -0.113426  0.112044 0.0066442 -0.171994  0.385429  -9.79992 
               113.7 -1.30708 -3.90045  102.079  1.66062  8.46179 0.275979 0 0 0 0.04165 0.02326 -0.0284   0.138376   0.589003 0.00649489 0.000305508  0.00192858 0.000992093  -0.113531   0.112007 0.00677803 -0.172015  0.385451  -9.79991 
               113.8 -1.23365 -4.17927  101.726  1.67063  8.52222 0.277031 0 0 0 0.04165 0.02326 -0.0284 0.0978695   0.60117 0.0135305 0.000311749  0.00193722 0.000985594  -0.113688   0.111994 0.00686965 -0.172037  0.385487  -9.79991 
               113.9 -1.20079 -3.96787  101.501 1.68153 8.58074 0.27889 0 0 0 0.04165 0.02326 -0.0284 0.119313 0.579231 0.023076 0.000316941  0.00189469 0.000972973  -0.113568   0.111929 0.00682777 -0.172039   0.38545  -9.79991 
                 114 -1.25342  -3.9216  101.144  1.69011  8.63701 0.281388 0 0 0 0.04165 0.02326 -0.0284 0.0795819  0.553291 0.0184524 0.000325977  0.00189349 0.000977897  -0.113515   0.111707 0.00677612 -0.172085  0.385411  -9.79991 
               114.1 -1.19705 -3.92189  100.829  1.69862  8.68983 0.283724 0 0 0 0.04165 0.02326 -0.0284   0.11429  0.517857 0.0217828 0.000316427  0.00188823 0.000972472  -0.113471   0.111487 0.00671565 -0.172132  0.385375  -9.79992 
               114.2 -1.21791 -3.94686  100.517  1.70716  8.74121 0.285277 0 0 0 0.04165 0.02326 -0.0284   0.07262  0.509702 0.0212396 0.000329031  0.00188024 0.000969961  -0.113483   0.111477 0.00678567 -0.172136  0.385377  -9.79992 
               114.3 -1.20716 -3.95228  100.228 1.71721  8.7914 0.28834 0 0 0 0.04165 0.02326 -0.0284  0.125998   0.49907 0.0182197 0.000334125  0.00186841 0.000966049  -0.113474   0.111489 0.00662808 -0.172133  0.385375  -9.79992 
               114.4 -1.16998 -3.97455  99.9053  1.72822  8.84204 0.290115 0 0 0 0.04165 0.02326 -0.0284    0.1116  0.511293 0.0216886 0.000329466  0.00186524 0.000962857  -0.113506   0.111528 0.00666969 -0.172127  0.385387  -9.79991 
               114.5 -1.14486  -3.9946  99.5442  1.74073  8.89538 0.291597 0 0 0 0.04165 0.02326 -0.0284   0.127155   0.546019 0.00494115 0.000343356  0.00185457 0.000957076  -0.113596   0.111661 0.00668539 -0.172104  0.385422  -9.79991 
               114.6 -1.10253  -3.9621  99.1199  1.75389  8.95024 0.293131 0 0 0 0.04165 0.02326 -0.0284  0.106149  0.556159 0.0203918 0.000334912  0.00184398 0.000952263  -0.113848   0.111647 0.00675292 -0.172132  0.385481  -9.79991 
               114.7  -1.0433 -3.98712  98.4546  1.76647  9.00798 0.296298 0 0 0 0.04165 0.02326 -0.0284  0.163314  0.565865 0.0210903 0.000348439  0.00182533 0.000956783   -0.11404   0.111687 0.00661187 -0.172142  0.385528  -9.79991 
               114.8 -1.04396 -3.95067  97.9184  1.78022  9.06634 0.298301 0 0 0 0.04165 0.02326 -0.0284  0.114158  0.576742 0.0289013 0.000362359  0.00181542 0.000948006  -0.114285   0.111603 0.00667343 -0.172184  0.385579  -9.79991 
               114.9 -0.912843  -3.97978   97.2146  1.79413  9.12351 0.300196 0 0 0 0.04165 0.02326 -0.0284 0.155647 0.532035 0.024905 0.000353392   0.0018084 0.000943634 -0.114484  0.111774 0.0067728 -0.17216 0.385642  -9.7999 
                 115 -0.937878  -3.92643   96.6757   1.8108  9.17779 0.302125 0 0 0 0.04165 0.02326 -0.0284  0.126984  0.512847 0.0158123 0.000369376  0.00179249 0.000931897 -0.114722  0.111995  0.006827 -0.172127  0.385717   -9.7999 
               115.1 -0.845307  -3.98455   96.0834  1.82516  9.22832 0.303821 0 0 0 0.04165 0.02326 -0.0284  0.145666   0.48427 0.0169236 0.000377473  0.00179194 0.000924323  -0.114815   0.112205 0.00685824 -0.172084  0.385756   -9.7999 
               115.2 -0.858814  -3.96049   95.7183  1.83838  9.27665 0.306423 0 0 0 0.04165 0.02326 -0.0284  0.131578  0.483736 0.0366906 0.000383536  0.00177809 0.000908497  -0.114957   0.112204 0.00679757 -0.172095  0.385789   -9.7999 
               115.3 -0.964289  -4.13044   95.4413  1.85075   9.3275 0.309978 0 0 0 0.04165 0.02326 -0.0284  0.119009   0.50824 0.0203777 0.000400893  0.00177252 0.000899506    -0.1151   0.112213 0.00660461 -0.172103  0.385821   -9.7999 
               115.4 -0.968753   -3.9293   95.3953  1.86241  9.38021 0.311599 0 0 0 0.04165 0.02326 -0.0284  0.144036  0.537042 0.0308394  0.00039514  0.00175287 0.000882412  -0.115129   0.112042 0.00675943 -0.172144  0.385818   -9.7999 
               115.5  -0.8957 -3.90545  95.3964  1.87433  9.43584 0.313668 0 0 0 0.04165 0.02326 -0.0284  0.116571  0.560666 0.0303098 0.000375452  0.00174795 0.000876392  -0.115131   0.111958 0.00688319 -0.172164  0.385814   -9.7999 
               115.6 -0.926097  -3.83284   95.4692  1.88661  9.49079 0.315107 0 0 0 0.04165 0.02326 -0.0284 0.145727 0.536062 0.023884 0.000383283  0.00174903 0.000869638  -0.115135   0.111871 0.00707212 -0.172183  0.385812   -9.7999 
               115.7 -0.922462  -3.82016   95.5293  1.89871   9.5446 0.315748 0 0 0 0.04165 0.02326 -0.0284  0.114415  0.540614 0.0215643 0.000380896  0.00174777 0.000866632  -0.115073   0.111835 0.00726751 -0.172187  0.385796   -9.7999 
               115.8 -0.93597 -3.73271  95.5711  1.91116  9.59787 0.316802 0 0 0 0.04165 0.02326 -0.0284  0.136021  0.521497 0.0173217 0.000384335  0.00174259  0.00086847  -0.115098   0.111738 0.00735731 -0.17221 0.385796  -9.7999 
               115.9 -0.933726  -3.71959    95.576  1.92212  9.65163 0.318177 0 0 0 0.04165 0.02326 -0.0284 0.0962555  0.536764 0.0139746 0.000387691  0.00174724  0.00086773  -0.115243    0.11171 0.00739608 -0.172226  0.385829   -9.7999 
                 116 -0.958478  -3.61163   95.5741  1.93147  9.70673 0.319933 0 0 0 0.04165 0.02326 -0.0284 0.141282 0.532248 0.014249  0.00038126  0.00173925 0.000866117  -0.115508   0.111566 0.00738797 -0.172276  0.385881  -9.79989 
               116.1 -1.00335 -3.60414  95.6073  1.94343  9.76231 0.322331 0 0 0 0.04165 0.02326 -0.0284  0.107598  0.564093 0.0212668 0.000386005  0.00173677 0.000861805   -0.11567   0.111536 0.00730233 -0.172294  0.385916  -9.79989 
               116.2 -1.01868 -3.65287  95.5193  1.95658  9.81975 0.324786 0 0 0 0.04165 0.02326 -0.0284  0.145018  0.566804 0.0191786 0.000375904  0.00173534  0.00086456  -0.115954   0.111599 0.00724361 -0.172298  0.385985  -9.79989 
               116.3 -1.00119  -3.6779  95.4381  1.97055  9.87938 0.327707 0 0 0 0.04165 0.02326 -0.0284   0.12442  0.583795 0.0244144 0.000391745  0.00172503 0.000866869  -0.116135   0.111682 0.00716749 -0.172291  0.386031  -9.79989 
               116.4 -0.998427  -3.68261   95.3295 1.98396 9.93818 0.32936 0 0 0 0.04165 0.02326 -0.0284  0.143475  0.556162 0.0239344 0.000383895  0.00172164 0.000862946 -0.116393  0.111716 0.0072806 -0.172298  0.386093  -9.79988 
               116.5 -0.997136  -3.72113   95.2541  1.99701  9.99569 0.332401 0 0 0 0.04165 0.02326 -0.0284  0.119515  0.566525 0.0287005 0.000387084  0.00171534 0.000860751  -0.116532    0.11168 0.00719074 -0.172316  0.386122  -9.79988 
               116.6 -1.02053 -3.73989  95.1256  2.01014   10.052 0.335282 0 0 0 0.04165 0.02326 -0.0284  0.127296  0.551001 0.0179828 0.000398651  0.00170797 0.000857938  -0.116727   0.111718 0.00721185 -0.172319  0.386168  -9.79988 
               116.7 -1.09769  -3.8055  95.0265  2.02104  10.1055 0.337564 0 0 0 0.04165 0.02326 -0.0284  0.115076  0.532396 0.0211947 0.000394037  0.00170402 0.000853312  -0.116796   0.111632 0.00718891 -0.172342  0.386178  -9.79988 
               116.8 -1.11003 -3.88688  95.0908  2.03207   10.157 0.338799 0 0 0 0.04165 0.02326 -0.0284   0.124329   0.502116 0.00775158  0.00038914  0.00170175 0.000847087 -0.116834  0.111617 0.0072601 -0.172348  0.386187  -9.79988 
               116.9 -1.15676 -3.83256  95.1822  2.04438  10.2062 0.339791 0 0 0 0.04165 0.02326 -0.0284  0.112974  0.496981 0.0141329 0.000420953  0.00169518  0.00084263   -0.11677    0.11165 0.00729552 -0.172336  0.386175  -9.79988 
                 117 -1.09089 -3.86081  95.2699  2.05514  10.2549 0.342083 0 0 0 0.04165 0.02326 -0.0284  0.116107   0.48476 0.0185715 0.000407199  0.00169305 0.000839628  -0.116686   0.111613 0.00716947 -0.172341  0.386153  -9.79988 
               117.1 -1.14841 -3.85879  95.4801 2.06605 10.3036 0.34478 0 0 0 0.04165 0.02326 -0.0284  0.105843  0.490842 0.0250476 0.000412521  0.00168887 0.000833468  -0.116675   0.111509 0.00710645 -0.172364  0.386144  -9.79988 
               117.2 -1.11036  -3.9068  95.7516  2.07371  10.3535 0.348069 0 0 0 0.04165 0.02326 -0.0284 0.0862398  0.482899 0.0331794 0.000416557  0.00169015    0.000829  -0.116736   0.111376 0.00702057 -0.172398  0.386149  -9.79988 
               117.3 -1.17808 -3.86884  96.2606  2.08081  10.4009 0.349947 0 0 0 0.04165 0.02326 -0.0284 0.0813852  0.465132 0.0275445 0.000412462  0.00168814 0.000821042 -0.116824  0.111164  0.007142 -0.172449  0.386156  -9.79988 
               117.4 -1.21851 -3.93249  96.6713  2.08741  10.4474 0.352436 0 0 0 0.04165 0.02326 -0.0284 0.0674861  0.445723 0.0215308 0.000419209   0.0016896 0.000823442  -0.116976   0.111203 0.00714357 -0.17245 0.386192 -9.79988 
               117.5 -1.29626 -3.87546   97.137  2.09376   10.492 0.353789 0 0 0 0.04165 0.02326 -0.0284 0.0888932  0.426279 0.0123343 0.000420275  0.00168053  0.00081946  -0.117134   0.111143 0.00725146 -0.172474  0.386223  -9.79988 
               117.6  -1.2903 -3.89327  97.5941  2.10078  10.5366 0.355178 0 0 0 0.04165 0.02326 -0.0284 0.0395757  0.437015  0.019236 0.000423109  0.00167844 0.000819683  -0.117378   0.111164 0.00727545 -0.172486  0.386278  -9.79987 
             117.701 -1.26958 -3.95714  97.9638  2.10528  10.5826 0.356622 0 0 0 0.04165 0.02326 -0.0284 0.0746292  0.445679 0.0151264 0.00040669 0.00167697   0.000825  -0.117603   0.111074 0.00730382 -0.172523   0.38632  -9.79987 
               117.8 -1.28257 -3.92195  98.4553  2.11139  10.6282 0.358475 0 0 0 0.04165 0.02326 -0.0284 0.0449517  0.458084  0.020378 0.00040698 0.00166495 0.00082287  -0.117692   0.111006 0.00728523 -0.172544  0.386334  -9.79987 
               117.9 -1.29874 -3.94277  98.8681  2.11533  10.6758 0.361073 0 0 0 0.04165 0.02326 -0.0284 0.0401691   0.47593  0.021366 0.000421749  0.00165781 0.000828369  -0.117875   0.111006 0.00722229 -0.172559  0.386373  -9.79987 
                 118 -1.29407 -3.93789  99.4322 2.11927 10.7252 0.36352 0 0 0 0.04165 0.02326 -0.0284 0.0470246  0.485786 0.0264478 0.000402395  0.00165891 0.000823773  -0.118122   0.110912 0.00723208  -0.1726 0.386417 -9.79987 
               118.1 -1.31665 -3.96237  99.9471  2.12343  10.7736 0.366172 0 0 0 0.04165 0.02326 -0.0284 0.0223923  0.479943 0.0258644 0.000403846  0.00165586 0.000824556  -0.118135    0.11099 0.00723689 -0.172585  0.386427  -9.79987 
               118.2 -1.35128 -4.00041   100.51  2.12562  10.8226 0.368569 0 0 0 0.04165 0.02326 -0.0284 0.0361452  0.476332 0.0260461  0.00040545  0.00165914 0.000828648  -0.118265    0.11093 0.00727134 -0.172609  0.386449  -9.79986 
               118.3 -1.43516 -4.01083  101.098  2.12953  10.8708 0.370192 0 0 0 0.04165 0.02326 -0.0284 0.0194598  0.479135 0.0146554 0.000411573  0.00166299 0.000826668  -0.118322   0.110995 0.00731093 -0.172601  0.386467  -9.79986 
               118.4 -1.38939 -4.01631  101.615   2.1325   10.918 0.370882 0 0 0 0.04165 0.02326 -0.0284 0.0353188  0.475042 0.0122042 0.000403605   0.0016664 0.000828319  -0.118311   0.111086 0.00745005 -0.17258 0.386475 -9.79986 
               118.5 -1.41694 -4.04043  102.182  2.13588  10.9659 0.371752 0 0 0 0.04165 0.02326 -0.0284 0.0231966  0.477675 0.0094206 0.000407242  0.00167186 0.000830568  -0.118412   0.111048 0.00747801 -0.172598  0.386491  -9.79986 
               118.6 -1.38161  -4.0172  102.644  2.13721  11.0146 0.372835 0 0 0 0.04165 0.02326 -0.0284  0.0130709    0.48217 0.00869198 0.000399508  0.00167258 0.000832845  -0.118598   0.111034 0.00750601 -0.172621  0.386527  -9.79986 
               118.7 -1.38663 -3.98012  103.186  2.13802   11.064 0.375455 0 0 0 0.04165 0.02326 -0.0284 0.016655 0.491732 0.018804 0.000406784   0.0016718 0.000833505  -0.118853   0.110957 0.00736393 -0.172665  0.386569  -9.79986 
               118.8 -1.43652 -3.99128  103.651  2.13843  11.1146 0.378085 0 0 0 0.04165 0.02326 -0.0284 -0.0109865   0.515045   0.021175 0.000415993  0.00167392  0.00083452  -0.118922   0.111013 0.00731564 -0.172662  0.386588  -9.79986 
               118.9 -1.50486 -3.94914  104.157 2.13806 11.1675 0.38066 0 0 0 0.04165 0.02326 -0.0284 0.0159142  0.548346 0.0222882 0.000420108  0.00166575 0.000837658  -0.119003    0.11103 0.00731045 -0.172668  0.386606  -9.79986 
                 119 -1.57928 -3.90659  104.752  2.13797  11.2214 0.383401 0 0 0 0.04165 0.02326 -0.0284 -0.0227054   0.532864  0.0251706 0.000430944  0.00166369 0.000838605 -0.119041  0.110987 0.0072756 -0.172681  0.386608  -9.79986 
               119.1 -1.57918 -3.85067  105.253    2.139  11.2748 0.385472 0 0 0 0.04165 0.02326 -0.0284 0.0275108  0.515338 0.0246124 0.000422059  0.00166753 0.000835612  -0.119114    0.11118 0.00732247 -0.172653  0.386646  -9.79986 
               119.2 -1.59582 -3.87923   105.83  2.14134  11.3266 0.387094 0 0 0 0.04165 0.02326 -0.0284 -0.0135716   0.506979  0.0154719  0.00042764  0.00166881 0.000835102  -0.119134   0.111203 0.00740261 -0.17265 0.386653 -9.79986 
               119.3 -1.57035 -3.89595  106.149  2.14261  11.3773 0.388277 0 0 0 0.04165 0.02326 -0.0284 0.0212121  0.517996 0.0120453 0.000436782  0.00166779 0.000841538  -0.119043   0.111394 0.00746621 -0.172602  0.386661  -9.79986 
               119.4  -1.5806 -3.97027  106.583  2.14282  11.4295 0.390131 0 0 0 0.04165 0.02326 -0.0284 0.00213389   0.524435   0.018246 0.000423093  0.00166586 0.000839327  -0.119173   0.111292 0.00741609 -0.172639  0.386671  -9.79986 
               119.5 -1.64429  -3.9981  106.816 2.14152 11.4824 0.39243 0 0 0 0.04165 0.02326 -0.0284 -0.00950265    0.528463   0.0262629 0.000448264  0.00166376 0.000850062  -0.119244   0.111209 0.00738255 -0.172664  0.386673  -9.79985 
               119.6  -1.6591 -3.99921  107.108  2.13994  11.5376 0.395377 0 0 0 0.04165 0.02326 -0.0284 -0.00635241    0.554468   0.0295341 0.000436581  0.00166381 0.000849808  -0.119413   0.111087 0.00732862 -0.172709  0.386686  -9.79985 
               119.7 -1.71452 -4.02775   107.32   2.1396  11.5952 0.398182 0 0 0 0.04165 0.02326 -0.0284 -0.000284606     0.575197    0.0291886 0.000456196  0.00166126  0.00085193  -0.119444   0.111154 0.00735449 -0.172701  0.386701  -9.79985 
               119.8 -1.68523 -4.06881   107.49   2.1408  11.6545 0.399803 0 0 0 0.04165 0.02326 -0.0284 0.0123218   0.56153 0.0196219 0.000435293   0.0016689 0.000855334  -0.119641   0.111185 0.00747811 -0.172723  0.386742  -9.79985 
               119.9 -1.73906 -4.17279  107.454  2.14107  11.7118 0.401745 0 0 0 0.04165 0.02326 -0.0284 0.00950549   0.550784  0.0184576 0.000415474  0.00166464 0.000866193  -0.119697   0.111188 0.00747314 -0.17273 0.386752 -9.79985 
                 120 -1.63374 -4.02773  107.465 2.14238 11.7689 0.40331 0 0 0 0.04165 0.02326 -0.0284 0.0170091  0.554263 0.0131647 0.000450791  0.00164788 0.000867264 -0.119967   0.11116 0.0074098 -0.172773  0.386796  -9.79985 
               120.1 -1.59274 -4.11229  107.425 2.14328 11.8259 0.40566 0 0 0 0.04165 0.02326 -0.0284 -0.00163097    0.544923   0.0177234 0.000452146  0.00166757 0.000867423  -0.120208   0.111291 0.00732302 -0.172783  0.386855  -9.79985 
               120.2 -1.56823 -4.05295  107.512  2.1454 11.8825 0.40758 0 0 0 0.04165 0.02326 -0.0284  0.005232  0.542173 0.0216834 0.000463852  0.00165686 0.000862301  -0.120399   0.111432 0.00731763 -0.172785  0.386908  -9.79984 
               120.3 -1.55842 -4.07156  107.727  2.14559  11.9378 0.411015 0 0 0 0.04165 0.02326 -0.0284 -0.014925  0.532757 0.0266884 0.000472704  0.00165564 0.000855147  -0.120539    0.11164 0.00717951 -0.172768   0.38696  -9.79984 
               120.4 -1.59166 -4.04782  108.338   2.1456  11.9927 0.414334 0 0 0 0.04165 0.02326 -0.0284 -0.015183  0.548735 0.0282836 0.000468374  0.00165852 0.000831232  -0.120652   0.111852 0.00710991 -0.172747  0.387009  -9.79984 
               120.5 -1.67033 -4.05851  109.486  2.14237   12.047 0.417028 0 0 0 0.04165 0.02326 -0.0284 -0.059088  0.529008 0.0250503 0.000482001  0.00165633 0.000816267  -0.120719   0.111899 0.00711132 -0.172748  0.387027  -9.79984 
               120.6 -1.81705 -3.98404  110.991  2.14006  12.0996 0.420038 0 0 0 0.04165 0.02326 -0.0284 -0.0148737   0.519023  0.0324795 0.000481437  0.00165917 0.000803577  -0.120683   0.111944 0.00709057 -0.172735  0.387027  -9.79984 
               120.7 -1.76799 -4.02196  112.697 2.13488 12.1511 0.42157 0 0 0 0.04165 0.02326 -0.0284 -0.0428506   0.506562  0.0294503 0.000455523  0.00167195 0.000798757  -0.120677    0.11187 0.00719926 -0.172746  0.387016  -9.79984 
               120.8 -1.93106   -4.061  114.294  2.12821  12.2004 0.423638 0 0 0 0.04165 0.02326 -0.0284 -0.0692992   0.479753  0.0309942 0.000469871  0.00168273 0.000812704  -0.120626   0.111727 0.00725063 -0.17276 0.386986 -9.79984 
               120.9 -1.95036 -4.08295  115.878  2.11715  12.2482 0.424453 0 0 0 0.04165 0.02326 -0.0284 -0.0961902   0.456935  0.0176269 0.000443091   0.0017018  0.00082468  -0.120831   0.111518 0.00741389 -0.172828  0.386983  -9.79984 
                 121 -2.11281 -4.01508  117.322  2.10525  12.2929 0.426866 0 0 0 0.04165 0.02326 -0.0284 -0.0998159   0.431827  0.0170441 0.000469346  0.00169369 0.000846244  -0.120995   0.111246 0.00734723 -0.172898  0.386958  -9.79984 
               121.1 -2.19236 -4.03248  118.669  2.09488  12.3358 0.429436 0 0 0 0.04165 0.02326 -0.0284  -0.11369  0.415022 0.0251564 0.000470495  0.00170492 0.000860382  -0.120961   0.111312 0.00728532 -0.172883  0.386965  -9.79984 
               121.2 -2.32912 -4.04168  119.969  2.08599  12.3793 0.430233 0 0 0 0.04165 0.02326 -0.0284 -0.0901114   0.419924  0.0145122 0.000467178  0.00171118 0.000871328  -0.121047   0.111545 0.00740288 -0.17287 0.387023 -9.79984 
               121.3 -2.35396   -4.042  121.196  2.07813  12.4219 0.432589 0 0 0 0.04165 0.02326 -0.0284 -0.102868  0.402679 0.0262506 0.000459323  0.00171343 0.000882988  -0.121057    0.11184 0.00732903 -0.172835  0.387083  -9.79984 
               121.4 -2.45057 -4.03992  122.378  2.07072  12.4648 0.436186 0 0 0 0.04165 0.02326 -0.0284 -0.0988148   0.404376  0.0267912 0.000460508  0.00171684 0.000891367  -0.121122    0.11222 0.00718464 -0.172805  0.387169  -9.79983 
               121.5 -2.48112 -3.99365  123.533  2.06177  12.5063 0.437766 0 0 0 0.04165 0.02326 -0.0284 -0.104005  0.401853 0.0156589 0.000451077  0.00172335 0.000899491   -0.12137   0.112431 0.00731802 -0.172836  0.387243  -9.79983 
               121.6 -2.47547 -3.97341  124.606  2.05221  12.5478 0.439403 0 0 0 0.04165 0.02326 -0.0284 -0.103172   0.40738 0.0189831 0.000453589  0.00172154 0.000904748  -0.121538   0.112659 0.00739047 -0.17285 0.387311 -9.79983 
               121.7 -2.56738 -3.98458  125.532  2.04441  12.5905 0.441086 0 0 0 0.04165 0.02326 -0.0284 -0.0454831   0.408534  0.0388938 0.000442494  0.00173059 0.000908279 -0.121657  0.112893 0.0074695 -0.172854  0.387377  -9.79982 
               121.8 -2.53257  -4.0342  126.348  2.03723  12.6333 0.443286 0 0 0 0.04165 0.02326 -0.0284 -0.0994161   0.421253  0.0123655 0.000442686  0.00172797 0.000920896  -0.121743   0.112855 0.00747371 -0.172878  0.387376  -9.79982 
               121.9 -2.47076 -4.01984  126.699 2.02824 12.6769 0.44442 0 0 0 0.04165 0.02326 -0.0284 -0.0658563    0.45048  0.0336921 0.000428672  0.00172537 0.000939889   -0.12177   0.112808 0.00757134 -0.172889  0.387368  -9.79982 
                 122 -2.64219 -4.01899  126.878  2.02057  12.7223 0.447763 0 0 0 0.04165 0.02326 -0.0284 -0.086877  0.454083 0.0338422 0.000446259  0.00172022 0.000948885   -0.12185   0.112789 0.00751725 -0.172909   0.38737  -9.79982 
               122.1 -2.57992 -4.04131  126.994   2.0111  12.7692 0.451392 0 0 0 0.04165 0.02326 -0.0284 -0.0913491   0.462584  0.0359786 0.000430931  0.00171325 0.000953321  -0.121982    0.11282 0.00747399 -0.172938  0.387388  -9.79982 
               122.2 -2.63551 -3.99935  127.162   2.0027  12.8184 0.453906 0 0 0 0.04165 0.02326 -0.0284 -0.0664229    0.49945  0.0268045 0.000441707  0.00170427 0.000953464  -0.122024   0.112884 0.00753678 -0.172943  0.387407  -9.79982 
               122.3 -2.61422 -4.00453  127.474  1.99479  12.8686 0.458086 0 0 0 0.04165 0.02326 -0.0284 -0.104419  0.482615 0.0371221 0.000429898   0.0016931 0.000951271   -0.12211   0.113064 0.00743806 -0.172949  0.387456  -9.79982 
               122.4 -2.59546 -3.98392  127.682  1.98492  12.9168 0.460687 0 0 0 0.04165 0.02326 -0.0284 -0.0773141   0.465766  0.0323533 0.000437814  0.00168546 0.000962272  -0.122294   0.113087 0.00750199 -0.172992  0.387476  -9.79982 
               122.5 -2.58945 -4.01634  127.955 1.97829 12.9648 0.46255 0 0 0 0.04165 0.02326 -0.0284 -0.0951777   0.452548  0.0228402 0.000425716  0.00168871 0.000954833  -0.122394   0.113388 0.00764117 -0.172992  0.387557  -9.79981 
               122.6 -2.55683 -4.00558  128.121  1.96816  13.0112 0.464835 0 0 0 0.04165 0.02326 -0.0284 -0.0915355   0.460799   0.027312 0.000435756  0.00168228 0.000957012   -0.12252   0.113558 0.00769307 -0.17301 0.387608 -9.79981 
               122.7 -2.68025 -3.99635  128.382  1.96045  13.0597 0.467294 0 0 0 0.04165 0.02326 -0.0284 -0.0966508   0.479387  0.0282633 0.000450777  0.00168672 0.000946561  -0.122591   0.113676 0.00772139 -0.173018  0.387642  -9.79981 
               122.8 -2.62821 -4.05881  128.479  1.95246  13.1097 0.469631 0 0 0 0.04165 0.02326 -0.0284 -0.0937419    0.50162  0.0262982 0.000443704  0.00168887 0.000947048  -0.122454   0.113946 0.00779912 -0.172965  0.387698  -9.79981 
               122.9 -2.69479 -4.04813  128.645  1.94411  13.1626 0.471525 0 0 0 0.04165 0.02326 -0.0284 -0.0855446   0.525674  0.0291694 0.000449062  0.00168757  0.00094281 -0.122549  0.114096 0.0078854 -0.172978  0.387741  -9.79981 
                 123 -2.72065  -4.1016  128.742  1.93341  13.2157 0.473486 0 0 0 0.04165 0.02326 -0.0284 -0.122393  0.534214 0.0232937 0.000446722  0.00168474 0.000949399  -0.122666   0.114091 0.00795038 -0.173006  0.387749  -9.79981 
               123.1 -2.69041  -4.0855    128.9  1.92618  13.2717 0.474238 0 0 0 0.04165 0.02326 -0.0284 -0.0724144   0.543489 0.00709198 0.000432711  0.00168662 0.000937946  -0.122566   0.114445 0.00804876 -0.172957  0.387828   -9.7998 
               123.2 -2.67313 -4.07179  129.148  1.91864  13.3277 0.474364 0 0 0 0.04165 0.02326 -0.0284 -0.107702  0.525016 0.0177765 0.000445535  0.00169484 0.000929062  -0.122665     0.1147 0.00816693 -0.172964  0.387897   -9.7998 
               123.3 -2.57015 -4.08054  129.422  1.90934  13.3805 0.475486 0 0 0 0.04165 0.02326 -0.0284 -0.0833654   0.518749 0.00593709  0.00044476  0.00170395 0.000917249  -0.122718   0.114787 0.00814073 -0.17297 0.387921  -9.7998 
               123.4 -2.59051 -4.06994  129.928  1.89983  13.4321 0.478043 0 0 0 0.04165 0.02326 -0.0284  -0.129874   0.496637 0.00719641 0.000464805  0.00170442 0.000904755  -0.122721   0.114896 0.00797232 -0.172963  0.387945   -9.7998 
               123.5 -2.67075 -3.99907  130.603  1.88914  13.4814 0.481755 0 0 0 0.04165 0.02326 -0.0284 -0.104812  0.511196 0.0203983  0.00048617  0.00169863 0.000888958  -0.122636   0.114981 0.00775533 -0.172936  0.387958   -9.7998 
               123.6 -2.69168 -3.99279  131.608  1.87767  13.5323 0.483185 0 0 0 0.04165 0.02326 -0.0284 -0.138081  0.501277 0.0161566 0.000472378  0.00170714 0.000876666   -0.12267   0.115057 0.00782066 -0.17294 0.387979  -9.7998 
               123.7 -2.76946 -3.98902  132.654 1.86412 13.5829 0.48447 0 0 0 0.04165 0.02326 -0.0284 -0.141747  0.494111 0.0122306 0.000464504  0.00171457 0.000869741  -0.122789   0.115157 0.00788657 -0.172964  0.388011   -9.7998 
               123.8 -2.83261 -3.97185  133.808  1.84926  13.6344 0.484723 0 0 0 0.04165 0.02326 -0.0284 -0.149664  0.508412 0.0143377 0.000458318  0.00173422  0.00086492  -0.123029   0.115247 0.00801753 -0.173019  0.388046  -9.79979 
               123.9 -2.84543 -3.96975  135.017  1.83754  13.6857 0.486402 0 0 0 0.04165 0.02326 -0.0284  -0.132208   0.486831 0.00470459 0.000434615   0.0017455 0.000861305  -0.122861   0.115621 0.00798981 -0.17296 0.388131 -9.79979 
                 124 -2.93432 -3.91812  136.294 1.82333 13.7335  0.4895 0 0 0 0.04165 0.02326 -0.0284 -0.133807  0.443238 0.0159187 0.000447287  0.00174729 0.000852359  -0.123183   0.115657 0.00777759 -0.17304  0.38815 -9.79979 
               124.1 -2.89969 -3.97935   137.25  1.81021  13.7751 0.490691 0 0 0 0.04165 0.02326 -0.0284 -0.0848891   0.393443 0.00949519 0.000427412  0.00177593 0.000862728  -0.123263   0.115679 0.00778474 -0.17306 0.388158 -9.79979 
               124.2 -3.04895 -3.93453  137.777  1.80207  13.8126 0.492591 0 0 0 0.04165 0.02326 -0.0284 -0.068463  0.364732 0.0117188 0.000454248  0.00176718 0.000873533  -0.123344   0.115654 0.00767942 -0.173081  0.388153  -9.79979 
               124.3 -2.98357 -4.00952  137.724  1.79793  13.8483 0.494126 0 0 0 0.04165 0.02326 -0.0284 -0.0472332   0.364685  0.0104507 0.000429126   0.0017733 0.000892641  -0.123117   0.115649 0.00761293 -0.173021  0.388146  -9.79979 
               124.4  -2.8965 -4.05156  137.183 1.78916 13.8849 0.49478 0 0 0 0.04165 0.02326 -0.0284 -0.048918  0.390223 0.0121018 0.000388771  0.00177598 0.000924806  -0.123429   0.115247 0.00767281 -0.173111  0.388047  -9.79979 
               124.5 -2.79408 -4.05008  136.485  1.78115  13.9253 0.496663 0 0 0 0.04165 0.02326 -0.0284 -0.0738126   0.433756  0.0206152 0.000384137  0.00176706 0.000933925  -0.123714   0.115115 0.00764503 -0.173187  0.388016  -9.79979 
               124.6 -2.77526 -4.11819  135.873  1.77865  13.9756 0.500398 0 0 0 0.04165 0.02326 -0.0284 -0.0551212   0.470415  0.0235107 0.000378684  0.00175434 0.000893439  -0.123872   0.115912 0.00751097 -0.17321 0.388226 -9.79978 
               124.7  -2.7552 -4.09262  135.087  1.77079  14.0208 0.504021 0 0 0 0.04165 0.02326 -0.0284 -0.051288  0.450373 0.0232819 0.000396361  0.00174015 0.000926468 -0.124126  0.115699 0.0074213 -0.173279  0.388176  -9.79978 
               124.8  -2.7153 -4.12283  134.505  1.76583  14.0647 0.505296 0 0 0 0.04165 0.02326 -0.0284 -0.0427356   0.426206  0.0234573 0.000392142  0.00174074  0.00091773   -0.12418   0.115738 0.00751679 -0.173293  0.388189  -9.79978 
               124.9 -2.71305  -4.0315  134.234  1.75987  14.1057 0.514415 0 0 0 0.04165 0.02326 -0.0284 -0.0562853   0.392529  0.0361714 0.000396214  0.00166465 0.000902403    -0.1243   0.115742 0.00678994 -0.173317  0.388187  -9.79978 
                 125 -2.68769 -4.00139  134.443  1.74516  14.1355 0.517099 0 0 0 0.04165 0.02326 -0.0284 -0.0866163   0.343949  0.0398989 0.000419618  0.00166833 0.000943389  -0.124386   0.114475 0.00687404 -0.173386  0.387876  -9.79979 
               125.1 -2.71394 -4.07877  135.321  1.73611  14.1713 0.511466 0 0 0 0.04165 0.02326 -0.0284  -0.0996102    0.340041 0.000392434 0.000410739  0.00171408 0.000924594    -0.1244   0.114543 0.00782563 -0.173392  0.387902  -9.79979 
               125.2 -2.73904 -4.01121  136.563  1.73277  14.2115 0.511956 0 0 0 0.04165 0.02326 -0.0284 -0.0812048   0.349811  0.0140746 0.000400848  0.00170655 0.000902714  -0.124297   0.115668 0.00789393 -0.173328  0.388176  -9.79978 
               125.3 -2.78928 -3.98159  138.094  1.72579  14.2479 0.512913 0 0 0 0.04165 0.02326 -0.0284  -0.082865   0.345457 0.00322691 0.000376269  0.00171674 0.000912103  -0.124366   0.115935 0.00788819 -0.173337  0.388244  -9.79978 
               125.4 -2.84074 -3.98375    139.9  1.71787  14.2825 0.515733 0 0 0 0.04165 0.02326 -0.0284  -0.10504  0.333437 0.0269645 0.000367259  0.00171285 0.000923963  -0.124227   0.116083 0.00766413 -0.173297  0.388276  -9.79978 
               125.5 -2.98831 -3.87981  141.918  1.71101  14.3156 0.519765 0 0 0 0.04165 0.02326 -0.0284 -0.0706627   0.317953  0.0218651 0.000353908  0.00170694 0.000931033  -0.124045   0.116251 0.00739073 -0.173246  0.388314  -9.79978 
               125.6  -3.1094 -3.82898  143.847  1.70623  14.3506 0.522081 0 0 0 0.04165 0.02326 -0.0284 -0.0687874   0.329902  0.0174897 0.000322128  0.00171257 0.000937307  -0.124031   0.116685 0.00739887 -0.173243  0.388427  -9.79978 
               125.7 -3.15807 -3.81397  145.518  1.70477  14.3879 0.523044 0 0 0 0.04165 0.02326 -0.0284 -0.0350184   0.344125  0.0184824 0.000312056  0.00173169 0.000937199 -0.123916  0.117432 0.0075431 -0.173223  0.388626  -9.79977 
               125.8 -3.17408 -3.80503  146.631  1.70055  14.4195 0.520549 0 0 0 0.04165 0.02326 -0.0284 -0.0297544   0.338686 -0.0053961 0.000274714  0.00174379 0.000977225  -0.123888   0.116948 0.00794968 -0.173207  0.388501  -9.79977 
               125.9 -3.23458 -3.79792  147.382   1.6948  14.4578 0.520776 0 0 0 0.04165 0.02326 -0.0284 -0.0357659   0.359926 0.00877042 0.000297052  0.00175936  0.00096552  -0.124378   0.117299 0.00798594 -0.173352   0.38858  -9.79977 
                 126 -3.26124 -3.81219  147.878  1.69181   14.493 0.518154 0 0 0 0.04165 0.02326 -0.0284 -0.0220405    0.37224  -0.007029 0.000285876  0.00177438 0.000983511  -0.124236    0.11708 0.00829898 -0.173308  0.388529  -9.79977 
               126.1 -3.33633 -3.78335  148.169   1.6852  14.5325 0.520711 0 0 0 0.04165 0.02326 -0.0284  -0.04637  0.400157 0.0118265 0.000330457  0.00178057 0.000980039  -0.124712   0.117115 0.00799037 -0.173436  0.388515  -9.79977 
               126.2 -3.34695 -3.77976  148.285  1.67739  14.5727 0.525131 0 0 0 0.04165 0.02326 -0.0284 -0.0531192   0.416117  0.0247934 0.000353756  0.00177235 0.000985175  -0.125016   0.116936 0.00760128 -0.173508  0.388449  -9.79977 
               126.3 -3.37546 -3.83269  148.273  1.66777  14.6143 0.525999 0 0 0 0.04165 0.02326 -0.0284 -0.0486667   0.424761  0.0179011 0.000329487  0.00177662  0.00099718  -0.125386   0.116575 0.00774215 -0.173593  0.388334  -9.79977 
               126.4 -3.33037 -3.78722  148.171  1.66328  14.6603 0.529785 0 0 0 0.04165 0.02326 -0.0284 -0.0450806    0.43959  0.0228707 0.000327609  0.00176115 0.000987341  -0.125449   0.116891 0.00752322 -0.173623  0.388415  -9.79977 
               126.5 -3.30228 -3.77852  147.948  1.65623  14.7035 0.532315 0 0 0 0.04165 0.02326 -0.0284 -0.0567089   0.430442  0.0248584 0.000334489  0.00174869  0.00100035  -0.125599   0.116767 0.00750282 -0.173657  0.388375  -9.79977 
               126.6 -3.29169   -3.791  147.811  1.65014  14.7479 0.532724 0 0 0 0.04165 0.02326 -0.0284 -0.0533327   0.432311  0.0167902 0.000323753  0.00175641 0.000992343  -0.125716   0.116845 0.00775851 -0.173695  0.388392  -9.79977 
               126.7 -3.24021    -3.77  147.687  1.64512  14.7921 0.535971 0 0 0 0.04165 0.02326 -0.0284 -0.0628963   0.423554   0.026449 0.000306332   0.0017393 0.000985753   -0.12578   0.117067 0.00760957 -0.17372 0.388448 -9.79977 
               126.8 -3.30816 -3.82142  147.667  1.63725  14.8351 0.537909 0 0 0 0.04165 0.02326 -0.0284 -0.0727607   0.418212  0.0167941 0.000346615  0.00174328 0.000978772  -0.126017   0.117212 0.00768294 -0.17379 0.388477 -9.79976 
               126.9 -3.37081 -3.84486  147.833  1.62979  14.8774 0.540286 0 0 0 0.04165 0.02326 -0.0284 -0.0809681    0.40041  0.0203914 0.000359471  0.00173967 0.000962089  -0.126101   0.117425 0.00764563 -0.173821   0.38853  -9.79976 
                 127 -3.36205  -3.8465   148.31  1.62235   14.916 0.539359 0 0 0 0.04165 0.02326 -0.0284 -0.0954245   0.364708 0.00767607 0.000344872  0.00174019 0.000950204  -0.125949   0.117443 0.00794996 -0.173784  0.388543  -9.79976 
               127.1 -3.3606 -3.8062 149.184  1.61469  14.9516 0.541015 0 0 0 0.04165 0.02326 -0.0284 -0.0984831    0.34803 0.00942433 0.000341526  0.00173753 0.000933232  -0.125733   0.117497 0.00784408 -0.173728  0.388566  -9.79976 
               127.2 -3.38989 -3.72427  150.426  1.60531  14.9863 0.543343 0 0 0 0.04165 0.02326 -0.0284 -0.115299  0.337704 0.0147019 0.000344323  0.00174137 0.000919855  -0.125596   0.117611 0.00770618 -0.173696  0.388602  -9.79976 
               127.3 -3.40885 -3.66082  152.194  1.59253  15.0189 0.544091 0 0 0 0.04165 0.02326 -0.0284  -0.12613  0.312376 0.0124186 0.000330114  0.00174628  0.00090862  -0.125642   0.117621 0.00775488 -0.173709  0.388603  -9.79976 
               127.4 -3.52838 -3.58892  154.192  1.57945  15.0519 0.544322 0 0 0 0.04165 0.02326 -0.0284  -0.114652   0.312304 0.00288429 0.000324441  0.00176367 0.000904553  -0.125833   0.117662 0.00782342 -0.173763  0.388603  -9.79976 
               127.5 -3.54611 -3.49995  155.955  1.56586  15.0837 0.547921 0 0 0 0.04165 0.02326 -0.0284 -0.124696  0.310829 0.0182671  0.00032282  0.00176522 0.000920942  -0.126081   0.117683 0.00747697 -0.173829  0.388588  -9.79976 
               127.6 -3.54712 -3.47582  157.512  1.55278  15.1145 0.550828 0 0 0 0.04165 0.02326 -0.0284 -0.131785  0.295912 0.0199356 0.000313374  0.00177233 0.000937774 -0.126155  0.117766 0.0073295 -0.173854  0.388603  -9.79976 
               127.7 -3.58589  -3.4608  158.888  1.54044  15.1452 0.551388 0 0 0 0.04165 0.02326 -0.0284 -0.109357  0.303407 0.0219955 0.000298966  0.00178213 0.000949908 -0.126215  0.117847 0.0074845 -0.17388 0.388621 -9.79976 
               127.8 -3.59863 -3.42257  159.976  1.52899  15.1756 0.552948 0 0 0 0.04165 0.02326 -0.0284 -0.131148  0.295606 0.0115724 0.000299716  0.00178154 0.000967337 -0.126161  0.117929 0.0074684 -0.173874  0.388648  -9.79976 
               127.9 -3.57173 -3.41316  161.001  1.51655  15.2069 0.555296 0 0 0 0.04165 0.02326 -0.0284 -0.129085  0.298746 0.0183485 0.000287727  0.00178422 0.000969202  -0.126115   0.118133 0.00738128 -0.173883  0.388708  -9.79975 
                 128 -3.58783 -3.33712  162.018  1.50141  15.2371 0.555945 0 0 0 0.04165 0.02326 -0.0284 -0.145546  0.303723   0.01445 0.000289861  0.00178323  0.00097381  -0.126318   0.118121 0.00753319 -0.173938  0.388682  -9.79975 
               128.1 -3.63013 -3.29611  163.155  1.48693   15.268 0.557601 0 0 0 0.04165 0.02326 -0.0284 -0.160342  0.290885 0.0165171 0.000289342  0.00178546  0.00097272  -0.126291   0.118255 0.00750557 -0.173947  0.388721  -9.79975 
               128.2   -3.663 -3.25981  164.291  1.46994  15.2979 0.559837 0 0 0 0.04165 0.02326 -0.0284 -0.160239  0.290372 0.0101907 0.000280992  0.00178771 0.000975959  -0.126455   0.118297 0.00745366 -0.173996  0.388711  -9.79975 
               128.3 -3.68342 -3.16154  165.463  1.45251  15.3267 0.561062 0 0 0 0.04165 0.02326 -0.0284 -0.155487  0.274942 0.0336804 0.000271383  0.00179008 0.000978594  -0.126513   0.118491 0.00752901 -0.174039  0.388755  -9.79975 
               128.4 -3.83122 -3.17734   166.88  1.43616  15.3524 0.564048 0 0 0 0.04165 0.02326 -0.0284 -0.158833   0.24497 0.0103485 0.000286091  0.00179653 0.000976574   -0.12647   0.118499 0.00738722 -0.174026  0.388763  -9.79975 
               128.5 -3.84123 -3.08199  168.183  1.41891  15.3775 0.565119 0 0 0 0.04165 0.02326 -0.0284 -0.172174  0.250416  0.018674  0.00025566   0.0018027 0.000978949  -0.126627   0.118568 0.00747688 -0.174079  0.388758  -9.79975 
               128.6  -3.9166 -3.07383  169.392  1.40133   15.403 0.566791 0 0 0 0.04165 0.02326 -0.0284 -0.185002  0.250775 0.0102976 0.000273008  0.00181022 0.000989767    -0.1266   0.118721 0.00746212 -0.174096  0.388802  -9.79975 
               128.7 -3.97528 -3.02605  170.808  1.38216  15.4287 0.567011 0 0 0 0.04165 0.02326 -0.0284  -0.199961   0.247078 0.00996226 0.000258259  0.00182086 0.000985813  -0.126588   0.118843 0.00763197 -0.174115  0.388837  -9.79974 
               128.8 -4.00377 -2.94988  172.322  1.36282  15.4539 0.567973 0 0 0 0.04165 0.02326 -0.0284 -0.198543  0.246486 0.0108142 0.000248594  0.00182629 0.000987463  -0.126547   0.118883 0.00761352 -0.174111  0.388854  -9.79974 
               128.9 -4.01139 -2.89724  173.893   1.3445  15.4786 0.569296 0 0 0 0.04165 0.02326 -0.0284 -0.189036  0.226531 0.0115073 0.000237064  0.00183422 0.000992394  -0.126341   0.118981 0.00753761 -0.174074  0.388915  -9.79974 
                 129 -4.09477 -2.86621  175.534  1.32435  15.4998 0.570933 0 0 0 0.04165 0.02326 -0.0284 -0.187058  0.194721 0.0181527 0.000239762  0.00184892  0.00099341  -0.126445    0.11901 0.00748898 -0.174105  0.388903  -9.79974 
               129.1 -4.17105 -2.76921    177.1  1.3066 15.5188 0.57276 0 0 0 0.04165 0.02326 -0.0284 -0.169946  0.175617 0.0136726 0.00024321 0.00185134 0.00100354  -0.126438   0.119036 0.00744684 -0.174108  0.388911  -9.79974 
               129.2 -4.21108 -2.73142  178.433  1.29126  15.5365 0.573807 0 0 0 0.04165 0.02326 -0.0284 -0.155599  0.156059  0.011588 0.000237507  0.00186209  0.00101569  -0.126236   0.119265 0.00748229 -0.174105  0.389009  -9.79974 
               129.3 -4.20397 -2.67986  179.701  1.27597  15.5518 0.575273 0 0 0 0.04165 0.02326 -0.0284 -0.161831  0.141244 0.0106144 0.000218152  0.00186465  0.00102482  -0.126155   0.119375 0.00745543 -0.174107  0.389053  -9.79973 
               129.4 -4.24573 -2.60828  -179.09  1.26045  15.5679 0.576199 0 0 0 0.04165 0.02326 -0.0284 -0.180713  0.140245 0.0118701 0.000233479  0.00186262  0.00103054  -0.125911   0.119645 0.00749394 -0.174106  0.389171  -9.79973 
               129.5 -4.29758 -2.55541 -177.562  1.23963  15.5845 0.577726 0 0 0 0.04165 0.02326 -0.0284 -0.223622  0.150616  0.015454 0.000226536  0.00187268  0.00102362  -0.125975   0.119939 0.00747488 -0.174186  0.389227  -9.79973 
               129.6 -4.33454 -2.45032 -175.535 1.21356  15.601  0.5785 0 0 0 0.04165 0.02326 -0.0284 -0.251555  0.141977  0.011865 0.000224478  0.00188122  0.00101042  -0.126242   0.120226 0.00757883 -0.174316  0.389235  -9.79972 
               129.7 -4.41785 -2.31799 -173.246  1.18677  15.6148 0.579861 0 0 0 0.04165 0.02326 -0.0284 -0.239367  0.116586 0.0146878 0.000222735   0.0018958  0.00101109  -0.126433   0.120358 0.00757295 -0.174392  0.389222  -9.79972 
               129.8 -4.45802 -2.14695 -170.895  1.16262   15.628 0.580998 0 0 0 0.04165 0.02326 -0.0284 -0.238414 0.0998499 0.0110196 0.00020567 0.00191206 0.00100976  -0.126408   0.120706 0.00759558 -0.174471  0.389307  -9.79972 
               129.9 -4.59954 -2.05984 -168.395  1.13819  15.6368 0.581461 0 0 0 0.04165 0.02326 -0.0284  -0.237707  0.0721688 0.00573415 0.000215125  0.00192485  0.00101745  -0.126437   0.120733 0.00763849 -0.174485  0.389307  -9.79972 
                 130 -4.61076 -1.91336 -165.629  1.11244  15.6435 0.583133 0 0 0 0.04165 0.02326 -0.0284  -0.257482  0.0436785 0.00690389 0.00019859 0.00193657 0.00101669  -0.126525   0.120969 0.00752997 -0.174565  0.389335  -9.79972 
               130.1 -4.69478 -1.74939 -162.568   1.0875  15.6464 0.584172 0 0 0 0.04165 0.02326 -0.0284    -0.260926    0.0116434 -0.000294993 0.000209842  0.00194962  0.00102707  -0.126458   0.120943 0.00748925 -0.174543  0.389347  -9.79972 
               130.2 -4.69211 -1.58123 -159.045   1.0621  15.6469 0.583571 0 0 0 0.04165 0.02326 -0.0284  -0.266328 -0.0134269 0.00787407 0.000195531  0.00197251  0.00102652  -0.126243   0.120993 0.00764073 -0.174517  0.389418  -9.79971 
               130.3  -4.7892 -1.35512 -155.357  1.04043  15.6471 0.583297 0 0 0 0.04165 0.02326 -0.0284    -0.225313  -0.00964779 -0.000640261 0.000205292   0.0019933  0.00104293 -0.125755  0.120983 0.0076814 -0.174422  0.389559  -9.79971 
               130.4 -4.82726 -1.21529 -151.909  1.01993  15.6474 0.583051 0 0 0 0.04165 0.02326 -0.0284   -0.191593  -0.0207291 -0.00295129 0.00018538 0.00202381 0.00106855   -0.12551   0.121205 0.00772235 -0.174448  0.389674   -9.7997 
               130.5 -4.78449 -1.04734 -149.098  1.00313  15.6463 0.584022 0 0 0 0.04165 0.02326 -0.0284  -0.170635  -0.014928 0.00243378 0.000163258  0.00204606  0.00111493  -0.125272   0.121305 0.00758836 -0.174439  0.389766   -9.7997 
               130.6  -4.78625 -0.971724  -146.671 0.988053  15.6453 0.583296 0 0 0 0.04165 0.02326 -0.0284   -0.150988  -0.0183416 -0.00173673 0.000150391  0.00208058  0.00114107 -0.125081  0.121354 0.0076665 -0.174427  0.389836   -9.7997 
               130.7  -4.71039 -0.849973  -144.615 0.972416  15.6432  0.58407 0 0 0 0.04165 0.02326 -0.0284  -0.162068 -0.0401545  0.0028334 0.00012495 0.00209127 0.00117168  -0.125023   0.121442 0.00756876 -0.174447  0.389869   -9.7997 
               130.8  -4.73873 -0.743907  -142.529 0.953839  15.6389 0.586005 0 0 0 0.04165 0.02326 -0.0284  -0.189802  -0.063964 0.00966898 0.000139022   0.0020966  0.00118776  -0.125025   0.121627 0.00741753 -0.174508  0.389895  -9.79969 
               130.9  -4.70217 -0.613234  -140.088 0.926496  15.6334 0.589199 0 0 0 0.04165 0.02326 -0.0284  -0.245936 -0.0667703  0.0161004 0.000102002  0.00210573  0.00119296  -0.125377   0.122163 0.00725428 -0.174738  0.389845  -9.79969 
                 131  -4.58265 -0.463003  -137.302 0.900242   15.628 0.593072 0 0 0 0.04165 0.02326 -0.0284   -0.27478 -0.0625161  0.0226742 3.79839e-05  0.00213326  0.00119626   -0.12524   0.122353 0.00707308 -0.174786  0.389917  -9.79969 
               131.1  -4.32599 -0.319143  -134.395 0.874476  15.6296 0.597452 0 0 0 0.04165 0.02326 -0.0284   -0.27474 -0.0437173   0.029726 -7.98284e-05    0.0021537   0.00116385  -0.124166   0.122863 0.00692819 -0.174849  0.390361  -9.79967 
               131.2   -4.1408 -0.185066  -131.751 0.843672  15.6306 0.601002 0 0 0 0.04165 0.02326 -0.0284  -0.291102 -0.0100648  0.0349189 -0.000159531   0.00217043    0.0011562 -0.123856  0.123466  0.006929 -0.175037  0.390537  -9.79966 
               131.3  -4.02787 -0.089276  -129.391 0.813198   15.631 0.600712 0 0 0 0.04165 0.02326 -0.0284   -0.306409 -0.00999213   0.0244262 -0.000215426   0.00218897   0.00116693  -0.123756    0.12363 0.00724107 -0.175094  0.390589  -9.79966 
               131.4  -3.93874 -0.011363  -127.279 0.780805  15.6328 0.599188 0 0 0 0.04165 0.02326 -0.0284  -0.301796 -0.0153222  0.0158564 -0.00023645  0.00220205  0.00116291  -0.123306    0.12401 0.00759511 -0.175206  0.390786  -9.79965 
               131.5 -3.83044 0.114349 -125.062 0.751656  15.6306 0.596771 0 0 0 0.04165 0.02326 -0.0284  -0.305499 -0.0142365 0.00132141 -0.000274035   0.00220249   0.00114919  -0.123276   0.123821 0.00792387 -0.175137  0.390781  -9.79965 
               131.6 -3.76851 0.169944 -122.831 0.724307  15.6288 0.593545 0 0 0 0.04165 0.02326 -0.0284    -0.2699 -0.0284296 -0.0118806 -0.000281553   0.00222089   0.00113551 -0.123178  0.123573 0.0082473 -0.175041    0.3908  -9.79965 
               131.7 -3.67211 0.222218 -120.726 0.699742  15.6296 0.591488 0 0 0 0.04165 0.02326 -0.0284  -0.244309 -0.0220116 -0.0118452 -0.000300441   0.00223113   0.00111626  -0.122661   0.123699 0.00835058 -0.175064  0.391003  -9.79964 
               131.8 -4.05946 0.076408 -118.561 0.657858  15.6302 0.596391 0 0 0 0.04165 0.02326 -0.0284  -0.274223 -0.0356302 0.00237024 -5.36045e-05   0.00236119  0.000998918  -0.123049   0.125985 0.00783397 -0.175952  0.390967  -9.79963 
               131.9 -3.66866 0.310841 -116.463 0.650227  15.6223 0.597778 0 0 0 0.04165 0.02326 -0.0284  -0.197043 -0.0890283 0.00569213 -0.00025111  0.00228487  0.00109748  -0.122504   0.123673 0.00763118 -0.17504  0.39109 -9.79964 
                 132 -3.71728 0.347825 -113.515 0.649447  15.6079 0.598808 0 0 0 0.04165 0.02326 -0.0284  -0.133923  -0.132294 0.00437316 -0.00017088  0.00232739  0.00112882  -0.122275   0.121418 0.00746152 -0.17416 0.391113 -9.79965 
               132.1 -3.53339 0.508043 -110.064 0.646159  15.5938 0.596994 0 0 0 0.04165 0.02326 -0.0284   -0.0916024    -0.122052 -0.000723347 -0.000237689   0.00233039   0.00115509  -0.122108   0.120286 0.00764725 -0.173719  0.391153  -9.79966 
               132.2 -3.35565 0.685413 -106.725  0.64187  15.5785 0.596748 0 0 0 0.04165 0.02326 -0.0284 -0.0672559  -0.139997 0.00130759 -0.000285328   0.00233365   0.00117415  -0.122381   0.119648 0.00763534 -0.17347 0.391042 -9.79967 
               132.3 -3.22514 0.753538 -103.726 0.634385  15.5638 0.596924 0 0 0 0.04165 0.02326 -0.0284   -0.0731462    -0.147673 -0.000686405 -0.000305819   0.00235046   0.00121667  -0.122455   0.119708 0.00760815 -0.173493  0.391013  -9.79967 
               132.4 -3.21826 0.813467 -100.885 0.618191  15.5485 0.595478 0 0 0 0.04165 0.02326 -0.0284   -0.127555    -0.16588 -0.00872046 -0.000290511   0.00237389   0.00123462 -0.122629   0.12056 0.0077876 -0.173824  0.390929  -9.79967 
               132.5 -3.06371 0.880405  -98.143 0.600515   15.533 0.596004 0 0 0 0.04165 0.02326 -0.0284   -0.156571   -0.169445 -0.00357119 -0.000319758     0.002383   0.00125564   -0.12245   0.121157 0.00770061 -0.174064  0.390982  -9.79966 
               132.6 -2.95677 0.941051 -95.4834  0.58095  15.5147 0.594157 0 0 0 0.04165 0.02326 -0.0284   -0.173691   -0.192713 -0.00870146 -0.000318353   0.00239706   0.00126704  -0.122628   0.121624 0.00792215 -0.17424  0.39089 -9.79966 
               132.7 -2.88632 0.985296 -92.9983 0.558718   15.495 0.596627 0 0 0 0.04165 0.02326 -0.0284  -0.199825  -0.199695 0.00302747 -0.000335728   0.00240684    0.0012806 -0.122717  0.122191 0.0075895 -0.174452  0.390829  -9.79966 
               132.8 -2.88587  1.04278 -90.5506 0.532427  15.4748 0.596406 0 0 0 0.04165 0.02326 -0.0284    -0.22944    -0.21968 -0.00268836 -0.000301998   0.00242113   0.00128381  -0.122753    0.12293 0.00767542 -0.174736  0.390766  -9.79966 
               132.9 -2.74915  1.06148 -88.2164 0.512498  15.4502 0.595578 0 0 0 0.04165 0.02326 -0.0284   -0.209143   -0.246539 -0.00276477 -0.000317206   0.00244086   0.00129159  -0.122918    0.12261 0.00774024  -0.1746 0.390726 -9.79966 
                 133 -2.70697  1.14338 -85.7461 0.498134  15.4257 0.594859 0 0 0 0.04165 0.02326 -0.0284   -0.201403   -0.252821 -0.00222679 -0.000320884   0.00244605   0.00130194   -0.12289   0.121606 0.00773601 -0.174218  0.390821  -9.79966 
               133.1 -2.61766  1.17968  -83.288  0.48452  15.3994 0.595791 0 0 0 0.04165 0.02326 -0.0284  -0.155512  -0.272219 0.00341424 -0.000331781   0.00245881    0.0013121  -0.122946   0.120835 0.00756792 -0.173917  0.390873  -9.79967 
               133.2 -2.52245  1.20741 -80.8126 0.471766   15.373 0.596435 0 0 0 0.04165 0.02326 -0.0284  -0.111737  -0.271637 0.00622138 -0.000343612   0.00247168   0.00131882  -0.122821   0.120634 0.00753135 -0.173854  0.390941  -9.79966 
               133.3  -2.4393  1.25155 -78.2667 0.457603  15.3468 0.595903 0 0 0 0.04165 0.02326 -0.0284  -0.143516   -0.25896 0.00454868 -0.000341263   0.00247941   0.00132154  -0.122693   0.120811 0.00765263 -0.173936  0.390968  -9.79966 
               133.4 -2.43321  1.21944 -75.9006 0.442149  15.3208 0.593931 0 0 0 0.04165 0.02326 -0.0284  -0.138349  -0.260231 -0.0144129 -0.000327383   0.00249463    0.0013349   -0.12259   0.121097 0.00791063 -0.174058  0.390968  -9.79966 
               133.5 -2.25431  1.27665 -73.9479 0.428537  15.2973 0.592337 0 0 0 0.04165 0.02326 -0.0284   -0.127927   -0.237615 -0.00761392 -0.000364763   0.00250115   0.00135344   -0.12244    0.12104 0.00800516 -0.174058   0.39103  -9.79966 
               133.6 -2.15329  1.27924 -72.6309 0.414615  15.2742   0.5916 0 0 0 0.04165 0.02326 -0.0284 -0.136747 -0.249636 -0.011041 -0.000386463   0.00250879   0.00137673  -0.122251   0.121112 0.00797418 -0.174111   0.39109  -9.79965 
               133.7 -2.12861  1.25161 -71.6224 0.402149  15.2485 0.590847 0 0 0 0.04165 0.02326 -0.0284   -0.132536   -0.279753 -0.00891819 -0.0003927 0.00251317 0.00139391   -0.12225   0.120857 0.00794961 -0.174018  0.391127  -9.79965 
               133.8 -2.07711  1.26137 -70.8598 0.389805  15.2191 0.589386 0 0 0 0.04165 0.02326 -0.0284    -0.14696    -0.32358 -0.00497362 -0.000389297   0.00251219   0.00140555  -0.122244   0.120685 0.00802693 -0.173958  0.391154  -9.79965 
               133.9 -2.08994  1.27069 -70.0761 0.376702  15.1843 0.588262 0 0 0 0.04165 0.02326 -0.0284  -0.146654  -0.384386 -0.0247349 -0.000386548    0.0025134   0.00141205  -0.122308    0.12041 0.00803527 -0.17385 0.391173 -9.79966 
                 134 -2.11352  1.27768  -69.335  0.36295  15.1461 0.586446 0 0 0 0.04165 0.02326 -0.0284   -0.162043   -0.409313 -0.00828506 -0.000365212   0.00251168   0.00142644  -0.122243   0.120013 0.00805265 -0.173719  0.391257  -9.79965 
               134.1 -2.10347  1.28389 -68.7923 0.345566  15.1046 0.585195 0 0 0 0.04165 0.02326 -0.0284  -0.160898  -0.410545 -0.0126376 -0.000362628   0.00250399   0.00143039  -0.122145   0.120176 0.00806845 -0.173793  0.391266  -9.79965 
               134.2 -2.09001  1.27717  -68.433 0.329449  15.0648  0.58578 0 0 0 0.04165 0.02326 -0.0284   -0.141204   -0.399584 -0.00566059 -0.000370394   0.00250211   0.00143536  -0.121948   0.120154 0.00787732 -0.173815  0.391341  -9.79965 
               134.3 -2.05905  1.24773 -68.0343  0.31541  15.0267 0.584265 0 0 0 0.04165 0.02326 -0.0284   -0.119286   -0.379539 -0.00978217 -0.000374166   0.00249831   0.00143247  -0.121716   0.120218 0.00797835 -0.173876  0.391411  -9.79965 
               134.4 -2.05182  1.25398 -67.5347 0.305798  14.9905 0.580654 0 0 0 0.04165 0.02326 -0.0284 -0.0948865  -0.367254  -0.025286 -0.000370532   0.00249925    0.0014346  -0.121703   0.120011 0.00823368 -0.173808  0.391445  -9.79965 
               134.5 -1.93634  1.25174  -66.767 0.298602  14.9544 0.578489 0 0 0 0.04165 0.02326 -0.0284 -0.0582005  -0.372374 -0.0144087 -0.000373995   0.00250146   0.00142961  -0.121744   0.119926 0.00826676 -0.173771  0.391444  -9.79965 
               134.6 -1.97743  1.17665 -65.6599 0.296844   14.916 0.577453 0 0 0 0.04165 0.02326 -0.0284  0.0138423  -0.392583 -0.0261184 -0.000345394   0.00249357   0.00142416  -0.121793   0.119849 0.00815917 -0.173736  0.391442  -9.79965 
               134.7 -1.81247  1.21937 -63.9589   0.3027  14.8766 0.573467 0 0 0 0.04165 0.02326 -0.0284  0.0636677  -0.411605 -0.0220483 -0.000372659   0.00250301    0.0014167  -0.121912   0.119567 0.00835193 -0.173621  0.391445  -9.79965 
               134.8 -1.71682  1.20781 -61.4192 0.312829  14.8341 0.571571 0 0 0 0.04165 0.02326 -0.0284   0.143867   -0.43923 -0.0327685 -0.000379898   0.00251056   0.00140081  -0.121919   0.119597 0.00823762 -0.173629  0.391439  -9.79965 
               134.9 -1.63677  1.26084 -58.2443 0.32177 14.7912 0.56891 0 0 0 0.04165 0.02326 -0.0284   0.117562  -0.431869 -0.0217596 -0.000382483   0.00252829   0.00138268  -0.121542    0.12018 0.00828962 -0.173893  0.391461  -9.79964 
                 135 -1.44829   1.2733 -54.9912 0.330373  14.7505 0.568336 0 0 0 0.04165 0.02326 -0.0284   0.112076  -0.384987 -0.0126785 -0.000398381   0.00254624   0.00137711   -0.12125   0.120542 0.00811789 -0.174066  0.391493  -9.79964 
               135.1 -1.46496  1.25145 -52.8417 0.336801  14.7139 0.565523 0 0 0 0.04165 0.02326 -0.0284   0.095647  -0.379888 -0.0223123 -0.000391693    0.0025628   0.00139616  -0.120593   0.120907 0.00826143 -0.174317   0.39163  -9.79963 
               135.2 -1.41966  1.29382 -52.0488 0.344259   14.677 0.565606 0 0 0 0.04165 0.02326 -0.0284  0.0872023  -0.399305 -0.0108617 -0.000387202   0.00255227   0.00142217  -0.120115   0.120903 0.00806788 -0.174415  0.391785  -9.79962 
               135.3 -1.52952  1.28325 -52.2079 0.359745  14.6399 0.562835 0 0 0 0.04165 0.02326 -0.0284   0.124941  -0.391953 -0.0225601 -0.000343494   0.00254227   0.00146629  -0.120173   0.119971 0.00816513 -0.174116  0.391962  -9.79962 
               135.4  -1.5802  1.32246 -52.6837 0.377648  14.6033 0.560915 0 0 0 0.04165 0.02326 -0.0284   0.121983  -0.377108 -0.0168784 -0.000329643   0.00251856    0.0014872  -0.120395   0.119112 0.00811701 -0.173805  0.392079  -9.79962 
               135.5  -1.6246  1.37011 -53.4919 0.393898  14.5653 0.560694 0 0 0 0.04165 0.02326 -0.0284   0.129072  -0.389767 -0.0135405 -0.000325718   0.00250651    0.0014956  -0.120701   0.118597 0.00793616 -0.17358 0.392098 -9.79962 
               135.6  -1.5716  1.32563 -54.8653 0.408713  14.5272 0.557067 0 0 0 0.04165 0.02326 -0.0284   0.122474  -0.388853 -0.0121129 -0.000329643   0.00250718    0.0015124  -0.120728   0.118243 0.00814806 -0.173467  0.392162  -9.79962 
               135.7 -1.61351  1.33868 -56.8623 0.421283  14.4906 0.555362 0 0 0 0.04165 0.02326 -0.0284   0.115293  -0.384318 -0.0120827 -0.000338301   0.00249642   0.00153019  -0.120477   0.117942 0.00815988 -0.173426  0.392302  -9.79962 
               135.8 -1.62567   1.2954 -59.3697 0.431606  14.4526 0.552273 0 0 0 0.04165 0.02326 -0.0284  0.0917084  -0.396083 -0.0200698 -0.000325214   0.00248601   0.00154357  -0.120282   0.117856 0.00831676 -0.173438  0.392378  -9.79961 
               135.9 -1.71337  1.29728 -62.2078 0.442273  14.4165 0.549424 0 0 0 0.04165 0.02326 -0.0284   0.101007  -0.358558 -0.0246629 -0.000327746   0.00246461   0.00156498  -0.120145   0.117488 0.00839646 -0.173348  0.392492  -9.79961 
                 136 -1.74376  1.28971 -64.8449 0.452347    14.38 0.546876 0 0 0 0.04165 0.02326 -0.0284  0.0907184  -0.351656 -0.0213625 -0.000316059   0.00244372   0.00155271  -0.120316   0.117532 0.00840828 -0.173332  0.392428  -9.79961 
               136.1 -1.83645  1.30303 -67.0773 0.461771  14.3426 0.545597 0 0 0 0.04165 0.02326 -0.0284   0.106742  -0.362327 -0.0140937 -0.000296283   0.00241482   0.00153055  -0.120573   0.117713 0.00829761 -0.173347  0.392315  -9.79962 
               136.2 -1.96998  1.26224 -68.9479 0.472168  14.3025 0.544775 0 0 0 0.04165 0.02326 -0.0284  0.126752 -0.411576  -0.01919 -0.000257676    0.0023876   0.00150575  -0.120866   0.118054 0.00818099 -0.173413  0.392164  -9.79962 
               136.3  -2.0022  1.27687 -70.3214 0.486158  14.2556   0.5418 0 0 0 0.04165 0.02326 -0.0284   0.160705  -0.479057 -0.0200942 -0.00025746  0.00237957  0.00147951  -0.121197   0.118261 0.00829145 -0.173433  0.392021  -9.79963 
               136.4 -2.04885  1.29602 -71.2836 0.502113  14.2035 0.540985 0 0 0 0.04165 0.02326 -0.0284    0.18414  -0.539352 -0.0201956 -0.000228836   0.00235454   0.00145718   -0.12138   0.118471 0.00814733 -0.173476  0.391931  -9.79963 
               136.5 -2.11041  1.25775 -71.6085 0.520009  14.1474 0.539636 0 0 0 0.04165 0.02326 -0.0284   0.169117  -0.556198 -0.0169346 -0.000201895   0.00233972   0.00143066  -0.121637   0.118636 0.00807499 -0.173495  0.391822  -9.79964 
               136.6 -2.09756  1.27057 -71.6165 0.536321  14.0898 0.537233 0 0 0 0.04165 0.02326 -0.0284    0.16404  -0.556953 -0.0242555 -0.000201635   0.00232981   0.00140617  -0.121841   0.118759 0.00812166 -0.173509  0.391736  -9.79964 
               136.7  -2.0726  1.27842 -71.7529 0.550646  14.0338 0.533675 0 0 0 0.04165 0.02326 -0.0284    0.13035  -0.550126 -0.0234449 -0.000189734   0.00231468   0.00139397  -0.12183  0.119048 0.0082817 -0.173608  0.391699  -9.79964 
               136.8 -2.10901  1.32919 -71.9394 0.561411  13.9788 0.529701 0 0 0 0.04165 0.02326 -0.0284   0.128402  -0.543238 -0.0319521 -0.000180212   0.00230746   0.00138052  -0.121834    0.11928 0.00845771 -0.173686  0.391664  -9.79964 
               136.9 -2.06911  1.31501 -72.3251  0.57356  13.9243 0.527335 0 0 0 0.04165 0.02326 -0.0284   0.112923  -0.554116 -0.0304424 -0.000185296   0.00229724   0.00137159  -0.121799   0.119267 0.00837667 -0.173686  0.391679  -9.79964 
                 137 -2.09789  1.35016 -72.7983 0.586104  13.8686 0.525269 0 0 0 0.04165 0.02326 -0.0284   0.111004  -0.578078 -0.0223388 -0.000172866   0.00228566   0.00136893  -0.121777   0.118964 0.00830494 -0.173588  0.391727  -9.79964 
               137.1 -2.04831  1.30029  -73.464 0.599287  13.8089 0.522084 0 0 0 0.04165 0.02326 -0.0284   0.11269 -0.606616 -0.025929 -0.000176965   0.00228349   0.00136277  -0.121827   0.118785 0.00837301 -0.173522  0.391733  -9.79964 
               137.2 -2.12309  1.31379 -74.4129 0.610647  13.7487  0.51762 0 0 0 0.04165 0.02326 -0.0284  0.0954655  -0.625551 -0.0293021 -0.000163874   0.00227402   0.00136358  -0.121648   0.118439 0.00856332 -0.173431  0.391835  -9.79964 
               137.3 -2.13806  1.28903 -75.6362 0.619145  13.6875 0.515945 0 0 0 0.04165 0.02326 -0.0284  0.0675631  -0.636536 -0.0291811 -0.000157377   0.00225985   0.00136161  -0.121342   0.118322 0.00838102 -0.173429  0.391953  -9.79963 
               137.4 -2.18447  1.32242 -77.0478 0.624198  13.6262 0.511646 0 0 0 0.04165 0.02326 -0.0284   0.035614  -0.617514 -0.0246392 -0.000157164   0.00224803   0.00135421  -0.121087   0.118248 0.00851924 -0.173435  0.392045  -9.79963 
               137.5 -2.26206   1.2459 -78.4687 0.632652  13.5679 0.507803 0 0 0 0.04165 0.02326 -0.0284  0.0652438  -0.586858 -0.0378042 -0.000125874   0.00223283   0.00135457 -0.120772   0.11779 0.0085814 -0.173318  0.392203  -9.79962 
               137.6 -2.34368   1.2598 -79.7106 0.639238  13.5115 0.505788 0 0 0 0.04165 0.02326 -0.0284  0.0513272  -0.586083 -0.0253698 -0.000101823   0.00221526   0.00134633  -0.120496   0.117278 0.00840608 -0.173174  0.392353  -9.79962 
               137.7 -2.34937  1.23884 -80.9348 0.647708  13.4564 0.502665 0 0 0 0.04165 0.02326 -0.0284  0.0518611  -0.568531 -0.0340544 -9.56548e-05    0.0022024   0.00134223  -0.120088   0.117015 0.00839618 -0.173126  0.392517  -9.79961 
               137.8 -2.43822  1.23541  -81.914 0.650193  13.4011 0.500782 0 0 0 0.04165 0.02326 -0.0284  0.0457661  -0.572347 -0.0175476 -8.63069e-05    0.0021914   0.00132986   -0.11977   0.117019 0.00830292 -0.173157  0.392624  -9.79961 
               137.9 -2.41424  1.22076  -82.929  0.65144  13.3455 0.499011 0 0 0 0.04165 0.02326 -0.0284 0.000542553   -0.580623  -0.0301857 -7.20035e-05   0.00217864   0.00131343  -0.119286   0.117421 0.00823232 -0.173334   0.39275   -9.7996 
                 138 -2.46468  1.22505 -83.6895   0.6512  13.2885 0.496917 0 0 0 0.04165 0.02326 -0.0284   0.0232217   -0.579831 -0.00696571 -7.8351e-05  0.00216413   0.0013015  -0.118902   0.117404 0.00820063 -0.173361  0.392881   -9.7996 
               138.1 -2.55152  1.25412  -84.528  0.65178  13.2278 0.494753 0 0 0 0.04165 0.02326 -0.0284 -0.0102581  -0.616663 -0.0245921 -6.18359e-05    0.0021509   0.00129155 -0.118766  0.117432 0.0082218 -0.173381  0.392924  -9.79959 
               138.2 -2.53614  1.28339 -85.0983 0.653358  13.1643 0.492471 0 0 0 0.04165 0.02326 -0.0284  0.0179307  -0.641715 -0.0233872 -5.54446e-05   0.00214255    0.0012798  -0.118876   0.117144 0.00820404 -0.173276   0.39291   -9.7996 
               138.3 -2.58604  1.24167 -85.8113 0.654505  13.0995 0.489331 0 0 0 0.04165 0.02326 -0.0284  -0.023264  -0.650194 -0.0290266 -5.53845e-05   0.00213843   0.00127411  -0.118979    0.11695 0.00827013 -0.173204  0.392889   -9.7996 
               138.4 -2.58912  1.17535 -86.4122 0.655502   13.034 0.486182 0 0 0 0.04165 0.02326 -0.0284 -0.00827579   -0.635311   -0.027344 -5.36884e-05   0.00213408   0.00126784  -0.119217   0.116789 0.00831137 -0.173134  0.392821   -9.7996 
               138.5 -2.65753    1.145 -87.0671 0.652709  12.9695 0.484112 0 0 0 0.04165 0.02326 -0.0284 -0.0227914   -0.62312 -0.0226694 -5.4928e-05   0.0021244  0.00125866  -0.119515   0.116848 0.00822597 -0.173133  0.392718  -9.79961 
               138.6 -2.67383  1.10852 -87.7891 0.651108  12.9053 0.482383 0 0 0 0.04165 0.02326 -0.0284 -0.0331922  -0.644801 -0.0224471 -4.45803e-05   0.00211274   0.00125714  -0.119756   0.116785 0.00812881 -0.173096  0.392643  -9.79961 
               138.7 -2.74748  1.10733 -88.4699 0.646377  12.8404 0.479142 0 0 0 0.04165 0.02326 -0.0284 -0.0424007  -0.652945 -0.0223175 -2.97346e-05   0.00210647    0.0012476  -0.120153   0.116836 0.00831101 -0.17309 0.392506 -9.79962 
               138.8 -2.75389  1.00349 -89.2335 0.641154  12.7714 0.476862 0 0 0 0.04165 0.02326 -0.0284 -0.0712578  -0.673698 -0.0217691 -2.1681e-05  0.00210579   0.0012439  -0.120536   0.117015 0.00828504 -0.173127  0.392369  -9.79962 
               138.9  -2.8649  1.01371 -89.8896 0.633563  12.7012  0.47426 0 0 0 0.04165 0.02326 -0.0284 -0.0629842  -0.691151 -0.0255102 -3.20334e-06   0.00209683   0.00123352  -0.120973   0.117098 0.00834326 -0.173132  0.392218  -9.79963 
                 139 -2.91423  1.00217 -90.6708 0.626368  12.6328 0.471011 0 0 0 0.04165 0.02326 -0.0284 -0.0941648  -0.663055 -0.0282505 8.51355e-06  0.00208721  0.00123117  -0.121033   0.117089 0.00843095 -0.173127  0.392198  -9.79963 
               139.1 -2.94388 0.968773 -91.2544 0.620349  12.5678 0.468678 0 0 0 0.04165 0.02326 -0.0284 -0.0483878  -0.635052  -0.031309 3.65484e-05  0.00207773  0.00122503  -0.120994   0.116856 0.00837118 -0.173051  0.392223  -9.79963 
               139.2 -2.88206 0.974825 -91.8002 0.615732  12.5064 0.464064 0 0 0 0.04165 0.02326 -0.0284 -0.0781132  -0.587964 -0.0411272 3.32988e-06  0.00206678  0.00121344  -0.121008   0.116652 0.00853828 -0.172985  0.392226  -9.79963 
               139.3 -2.83123 0.972194 -92.0237 0.611315  12.4481 0.459793 0 0 0 0.04165 0.02326 -0.0284  -0.037928  -0.583499 -0.0475211 1.11209e-05  0.00205929  0.00120324 -0.120962  0.116447 0.0086166 -0.17292 0.392249 -9.79963 
               139.4 -2.92371  1.02447 -92.1788  0.60647  12.3906 0.459016 0 0 0 0.04165 0.02326 -0.0284 -0.0651979  -0.591249 -0.0233168 4.67719e-05  0.00204946  0.00119153  -0.120772    0.11644 0.00826916 -0.172922  0.392315  -9.79963 
               139.5 -2.85142  1.03386 -92.0614 0.600986  12.3322 0.457816 0 0 0 0.04165 0.02326 -0.0284 -0.0335779  -0.614733 -0.0302729 3.67993e-05  0.00204258  0.00117943  -0.120511   0.116482 0.00809891 -0.172944  0.392401  -9.79962 
               139.6 -2.94767  1.04623 -91.7796 0.596983  12.2714 0.456531 0 0 0 0.04165 0.02326 -0.0284 -0.0595579  -0.631099 -0.0255872 5.73891e-05  0.00203818  0.00117152  -0.120211   0.116445 0.00794681 -0.172942  0.392501  -9.79962 
               139.7 -2.89562  1.05326 -91.2979 0.590727  12.2094 0.454315 0 0 0 0.04165 0.02326 -0.0284 -0.0464067  -0.648676 -0.0217585 6.07649e-05  0.00203767  0.00116388 -0.119909   0.11651  0.007939 -0.172975  0.392597  -9.79961 
               139.8 -2.90213  1.10684 -90.7849 0.586239  12.1456 0.452401 0 0 0 0.04165 0.02326 -0.0284 -0.0575892  -0.646004  -0.021814 6.27243e-05  0.00203245  0.00115938   -0.11967   0.116478 0.00791425 -0.172975  0.392676  -9.79961 
               139.9 -2.82321  1.12687 -90.0907 0.584263  12.0846 0.449963 0 0 0 0.04165 0.02326 -0.0284 -0.0220283  -0.622493 0.00898317 4.82145e-05  0.00203027  0.00115693   -0.11927   0.116273 0.00794997 -0.172926  0.392813  -9.79961 
                 140 -2.75765  1.21901 -89.2922 0.583033   12.026  0.44888 0 0 0 0.04165 0.02326 -0.0284 -0.00944918   -0.576828 -0.00155329 2.42548e-05   0.0020326  0.00115113  -0.118973   0.116121 0.00799888 -0.172892  0.392915   -9.7996 
               140.1 -2.83088  1.14925 -88.4724 0.581463  11.9679 0.448277 0 0 0 0.04165 0.02326 -0.0284  -0.0145799   -0.568627 -0.00558464 6.1967e-05 0.00204459 0.00114694  -0.118971   0.116308 0.00800136 -0.172952  0.392907   -9.7996 
               140.2 -2.82065  1.15809 -87.6903 0.579391  11.9114 0.446898 0 0 0 0.04165 0.02326 -0.0284 -0.00425069   -0.565782 0.000447457 7.0318e-05 0.00205353 0.00114393  -0.119044   0.116353 0.00812423 -0.172963   0.39288   -9.7996 
               140.3 -2.85539  1.11687 -87.0542 0.578291  11.8545  0.44434 0 0 0 0.04165 0.02326 -0.0284 -0.0178557  -0.577172 -0.0197671 6.54353e-05  0.00205655   0.0011459  -0.119094   0.116442 0.00835723 -0.172991  0.392857   -9.7996 
               140.4  -2.8209  1.13499 -86.3623 0.578345  11.7948 0.439203 0 0 0 0.04165 0.02326 -0.0284 0.00395081  -0.610467 -0.0233894 5.31102e-05  0.00205818  0.00114863  -0.119257   0.116233 0.00876198 -0.172918  0.392814  -9.79961 
               140.5 -2.75291  1.10175 -85.6938 0.580025  11.7306 0.434857 0 0 0 0.04165 0.02326 -0.0284 0.00649313  -0.644213 -0.0330091 6.64517e-05  0.00205728  0.00115351  -0.119525   0.116185 0.00887265 -0.172887  0.392731  -9.79961 
               140.6 -2.68261  1.16783 -84.8714 0.581318  11.6639 0.430978 0 0 0 0.04165 0.02326 -0.0284  0.0416738  -0.677284 -0.0370106 5.76556e-05  0.00205528  0.00115028  -0.119533   0.116112 0.00892575 -0.172864  0.392733  -9.79961 
               140.7 -2.62768   1.1932 -84.1581 0.584846   11.596 0.426524 0 0 0 0.04165 0.02326 -0.0284 0.00474848   -0.66849 -0.0363483 6.87813e-05  0.00206317  0.00115575  -0.119654   0.116045 0.00899734 -0.172835  0.392699  -9.79961 
               140.8 -2.58389  1.14953 -83.3251 0.589151  11.5294 0.425054 0 0 0 0.04165 0.02326 -0.0284  0.0615874  -0.649412 -0.0291632 5.77145e-05  0.00207016  0.00115539  -0.119779   0.116028 0.00874976 -0.172819  0.392663  -9.79961 
               140.9 -2.63025  1.15909 -82.5594 0.591519  11.4667  0.42341 0 0 0 0.04165 0.02326 -0.0284  0.0287806  -0.610864 -0.0249332 5.70151e-05  0.00206599  0.00115261  -0.119685   0.116154 0.00861413 -0.172864  0.392685  -9.79961 
                 141 -2.53864  1.12785  -81.819 0.595763  11.4066 0.422394 0 0 0 0.04165 0.02326 -0.0284 0.0345513 -0.605475 -0.021865 4.40928e-05  0.00206525  0.00115166 -0.119591  0.116234 0.0084631 -0.172895  0.392709  -9.79961 
               141.1 -2.58244  1.14024 -81.0838  0.59622  11.3465 0.418982 0 0 0 0.04165 0.02326 -0.0284   0.025771  -0.605294 -0.0260683 5.2122e-05 0.00206218 0.00114919  -0.119504    0.11628 0.00861284 -0.172917   0.39273  -9.79961 
               141.2 -2.44637  1.09839 -80.4894 0.601165  11.2848 0.416964 0 0 0 0.04165 0.02326 -0.0284   0.038593  -0.625455 -0.0288063 3.73941e-05  0.00206151  0.00115229  -0.119558   0.116179 0.00855071 -0.172882  0.392723  -9.79961 
               141.3 -2.45235  1.15504 -79.8861 0.605486  11.2212 0.414331 0 0 0 0.04165 0.02326 -0.0284  0.0457723  -0.648238 -0.0188108 5.23768e-05  0.00205623  0.00115279  -0.119597   0.116054 0.00854892 -0.17284 0.392722 -9.79961 
               141.4 -2.42353  1.11669  -79.273 0.614015  11.1569 0.412365 0 0 0 0.04165 0.02326 -0.0284    0.06442  -0.652256 -0.0275395 5.70385e-05  0.00205365  0.00115685  -0.119469   0.115877 0.00848452 -0.172798  0.392777  -9.79961 
               141.5 -2.42625  1.18555 -78.5711 0.620239  11.0932 0.408973 0 0 0 0.04165 0.02326 -0.0284  0.0750804  -0.626708 -0.0246485 6.0445e-05 0.00205294 0.00115815  -0.119452   0.115722 0.00860643 -0.172754  0.392795  -9.79961 
               141.6 -2.4089 1.18992 -78.072  0.62704  11.0329 0.405693 0 0 0 0.04165 0.02326 -0.0284  0.0357826   -0.57884 -0.0284691 8.04102e-05  0.00205153  0.00116346  -0.119395   0.115744 0.00867229 -0.172766   0.39281  -9.79961 
               141.7 -2.40435  1.22654 -77.5784 0.630112  10.9769 0.402079 0 0 0 0.04165 0.02326 -0.0284  0.0681324  -0.557305 -0.0340968 5.87856e-05  0.00204957  0.00116684  -0.119294   0.115826 0.00880726 -0.172802   0.39283  -9.79961 
               141.8 -2.34921  1.22725 -77.2923  0.63426  10.9217 0.399481 0 0 0 0.04165 0.02326 -0.0284  0.0203651  -0.560619 -0.0434042 7.24195e-05  0.00204363  0.00116725  -0.119227   0.115973 0.00868984 -0.172851  0.392837  -9.79961 
               141.9 -2.28564  1.25022 -76.9365 0.637193  10.8665 0.396312 0 0 0 0.04165 0.02326 -0.0284  0.0368836  -0.569141 -0.0226755 7.19981e-05  0.00204189  0.00116869  -0.119195   0.115913 0.00869347 -0.172837  0.392852  -9.79961 
                 142 -2.24282  1.23353  -76.809 0.641148  10.8087 0.394624 0 0 0 0.04165 0.02326 -0.0284  0.0273874  -0.576909 -0.0275413 7.86295e-05   0.0020328   0.0011716  -0.119133   0.115951 0.00855079 -0.172853  0.392868   -9.7996 
               142.1 -2.27827  1.41031 -76.7076 0.645102  10.7492 0.391813 0 0 0 0.04165 0.02326 -0.0284   0.0351016   -0.603775 -0.00524719 8.21976e-05  0.00202388  0.00117687  -0.119148   0.115672 0.00863054 -0.17277 0.392891 -9.79961 
               142.2  -2.2415  1.42009 -76.8266 0.649787  10.6888 0.390419 0 0 0 0.04165 0.02326 -0.0284  0.0214771   -0.60825 -0.0202239 9.22627e-05  0.00201602  0.00117848  -0.119129   0.115588 0.00858727 -0.172748  0.392906  -9.79961 
               142.3 -2.27363  1.43523 -76.9146 0.652626  10.6282 0.388843 0 0 0 0.04165 0.02326 -0.0284  0.0516398  -0.598806 -0.0142568 6.64602e-05   0.0020157  0.00117818  -0.119174   0.115481 0.00863633 -0.172712  0.392904  -9.79961 
               142.4 -2.24873  1.46805 -77.1194  0.65636  10.5704 0.384762 0 0 0 0.04165 0.02326 -0.0284 -0.00329807   -0.568277  -0.0224472 8.47227e-05  0.00200818  0.00117922  -0.119113    0.11546 0.00891815 -0.172714  0.392921  -9.79961 
               142.5 -2.34057  1.50607 -77.2036 0.657299  10.5153 0.382532 0 0 0 0.04165 0.02326 -0.0284  0.0253545  -0.547378 -0.0274545 9.37959e-05  0.00199857  0.00117535  -0.119069   0.115377 0.00893137 -0.172695  0.392942   -9.7996 
               142.6 -2.26163  1.49128 -77.4316 0.657982  10.4604 0.379391 0 0 0 0.04165 0.02326 -0.0284 0.0121283 -0.544266 -0.023498 9.06507e-05  0.00199804  0.00117449  -0.119089   0.115435 0.00899612 -0.17271  0.39293 -9.79961 
               142.7 -2.27727  1.44164 -77.6147 0.660981  10.4046 0.376265 0 0 0 0.04165 0.02326 -0.0284  0.0130528  -0.572202 -0.0320198 0.000112218  0.00199039  0.00117112   -0.11914   0.115432 0.00906861 -0.172705  0.392915  -9.79961 
               142.8 -2.30948  1.38105 -77.6384 0.663926  10.3464 0.375144 0 0 0 0.04165 0.02326 -0.0284  0.0247278  -0.599617 -0.0223503 0.000124769  0.00197922  0.00116893 -0.119205   0.11531 0.0088345 -0.172662   0.39291  -9.79961 
               142.9 -2.32536  1.38756 -77.7597 0.665329  10.2853  0.37309 0 0 0 0.04165 0.02326 -0.0284  0.0357383  -0.625461 -0.0264501 0.000117198  0.00197057  0.00116279  -0.119226   0.115391 0.00882753 -0.172683  0.392896  -9.79961 
                 143 -2.28375  1.37834 -77.8282 0.668746  10.2226 0.369367 0 0 0 0.04165 0.02326 -0.0284  0.0116141   -0.62906 -0.0274838 0.00012656  0.0019627 0.00115957  -0.119265   0.115465 0.00896679 -0.172701  0.392877  -9.79961 
               143.1 -2.35601  1.39052 -77.7895 0.670263  10.1587 0.365422 0 0 0 0.04165 0.02326 -0.0284  0.0475214   -0.63701 -0.0346116 0.000131918  0.00196234  0.00115465  -0.119283   0.115489 0.00912062 -0.172707  0.392868  -9.79961 
               143.2  -2.3023  1.41294 -77.8075 0.673809   10.097 0.363341 0 0 0 0.04165 0.02326 -0.0284 -0.00435034   -0.619598  -0.0221578 0.000127019   0.0019543   0.0011533  -0.119207    0.11545 0.00899271 -0.172703  0.392894  -9.79961 
               143.3 -2.25143  1.33576 -77.6949 0.677505  10.0369 0.360874 0 0 0 0.04165 0.02326 -0.0284  0.0557368  -0.567506 -0.0180559 9.31554e-05  0.00195791  0.00115272  -0.119205   0.115252 0.00890961 -0.172646  0.392915  -9.79961 
               143.4 -2.50185  1.33673 -77.7649 0.680694  9.97943 0.359286 0 0 0 0.04165 0.02326 -0.0284 3.07012e-05   -0.560876  -0.0148486 0.000135975  0.00195845   0.0011526  -0.119202   0.115241 0.00883366 -0.172643  0.392917  -9.79961 
               143.5 -2.42464  1.30497 -77.6488 0.683134  9.92329 0.357438 0 0 0 0.04165 0.02326 -0.0284  0.0494106  -0.562596 -0.0189774 0.000150557  0.00194704  0.00114998  -0.119131   0.115241 0.00880047 -0.172649  0.392937  -9.79961 
               143.6 -2.51056  1.21183  -77.624 0.686813  9.86474 0.355625 0 0 0 0.04165 0.02326 -0.0284 0.00429577   -0.59174 -0.0113261 0.000154545  0.00194506  0.00114811  -0.119174   0.115125 0.00877797 -0.172613  0.392936  -9.79961 
               143.7 -2.44123   1.1158 -77.5499 0.689933  9.80346  0.35394 0 0 0 0.04165 0.02326 -0.0284 0.0628901 -0.627454 -0.022347 0.000149055  0.00194343  0.00114395  -0.119127   0.115173 0.00876328 -0.17263 0.392945 -9.79961 
               143.8 -2.52548  1.06106 -77.5282 0.695326  9.73922 0.349902 0 0 0 0.04165 0.02326 -0.0284 0.00805127  -0.660586 -0.0285432 0.000156713  0.00194201  0.00114801 -0.119161  0.114915 0.0089832 -0.172557  0.392958  -9.79961 
               143.9 -2.42783   1.0124 -77.4311 0.699654  9.67323 0.348324 0 0 0 0.04165 0.02326 -0.0284  0.0879982  -0.661546 -0.0213538 0.000167467  0.00193231  0.00114396 -0.119102  0.114943 0.0088444 -0.172569  0.392973  -9.79961 
                 144  -2.5556 0.960477 -77.3912 0.704143  9.60733 0.345564 0 0 0 0.04165 0.02326 -0.0284  0.0285261  -0.644645 -0.0271223 0.000166544  0.00192485  0.00114188  -0.119053   0.115031 0.00885699 -0.172598  0.392978  -9.79961 
               144.1 -2.46737 0.999453 -77.0581 0.709996  9.54229 0.341798 0 0 0 0.04165 0.02326 -0.0284  0.0558113  -0.643843 -0.0354932 0.000161151  0.00191927  0.00114111  -0.119013   0.114967 0.00891877 -0.172585  0.392995   -9.7996 
               144.2 -2.46417  1.04042 -76.8017 0.712539  9.47887 0.339737 0 0 0 0.04165 0.02326 -0.0284 0.0583015  -0.64139 -0.031245 0.00015716 0.00191526 0.00113543  -0.118943    0.11507 0.00879797 -0.172619  0.393006   -9.7996 
               144.3 -2.41112 0.973615 -76.5757 0.717545   9.4153 0.336421 0 0 0 0.04165 0.02326 -0.0284  0.0245313  -0.633925 -0.0270107 0.000167838   0.0019184  0.00113546  -0.118882   0.115245 0.00882854 -0.172673  0.393005   -9.7996 
               144.4 -2.50651  0.99556 -76.2049 0.720628  9.35163 0.334279 0 0 0 0.04165 0.02326 -0.0284  0.0697573  -0.642686 -0.0303255 0.000171423  0.00191668  0.00113404  -0.118849   0.115208 0.00875972 -0.172665  0.393019   -9.7996 
               144.5 -2.43329  1.07591 -76.0442 0.726638  9.28612  0.33259 0 0 0 0.04165 0.02326 -0.0284  0.0275541  -0.675616 -0.0173408 0.000164035  0.00190824  0.00113308  -0.118861    0.11518 0.00862123 -0.172656  0.393019   -9.7996 
               144.6 -2.39222  1.08628  -75.627 0.734231  9.21749 0.331592 0 0 0 0.04165 0.02326 -0.0284    0.102156   -0.677812 -0.00768975 0.000179908  0.00190536  0.00113183  -0.118923   0.115085 0.00847976 -0.172623  0.393014   -9.7996 
               144.7 -2.48245  1.06379 -75.3166 0.740895   9.1479 0.328012 0 0 0 0.04165 0.02326 -0.0284 0.0671338 -0.687237 -0.022371 0.00018141 0.00192105 0.00112751  -0.118952   0.115172 0.00868432 -0.172645  0.392995   -9.7996 
               144.8 -2.27805  1.19625 -74.7666 0.750931  9.07984 0.322331 0 0 0 0.04165 0.02326 -0.0284  0.0956998  -0.673019 -0.0305494 0.000165435  0.00191777  0.00112297  -0.118985    0.11507 0.00907451 -0.172617  0.392992   -9.7996 
               144.9 -2.36018  1.29406 -74.1865 0.758032  9.01454 0.318802 0 0 0 0.04165 0.02326 -0.0284   0.105154  -0.646704 -0.0341646 0.000204641  0.00191531  0.00112379  -0.118947   0.115152 0.00913167 -0.172643  0.392993   -9.7996 
                 145 -2.36405  1.32465 -73.6472 0.766563  8.95181 0.315912 0 0 0 0.04165 0.02326 -0.0284  0.0725841  -0.627058 -0.0340601 0.000219436  0.00190997  0.00111675  -0.118786   0.115321 0.00906498 -0.172704  0.393019   -9.7996 
               145.1 -2.35859  1.41493 -73.0295 0.772712  8.88879 0.311066 0 0 0 0.04165 0.02326 -0.0284   0.099057  -0.617941 -0.0298738 0.000217831  0.00191278  0.00111429  -0.118695   0.115413 0.00923787 -0.172739  0.393032   -9.7996 
               145.2 -2.26266  1.49368 -72.6798 0.779799  8.82648 0.308895 0 0 0 0.04165 0.02326 -0.0284  0.0437583  -0.638032 -0.0290974 0.000204545  0.00191666  0.00112144  -0.118593   0.115474 0.00907425 -0.172765  0.393053   -9.7996 
               145.3 -2.22888  1.46085 -72.2768 0.787199  8.76215  0.30737 0 0 0 0.04165 0.02326 -0.0284  0.0742383  -0.662081 -0.0302394  0.0002132 0.00191447 0.00112474  -0.118511   0.115407 0.00888426 -0.172756  0.393084   -9.7996 
               145.4 -2.25555  1.49412 -72.0376 0.793107  8.69516  0.30562 0 0 0 0.04165 0.02326 -0.0284  0.0622043  -0.670037 -0.0267082 0.000223539  0.00191094  0.00112756  -0.118571   0.115405 0.00876158 -0.172748   0.39307   -9.7996 
               145.5  -2.1637   1.4935 -71.8829 0.800848  8.62864 0.303053 0 0 0 0.04165 0.02326 -0.0284  0.0645278  -0.669783 -0.0317738 0.000224306  0.00190779   0.0011263  -0.118505    0.11541 0.00878547 -0.172757  0.393086   -9.7996 
               145.6 -2.20423  1.51209 -71.7351 0.807657  8.56278 0.298872 0 0 0 0.04165 0.02326 -0.0284  0.0883369  -0.651392 -0.0335703 0.000231899   0.0019067  0.00112725  -0.118532   0.115271 0.00898698 -0.17272 0.393093  -9.7996 
               145.7 -2.17136  1.45081 -71.7113 0.816233  8.49989 0.295709 0 0 0 0.04165 0.02326 -0.0284  0.0490215   -0.61794 -0.0103528 0.000232493  0.00190252  0.00113323  -0.118462   0.115207 0.00899052 -0.172711  0.393118   -9.7996 
               145.8 -2.26382  1.35394 -71.5409 0.822005  8.43798 0.293826 0 0 0 0.04165 0.02326 -0.0284  0.0800164  -0.608897 -0.0288598 0.000233661  0.00190576   0.0011302  -0.118367   0.115222 0.00887732 -0.172725  0.393142   -9.7996 
               145.9 -2.08525  1.41481 -71.4955 0.831008  8.37471  0.29057 0 0 0 0.04165 0.02326 -0.0284  0.0631999  -0.632094 -0.0295065 0.000209997  0.00189893  0.00113238  -0.118437   0.115038 0.00888355 -0.172671  0.393145   -9.7996 
                 146 -2.06437  1.49821 -71.3801 0.837138  8.31151 0.288404 0 0 0 0.04165 0.02326 -0.0284  0.0862511  -0.645903 -0.0220308 0.000228512  0.00188682  0.00112805 -0.118386   0.11522 0.0088382 -0.172722  0.393137   -9.7996 
               146.1 -2.13386  1.42315 -71.3418 0.844046  8.24688 0.286567 0 0 0 0.04165 0.02326 -0.0284  0.0734169   -0.65856 -0.0256268 0.000244949   0.0018794  0.00113054  -0.118323   0.115233 0.00877609 -0.172733  0.393152   -9.7996 
               146.2 -2.05701  1.40637  -71.269  0.85058  8.18039 0.283472 0 0 0 0.04165 0.02326 -0.0284 0.0806949 -0.677808 -0.028944 0.00025347  0.0018768 0.00112689  -0.11827  0.115452 0.0088794 -0.172794  0.393139   -9.7996 
               146.3 -2.03841  1.41081 -71.1887 0.854864  8.11149 0.279815 0 0 0 0.04165 0.02326 -0.0284  0.0538031  -0.701414 -0.0361585 0.000260685   0.0018739  0.00112366  -0.118301   0.115632 0.00900036 -0.172836   0.39311   -9.7996 
               146.4 -1.95736  1.30787 -71.1901 0.860491  8.04219 0.276103 0 0 0 0.04165 0.02326 -0.0284   0.018104  -0.665027 -0.0307184 0.000252178  0.00187191  0.00112112   -0.11836   0.115774 0.00904584 -0.172865  0.393078   -9.7996 
               146.5 -2.0923 1.38722 -71.206 0.864553  7.97722 0.274933 0 0 0 0.04165 0.02326 -0.0284  0.0524257  -0.625105 -0.0230756 0.000293506  0.00184403  0.00112166   -0.11838    0.11577 0.00885642 -0.17286 0.393076  -9.7996 
               146.6  -2.1044  1.34727 -71.4178 0.867871  7.91445 0.272613 0 0 0 0.04165 0.02326 -0.0284  0.0229363  -0.617578 -0.0271749 0.000282024  0.00183853  0.00112281  -0.118481   0.115684 0.00881045 -0.172828  0.393061   -9.7996 
               146.7 -2.03689  1.33668 -71.6675 0.872487  7.85233 0.269434 0 0 0 0.04165 0.02326 -0.0284 0.0422567 -0.618133 -0.026376 0.000287903  0.00182856   0.0011218  -0.118641   0.115647 0.00888845 -0.172801  0.393025   -9.7996 
               146.8 -2.11406  1.34428 -71.9345 0.87498 7.79043 0.26856 0 0 0 0.04165 0.02326 -0.0284  0.0158244  -0.622445 -0.0205452 0.000302013  0.00181741  0.00111701  -0.118655   0.115643 0.00869728 -0.172797  0.393024   -9.7996 
               146.9 -2.06273   1.3207 -72.2746 0.877567  7.72691 0.265804 0 0 0 0.04165 0.02326 -0.0284  0.0303285  -0.649419 -0.0231566 0.000286498  0.00181382  0.00111208  -0.118628   0.115718 0.00882603 -0.172819  0.393021   -9.7996 
                 147 -2.07485  1.32495 -72.6132 0.879742  7.66092 0.262067 0 0 0 0.04165 0.02326 -0.0284  0.0238846  -0.659793 -0.0281617 0.000287233   0.0018157  0.00111047  -0.118729    0.11567 0.00906124 -0.172798  0.392999   -9.7996 
               147.1 -2.15252  1.25448 -73.0831 0.881771  7.59287 0.260492 0 0 0 0.04165 0.02326 -0.0284 0.00777298   -0.69045 -0.0299524 0.000289873  0.00180953  0.00111287  -0.118695   0.115707 0.00897945 -0.17281 0.393004  -9.7996 
               147.2 -2.15525  1.37079 -73.5579 0.881091  7.52466 0.258052 0 0 0 0.04165 0.02326 -0.0284  0.0164662  -0.667468 -0.0095628 0.00029705 0.00178949 0.00110872  -0.118797   0.115797 0.00903623 -0.172822  0.392969   -9.7996 
               147.3 -2.30545   1.1867 -74.2205  0.88131  7.45931 0.257171 0 0 0 0.04165 0.02326 -0.0284  -0.0190844   -0.636021 -0.00733682 0.000325266  0.00179159  0.00110791  -0.118794   0.115953 0.00895343 -0.17286 0.392955  -9.7996 
               147.4 -2.30159  1.13109  -74.614 0.880332  7.39614 0.253541 0 0 0 0.04165 0.02326 -0.0284  0.0260655  -0.619525 -0.0287896 0.000315963  0.00178611  0.00110345  -0.118774   0.116037 0.00919831 -0.172884  0.392949   -9.7996 
               147.5 -2.35202  1.08663 -75.0828 0.877638  7.33461 0.249323 0 0 0 0.04165 0.02326 -0.0284 -0.0346538  -0.623188 -0.0377486 0.000314696  0.00178274  0.00109676    -0.1187   0.116223 0.00941037 -0.172938  0.392947   -9.7996 
               147.6 -2.25847   1.0154 -75.4534 0.876076  7.27261 0.246286 0 0 0 0.04165 0.02326 -0.0284 0.00902834  -0.616333 -0.0180966 0.000320607  0.00177916  0.00109109  -0.118657   0.116317 0.00938204 -0.172965  0.392949   -9.7996 
               147.7  -2.4425  1.03196 -75.8627 0.874476  7.21035 0.244457 0 0 0 0.04165 0.02326 -0.0284 -0.0531379  -0.625463 -0.0248288 0.000347256  0.00176177  0.00108197  -0.118608   0.116436 0.00928201 -0.172998  0.392951   -9.7996 
               147.8 -2.41864  1.05596 -76.1135 0.872081  7.14647 0.244006 0 0 0 0.04165 0.02326 -0.0284 -3.94521e-05    -0.675638   -0.0240276 0.000347564  0.00175303  0.00107474  -0.118586   0.116438 0.00909353 -0.172999  0.392958   -9.7996 
               147.9 -2.47569  1.02453  -76.534 0.868303  7.07943 0.241449 0 0 0 0.04165 0.02326 -0.0284 -0.0366157  -0.676664 -0.0200282 0.000344153  0.00174595  0.00106814  -0.118515   0.116471 0.00916323 -0.173014  0.392972   -9.7996 
                 148 -2.45858  1.02004 -76.9204 0.866612  7.01166 0.239301 0 0 0 0.04165 0.02326 -0.0284 -0.0390687  -0.658119 -0.0217482 0.000329675   0.0017408  0.00106397  -0.118534   0.116421 0.00915737   -0.173 0.392971  -9.7996 
               148.1 -2.47505  1.11562  -77.341 0.862234  6.94773 0.237179 0 0 0 0.04165 0.02326 -0.0284 -0.0201097  -0.632854 -0.0240755 0.000330307  0.00173063  0.00106213  -0.118473   0.116317 0.00918193 -0.17298 0.392995  -9.7996 
               148.2 -2.47285  1.11415 -77.9661 0.858121  6.88625 0.235236 0 0 0 0.04165 0.02326 -0.0284 -0.0774558  -0.599871 -0.0144807 0.00033861 0.00171983 0.00105934  -0.118465   0.116413 0.00914493 -0.173004  0.392989   -9.7996 
               148.3 -2.47288  1.07146 -78.6339 0.850389  6.82741 0.233964 0 0 0 0.04165 0.02326 -0.0284 -0.0577113  -0.584948 -0.0134335 0.000350447  0.00171004  0.00105704  -0.118431   0.116549 0.00910472 -0.17304 0.392987  -9.7996 
               148.4  -2.5508  1.08087 -79.9673 0.842153  6.76852 0.232644 0 0 0 0.04165 0.02326 -0.0284   -0.116985   -0.585448 -0.00273391 0.000357924  0.00169845  0.00106515  -0.118456   0.116463 0.00908664 -0.173017  0.392988   -9.7996 
               148.5 -2.64021  1.03494 -81.7284 0.834333  6.70741 0.229766 0 0 0 0.04165 0.02326 -0.0284 -0.0954915  -0.616909 -0.0182369 0.000374334  0.00168159  0.00107762  -0.118625     0.1162 0.00927443 -0.172942  0.392964   -9.7996 
               148.6 -2.72799  1.06778 -83.7614 0.821635  6.64283 0.225588 0 0 0 0.04165 0.02326 -0.0284  -0.164215  -0.644408 -0.0237578 0.000380324   0.0016648  0.00108203    -0.1189   0.116169 0.00956169 -0.172919  0.392896   -9.7996 
               148.7   -2.688 0.992117  -85.917 0.806726  6.57653 0.221568 0 0 0 0.04165 0.02326 -0.0284  -0.154149  -0.655392 -0.0229712 0.00038403  0.0016517 0.00108184  -0.119144   0.116133 0.00973968 -0.172899  0.392836  -9.79961 
               148.8 -2.81842 0.925404 -88.1853 0.791889  6.51126 0.220688 0 0 0 0.04165 0.02326 -0.0284  -0.152695  -0.619118 -0.0179016 0.000390347   0.0016295  0.00108195   -0.11937   0.115931 0.00959412 -0.17284 0.392791 -9.79961 
               148.9 -2.84602 0.919509 -90.3341 0.777317  6.44947 0.219628 0 0 0 0.04165 0.02326 -0.0284  -0.173075  -0.596189 -0.0229043 0.000398159  0.00160583  0.00107331  -0.119449   0.115872 0.00953498 -0.172822  0.392774  -9.79961 
                 149 -2.96929 0.876032 -92.3455 0.759814  6.39304 0.216708 0 0 0 0.04165 0.02326 -0.0284  -0.165772  -0.543403 -0.0225683 0.000410159  0.00158774  0.00106246  -0.119405   0.115835 0.00965748 -0.172815  0.392785  -9.79961 
               149.1 -3.07731 0.786614 -94.2885  0.73946  6.33965 0.214245 0 0 0 0.04165 0.02326 -0.0284  -0.185455  -0.517348 -0.0310654 0.000414381  0.00156918  0.00104305  -0.119347   0.116123 0.00968479 -0.172886  0.392795  -9.79961 
               149.2 -3.12982  0.79096 -96.1051 0.717993  6.28928 0.212841 0 0 0 0.04165 0.02326 -0.0284  -0.217743    -0.5048 -0.0156096 0.000440408  0.00155095  0.00102828  -0.119274   0.116321 0.00954268 -0.172934  0.392814  -9.79961 
               149.3  -3.1519 0.725846 -97.7919  0.69362  6.24018 0.212402 0 0 0 0.04165 0.02326 -0.0284  -0.228493  -0.518221 -0.0196675 0.000458267  0.00153707  0.00101462  -0.119014    0.11662 0.00941122 -0.173002  0.392881   -9.7996 
               149.4 -3.25764 0.682328 -99.4483 0.668863  6.18905 0.211621 0 0 0 0.04165 0.02326 -0.0284  -0.261541  -0.522433 -0.0233419 0.000504295  0.00152593  0.00100561  -0.118923    0.11675 0.00930752 -0.173031  0.392905   -9.7996 
               149.5 -3.24294 0.657661 -100.961 0.641579  6.13803 0.210069 0 0 0 0.04165 0.02326 -0.0284   -0.260448   -0.534323 -0.00565513 0.000502419  0.00151232 0.000984974  -0.118694   0.116951 0.00934621 -0.173073  0.392966   -9.7996 
               149.6 -3.31016 0.564097 -102.382 0.617663  6.08455 0.208202 0 0 0 0.04165 0.02326 -0.0284  -0.267875  -0.524468 -0.0162515 0.000521424  0.00150233 0.000974238  -0.118552   0.116718 0.00939123 -0.173012  0.392992   -9.7996 
               149.7  -3.3664 0.549094 -103.548 0.593928  6.03418 0.206405 0 0 0 0.04165 0.02326 -0.0284  -0.233262  -0.512109 -0.0171091 0.000523363  0.00148498 0.000951946 -0.118287  0.116541  0.009415 -0.172959  0.393047   -9.7996 
               149.8 -3.43775 0.534505 -104.634 0.570744   5.9854 0.202698 0 0 0 0.04165 0.02326 -0.0284  -0.252815  -0.488996 -0.0279213 0.000528724  0.00147504  0.00093832  -0.118103   0.116408 0.00961723 -0.17292 0.393083  -9.7996 
               149.9 -3.46118 0.502445 -105.446 0.546596  5.93654 0.202303 0 0 0 0.04165 0.02326 -0.0284  -0.227588  -0.492378 -0.0185859 0.000564403  0.00146698 0.000914962  -0.118174   0.116387 0.00937491 -0.172917  0.393067   -9.7996 
                 150 -3.44207 0.480653 -106.208 0.524558  5.88723 0.204417 0 0 0 0.04165 0.02326 -0.0284   -0.238617   -0.484197 -0.00809244 0.000561874   0.0014459  0.00090663  -0.118286   0.116153 0.00891549 -0.172866  0.393029   -9.7996 
               150.1 -3.35504 0.485457 -106.861 0.503109  5.83547 0.204271 0 0 0 0.04165 0.02326 -0.0284   -0.227523   -0.517376 -0.00499822  0.00055395  0.00142894 0.000900934   -0.11846   0.115955 0.00888564 -0.172831  0.392977   -9.7996 
               150.2 -3.41712 0.435703 -107.449 0.478551  5.78241 0.203739 0 0 0 0.04165 0.02326 -0.0284   -0.264311   -0.520282 -0.00951331 0.000563151  0.00141789 0.000893192  -0.118676   0.115853 0.00885766 -0.172822  0.392922   -9.7996 
               150.3 -3.36262  0.44973 -108.022 0.452219   5.7267 0.202115 0 0 0 0.04165 0.02326 -0.0284 -0.260826 -0.572221 -0.014103 0.000569134  0.00140913 0.000885527  -0.118913   0.115929 0.00898675 -0.172857  0.392873   -9.7996 
               150.4 -3.40332 0.417461 -108.564 0.424663  5.66866 0.199719 0 0 0 0.04165 0.02326 -0.0284  -0.274647   -0.57989 -0.0169539 0.000572152    0.001403 0.000885372  -0.119148   0.115863 0.00910215 -0.17286 0.392815 -9.79961 
               150.5 -3.38408 0.459449 -108.981 0.400015  5.60857 0.197621 0 0 0 0.04165 0.02326 -0.0284    -0.251915    -0.570521 -0.000398897 0.000565915  0.00138821    0.000881  -0.11937  0.115707 0.0091425 -0.172843  0.392753  -9.79961 
               150.6 -3.52521 0.470407 -109.037 0.373846  5.55317 0.195485 0 0 0 0.04165 0.02326 -0.0284  -0.247148   -0.53649 -0.0180343 0.000574774  0.00138222  0.00087313  -0.119337   0.115733 0.00927243 -0.172847  0.392762  -9.79961 
               150.7 -3.42345  0.49641 -108.881 0.350185  5.49877 0.194291 0 0 0 0.04165 0.02326 -0.0284  -0.235659  -0.541994 -0.0177503 0.000560182  0.00137592 0.000861974  -0.119361   0.115742 0.00925018 -0.172851  0.392758  -9.79961 
               150.8 -3.38471 0.509812 -108.433 0.323327  5.44523 0.191806 0 0 0 0.04165 0.02326 -0.0284  -0.253379  -0.551554 -0.0156738 0.000571771  0.00137792 0.000842359  -0.119384    0.11598 0.00937137 -0.172905   0.39277  -9.79961 
               150.9 -3.36723 0.510268 -107.866 0.300425  5.38856 0.189781 0 0 0 0.04165 0.02326 -0.0284  -0.227471  -0.566963 -0.0257149  0.00057543  0.00137618 0.000838501 -0.119427  0.115883 0.0094165 -0.172888  0.392753  -9.79961 
                 151 -3.33737 0.519485 -106.869 0.275198  5.33209 0.188167 0 0 0 0.04165 0.02326 -0.0284 -0.236352 -0.565179 0.0198622 0.000574363  0.00137763 0.000821453  -0.119276   0.116023 0.00936869 -0.172907  0.392797  -9.79961 
               151.1 -3.32848 0.540375 -105.753  0.24788  5.27105 0.187754 0 0 0 0.04165 0.02326 -0.0284  -0.253631  -0.623776 -0.0264906 0.000556072  0.00137324 0.000790551  -0.119232   0.116512 0.00930349 -0.173011  0.392841   -9.7996 
               151.2 -3.26155 0.718992 -104.256 0.221892  5.20669 0.188342 0 0 0 0.04165 0.02326 -0.0284   -0.257874   -0.667674 -0.00516017 0.000545025  0.00136806 0.000768593  -0.119266   0.116531 0.00905484 -0.173016  0.392836   -9.7996 
               151.3 -3.28861 0.700685  -102.58 0.203281  5.13913 0.187893 0 0 0 0.04165 0.02326 -0.0284   -0.23828  -0.653906 -0.0165238   0.0005489   0.0013809 0.000769669  -0.119259   0.115994 0.00893636 -0.172895  0.392807  -9.79961 
               151.4 -3.23477 0.765597 -100.712  0.18323  5.07306 0.183481 0 0 0 0.04165 0.02326 -0.0284  -0.186699  -0.661152 -0.0143065 0.000541555   0.0013964  0.00076788  -0.119298   0.115715 0.00929897 -0.172837  0.392782  -9.79961 
               151.5 -3.18471 0.805735 -99.1716 0.162528  5.00834 0.179824 0 0 0 0.04165 0.02326 -0.0284  -0.210924  -0.631557 -0.0199371 0.000516932  0.00141244 0.000778052  -0.119299   0.115784 0.00951618 -0.172854  0.392783  -9.79961 
               151.6 -3.12212 0.824069 -97.7392 0.143114  4.94462 0.176162 0 0 0 0.04165 0.02326 -0.0284  -0.213567  -0.617511 -0.0339121 0.000505561   0.0014261 0.000782665  -0.119345   0.115683 0.00965294 -0.172834  0.392769  -9.79961 
               151.7 -3.05888 0.946299 -96.7337 0.124088   4.8801  0.17235 0 0 0 0.04165 0.02326 -0.0284  -0.217446  -0.646681 -0.0218205 0.000511905  0.00143059 0.000793502  -0.119543   0.115521 0.00974022 -0.172802   0.39272  -9.79961 
               151.8 -3.12927 0.916593 -96.1443 0.101014  4.81349 0.168902 0 0 0 0.04165 0.02326 -0.0284  -0.197918  -0.671266 -0.0333157 0.000509167  0.00144226 0.000801199  -0.119659   0.115576 0.00977634 -0.172817  0.392695  -9.79961 
               151.9 -3.07104 0.961479 -95.6773 0.0782929   4.74472   0.16495 0 0 0 0.04165 0.02326 -0.0284  -0.234635  -0.687211 -0.0357779 0.000518618  0.00144515  0.00080045  -0.119782   0.115595 0.00986344 -0.172823  0.392667  -9.79961 
                 152 -3.01638 0.997247 -95.2193 0.0577085   4.67567   0.16152 0 0 0 0.04165 0.02326 -0.0284  -0.231122  -0.689219 -0.0318509 0.000511905  0.00144369 0.000802462  -0.119727   0.115398 0.00982699 -0.172778  0.392678  -9.79961 
               152.1 -3.00051 0.979854 -94.6798 0.0355816   4.60611  0.158945 0 0 0 0.04165 0.02326 -0.0284  -0.204699  -0.707307 -0.0397142 0.000515196  0.00144931  0.00078704  -0.119762   0.115389 0.00972698 -0.172776   0.39267  -9.79961 
               152.2 -2.97351  1.01167 -94.2567 0.0148642   4.53679  0.155993 0 0 0 0.04165 0.02326 -0.0284  -0.222048  -0.690762 -0.0283235 0.000511539  0.00144832 0.000783726  -0.119668   0.115304 0.00963824 -0.172756  0.392691  -9.79961 
               152.3 -2.93542  1.08496 -93.7467 -0.00335836     4.46967    0.154475 0 0 0 0.04165 0.02326 -0.0284  -0.194912  -0.678508 -0.0264698 0.000503669  0.00144387 0.000779642  -0.119474   0.115128 0.00942988 -0.172714  0.392735  -9.79961 
               152.4 -2.94996  1.03716 -93.2459 -0.0196841    4.40188   0.153383 0 0 0 0.04165 0.02326 -0.0284  -0.166456  -0.679116 -0.0250999  0.00051248   0.0014499 0.000779645  -0.119479   0.114695 0.00924642 -0.172617  0.392735  -9.79961 
               152.5 -2.93602   1.0142 -92.8182 -0.0353042    4.33647   0.151193 0 0 0 0.04165 0.02326 -0.0284  -0.174772  -0.668893 -0.0218086 0.000514236  0.00145396 0.000781011  -0.119198   0.114546 0.00926048 -0.172585  0.392798  -9.79961 
               152.6 -2.84794 0.964864 -92.2518 -0.0519032    4.27037   0.149777 0 0 0 0.04165 0.02326 -0.0284 -0.158084 -0.688904 -0.023987 0.000491142  0.00145425 0.000773629  -0.118945   0.114534 0.00918262 -0.172583  0.392854  -9.79961 
               152.7   -2.805 0.991294 -91.7344 -0.0666985    4.20316   0.147223 0 0 0 0.04165 0.02326 -0.0284 -0.161783 -0.699601 -0.026789 0.000500048  0.00145045 0.000774617  -0.118788   0.114343 0.00924548 -0.172543   0.39289  -9.79961 
               152.8 -2.72687 0.964143 -91.1912 -0.0803614    4.13356   0.145574 0 0 0 0.04165 0.02326 -0.0284  -0.168374  -0.691323 -0.0254508  0.00046869  0.00144675 0.000775939  -0.118909    0.11419 0.00915016 -0.172507  0.392865  -9.79961 
               152.9 -2.79291  0.88814 -90.5859 -0.0963704    4.06693   0.141928 0 0 0 0.04165 0.02326 -0.0284  -0.128572  -0.650202 -0.0254953 0.000483101  0.00144581  0.00077061  -0.118998   0.114248 0.00934634 -0.17252 0.392844 -9.79961 
                 153 -2.74835  0.96974 -90.2039 -0.109343   4.00168  0.140856 0 0 0 0.04165 0.02326 -0.0284  -0.137841  -0.629847 -0.0180218 0.000490972  0.00143328 0.000776322  -0.119258   0.114113 0.00915324 -0.172485   0.39279  -9.79961 
               153.1 -2.69899 0.990254 -89.7478 -0.122742   3.93753  0.137348 0 0 0 0.04165 0.02326 -0.0284  -0.134459  -0.645158 -0.0340285 0.000489931  0.00143817 0.000770705  -0.119359   0.114197 0.00933423 -0.172502  0.392766  -9.79962 
               153.2 -2.68744  1.09438  -89.363 -0.136994   3.87368   0.13665 0 0 0 0.04165 0.02326 -0.0284  -0.122801   -0.65706 -0.0100026 0.000488672  0.00142417 0.000769698  -0.119293   0.114189 0.00911367 -0.172501  0.392782  -9.79961 
               153.3 -2.66564  1.05239 -89.0498 -0.151172   3.80656  0.135547 0 0 0 0.04165 0.02326 -0.0284  -0.161373  -0.668254 -0.0131675 0.000478091  0.00142162 0.000761252  -0.119233   0.114317 0.00905243 -0.172529  0.392792  -9.79961 
               153.4 -2.60272  1.10375 -88.6777 -0.163968   3.73763    0.1334 0 0 0 0.04165 0.02326 -0.0284 -0.121523 -0.673046 0.0490952 0.000486709  0.00141379  0.00076206 -0.119119  0.114043 0.0089896 -0.172473  0.392824  -9.79961 
               153.5 -2.69808  1.24243 -88.5168 -0.175672   3.66877  0.133256 0 0 0 0.04165 0.02326 -0.0284  -0.151514  -0.702737 0.00885164 0.000471983  0.00141053 0.000767262  -0.119001   0.113666 0.00916718 -0.172396  0.392858  -9.79961 
               153.6   -2.424  1.25032 -88.0954 -0.186074    3.5989  0.134855 0 0 0 0.04165 0.02326 -0.0284   -0.12787   -0.71324 0.00576577 0.000448835  0.00141126 0.000759192  -0.118951   0.113426 0.00908611 -0.172345  0.392875  -9.79961 
               153.7 -2.54864  1.09088 -87.8052 -0.196254   3.52796  0.131139 0 0 0 0.04165 0.02326 -0.0284  -0.095046  -0.702271 -0.0118609  0.00044818  0.00142383 0.000762895 -0.119117  0.113006 0.0096759 -0.172254  0.392849  -9.79962 
               153.8 -2.49512  1.04867 -87.5292 -0.205057   3.45749  0.125332 0 0 0 0.04165 0.02326 -0.0284  -0.114289  -0.677631 -0.0222391 0.000454624  0.00142357 0.000769696 -0.119324   0.11283  0.010221 -0.172213  0.392807  -9.79962 
               153.9 -2.49824  1.02367 -87.0613 -0.212933   3.38823  0.121952 0 0 0 0.04165 0.02326 -0.0284  -0.056016  -0.688094 -0.0340526 0.000448582  0.00141564 0.000767071  -0.11956  0.112711 0.0103381 -0.17218  0.39276 -9.79962 
                 154 -2.48306  1.02189 -86.5053 -0.223146   3.31888  0.119136 0 0 0 0.04165 0.02326 -0.0284 -0.0765992  -0.699895 -0.0286553 0.000439812  0.00141083  0.00076877 -0.119646  0.112955 0.0103341 -0.172229  0.392734  -9.79962 
               154.1 -2.38564 0.882344 -85.5986 -0.232972   3.24863  0.117858 0 0 0 0.04165 0.02326 -0.0284  -0.110255  -0.697597 -0.0179822 0.000416293  0.00141848 0.000761742 -0.119565  0.113314 0.0101337 -0.172306  0.392739  -9.79962 
               154.2  -2.3558 0.924236 -84.4138 -0.247838   3.17787   0.11647 0 0 0 0.04165 0.02326 -0.0284 -0.0759343  -0.715612 -0.0132767 0.000419083   0.0014126 0.000742661 -0.119533  0.113899  0.010063 -0.17243 0.392724 -9.79962 
               154.3 -2.29194 0.967596 -83.3922 -0.25967  3.10486 0.114206 0 0 0 0.04165 0.02326 -0.0284  -0.131499  -0.736115 -0.0148938 0.000415418  0.00141381 0.000745425 -0.119607  0.114107 0.0100582 -0.17247 0.392699 -9.79962 
               154.4  -2.1092  1.05821 -82.1451 -0.269931    3.0326  0.111581 0 0 0 0.04165 0.02326 -0.0284 -0.0905925  -0.714223  -0.023174 0.000417758  0.00142475 0.000736394 -0.119654  0.114227 0.0101664 -0.172492  0.392683  -9.79962 
               154.5 -2.27577  1.08388 -81.2058 -0.280684   2.96322  0.108239 0 0 0 0.04165 0.02326 -0.0284  -0.103347  -0.682845 -0.0183516 0.000419104  0.00142805 0.000743124 -0.119607  0.114137 0.0103457 -0.172477  0.392696  -9.79962 
               154.6 -2.04728  1.15765 -80.5536 -0.290825   2.89573  0.104638 0 0 0 0.04165 0.02326 -0.0284  -0.141077  -0.658903 -0.0256393 0.000334726  0.00143635 0.000744034 -0.119687  0.113947    0.0105 -0.172434   0.39269  -9.79962 
               154.7 -2.15772  1.20657 -80.3223 -0.30048  2.83059 0.101919 0 0 0 0.04165 0.02326 -0.0284 -0.110821 -0.655245 -0.029034 0.000393525  0.00142998 0.000757513 -0.119745  0.113444 0.0105041 -0.172329  0.392711  -9.79962 
               154.8 -2.14824  1.20135 -80.5277 -0.311155   2.76684 0.0991717 0 0 0 0.04165 0.02326 -0.0284 -0.152628 -0.642166  -0.01831 0.000408631  0.00142917 0.000769171 -0.119699  0.113067 0.0104772 -0.172256  0.392746  -9.79962 
               154.9 -2.14698   1.1757 -81.0502 -0.323101   2.70422 0.0965651 0 0 0 0.04165 0.02326 -0.0284  -0.145243   -0.66615 -0.0414727 0.000412838   0.0014251 0.000781413 -0.119485  0.112822 0.0104755 -0.172222  0.392805  -9.79962 
                 155 -2.13987  1.22959 -81.6979 -0.335268    2.6388 0.0917601 0 0 0 0.04165 0.02326 -0.0284  -0.149274  -0.662709 -0.0536848  0.00040839  0.00141659 0.000787642 -0.119257  0.112499  0.010572 -0.172172   0.39287  -9.79962 
               155.1 -2.14964  1.18298 -82.3516 -0.347155   2.57412 0.0887538 0 0 0 0.04165 0.02326 -0.0284  -0.143772  -0.666603 -0.0438057 0.000432768   0.0014152 0.000785269 -0.119078   0.11237 0.0103778 -0.172157  0.392916  -9.79962 
               155.2 -2.24394  1.16425 -82.8758 -0.359705   2.51161 0.0873924 0 0 0 0.04165 0.02326 -0.0284    -0.1157  -0.617123 -0.0279232 0.000423724  0.00140936 0.000773116 -0.118919  0.112166 0.0101042 -0.172124  0.392961  -9.79961 
               155.3 -2.31462  1.08906 -83.3079 -0.366804   2.45169 0.0861632 0 0 0 0.04165 0.02326 -0.0284  -0.095962  -0.577675 -0.0255783 0.000439109  0.00140493 0.000769959  -0.118917   0.111901 0.00987621 -0.172071  0.392978  -9.79961 
               155.4 -2.33543  1.08704 -83.2127  -0.37308   2.39606 0.0852518 0 0 0 0.04165 0.02326 -0.0284 -0.0543055  -0.540414 -0.0165449 0.000457448  0.00140198 0.000756971  -0.118851   0.111699 0.00974543 -0.172034  0.393002  -9.79961 
               155.5 -2.21951  1.06243 -82.9452 -0.377327   2.34233 0.0841285 0 0 0 0.04165 0.02326 -0.0284 -0.0471835  -0.528138  -0.017399 0.000439964  0.00139383 0.000743808   -0.11884   0.111665 0.00965463 -0.172027  0.393007  -9.79961 
               155.6  -2.2929  1.06219 -82.3445 -0.379526   2.28876 0.0807522 0 0 0 0.04165 0.02326 -0.0284 -0.00267699   -0.540437  -0.0216285 0.000462112  0.00138927 0.000739625  -0.118911   0.111526 0.00985964 -0.171997  0.392998  -9.79961 
               155.7 -2.23409  1.00181  -81.369 -0.379162     2.233 0.0794118 0 0 0 0.04165 0.02326 -0.0284  0.0032674  -0.575554 -0.0267218 0.000462797  0.00139427 0.000725405 -0.118964  0.111575 0.0097228 -0.172003  0.392986  -9.79962 
               155.8 -2.20215 0.973167 -79.9177 -0.376905   2.17316 0.0771661 0 0 0 0.04165 0.02326 -0.0284  0.0549364  -0.616927 -0.0207853 0.000449781  0.00139608 0.000714714  -0.118997   0.111591 0.00972442 -0.172004  0.392979  -9.79962 
               155.9 -2.17128 0.896739 -78.0358 -0.371406   2.10955 0.0754791 0 0 0 0.04165 0.02326 -0.0284  0.0597324  -0.629874 -0.0221319 0.000437369  0.00140326 0.000702364   -0.11907   0.111656 0.00965822 -0.172012  0.392961  -9.79962 
                 156   -2.122 0.940435 -75.9963 -0.365891   2.04815 0.0737989 0 0 0 0.04165 0.02326 -0.0284  0.0551772  -0.606491 -0.0267714 0.000427492  0.00141016 0.000702647 -0.118975  0.111838 0.0095953 -0.172054  0.392967  -9.79962 
               156.1 -2.08974   1.0336 -74.1117 -0.361269   1.99059 0.0714518 0 0 0 0.04165 0.02326 -0.0284  0.0701564  -0.572268 -0.0249292  0.00042346  0.00141417 0.000712824 -0.118901  0.111893 0.0095626 -0.17207 0.392977 -9.79961 
               156.2 -2.00784 0.953387 -72.6103 -0.355604   1.93469 0.0706462 0 0 0 0.04165 0.02326 -0.0284  0.0623018   -0.56168 -0.0206127 0.000396991  0.00142497 0.000726951  -0.118782   0.112101 0.00938016 -0.172119  0.392982  -9.79961 
               156.3  -1.8594  1.02312 -71.1398 -0.351048   1.87799  0.067527 0 0 0 0.04165 0.02326 -0.0284  0.0489685  -0.565321 -0.0276475 0.000343033  0.00143627  0.00071975 -0.118813  0.112224  0.009573 -0.172139  0.392963  -9.79961 
               156.4  -1.8828  1.03206 -69.8586   -0.3598   1.81538 0.0682281 0 0 0 0.04165 0.02326 -0.0284 -0.000380021    -0.624333   -0.0120202 0.000337274  0.00142647 0.000687139  -0.118699   0.113932 0.00921223 -0.172454  0.392809  -9.79961 
               156.5 -1.86627  1.06783 -68.8189 -0.359571   1.75268 0.0671407 0 0 0 0.04165 0.02326 -0.0284 -0.0443184  -0.632468 -0.0232629 0.000380613   0.0014371  0.00070998  -0.118864   0.113728 0.00915658 -0.172399  0.392803  -9.79962 
               156.6 -1.71506  1.02298 -68.0109 -0.361648   1.68948 0.0631498 0 0 0 0.04165 0.02326 -0.0284 -0.0679887  -0.654444 -0.0162525 0.000394049  0.00144448  0.00071683  -0.118978   0.113307 0.00947785 -0.172315  0.392829  -9.79962 
               156.7 -1.67053  1.14233 -68.2244 -0.365025   1.62407 0.0589964 0 0 0 0.04165 0.02326 -0.0284 -0.0855738  -0.664294   -0.03068 0.000399086  0.00144189 0.000742706  -0.119277   0.112647 0.00965943 -0.172168  0.392856  -9.79962 
               156.8 -1.71371  1.13806 -69.0363 -0.368854   1.56114 0.0551675 0 0 0 0.04165 0.02326 -0.0284  -0.104281  -0.659086 -0.0334254 0.000406031  0.00144283 0.000753235  -0.119146   0.111745 0.00978338 -0.172032  0.392985  -9.79961 
               156.9 -1.71062  1.26091 -70.2805 -0.369303   1.50019 0.0503986 0 0 0 0.04165 0.02326 -0.0284 -0.0820703  -0.646112 -0.0309117 0.000422198  0.00143491 0.000766077  -0.119111   0.110417 0.00992507 -0.171814  0.393147  -9.79961 
                 157 -1.79135  1.25254 -71.6006 -0.367066   1.44058 0.0483261 0 0 0 0.04165 0.02326 -0.0284 -0.0491755  -0.639544 -0.0363985 0.000433655  0.00142444 0.000765267  -0.118881   0.109104 0.00972155 -0.171617  0.393338  -9.79961 
               157.1 -1.88875  1.36413 -72.9939 -0.369425   1.38133 0.0431941 0 0 0 0.04165 0.02326 -0.0284  -0.116536  -0.612475 -0.0228612  0.00045329  0.00141224 0.000772366 -0.118594   0.10815 0.0098929 -0.171484  0.393489   -9.7996 
               157.2 -1.79277  1.40044 -74.4576 -0.370583   1.32291 0.0408078 0 0 0 0.04165 0.02326 -0.0284 -0.0310341   -0.61447 -0.0347346 0.000452217  0.00140223 0.000779694  -0.118387   0.107356 0.00972464 -0.171366  0.393606   -9.7996 
               157.3 -1.90127  1.40554 -76.0108 -0.371162    1.2613 0.0372079 0 0 0 0.04165 0.02326 -0.0284  -0.045939  -0.628693 -0.0353564 0.000452002  0.00139271 0.000790142  -0.118509   0.106659 0.00972854 -0.171233   0.39365   -9.7996 
               157.4 -1.93693  1.39552 -77.3653 -0.373591    1.1974 0.0354619 0 0 0 0.04165 0.02326 -0.0284 -0.0536307  -0.658375 -0.0307619 0.000485471  0.00137677 0.000795358  -0.118648   0.106511 0.00952558 -0.171195  0.393639   -9.7996 
               157.5 -2.1024 1.38954 -78.512 -0.382578    1.1292 0.0344103 0 0 0 0.04165 0.02326 -0.0284 -0.0441816  -0.680462 -0.0243607 0.000497643  0.00136736 0.000794149  -0.118742   0.106895 0.00933783 -0.171256  0.393593   -9.7996 
               157.6  -2.1023  1.36321 -79.5596  -0.39388   1.05896 0.0323511 0 0 0 0.04165 0.02326 -0.0284 -0.0974227  -0.668935 -0.0341662 0.000493595  0.00135191 0.000790622  -0.118917   0.107598 0.00941217 -0.171371   0.39351  -9.79961 
               157.7 -2.20684  1.42561 -80.3928 -0.410432  0.991859 0.0299317 0 0 0 0.04165 0.02326 -0.0284 -0.0998959  -0.643546 -0.0221504 0.000517468  0.00133553 0.000787706  -0.119022   0.108496 0.00951942 -0.171527  0.393431  -9.79961 
               157.8 -2.30378  1.30404 -81.1874 -0.428124   0.92834 0.0278811 0 0 0 0.04165 0.02326 -0.0284  -0.151035  -0.593091 -0.0269385 0.000520855  0.00132999 0.000777892  -0.119192   0.109267 0.00953712 -0.171657  0.393353  -9.79961 
               157.9  -2.2952  1.27164 -81.7478 -0.446033  0.869514 0.0244141 0 0 0 0.04165 0.02326 -0.0284  -0.141619  -0.575912 -0.0168722 0.000541043  0.00132453 0.000761847  -0.119166   0.109808 0.00974903 -0.171758  0.393326  -9.79961 
             158.001 -2.41084   1.2179 -82.2334 -0.460106   0.81201 0.0215773 0 0 0 0.04165 0.02326 -0.0284  -0.138035  -0.574421 -0.0385514 0.000548858  0.00131406 0.000749746  -0.119164    0.10969 0.00979227 -0.171737  0.393332  -9.79961 
               158.1 -2.27563  1.16627  -82.332 -0.469642  0.754597 0.0203259 0 0 0 0.04165 0.02326 -0.0284 -0.101129 -0.597088 -0.020034 0.000537383  0.00130329  0.00072371  -0.119065   0.109492 0.00958345 -0.171705  0.393361  -9.79961 
               158.2 -2.37693  1.17755 -81.9572 -0.476427  0.694685 0.0185858 0 0 0 0.04165 0.02326 -0.0284 -0.0842588  -0.631064 -0.0309526 0.000551168   0.0012963 0.000699785  -0.118964   0.109202 0.00949705 -0.171657  0.393394   -9.7996 
               158.3 -2.26578  1.13874 -80.6942 -0.476972  0.630879 0.0174086 0 0 0 0.04165 0.02326 -0.0284 0.00853966  -0.674198  -0.012439 0.000544246  0.00129849 0.000673188  -0.118884   0.108696 0.00931832 -0.171568  0.393434   -9.7996 
               158.4 -2.31229  1.17467 -78.8333 -0.475267  0.562649 0.0166518 0 0 0 0.04165 0.02326 -0.0284   0.0159246   -0.677059 -0.00813172 0.000541648  0.00129629 0.000657416  -0.118913    0.10828 0.00913818 -0.171491  0.393452  -9.79961 
               158.5 -2.09681  1.24318 -76.3312 -0.470553  0.494664 0.0167508 0 0 0 0.04165 0.02326 -0.0284   0.0463295   -0.658493 -0.00636186 0.000514016  0.00129875 0.000634922 -0.118966  0.108319 0.0089763 -0.171494  0.393441  -9.79961 
               158.6 -2.04175  1.28788 -73.4222 -0.467245   0.43074 0.0159695 0 0 0 0.04165 0.02326 -0.0284   0.0748235   -0.612396 -0.00223624  0.00049765  0.00131075 0.000618285  -0.118929   0.108554 0.00902128 -0.171538  0.393431  -9.79961 
               158.7 -1.95257  1.33109 -70.7733  -0.46322  0.370218 0.0138207 0 0 0 0.04165 0.02326 -0.0284  0.0477659   -0.59092 -0.0147754 0.000474378   0.0013201 0.000627063  -0.119002   0.108819 0.00918445 -0.171577  0.393396  -9.79961 
               158.8  -1.8009  1.28947 -68.1619 -0.458838  0.311399 0.0119864 0 0 0 0.04165 0.02326 -0.0284   0.081174  -0.567116 -0.0197618 0.000457714  0.00133959 0.000632099  -0.118898   0.109225 0.00928946 -0.171656  0.393374  -9.79961 
               158.9 -1.71375  1.33818 -65.4673  -0.454079   0.254263 0.00865332 0 0 0 0.04165 0.02326 -0.0284 0.0869884 -0.570009 -0.028903 0.000458924   0.0013515 0.000631672  -0.118842   0.109476 0.00952957 -0.171702  0.393355  -9.79961 
                 159 -1.52513   1.3009 -62.7215  -0.442454   0.197836 0.00653205 0 0 0 0.04165 0.02326 -0.0284   0.101974  -0.574483 -0.0268703 0.000452826  0.00136743 0.000634684  -0.118878   0.109429 0.00948322 -0.171691  0.393355  -9.79961 
               159.1 -1.46322  1.27022 -59.6391  -0.428467   0.142349 0.00489183 0 0 0 0.04165 0.02326 -0.0284   0.170156  -0.550976 -0.0178402  0.00044396  0.00138577 0.000625482   -0.11887   0.109155 0.00935252 -0.171652  0.393393  -9.79961 
               159.2 -1.25443  1.25133 -56.5339 -0.408616 0.0898129  0.003018 0 0 0 0.04165 0.02326 -0.0284   0.158868   -0.52932 -0.0210683 0.000437271  0.00140179  0.00062974  -0.118918   0.108799 0.00932744 -0.171595  0.393437   -9.7996 
               159.3 -1.18347  1.18328  -53.339  -0.387466  0.0397733 0.00200531 0 0 0 0.04165 0.02326 -0.0284   0.213897  -0.471332 -0.0128087 0.000436921  0.00141893 0.000634915  -0.119054   0.108372 0.00919175 -0.171519  0.393486   -9.7996 
               159.4 -1.05804   1.1624 -50.4498    -0.363501  -0.00608969 -5.56908e-05 0 0 0 0.04165 0.02326 -0.0284   0.200653  -0.459446 -0.0183608 0.000430489  0.00143535  0.00065311  -0.119257   0.107987 0.00924398 -0.171438  0.393526   -9.7996 
               159.5 -1.01666  1.11665 -47.7269   -0.339119  -0.0500629 -0.00317029 0 0 0 0.04165 0.02326 -0.0284   0.255708  -0.431724 -0.0185666 0.000437102  0.00145003  0.00067468  -0.119343    0.10775 0.00939082 -0.171397  0.393557   -9.7996 
               159.6 -0.933822   1.09083  -45.1776   -0.311767  -0.0927267 -0.00566928 0 0 0 0.04165 0.02326 -0.0284  0.254286 -0.446822 -0.022243 0.000428263  0.00147012 0.000692288  -0.119401   0.107457 0.00941769 -0.171357  0.393605   -9.7996 
               159.7 -0.825303   1.03041  -42.4847   -0.283784   -0.136092 -0.00822917 0 0 0 0.04165 0.02326 -0.0284   0.304004  -0.429506 -0.0233834 0.000419525  0.00148677 0.000695831  -0.119327    0.10739 0.00942636 -0.171366  0.393624   -9.7996 
               159.8 -0.730662    1.0087  -39.8354   -0.253241   -0.177398 -0.00994773 0 0 0 0.04165 0.02326 -0.0284     0.294  -0.41247 -0.018555  0.00040671  0.00150154 0.000708876  -0.119272   0.107233 0.00935324 -0.171365   0.39366   -9.7996 
               159.9 -0.612306  0.918937  -37.0317 -0.219312 -0.212891 -0.011654 0 0 0 0.04165 0.02326 -0.0284    0.339498   -0.336352 -0.00991708 0.000404422  0.00151965 0.000725435  -0.119256   0.106817 0.00930664 -0.171341  0.393747   -9.7996 
                 160 -0.557147  0.873729  -34.0843 -0.187113 -0.245151 -0.014829 0 0 0 0.04165 0.02326 -0.0284    0.29667  -0.327335 -0.0261694 0.000407242  0.00153424  0.00073635  -0.119055   0.106674 0.00944358 -0.171376  0.393786  -9.79959 
               160.1 -0.433647  0.833976  -30.9685  -0.155512  -0.272614 -0.0161629 0 0 0 0.04165 0.02326 -0.0284  0.317123 -0.257185 -0.015416 0.000404214   0.0015546 0.000749839  -0.118954   0.106498 0.00933455 -0.171391  0.393829  -9.79959 
               160.2 -0.312454  0.765414  -27.8955  -0.125442  -0.296386 -0.0162427 0 0 0 0.04165 0.02326 -0.0284    0.302995   -0.230843 -0.00892188  0.00038395   0.0015727 0.000767114  -0.118789   0.106435 0.00914517 -0.171427  0.393848  -9.79959 
               160.3 -0.253424   0.67386  -24.8452 -0.0945136  -0.318335 -0.0163528 0 0 0 0.04165 0.02326 -0.0284    0.320169   -0.196408 -0.00493116 0.000383019  0.00159049 0.000789764  -0.118742    0.10644 0.00904925 -0.171438  0.393849  -9.79959 
               160.4 -0.158245  0.622171  -21.7452 -0.0631409  -0.339953 -0.0172392 0 0 0 0.04165 0.02326 -0.0284    0.322043   -0.195024 -0.00146091  0.00038005  0.00160761 0.000805875  -0.118762    0.10672 0.00907702 -0.171435  0.393784  -9.79959 
               160.5 -0.0797124   0.579173   -18.6509 -0.0323824  -0.361588  -0.019234 0 0 0 0.04165 0.02326 -0.0284   0.329336  -0.185368 -0.0039509 0.000376464  0.00162686 0.000819727  -0.118649   0.107086 0.00929748 -0.171458  0.393695   -9.7996 
               160.6 0.0183222  0.449614  -15.5901 -0.00320158    -0.38286   -0.020673 0 0 0 0.04165 0.02326 -0.0284    0.277714   -0.162102 -0.00959948 0.000361171  0.00165467 0.000831428  -0.118592   0.107643 0.00935635 -0.171459  0.393561   -9.7996 
               160.7 0.0781229  0.381648   -12.811  0.0210193   -0.40106 -0.0222376 0 0 0 0.04165 0.02326 -0.0284   0.236946  -0.154641 -0.0164423 0.000355934  0.00167582 0.000852654   -0.11841   0.107994 0.00943056 -0.17149 0.393469  -9.7996 
               160.8 0.169145 0.298671 -10.4612 0.0407978 -0.417906 -0.024876 0 0 0 0.04165 0.02326 -0.0284  0.183542 -0.136402 -0.015785 0.000350594  0.00168966 0.000877041  -0.118244   0.108324 0.00958108 -0.171514  0.393381  -9.79961 
               160.9 0.202633 0.205083 -8.72254 0.0548847 -0.429716  -0.02595 0 0 0 0.04165 0.02326 -0.0284   0.110703  -0.114749 -0.0179936 0.000344485  0.00170447 0.000907394  -0.118102    0.10823 0.00950669 -0.171554  0.393394  -9.79961 
                 161 0.194149 0.174351 -7.78881  0.0633218  -0.439789 -0.0280483 0 0 0 0.04165 0.02326 -0.0284  0.0720735 -0.0826157   -0.01673   0.0003484  0.00171039 0.000935063  -0.117992   0.108241 0.00957249 -0.171579  0.393383  -9.79961 
               161.1 0.195023 0.187041 -7.45573  0.0687881  -0.445932 -0.0276254 0 0 0 0.04165 0.02326 -0.0284   0.0294002  -0.0531067 -0.00787133 0.000364242  0.00170507 0.000953621  -0.118027   0.108141 0.00930973 -0.17158 0.393411 -9.79961 
               161.2 0.185821 0.213338 -7.23796  0.0724441  -0.449031 -0.0257838 0 0 0 0.04165 0.02326 -0.0284   0.0168664  -0.0233199 0.000749132 0.000372626  0.00170106 0.000957214  -0.118263   0.108026 0.00899357 -0.171535   0.39346   -9.7996 
               161.3 0.201991 0.222548 -7.08011  0.0748739  -0.447459 -0.0252429 0 0 0 0.04165 0.02326 -0.0284 0.00371066 0.00236731 0.00526125 0.000379891  0.00169697 0.000962226  -0.118485   0.107651 0.00895662 -0.171513  0.393566   -9.7996 
               161.4 0.201289 0.221196 -7.03189  0.0766973  -0.444542 -0.0248702 0 0 0 0.04165 0.02326 -0.0284  0.0130363  0.0124926 0.00369113 0.000383264   0.0016919 0.000964512  -0.118667    0.10741 0.00896805 -0.17149 0.393638  -9.7996 
               161.5 0.179625 0.207237 -7.03576  0.0784106  -0.441801 -0.0257535 0 0 0 0.04165 0.02326 -0.0284     0.016814      0.02578 -0.000304622 0.00038742 0.00169098 0.00096955  -0.118706   0.107231 0.00911798 -0.171494  0.393682   -9.7996 
               161.6 0.185113 0.214505 -7.05066  0.0796693  -0.439825 -0.0264977 0 0 0 0.04165 0.02326 -0.0284   0.0173935   0.0198521 -0.00336042 0.000397009  0.00168319 0.000974043  -0.118646    0.10729 0.00920423 -0.171503  0.393663   -9.7996 
               161.7 0.202236 0.201392 -7.05638  0.0808579  -0.436924 -0.0269104 0 0 0 0.04165 0.02326 -0.0284   0.0161413   0.0315592 -0.00322229 0.000389387  0.00168518 0.000975582  -0.118556   0.107238 0.00921466 -0.171528  0.393667   -9.7996 
               161.8 0.200354   0.1993   -7.059 0.0809898 -0.436238 -0.028031 0 0 0 0.04165 0.02326 -0.0284  0.0111963  0.0219986 -0.0063116 0.000395986  0.00167964 0.000975041  -0.118348   0.107492 0.00930763 -0.171555  0.393591   -9.7996 
               161.9  0.22007 0.195754  -7.0634  0.0804201  -0.436308 -0.0285243 0 0 0 0.04165 0.02326 -0.0284 0.00504704  0.0157891 -0.0061279 0.000390732  0.00167639 0.000976388  -0.118129   0.107788 0.00929969 -0.171583  0.393505   -9.7996 
                 162 0.194225 0.199381 -7.06192  0.0794376   -0.43825 -0.0271704 0 0 0 0.04165 0.02326 -0.0284 0.000220144   0.0069064  0.00164307 0.000403637  0.00166891  0.00097456   -0.11794   0.108199 0.00907026 -0.171596  0.393396  -9.79961 
               162.1 0.190958  0.20461 -7.06791  0.0780967  -0.439897 -0.0271942 0 0 0 0.04165 0.02326 -0.0284   -0.0036654 -0.000926853  0.000357379 0.000410081  0.00166161 0.000974749  -0.117748   0.108476 0.00909651 -0.171618  0.393317  -9.79961 
               162.2 0.198881 0.203407 -7.06369 0.0775189 -0.440958 -0.026937 0 0 0 0.04165 0.02326 -0.0284 -0.00251508 0.000678318  0.00183634 0.000407015  0.00166027 0.000971761  -0.117711    0.10862 0.00907222 -0.171616  0.393281  -9.79961 
               162.3 0.199399 0.201258 -7.05633  0.0773965  -0.442137 -0.0269199 0 0 0 0.04165 0.02326 -0.0284 5.90128e-05 -0.00215784  0.00111952 0.000411159  0.00165513 0.000964473  -0.117725    0.10876 0.00908513 -0.171601   0.39325  -9.79961 
               162.4  0.20036 0.211042 -7.05746   0.077126  -0.442869 -0.0256585 0 0 0 0.04165 0.02326 -0.0284 0.000644996 -0.00239149  0.00606662 0.000415528  0.00164429 0.000962035  -0.117681   0.108838 0.00895646 -0.171606   0.39323  -9.79961 
               162.5 0.186332 0.209423 -7.04923  0.0768766  -0.443323 -0.0248286 0 0 0 0.04165 0.02326 -0.0284  0.00149882 0.000527102  0.00792518 0.000423384  0.00163915  0.00095601  -0.117621   0.108878 0.00892916 -0.171617  0.393216  -9.79961 
               162.6 0.190444 0.220491 -7.05412  0.077017 -0.442747 -0.024454 0 0 0 0.04165 0.02326 -0.0284 0.00320658 0.00430813 0.00647392 0.000422429  0.00162785 0.000955098  -0.117598   0.108824 0.00897779 -0.171626  0.393226  -9.79961 
               162.7  0.18465 0.213773 -7.05506  0.0778764   -0.44143 -0.0253476 0 0 0 0.04165 0.02326 -0.0284  0.00753357    0.010541 0.000585977 0.000426202  0.00162734 0.000954126  -0.117645   0.108747 0.00915446 -0.17162 0.393246 -9.79961 
               162.8  0.19204 0.208586 -7.04698  0.0779003  -0.441405 -0.0265068 0 0 0 0.04165 0.02326 -0.0284   0.0059967  0.00897058 -0.00372737   0.0004263  0.00162605 0.000947185  -0.117542   0.108868 0.00929531 -0.171633   0.39321  -9.79961 
               162.9 0.207799 0.208291  -7.0564  0.0787028  -0.439862 -0.0267832 0 0 0 0.04165 0.02326 -0.0284 0.00766226  0.0132213 -0.0033662 0.000420913  0.00162232 0.000949108 -0.117554  0.108809 0.0092868 -0.171635  0.393224  -9.79961 
                 163  0.20386 0.205365 -7.04945  0.0790572  -0.440548 -0.0270148 0 0 0 0.04165 0.02326 -0.0284  0.00879307  0.00809988 -0.00325053 0.000427503  0.00162175  0.00094282  -0.117498   0.109047 0.00927181 -0.17163 0.393166 -9.79961 
               163.1  0.21667 0.201979 -7.05652  0.0793078  -0.439769 -0.0276954 0 0 0 0.04165 0.02326 -0.0284  0.00751434  0.00907579 -0.00522724 0.000425896  0.00161886 0.000944142 -0.117395  0.109054 0.0093139 -0.171652  0.393157  -9.79961 
               163.2 0.196294 0.209256 -7.06052 0.0793158 -0.439384 -0.027573 0 0 0 0.04165 0.02326 -0.0284  0.00601356   0.0094037 -0.00302849 0.000441451  0.00161156 0.000944185   -0.11728   0.109132 0.00923961 -0.171673  0.393131  -9.79962 
               163.3 0.193259 0.208036 -7.06375  0.0792136  -0.439584 -0.0268537 0 0 0 0.04165 0.02326 -0.0284  0.00511922  0.00791093 0.000796593 0.000444784   0.0016103 0.000943887  -0.117184   0.109275 0.00912059 -0.171684  0.393093  -9.79962 
               163.4 0.201065 0.209004 -7.06516  0.0794354  -0.439521 -0.0272141 0 0 0 0.04165 0.02326 -0.0284  0.00519021  0.00657739 -0.00077457 0.000449316  0.00160808  0.00094193  -0.117136   0.109366 0.00917082 -0.171687  0.393069  -9.79962 
               163.5 0.193345 0.203788 -7.06454  0.0793159  -0.439851 -0.0271698 0 0 0 0.04165 0.02326 -0.0284   0.0043145  0.00595102 -0.00056318 0.000457148   0.0016075 0.000939417  -0.117042   0.109499 0.00915235 -0.171699  0.393032  -9.79962 
               163.6  0.20704 0.209249 -7.06085  0.0795712   -0.44048 -0.0266108 0 0 0 0.04165 0.02326 -0.0284 0.00572402 0.00350886 0.00170188 0.000449294  0.00160183 0.000934478  -0.117013   0.109644 0.00907512 -0.171695  0.392998  -9.79962 
               163.7 0.190999 0.212175  -7.0572  0.0792468  -0.440953 -0.0265069 0 0 0 0.04165 0.02326 -0.0284  0.00371073  0.00314948 0.000412629 0.000462272  0.00159565 0.000932558  -0.116877   0.109756 0.00907715 -0.171716  0.392964  -9.79962 
               163.8 0.199793 0.209897 -7.06072  0.0788574  -0.440823 -0.0253301 0 0 0 0.04165 0.02326 -0.0284 0.00177188 0.00491592 0.00522255 0.000462311   0.0015928 0.000931724  -0.116763   0.109789 0.00895075 -0.17174 0.392949 -9.79962 
               163.9 0.199109 0.212095 -7.05618  0.0781431  -0.440901 -0.0260999 0 0 0 0.04165 0.02326 -0.0284  -0.00054098   0.00485765 -0.000456353 0.000464864  0.00158732 0.000928558 -0.116628  0.109863 0.0090996 -0.171763  0.392922  -9.79962 
                 164 0.184322 0.216018 -7.05837  0.0776413  -0.441859 -0.0257261 0 0 0 0.04165 0.02326 -0.0284 -0.000991623   0.00120754  0.000669666  0.00047596  0.00158146 0.000926279  -0.116571   0.110039 0.00904414 -0.171763   0.39288  -9.79962 
               164.1 0.194492 0.209069 -7.06066   0.077778  -0.441305 -0.0259944 0 0 0 0.04165 0.02326 -0.0284  0.000739433   0.00440976 -0.000803338 0.000473641  0.00158207 0.000923945  -0.116596   0.110003 0.00908101 -0.17176 0.392889 -9.79962 
               164.2 0.192154 0.205173 -7.05657  0.0781533  -0.441381 -0.0273168 0 0 0 0.04165 0.02326 -0.0284  0.00329027  0.00436353 -0.00629906 0.000478429  0.00157847 0.000919154  -0.116633   0.110079 0.00922478 -0.171745  0.392874  -9.79962 
               164.3 0.181278 0.209088 -7.05603 0.0776101 -0.442497 -0.027372 0 0 0 0.04165 0.02326 -0.0284 0.000877372  0.00108667 -0.00392063 0.000487219  0.00157402 0.000916728  -0.116524   0.110269 0.00916142 -0.171756  0.392826  -9.79963 
               164.4 0.186471 0.208806 -7.04859  0.0777691  -0.443025 -0.0275319 0 0 0 0.04165 0.02326 -0.0284  0.00313104 3.83259e-05 -0.00374871 0.000482252  0.00157182  0.00091038  -0.116527   0.110348 0.00913017 -0.17175 0.392809 -9.79963 
               164.5 0.185985 0.213647 -7.05274  0.0780299  -0.442508 -0.0272537 0 0 0 0.04165 0.02326 -0.0284   0.0047377  0.00364491 -0.00254408 0.000488513  0.00156572  0.00091156  -0.116503   0.110307 0.00905019 -0.171758  0.392817  -9.79963 
               164.6 0.189066  0.20583 -7.05578  0.0788779  -0.441154 -0.0259832 0 0 0 0.04165 0.02326 -0.0284 0.00747622 0.00931029 0.00360283 0.000488729  0.00156588 0.000911044  -0.116535   0.110213 0.00887499 -0.171759   0.39284  -9.79963 
               164.7 0.193457 0.204261 -7.05296  0.0790824  -0.440813 -0.0269767 0 0 0 0.04165 0.02326 -0.0284  0.00723393  0.00952078 -0.00217141 0.000487595  0.00155975 0.000907846  -0.116449   0.110293 0.00903558 -0.171771  0.392816  -9.79963 
               164.8 0.195718  0.20026 -7.05846  0.0794473  -0.439646 -0.0271397 0 0 0 0.04165 0.02326 -0.0284  0.00701508   0.0118344 -0.00168073 0.000489404  0.00155771  0.00090828  -0.116381   0.110278 0.00903053 -0.171786  0.392814  -9.79963 
               164.9 0.200887 0.200065 -7.05667  0.0793727  -0.439864 -0.0276514 0 0 0 0.04165 0.02326 -0.0284 0.00517951 0.00836402 -0.0031109 0.000489469  0.00155112  0.00090519  -0.116273    0.11045 0.00907225 -0.171797   0.39277  -9.79963 
                 165  0.19939 0.201942 -7.05779  0.0795796  -0.439965 -0.0273837 0 0 0 0.04165 0.02326 -0.0284   0.00553039   0.00785275 -0.000707287 0.000492194  0.00154382 0.000902871  -0.116226   0.110575 0.00900709 -0.171798   0.39274  -9.79963 
               165.1 0.193561 0.197531 -7.06204  0.0791711  -0.440299 -0.0271479 0 0 0 0.04165 0.02326 -0.0284   0.00273576   0.00477039 -7.28328e-05   0.0004955  0.00154145 0.000901069  -0.116093   0.110708 0.00897242 -0.171817  0.392703  -9.79963 
               165.2 0.204531 0.203997 -7.05123  0.0789079  -0.441842 -0.0268756 0 0 0 0.04165 0.02326 -0.0284  0.00191524 -0.00152729 0.000985564 0.000492271  0.00153311 0.000894601  -0.116031   0.110939 0.00894355 -0.171815   0.39265  -9.79963 
               165.3 0.204579 0.202452 -7.06187  0.0788796  -0.441393 -0.0266789 0 0 0 0.04165 0.02326 -0.0284 0.00226816 0.00298632  0.0021577 0.000498624  0.00153058 0.000896115  -0.115983   0.110886 0.00893596 -0.171828  0.392658  -9.79963 
               165.4 0.196865 0.205672 -7.05141  0.0788444  -0.442113 -0.0261187 0 0 0 0.04165 0.02326 -0.0284   0.0027064 0.000686283  0.00328826 0.000504153  0.00152538 0.000889149  -0.115946   0.111011 0.00889509 -0.171828   0.39263  -9.79963 
               165.5 0.193226 0.207583 -7.06126  0.0784983  -0.441558 -0.0262182 0 0 0 0.04165 0.02326 -0.0284 0.00110332 0.00433782   0.001601 0.000509082  0.00151817 0.000890616 -0.115842  0.110973 0.0089571 -0.171852   0.39263  -9.79963 
               165.6 0.191081 0.204012 -7.05569  0.0783467  -0.441196 -0.0268339 0 0 0 0.04165 0.02326 -0.0284   0.0010111  0.00642253 -0.00119966 0.000512239  0.00151608 0.000886758  -0.115797   0.110997 0.00905174 -0.171859  0.392621  -9.79963 
               165.7 0.193619 0.208059 -7.05984   0.077836  -0.441195 -0.0263199 0 0 0 0.04165 0.02326 -0.0284 0.000131537  0.00681189 0.000940153 0.000516872   0.0015077  0.00088515  -0.115701   0.111084 0.00898032 -0.171873  0.392597  -9.79963 
               165.8 0.194993  0.21457  -7.0613  0.0775106   -0.44016 -0.0262324 0 0 0 0.04165 0.02326 -0.0284 1.83639e-05   0.0110688 0.000809282 0.000519966  0.00150187 0.000883254 -0.115639  0.111066  0.008982 -0.171887  0.392597  -9.79963 
               165.9 0.204857 0.205421 -7.05891  0.0775556  -0.440248 -0.0263068 0 0 0 0.04165 0.02326 -0.0284   0.00200873   0.00876953 -8.45397e-05 0.000521103  0.00150281 0.000879978  -0.115646   0.111212 0.00899849 -0.171876  0.392567  -9.79963 
                 166 0.194686 0.212001 -7.05924  0.0781163   -0.44024 -0.0264572 0 0 0 0.04165 0.02326 -0.0284   0.00501949   0.00783207 -0.000335934 0.000531132  0.00149659 0.000878503  -0.115692   0.111323 0.00901269 -0.171859  0.392547  -9.79964 
               166.1 0.190578 0.208725 -7.05776  0.0781587  -0.440758 -0.0268281 0 0 0 0.04165 0.02326 -0.0284   0.0048109   0.0046949 -0.00233313 0.000536512  0.00149558 0.000876104  -0.115631   0.111477 0.00904692 -0.171861  0.392511  -9.79964 
               166.2 0.197918 0.209685 -7.05567   0.078632  -0.440219 -0.0268998 0 0 0 0.04165 0.02326 -0.0284  0.00597726  0.00740285 -0.00198626 0.000533073  0.00149453 0.000873608  -0.115615   0.111481 0.00902665 -0.171864  0.392509  -9.79964 
               166.3 0.188794 0.211409  -7.0601  0.0786173  -0.440499 -0.0271426 0 0 0 0.04165 0.02326 -0.0284  0.00439245  0.00581646 -0.00226594 0.00054147 0.00149112  0.0008732  -0.115533   0.111606 0.00902896 -0.171872  0.392478  -9.79964 
               166.4 0.193641 0.207406 -7.05932  0.0786668  -0.440979 -0.0263248 0 0 0 0.04165 0.02326 -0.0284 0.00453851 0.00435445 0.00192191 0.000542248  0.00148937 0.000870289  -0.115479   0.111735 0.00890657 -0.171875  0.392449  -9.79964 
               166.5 0.196639 0.209854 -7.05629  0.0789215  -0.441281 -0.0263279 0 0 0 0.04165 0.02326 -0.0284  0.00606055   0.0032162 0.000398431 0.000542406  0.00148528 0.000865679   -0.11544   0.111824 0.00891773 -0.171877  0.392428  -9.79964 
               166.6 0.194513 0.211972 -7.05899   0.079383  -0.441599 -0.0265893 0 0 0 0.04165 0.02326 -0.0284   0.00761742    0.0029369 -0.000723286 0.000545643  0.00148171  0.00086398  -0.115411   0.111905 0.00895529 -0.171877   0.39241  -9.79964 
               166.7 0.191219 0.202871 -7.06022   0.079404  -0.441372 -0.0267728 0 0 0 0.04165 0.02326 -0.0284   0.00499114   0.00482539 -0.000774162 0.000548963  0.00148154 0.000862858  -0.115301   0.111919 0.00897046 -0.171899    0.3924  -9.79964 
               166.8 0.185062 0.208617 -7.05303  0.0790421  -0.441549 -0.0272265 0 0 0 0.04165 0.02326 -0.0284  0.00276254  0.00436929 -0.00230473 0.000552824  0.00147396 0.000857264  -0.115179   0.112002 0.00901799 -0.171917  0.392375  -9.79964 
               166.9 0.192368 0.207541 -7.05606   0.078632  -0.440953 -0.0273776 0 0 0 0.04165 0.02326 -0.0284 0.000635346  0.00634986 -0.00174902 0.000553808  0.00147277  0.00085817  -0.115076   0.111994 0.00901747 -0.171938  0.392369  -9.79964 
                 167 0.201085 0.203255 -7.05636  0.0780908  -0.441159 -0.0266552 0 0 0 0.04165 0.02326 -0.0284 -0.000746138   0.00560168   0.00106588 0.000553641  0.00146917 0.000855408  -0.115001   0.112099 0.00890837 -0.171947  0.392344  -9.79964 
               167.1 0.190566 0.209758 -7.05387  0.0772004  -0.441543 -0.0263746 0 0 0 0.04165 0.02326 -0.0284 -0.00294012  0.00453404  0.00098459 0.000563442  0.00146053 0.000852715  -0.114889   0.112212 0.00888594 -0.171962  0.392315  -9.79964 
               167.2 0.188218 0.203905 -7.05806  0.0772953  -0.440997 -0.0267111 0 0 0 0.04165 0.02326 -0.0284  0.000177777   0.00654407 -0.000855801 0.000566309  0.00145981 0.000850771  -0.114932   0.112213 0.00893059 -0.171954  0.392317  -9.79964 
               167.3 0.198156  0.21227 -7.05087  0.0774869   -0.44132 -0.0266943 0 0 0 0.04165 0.02326 -0.0284  0.00345422  0.00474665 -0.00122436 0.000566039  0.00145285 0.000844027  -0.114942   0.112332 0.00891473 -0.171944  0.392294  -9.79964 
               167.4 0.202501 0.209404   -7.055  0.0781134  -0.440587 -0.0261788 0 0 0 0.04165 0.02326 -0.0284 0.00591507 0.00674705 0.00146179 0.000566296  0.00144936 0.000843779  -0.114966   0.112311 0.00884329 -0.171941    0.3923  -9.79964 
               167.5 0.205284 0.201395 -7.04685  0.0784191  -0.441423 -0.0270626 0 0 0 0.04165 0.02326 -0.0284 0.00525993 0.00254891 -0.0022021  0.00056715  0.00144795 0.000837723  -0.114934   0.112485 0.00896291 -0.171935  0.392263  -9.79965 
               167.6 0.201037  0.20395 -7.05434  0.0789176  -0.441603 -0.0273512 0 0 0 0.04165 0.02326 -0.0284  0.00640908  0.00159529 -0.00202477 0.000574484  0.00143977 0.000841164  -0.114917   0.112539 0.00897348 -0.171935  0.392251  -9.79965 
               167.7 0.206371 0.202065 -7.04997  0.0789692  -0.441255 -0.0275686 0 0 0 0.04165 0.02326 -0.0284  0.00475581  0.00350337 -0.00226393 0.000572969   0.0014387 0.000837973  -0.114823   0.112529 0.00897327 -0.171954  0.392247  -9.79965 
               167.8 0.199853 0.204422 -7.04884  0.0786552  -0.442409 -0.0270099 0 0 0 0.04165 0.02326 -0.0284   0.00286931 -0.000547832  0.000512162 0.000576165  0.00143402 0.000835104  -0.114725   0.112704 0.00888074 -0.171963  0.392208  -9.79965 
               167.9 0.197022 0.208799 -7.05466  0.0784396  -0.441893 -0.0265138 0 0 0 0.04165 0.02326 -0.0284 0.00186779 0.00343347 0.00209214 0.000579621  0.00142742 0.000837229  -0.114641   0.112654 0.00882846 -0.171983  0.392212  -9.79965 
                 168 0.192325 0.205361 -7.05229  0.0781291  -0.442015 -0.0264921 0 0 0 0.04165 0.02326 -0.0284 0.000886494  0.00361567 0.000880475 0.000585965  0.00142567 0.000833552  -0.114573   0.112716 0.00884767 -0.171992  0.392196  -9.79965 
               168.1 0.196484 0.206565 -7.04779  0.0777328  -0.442363 -0.0268962 0 0 0 0.04165 0.02326 -0.0284 -0.000335137   0.00194379  -0.00128261 0.000585599  0.00141769 0.000830259  -0.114507   0.112799 0.00890796 -0.171999  0.392175  -9.79965 
               168.2 0.197619  0.20553 -7.05249  0.0775698  -0.441862 -0.0268277 0 0 0 0.04165 0.02326 -0.0284  0.000528192   0.00428683 -0.000789474 0.000591283  0.00141361 0.000831295  -0.114475   0.112778 0.00888346 -0.172007  0.392178  -9.79965 
               168.3 0.206201 0.209239 -7.05039  0.0772735  -0.441685 -0.0262652 0 0 0 0.04165 0.02326 -0.0284 1.32628e-05  0.00503241  0.00124113 0.000585703  0.00140713 0.000828323  -0.114427   0.112812 0.00880948 -0.172014  0.392168  -9.79965 
               168.4 0.193934 0.212669 -7.05784   0.077334  -0.441176 -0.0262973 0 0 0 0.04165 0.02326 -0.0284  0.00122402  0.00656948 0.000650472 0.000593194  0.00140055 0.000830448 -0.114426  0.112824 0.0088267 -0.172014  0.392166  -9.79965 
               168.5 0.184163 0.213403 -7.04666  0.0766595  -0.442592 -0.0255357 0 0 0 0.04165 0.02326 -0.0284 -0.000692498  0.000502864   0.00276421 0.000599586  0.00139639 0.000823964  -0.114329   0.113066 0.00874555 -0.172018  0.392114  -9.79965 
               168.6 0.194784 0.213213 -7.04609  0.0775318  -0.442138 -0.0258672 0 0 0 0.04165 0.02326 -0.0284 0.00491236  0.0029903 0.00076452 0.000596952  0.00139226 0.000823522  -0.114436   0.113032 0.00881664 -0.171999  0.392127  -9.79965 
               168.7 0.188965 0.205638 -7.04881  0.0779567  -0.442128 -0.0273574 0 0 0 0.04165 0.02326 -0.0284 0.00643953 0.00406688 -0.0053964 0.000602771  0.00139113 0.000822845  -0.11441  0.113081 0.0089968   -0.172 0.392115 -9.79965 
               168.8 0.200597 0.202567 -7.04905  0.0785615  -0.441625 -0.0276891 0 0 0 0.04165 0.02326 -0.0284  0.00743679  0.00577302 -0.00449191 0.000599115  0.00138766  0.00082199  -0.114395   0.113079 0.00897595 -0.172003  0.392115  -9.79965 
               168.9 0.201637 0.200109  -7.0509 0.0791769 -0.441213 -0.028331 0 0 0 0.04165 0.02326 -0.0284  0.00814937    0.005825 -0.00529804 0.000601837  0.00138336 0.000821927  -0.114364   0.113105 0.00899597 -0.172007  0.392108  -9.79965 
                 169 0.200768 0.198766  -7.0488  0.0789965  -0.441272 -0.0280149 0 0 0 0.04165 0.02326 -0.0284  0.00522007  0.00515714 -0.00193372 0.000605294   0.0013795 0.000821011  -0.114222   0.113186 0.00890275 -0.172029  0.392084  -9.79965 
               169.1 0.197565  0.20281 -7.04866  0.0788793   -0.44134 -0.0271621 0 0 0 0.04165 0.02326 -0.0284 0.00367314 0.00520683 0.00282803 0.000609232  0.00137358 0.000818926  -0.114132   0.113264 0.00878365 -0.172042  0.392065  -9.79965 
               169.2 0.195814 0.204764 -7.05352  0.0782817  -0.440915 -0.0268587 0 0 0 0.04165 0.02326 -0.0284 0.000467149   0.0074602  0.00268425 0.000614056  0.00136921 0.000819945 -0.113996  0.113288 0.0087817 -0.172066  0.392052  -9.79965 
               169.3 0.193392 0.199162 -7.05455  0.0775664  -0.441715 -0.0265875 0 0 0 0.04165 0.02326 -0.0284 -0.00109155  0.00428654  0.00299027 0.000616513  0.00136819 0.000818579  -0.113899   0.113465 0.00878306 -0.172074  0.392013  -9.79965 
               169.4 0.187437 0.207716 -7.05514  0.077415 -0.441947 -0.026059 0 0 0 0.04165 0.02326 -0.0284 2.28849e-05  0.00450024  0.00353908 0.000622143  0.00135924 0.000815503  -0.113891   0.113556 0.00875385 -0.17207 0.391996 -9.79965 
               169.5 0.186962  0.21062  -7.0534   0.077497  -0.442105 -0.0253238 0 0 0 0.04165 0.02326 -0.0284 0.00178374  0.0050158 0.00557013 0.000622662  0.00135245 0.000812123 -0.113905  0.113634 0.0087141 -0.172063  0.391983  -9.79965 
               169.6  0.20253 0.205805 -7.05031 0.0779303 -0.441221 -0.026006 0 0 0 0.04165 0.02326 -0.0284 0.00444454 0.00948183 0.00213026  0.00061398  0.00134972 0.000808563  -0.113913   0.113613 0.00886248 -0.172062  0.391986  -9.79965 
               169.7 0.198201 0.213137 -7.04578  0.0779063  -0.441437 -0.0262446 0 0 0 0.04165 0.02326 -0.0284  0.00366155  0.00721197 0.000251864 0.000619508  0.00134092 0.000803776  -0.113852   0.113758 0.00891943 -0.172064  0.391956  -9.79966 
               169.8 0.205587 0.210281 -7.05048  0.0778783  -0.440147 -0.0258854 0 0 0 0.04165 0.02326 -0.0284 0.00275427  0.0112448 0.00190351 0.000619333  0.00133984 0.000806028 -0.113783   0.11371 0.0088849 -0.17208 0.391961 -9.79965 
               169.9 0.207337 0.209318 -7.04854  0.0780263  -0.441107 -0.0268773 0 0 0 0.04165 0.02326 -0.0284    0.004065  0.00365343 -0.00240333 0.000623547  0.00133785 0.000802489   -0.11377   0.113937 0.00901871 -0.172068  0.391918  -9.79966 
                 170 0.196701 0.213745 -7.05631  0.0784641  -0.440999 -0.0265031 0 0 0 0.04165 0.02326 -0.0284   0.0044321  0.00413608 0.000395322 0.000633658  0.00133248  0.00080531  -0.113771   0.113975 0.00894528 -0.172066  0.391911  -9.79966 
               170.1 0.191036 0.205179 -7.05322  0.0785491  -0.441936 -0.0265797 0 0 0 0.04165 0.02326 -0.0284  0.00403227  0.00125548 0.000400322 0.000638251  0.00133317 0.000800596  -0.113723   0.114134 0.00895892 -0.172066   0.39188  -9.79966 
               170.2 0.188868 0.209722 -7.05871  0.0784634  -0.441827 -0.0270177 0 0 0 0.04165 0.02326 -0.0284  0.00318952  0.00288814 -0.00116917 0.000640363  0.00132804  0.00080018  -0.113643   0.114144 0.00901777 -0.172079  0.391873  -9.79966 
               170.3 0.184029 0.206922 -7.05804  0.0786675  -0.441991 -0.0269286 0 0 0 0.04165 0.02326 -0.0284   0.00410687   0.00249898 -0.000548292 0.000642772  0.00132383 0.000797355 -0.113623    0.1142 0.0089902 -0.17208 0.391862 -9.79966 
               170.4 0.193949 0.205608 -7.05804  0.0787337  -0.441614 -0.0273045 0 0 0 0.04165 0.02326 -0.0284  0.00397191  0.00492596 -0.00177953 0.000640605  0.00132103 0.000795484  -0.113561   0.114196 0.00903044 -0.172091  0.391859  -9.79966 
               170.5 0.191868 0.208529 -7.05843   0.078475  -0.441528 -0.0270824 0 0 0 0.04165 0.02326 -0.0284  0.00227096  0.00596695 0.000627395 0.000642905   0.0013159 0.000794139   -0.11347    0.11425 0.00898571 -0.172105  0.391844  -9.79966 
               170.6 0.183196 0.202513  -7.0543  0.0782477  -0.441965 -0.0267382 0 0 0 0.04165 0.02326 -0.0284 0.00234936 0.00406468 0.00181248  0.00064669  0.00131591 0.000789016  -0.113408   0.114371 0.00895281 -0.172109  0.391819  -9.79966 
               170.7 0.195403 0.209346 -7.05222  0.0784339   -0.44272 -0.0265015 0 0 0 0.04165 0.02326 -0.0284  0.0035802 0.00192999 0.00155075 0.000643254  0.00131075 0.000785615  -0.113409   0.114508 0.00894377 -0.172101  0.391795  -9.79966 
               170.8 0.192694 0.206861 -7.05575  0.0783421  -0.441776 -0.0266926 0 0 0 0.04165 0.02326 -0.0284   0.00242868   0.00619745 -7.13661e-05  0.00065007  0.00130957 0.000786137  -0.113334   0.114435 0.00898731 -0.172118  0.391803  -9.79966 
               170.9 0.199001 0.210765 -7.05389 0.0779187 -0.441753 -0.026293 0 0 0 0.04165 0.02326 -0.0284 0.000523266  0.00594271  0.00176781  0.00064903  0.00130677 0.000781814  -0.113246   0.114507 0.00894448 -0.17213 0.391786 -9.79966 
                 171 0.190096 0.209641 -7.05645  0.0775564  -0.440961 -0.0271278 0 0 0 0.04165 0.02326 -0.0284 -0.00051292  0.00765845 -0.00249877 0.000656495  0.00130599 0.000780754  -0.113179   0.114493 0.00906016 -0.172142  0.391784  -9.79966 
               171.1 0.195396 0.202244 -7.04867  0.0772003  -0.441422 -0.0274614 0 0 0 0.04165 0.02326 -0.0284 -0.000808335   0.00492546  -0.00273658  0.00065566  0.00130661 0.000775591  -0.113146   0.114635 0.00906817 -0.17214 0.391757 -9.79966 
               171.2 0.194045 0.205266 -7.05736  0.0771948  -0.441125 -0.0266881 0 0 0 0.04165 0.02326 -0.0284 0.00030821 0.00578816 0.00120933 0.000660679  0.00130005  0.00077816  -0.113153   0.114664 0.00894038 -0.172138  0.391753  -9.79966 
               171.3 0.184897 0.206067 -7.05525   0.077347  -0.442124 -0.0268191 0 0 0 0.04165 0.02326 -0.0284   0.00230395   0.00115027 -0.000380369 0.000666851  0.00129563 0.000773946  -0.113174   0.114837 0.00895803 -0.172124  0.391724  -9.79966 
               171.4 0.197815 0.206323 -7.05082   0.077154  -0.442898 -0.0266673 0 0 0 0.04165 0.02326 -0.0284   0.00171409 -0.000848342  0.000393264 0.000665522  0.00129229 0.000769509   -0.11312   0.114938 0.00893935 -0.172128  0.391703  -9.79966 
               171.5 0.197027  0.20955 -7.05413  0.077806 -0.442806 -0.026616 0 0 0 0.04165 0.02326 -0.0284  0.00507233 0.000727418 0.000232811 0.000670536  0.00128746 0.000766979 -0.113169  0.114921 0.0089323 -0.172121  0.391709  -9.79966 
               171.6 0.198634 0.205274 -7.04925   0.078034  -0.442963 -0.0273833 0 0 0 0.04165 0.02326 -0.0284  0.00492483  0.00114598 -0.00355669 0.000671272  0.00128809 0.000760521 -0.113126  0.114949 0.0090183 -0.172126  0.391701  -9.79966 
               171.7 0.195649 0.209235 -7.05675 0.0780454 -0.442542 -0.026924 0 0 0 0.04165 0.02326 -0.0284   0.00329311   0.00339585 -0.000995602    0.000676  0.00128469 0.000761886  -0.113056   0.114924 0.00892195 -0.17214 0.391702 -9.79966 
               171.8 0.184956  0.20756 -7.05452  0.0782856  -0.442081 -0.0270021 0 0 0 0.04165 0.02326 -0.0284  0.00381367  0.00460843 -0.00108308 0.000683695  0.00128032 0.000759161  -0.113039   0.114921 0.00892042 -0.172143  0.391702  -9.79966 
               171.9 0.199875 0.204727 -7.04831  0.0784581  -0.441936 -0.0261909 0 0 0 0.04165 0.02326 -0.0284 0.00347161 0.00450378   0.002133 0.000677427  0.00127581 0.000753798  -0.113014   0.114959 0.00881497 -0.172146  0.391694  -9.79966 
                 172  0.19696 0.206111 -7.04857 0.0784446 -0.442116  -0.02714 0 0 0 0.04165 0.02326 -0.0284  0.00355737  0.00278282 -0.00298351 0.000680697  0.00126996 0.000752644  -0.112956   0.115033 0.00894533 -0.172151  0.391678  -9.79966 
               172.1 0.205383 0.209091 -7.05023  0.0781845  -0.441316 -0.0270016 0 0 0 0.04165 0.02326 -0.0284 0.00175167 0.00517338 -0.0019564 0.00068002 0.00126396 0.00075309  -0.112862   0.114985 0.00890207 -0.17217 0.391681 -9.79966 
               172.2  0.20111 0.205543 -7.05468 0.0779817 -0.440589 -0.026678 0 0 0 0.04165 0.02326 -0.0284 0.000854801  0.00625671 0.000604641 0.000685052  0.00126373 0.000753027  -0.112801   0.114973 0.00885021 -0.172181   0.39168  -9.79966 
               172.3 0.202992 0.207399 -7.05331  0.0775962  -0.441127 -0.0276829 0 0 0 0.04165 0.02326 -0.0284 0.000380463  0.00291269 -0.00423053 0.000687311  0.00125791  0.00075012  -0.112736   0.115103 0.00897611 -0.172185  0.391654  -9.79967 
               172.4 0.191779 0.208328 -7.05958 0.0773053 -0.440894 -0.026741 0 0 0 0.04165 0.02326 -0.0284 0.000375033  0.00403068  0.00113677 0.000691387  0.00125386 0.000750905  -0.112681   0.115119 0.00881653 -0.172194  0.391649  -9.79967 
               172.5 0.186863 0.205844 -7.05541  0.077365 -0.441815 -0.026537 0 0 0 0.04165 0.02326 -0.0284  0.00182185 0.000398562  0.00120369 0.000693212  0.00125092 0.000748381  -0.112694   0.115272 0.00880137 -0.172184  0.391624  -9.79967 
               172.6  0.20084 0.206017 -7.05157 0.0773814 -0.442822 -0.026807 0 0 0 0.04165 0.02326 -0.0284   0.00253497  -0.00177123 -0.000148801 0.000690711  0.00124501 0.000743835  -0.112674   0.115392 0.00884765 -0.172181  0.391603  -9.79967 
               172.7 0.184209  0.20284 -7.05428  0.0780394  -0.442687 -0.0268951 0 0 0 0.04165 0.02326 -0.0284  0.00581317 0.000150074 0.000378814 0.000704909  0.00124212 0.000744298 -0.112712  0.115368  0.008859 -0.172176  0.391609  -9.79967 
               172.8 0.202343 0.206565 -7.04962  0.0783379   -0.44305 -0.0272226 0 0 0 0.04165 0.02326 -0.0284  0.00574786 0.000510179 -0.00147849 0.000699295  0.00123863  0.00073982  -0.112671   0.115419 0.00890524 -0.17218 0.391598 -9.79967 
               172.9 0.201284 0.203878 -7.05389  0.0788741  -0.441777 -0.0275823 0 0 0 0.04165 0.02326 -0.0284  0.0055869 0.00614075 -0.0024492 0.000703713  0.00123676 0.000739874  -0.112646   0.115293 0.00893142 -0.17219 0.391617 -9.79967 
                 173 0.202459 0.203469  -7.0512  0.0788603  -0.441766 -0.0273422 0 0 0 0.04165 0.02326 -0.0284  0.00446667  0.00499313 -0.00147597 0.000706005  0.00123334 0.000733993 -0.112568  0.115367  0.008872 -0.172199  0.391601  -9.79967 
               173.1 0.200067  0.20603 -7.05222 0.0790838 -0.440852 -0.026928 0 0 0 0.04165 0.02326 -0.0284  0.00411115  0.00753565 0.000815706  0.00070734  0.00122669 0.000734409  -0.112531   0.115333 0.00881401 -0.172208  0.391605  -9.79967 
               173.2 0.188243 0.208371 -7.05702  0.0784765  -0.441171 -0.0267247 0 0 0 0.04165 0.02326 -0.0284 0.000709779  0.00530633  0.00064767 0.000714471  0.00122372 0.000733155 -0.112393  0.115468 0.0087999 -0.172224  0.391576  -9.79967 
               173.3 0.209624 0.205579 -7.05177   0.077842   -0.44088 -0.0265759 0 0 0 0.04165 0.02326 -0.0284 -0.00136932  0.00582578 0.000653093  0.00070645  0.00122082 0.000729633  -0.112294   0.115505 0.00879408 -0.172238  0.391565  -9.79967 
               173.4 0.187966 0.212853 -7.05559  0.0770314  -0.440932 -0.0265203 0 0 0 0.04165 0.02326 -0.0284 -0.00287827  0.00596012 0.000424284 0.000716877  0.00121535 0.000729908 -0.112201  0.115589 0.0087955 -0.172249  0.391546  -9.79967 
               173.5 0.196477 0.210302 -7.05125  0.0769677  -0.442048 -0.0264832 0 0 0 0.04165 0.02326 -0.0284 1.84883e-05 0.000491704 -7.0533e-05 0.000716177  0.00121472   0.0007262  -0.112244   0.115783 0.00879352 -0.172232  0.391516  -9.79967 
               173.6 0.197068 0.210682 -7.05766 0.0772186 -0.441713 -0.026473 0 0 0 0.04165 0.02326 -0.0284   0.00221029    0.0030902 -0.000363494 0.000719459   0.0012112 0.000726103   -0.11226   0.115762 0.00878636 -0.172231  0.391521  -9.79967 
               173.7 0.178062 0.207884 -7.05152  0.0773014  -0.441966 -0.0269966 0 0 0 0.04165 0.02326 -0.0284  0.00299043  0.00288998 -0.00208464 0.000729137  0.00120736 0.000723948  -0.112238   0.115835 0.00884234 -0.17223 0.391507 -9.79967 
               173.8 0.184279 0.210888 -7.05053  0.0775435   -0.44281 -0.0266946 0 0 0 0.04165 0.02326 -0.0284  0.00411594  0.00123004 7.71675e-05  0.00072502  0.00120332 0.000721032 -0.112238  0.115965 0.0087815 -0.172224  0.391487  -9.79967 
               173.9 0.181466 0.211857 -7.05594  0.0778115  -0.442512 -0.0271577 0 0 0 0.04165 0.02326 -0.0284  0.00441674  0.00369435 -0.00206758 0.000726457  0.00120032 0.000722177  -0.112205   0.115959 0.00883243 -0.172229  0.391486  -9.79967 
                 174 0.177346 0.208911 -7.05816  0.0779487  -0.442464 -0.0268768 0 0 0 0.04165 0.02326 -0.0284   0.00461738   0.00455126 -0.000894493 0.000727332  0.00119767 0.000719344  -0.112155   0.116003 0.00877389 -0.172235  0.391476  -9.79967 
               174.1 0.185524  0.21114 -7.05652  0.0785937  -0.440894 -0.0268516 0 0 0 0.04165 0.02326 -0.0284   0.00557347    0.0105829 -3.76111e-05 0.000722388  0.00119447 0.000716515  -0.112157   0.115894 0.00876271 -0.172241  0.391494  -9.79967 
               174.2 0.187267 0.205407 -7.05588  0.0785068  -0.440644 -0.0273249 0 0 0 0.04165 0.02326 -0.0284  0.00389955  0.00934605 -0.00232571 0.000723008  0.00119365  0.00071418  -0.112075   0.115996 0.00881945 -0.172248  0.391473  -9.79967 
               174.3 0.196311 0.201222 -7.05786  0.0784497  -0.440173 -0.0273174 0 0 0 0.04165 0.02326 -0.0284  0.00261501  0.00912821 -0.00161814 0.000718431  0.00119145 0.000713383  -0.112018   0.116053 0.00879467 -0.172255  0.391462  -9.79967 
               174.4 0.199749 0.204087 -7.05107  0.0781691  -0.440758 -0.0284317 0 0 0 0.04165 0.02326 -0.0284  0.00139614  0.00480117 -0.00484684 0.000716682  0.00118788 0.000708502  -0.111954   0.116219 0.00891053 -0.172256  0.391431  -9.79967 
               174.5 0.192778 0.209489 -7.05412  0.0776954  -0.441074 -0.0268963 0 0 0 0.04165 0.02326 -0.0284 0.000258681  0.00344325  0.00251754 0.000722927  0.00118288 0.000707078   -0.11188   0.116316 0.00867323 -0.172264  0.391414  -9.79967 
               174.6 0.200232 0.203849 -7.04849   0.077542  -0.442508 -0.0269057 0 0 0 0.04165 0.02326 -0.0284 0.000551959 -0.00178455  0.00238768 0.000718368   0.0011832 0.000702694 -0.111871  0.116515 0.0087073 -0.172256  0.391381  -9.79967 
               174.7 0.190222 0.212238 -7.05414  0.0775497  -0.442728 -0.0265484 0 0 0 0.04165 0.02326 -0.0284  0.00181245 0.000361532  0.00300827 0.000726291  0.00117836 0.000703979  -0.111859   0.116531 0.00869603 -0.172257  0.391378  -9.79968 
               174.8 0.193005 0.201043 -7.04221  0.0778445  -0.443542 -0.0268043 0 0 0 0.04165 0.02326 -0.0284   0.0031759 -0.00147871  0.00226448 0.000725001   0.0011792 0.000696721  -0.111878   0.116628 0.00876725 -0.172249  0.391364  -9.79968 
               174.9 0.187639 0.210753 -7.04946  0.0776842  -0.444296 -0.0271837 0 0 0 0.04165 0.02326 -0.0284   0.00234563  -0.00229594 -0.000188355 0.000725844   0.0011721 0.000694979  -0.111809   0.116704 0.00883838 -0.172256  0.391348  -9.79968 
                 175  0.19232 0.211866 -7.04983  0.0774605  -0.444077 -0.0267379 0 0 0 0.04165 0.02326 -0.0284 0.00125631 0.00101249 0.00160472 0.000727077  0.00116982 0.000692213  -0.111733   0.116662 0.00878399 -0.17227 0.391351 -9.79968 
               175.1 0.197587 0.203708 -7.04985    0.07753  -0.442867 -0.0266353 0 0 0 0.04165 0.02326 -0.0284 0.00221688 0.00660465 0.00235258 0.000725909  0.00117295 0.000691054  -0.111701   0.116545 0.00879067 -0.172281  0.391368  -9.79968 
